# WaveFront *.obj file (generated by Autodesk ATF)

mtllib IMU_Platform.mtl

g ボディ1

v 2.365798 2.776850 0.155250
v 2.365798 2.738750 0.155250
v 0.765802 2.738750 0.155250
v 0.765802 2.776850 0.155250
v 2.365798 2.421250 0.180650
v 2.365798 2.738750 0.180650
v 2.365798 2.776850 0.305110
v 2.365798 2.383150 0.305110
v 2.365798 2.383150 0.155250
v 2.365798 2.421250 0.155250
v 0.765802 2.776850 0.305110
v 0.765802 2.738750 0.180650
v 0.765802 2.421250 0.180650
v 0.765802 2.421250 0.155250
v 0.765802 2.383150 0.155250
v 0.765802 2.383150 0.305110
v 0.891201 2.505400 0.180650
v 0.891201 2.454600 0.180650
v 0.891201 2.454600 0.305110
v 0.891201 2.505400 0.305110
v 0.840401 2.454600 0.180650
v 0.840401 2.454600 0.305110
v 0.840401 2.505400 0.180650
v 0.840401 2.505400 0.305110
v 0.891201 2.705400 0.180650
v 0.891201 2.654600 0.180650
v 0.891201 2.654600 0.305110
v 0.891201 2.705400 0.305110
v 0.840401 2.654600 0.180650
v 0.840401 2.654600 0.305110
v 0.840401 2.705400 0.180650
v 0.840401 2.705400 0.305110
v 1.091201 2.505400 0.180650
v 1.091201 2.454600 0.180650
v 1.091201 2.454600 0.305110
v 1.091201 2.505400 0.305110
v 1.040401 2.454600 0.180650
v 1.040401 2.454600 0.305110
v 1.040401 2.505400 0.180650
v 1.040401 2.505400 0.305110
v 1.091201 2.705400 0.180650
v 1.091201 2.654600 0.180650
v 1.091201 2.654600 0.305110
v 1.091201 2.705400 0.305110
v 1.040401 2.654600 0.180650
v 1.040401 2.654600 0.305110
v 1.040401 2.705400 0.180650
v 1.040401 2.705400 0.305110
v 1.291201 2.505400 0.180650
v 1.291201 2.454600 0.180650
v 1.291201 2.454600 0.305110
v 1.291201 2.505400 0.305110
v 1.240401 2.454600 0.180650
v 1.240401 2.454600 0.305110
v 1.240401 2.505400 0.180650
v 1.240401 2.505400 0.305110
v 1.291201 2.705400 0.180650
v 1.291201 2.654600 0.180650
v 1.291201 2.654600 0.305110
v 1.291201 2.705400 0.305110
v 1.240401 2.654600 0.180650
v 1.240401 2.654600 0.305110
v 1.240401 2.705400 0.180650
v 1.240401 2.705400 0.305110
v 1.491200 2.505400 0.180650
v 1.491200 2.454600 0.180650
v 1.491200 2.454600 0.305110
v 1.491200 2.505400 0.305110
v 1.440400 2.454600 0.180650
v 1.440400 2.454600 0.305110
v 1.440400 2.505400 0.180650
v 1.440400 2.505400 0.305110
v 1.491200 2.705400 0.180650
v 1.491200 2.654600 0.180650
v 1.491200 2.654600 0.305110
v 1.491200 2.705400 0.305110
v 1.440400 2.654600 0.180650
v 1.440400 2.654600 0.305110
v 1.440400 2.705400 0.180650
v 1.440400 2.705400 0.305110
v 1.691200 2.505400 0.180650
v 1.691200 2.454600 0.180650
v 1.691200 2.454600 0.305110
v 1.691200 2.505400 0.305110
v 1.640400 2.454600 0.180650
v 1.640400 2.454600 0.305110
v 1.640400 2.505400 0.180650
v 1.640400 2.505400 0.305110
v 1.691200 2.705400 0.180650
v 1.691200 2.654600 0.180650
v 1.691200 2.654600 0.305110
v 1.691200 2.705400 0.305110
v 1.640400 2.654600 0.180650
v 1.640400 2.654600 0.305110
v 1.640400 2.705400 0.180650
v 1.640400 2.705400 0.305110
v 1.891199 2.505400 0.180650
v 1.891199 2.454600 0.180650
v 1.891199 2.454600 0.305110
v 1.891199 2.505400 0.305110
v 1.840399 2.454600 0.180650
v 1.840399 2.454600 0.305110
v 1.840399 2.505400 0.180650
v 1.840399 2.505400 0.305110
v 1.891199 2.705400 0.180650
v 1.891199 2.654600 0.180650
v 1.891199 2.654600 0.305110
v 1.891199 2.705400 0.305110
v 1.840399 2.654600 0.180650
v 1.840399 2.654600 0.305110
v 1.840399 2.705400 0.180650
v 1.840399 2.705400 0.305110
v 2.091199 2.505400 0.180650
v 2.091199 2.454600 0.180650
v 2.091199 2.454600 0.305110
v 2.091199 2.505400 0.305110
v 2.040399 2.454600 0.180650
v 2.040399 2.454600 0.305110
v 2.040399 2.505400 0.180650
v 2.040399 2.505400 0.305110
v 2.091199 2.705400 0.180650
v 2.091199 2.654600 0.180650
v 2.091199 2.654600 0.305110
v 2.091199 2.705400 0.305110
v 2.040399 2.654600 0.180650
v 2.040399 2.654600 0.305110
v 2.040399 2.705400 0.180650
v 2.040399 2.705400 0.305110
v 2.291199 2.505400 0.180650
v 2.291199 2.454600 0.180650
v 2.291199 2.454600 0.305110
v 2.291199 2.505400 0.305110
v 2.240399 2.454600 0.180650
v 2.240399 2.454600 0.305110
v 2.240399 2.505400 0.180650
v 2.240399 2.505400 0.305110
v 2.291199 2.705400 0.180650
v 2.291199 2.654600 0.180650
v 2.291199 2.654600 0.305110
v 2.291199 2.705400 0.305110
v 2.240399 2.654600 0.180650
v 2.240399 2.654600 0.305110
v 2.240399 2.705400 0.180650
v 2.240399 2.705400 0.305110
vt -0.196850 -0.799998 0.000000
vt -0.158750 -0.799998 0.000000
vt -0.196850 0.799998 0.000000
vt -0.158750 0.799998 0.000000
vt 0.355600 -0.124460 0.000000
vt -0.000000 0.000000 0.000000
vt 0.038100 -0.124460 0.000000
vt -0.000000 -0.149860 0.000000
vt 0.038100 -0.149860 0.000000
vt 0.355600 -0.149860 0.000000
vt 0.393700 -0.149860 0.000000
vt 0.393700 0.000000 0.000000
vt -0.000000 -0.149860 0.000000
vt 1.599997 -0.149860 0.000000
vt -0.000000 0.000000 0.000000
vt 1.599997 0.000000 0.000000
vt 0.038100 -0.149860 0.000000
vt 0.038100 -0.124460 0.000000
vt -0.000000 -0.149860 0.000000
vt -0.000000 0.000000 0.000000
vt 0.355600 -0.124460 0.000000
vt 0.393700 0.000000 0.000000
vt 0.393700 -0.149860 0.000000
vt 0.355600 -0.149860 0.000000
vt -0.050800 -0.124460 0.000000
vt 0.000000 -0.124460 0.000000
vt -0.050800 0.000000 0.000000
vt 0.000000 0.000000 0.000000
vt -0.050800 -0.124460 0.000000
vt 0.000000 -0.124460 0.000000
vt -0.050800 0.000000 0.000000
vt 0.000000 0.000000 0.000000
vt -0.050800 -0.124460 0.000000
vt 0.000000 -0.124460 0.000000
vt -0.050800 0.000000 0.000000
vt 0.000000 0.000000 0.000000
vt -0.050800 -0.124460 0.000000
vt 0.000000 -0.124460 0.000000
vt -0.050800 0.000000 0.000000
vt 0.000000 0.000000 0.000000
vt -0.050800 -0.124460 0.000000
vt 0.000000 -0.124460 0.000000
vt -0.050800 0.000000 0.000000
vt 0.000000 0.000000 0.000000
vt -0.050800 -0.124460 0.000000
vt 0.000000 -0.124460 0.000000
vt -0.050800 0.000000 0.000000
vt 0.000000 0.000000 0.000000
vt -0.050800 -0.124460 0.000000
vt 0.000000 -0.124460 0.000000
vt -0.050800 0.000000 0.000000
vt 0.000000 0.000000 0.000000
vt -0.050800 -0.124460 0.000000
vt 0.000000 -0.124460 0.000000
vt -0.050800 0.000000 0.000000
vt 0.000000 0.000000 0.000000
vt -0.050800 -0.124460 0.000000
vt 0.000000 -0.124460 0.000000
vt -0.050800 0.000000 0.000000
vt 0.000000 0.000000 0.000000
vt -0.050800 -0.124460 0.000000
vt 0.000000 -0.124460 0.000000
vt -0.050800 0.000000 0.000000
vt 0.000000 0.000000 0.000000
vt -0.050800 -0.124460 0.000000
vt 0.000000 -0.124460 0.000000
vt -0.050800 0.000000 0.000000
vt 0.000000 0.000000 0.000000
vt -0.050800 -0.124460 0.000000
vt 0.000000 -0.124460 0.000000
vt -0.050800 0.000000 0.000000
vt 0.000000 0.000000 0.000000
vt -0.050800 -0.124460 0.000000
vt 0.000000 -0.124460 0.000000
vt -0.050800 0.000000 0.000000
vt 0.000000 0.000000 0.000000
vt -0.050800 -0.124460 0.000000
vt 0.000000 -0.124460 0.000000
vt -0.050800 0.000000 0.000000
vt 0.000000 0.000000 0.000000
vt -0.050800 -0.124460 0.000000
vt 0.000000 -0.124460 0.000000
vt -0.050800 0.000000 0.000000
vt 0.000000 0.000000 0.000000
vt -0.050800 -0.124460 0.000000
vt 0.000000 -0.124460 0.000000
vt -0.050800 0.000000 0.000000
vt 0.000000 0.000000 0.000000
vt -0.050800 -0.124460 0.000000
vt 0.000000 -0.124460 0.000000
vt -0.050800 0.000000 0.000000
vt 0.000000 0.000000 0.000000
vt -0.050800 -0.124460 0.000000
vt 0.000000 -0.124460 0.000000
vt -0.050800 0.000000 0.000000
vt 0.000000 0.000000 0.000000
vt -0.050800 -0.124460 0.000000
vt 0.000000 -0.124460 0.000000
vt -0.050800 0.000000 0.000000
vt 0.000000 0.000000 0.000000
vt -0.050800 -0.124460 0.000000
vt 0.000000 -0.124460 0.000000
vt -0.050800 0.000000 0.000000
vt 0.000000 0.000000 0.000000
vt -0.050800 -0.124460 0.000000
vt 0.000000 -0.124460 0.000000
vt -0.050800 0.000000 0.000000
vt 0.000000 0.000000 0.000000
vt -0.050800 -0.124460 0.000000
vt 0.000000 -0.124460 0.000000
vt -0.050800 0.000000 0.000000
vt 0.000000 0.000000 0.000000
vt -0.050800 -0.124460 0.000000
vt 0.000000 -0.124460 0.000000
vt -0.050800 0.000000 0.000000
vt 0.000000 0.000000 0.000000
vt -0.050800 -0.124460 0.000000
vt 0.000000 -0.124460 0.000000
vt -0.050800 0.000000 0.000000
vt 0.000000 0.000000 0.000000
vt -0.050800 -0.124460 0.000000
vt 0.000000 -0.124460 0.000000
vt -0.050800 0.000000 0.000000
vt 0.000000 0.000000 0.000000
vt -0.050800 -0.124460 0.000000
vt 0.000000 -0.124460 0.000000
vt -0.050800 0.000000 0.000000
vt 0.000000 0.000000 0.000000
vt -0.050800 -0.124460 0.000000
vt 0.000000 -0.124460 0.000000
vt -0.050800 0.000000 0.000000
vt 0.000000 0.000000 0.000000
vt -0.050800 -0.124460 0.000000
vt 0.000000 -0.124460 0.000000
vt -0.050800 0.000000 0.000000
vt 0.000000 0.000000 0.000000
vt -0.050800 -0.124460 0.000000
vt 0.000000 -0.124460 0.000000
vt -0.050800 0.000000 0.000000
vt 0.000000 0.000000 0.000000
vt -0.050800 -0.124460 0.000000
vt 0.000000 -0.124460 0.000000
vt -0.050800 0.000000 0.000000
vt 0.000000 0.000000 0.000000
vt -0.050800 -0.124460 0.000000
vt 0.000000 -0.124460 0.000000
vt -0.050800 0.000000 0.000000
vt 0.000000 0.000000 0.000000
vt -0.050800 -0.124460 0.000000
vt 0.000000 -0.124460 0.000000
vt -0.050800 0.000000 0.000000
vt 0.000000 0.000000 0.000000
vt -0.050800 -0.124460 0.000000
vt 0.000000 -0.124460 0.000000
vt -0.050800 0.000000 0.000000
vt 0.000000 0.000000 0.000000
vt -0.050800 -0.124460 0.000000
vt 0.000000 -0.124460 0.000000
vt -0.050800 0.000000 0.000000
vt 0.000000 0.000000 0.000000
vt -0.050800 -0.124460 0.000000
vt 0.000000 -0.124460 0.000000
vt -0.050800 0.000000 0.000000
vt 0.000000 0.000000 0.000000
vt -0.050800 -0.124460 0.000000
vt 0.000000 -0.124460 0.000000
vt -0.050800 0.000000 0.000000
vt 0.000000 0.000000 0.000000
vt -0.050800 -0.124460 0.000000
vt 0.000000 -0.124460 0.000000
vt -0.050800 0.000000 0.000000
vt 0.000000 0.000000 0.000000
vt -0.050800 -0.124460 0.000000
vt 0.000000 -0.124460 0.000000
vt -0.050800 0.000000 0.000000
vt 0.000000 0.000000 0.000000
vt -0.050800 -0.124460 0.000000
vt 0.000000 -0.124460 0.000000
vt -0.050800 0.000000 0.000000
vt 0.000000 0.000000 0.000000
vt -0.050800 -0.124460 0.000000
vt 0.000000 -0.124460 0.000000
vt -0.050800 0.000000 0.000000
vt 0.000000 0.000000 0.000000
vt -0.050800 -0.124460 0.000000
vt 0.000000 -0.124460 0.000000
vt -0.050800 0.000000 0.000000
vt 0.000000 0.000000 0.000000
vt -0.050800 -0.124460 0.000000
vt 0.000000 -0.124460 0.000000
vt -0.050800 0.000000 0.000000
vt 0.000000 0.000000 0.000000
vt -0.050800 -0.124460 0.000000
vt 0.000000 -0.124460 0.000000
vt -0.050800 0.000000 0.000000
vt 0.000000 0.000000 0.000000
vt -0.050800 -0.124460 0.000000
vt 0.000000 -0.124460 0.000000
vt -0.050800 0.000000 0.000000
vt 0.000000 0.000000 0.000000
vt -0.050800 -0.124460 0.000000
vt 0.000000 -0.124460 0.000000
vt -0.050800 0.000000 0.000000
vt 0.000000 0.000000 0.000000
vt -0.050800 -0.124460 0.000000
vt 0.000000 -0.124460 0.000000
vt -0.050800 0.000000 0.000000
vt 0.000000 0.000000 0.000000
vt -0.050800 -0.124460 0.000000
vt 0.000000 -0.124460 0.000000
vt -0.050800 0.000000 0.000000
vt 0.000000 0.000000 0.000000
vt -0.050800 -0.124460 0.000000
vt 0.000000 -0.124460 0.000000
vt -0.050800 0.000000 0.000000
vt 0.000000 0.000000 0.000000
vt -0.050800 -0.124460 0.000000
vt 0.000000 -0.124460 0.000000
vt -0.050800 0.000000 0.000000
vt 0.000000 0.000000 0.000000
vt -0.050800 -0.124460 0.000000
vt 0.000000 -0.124460 0.000000
vt -0.050800 0.000000 0.000000
vt 0.000000 0.000000 0.000000
vt -0.050800 -0.124460 0.000000
vt 0.000000 -0.124460 0.000000
vt -0.050800 0.000000 0.000000
vt 0.000000 0.000000 0.000000
vt -0.050800 -0.124460 0.000000
vt 0.000000 -0.124460 0.000000
vt -0.050800 0.000000 0.000000
vt 0.000000 0.000000 0.000000
vt -0.050800 -0.124460 0.000000
vt 0.000000 -0.124460 0.000000
vt -0.050800 0.000000 0.000000
vt 0.000000 0.000000 0.000000
vt -0.050800 -0.124460 0.000000
vt 0.000000 -0.124460 0.000000
vt -0.050800 0.000000 0.000000
vt 0.000000 0.000000 0.000000
vt -0.050800 -0.124460 0.000000
vt 0.000000 -0.124460 0.000000
vt -0.050800 0.000000 0.000000
vt 0.000000 0.000000 0.000000
vt -0.050800 -0.124460 0.000000
vt 0.000000 -0.124460 0.000000
vt -0.050800 0.000000 0.000000
vt 0.000000 0.000000 0.000000
vt -0.050800 -0.124460 0.000000
vt 0.000000 -0.124460 0.000000
vt -0.050800 0.000000 0.000000
vt 0.000000 0.000000 0.000000
vt -0.050800 -0.124460 0.000000
vt 0.000000 -0.124460 0.000000
vt -0.050800 0.000000 0.000000
vt 0.000000 0.000000 0.000000
vt -0.050800 -0.124460 0.000000
vt 0.000000 -0.124460 0.000000
vt -0.050800 0.000000 0.000000
vt 0.000000 0.000000 0.000000
vt -0.050800 -0.124460 0.000000
vt 0.000000 -0.124460 0.000000
vt -0.050800 0.000000 0.000000
vt 0.000000 0.000000 0.000000
vt -0.050800 -0.124460 0.000000
vt 0.000000 -0.124460 0.000000
vt -0.050800 0.000000 0.000000
vt 0.000000 0.000000 0.000000
vt -0.050800 -0.124460 0.000000
vt 0.000000 -0.124460 0.000000
vt -0.050800 0.000000 0.000000
vt 0.000000 0.000000 0.000000
vt -0.050800 -0.124460 0.000000
vt 0.000000 -0.124460 0.000000
vt -0.050800 0.000000 0.000000
vt 0.000000 0.000000 0.000000
vt -0.050800 -0.124460 0.000000
vt 0.000000 -0.124460 0.000000
vt -0.050800 0.000000 0.000000
vt 0.000000 0.000000 0.000000
vt -0.000000 -0.149860 0.000000
vt 1.599997 -0.149860 0.000000
vt -0.000000 0.000000 0.000000
vt 1.599997 0.000000 0.000000
vt 0.196850 -0.799998 0.000000
vt -0.074600 -0.725399 0.000000
vt -0.196850 -0.799998 0.000000
vt -0.125400 -0.725399 0.000000
vt -0.125400 -0.674599 0.000000
vt 0.196850 0.799998 0.000000
vt 0.125400 0.074600 0.000000
vt 0.125400 -0.074600 0.000000
vt 0.125400 -0.125400 0.000000
vt -0.196850 0.799998 0.000000
vt 0.074600 0.725399 0.000000
vt 0.125400 0.725399 0.000000
vt 0.125400 0.674599 0.000000
vt -0.125400 0.074600 0.000000
vt -0.125400 0.125400 0.000000
vt -0.125400 0.274599 0.000000
vt -0.074600 0.125400 0.000000
vt -0.074600 0.274599 0.000000
vt 0.074600 0.125400 0.000000
vt 0.074600 0.274599 0.000000
vt 0.125400 0.125400 0.000000
vt 0.125400 0.274599 0.000000
vt 0.125400 0.325399 0.000000
vt 0.125400 0.474599 0.000000
vt 0.074600 0.474599 0.000000
vt 0.125400 -0.674599 0.000000
vt 0.125400 -0.725399 0.000000
vt 0.074600 -0.725399 0.000000
vt -0.074600 -0.674599 0.000000
vt 0.074600 -0.674599 0.000000
vt -0.074600 -0.525399 0.000000
vt 0.074600 -0.525399 0.000000
vt -0.074600 -0.474599 0.000000
vt 0.074600 -0.474599 0.000000
vt -0.074600 -0.325399 0.000000
vt 0.074600 -0.325399 0.000000
vt -0.074600 -0.274599 0.000000
vt 0.074600 -0.274599 0.000000
vt -0.074600 -0.125400 0.000000
vt 0.074600 -0.125400 0.000000
vt -0.074600 -0.074600 0.000000
vt 0.074600 -0.074600 0.000000
vt -0.074600 0.074600 0.000000
vt 0.074600 0.074600 0.000000
vt 0.125400 -0.525399 0.000000
vt 0.125400 -0.474599 0.000000
vt 0.125400 -0.325399 0.000000
vt -0.125400 -0.525399 0.000000
vt -0.125400 -0.474599 0.000000
vt -0.125400 -0.325399 0.000000
vt -0.125400 -0.274599 0.000000
vt 0.125400 -0.274599 0.000000
vt -0.125400 -0.125400 0.000000
vt -0.125400 -0.074600 0.000000
vt -0.074600 0.325399 0.000000
vt 0.074600 0.325399 0.000000
vt -0.074600 0.474599 0.000000
vt -0.074600 0.525399 0.000000
vt 0.074600 0.525399 0.000000
vt -0.074600 0.674599 0.000000
vt 0.074600 0.674599 0.000000
vt -0.074600 0.725399 0.000000
vt -0.125400 0.325399 0.000000
vt -0.125400 0.474599 0.000000
vt -0.125400 0.525399 0.000000
vt 0.125400 0.525399 0.000000
vt -0.125400 0.674599 0.000000
vt -0.125400 0.725399 0.000000
vt 0.196850 0.799998 0.000000
vt 0.158750 0.799998 0.000000
vt 0.196850 -0.799998 0.000000
vt 0.158750 -0.799998 0.000000
vt -0.317500 1.599997 0.000000
vt -0.084150 1.525397 0.000000
vt -0.000000 1.599997 0.000000
vt -0.033350 1.525397 0.000000
vt -0.033350 1.474597 0.000000
vt -0.317500 0.000000 0.000000
vt -0.284150 0.874598 0.000000
vt -0.284150 0.925398 0.000000
vt -0.284150 1.074598 0.000000
vt -0.233350 0.925398 0.000000
vt -0.233350 1.074598 0.000000
vt -0.084150 0.925398 0.000000
vt -0.084150 1.074598 0.000000
vt -0.033350 0.925398 0.000000
vt -0.033350 1.074598 0.000000
vt -0.033350 1.125398 0.000000
vt -0.033350 1.274597 0.000000
vt -0.084150 1.274597 0.000000
vt -0.000000 0.000000 0.000000
vt -0.233350 0.074600 0.000000
vt -0.284150 0.074600 0.000000
vt -0.284150 0.125400 0.000000
vt -0.033350 0.874598 0.000000
vt -0.033350 0.725399 0.000000
vt -0.033350 0.674599 0.000000
vt -0.033350 1.325397 0.000000
vt -0.084150 1.474597 0.000000
vt -0.084150 1.325397 0.000000
vt -0.233350 1.474597 0.000000
vt -0.233350 1.325397 0.000000
vt -0.284150 1.474597 0.000000
vt -0.284150 1.325397 0.000000
vt -0.284150 1.274597 0.000000
vt -0.284150 1.125398 0.000000
vt -0.233350 1.125398 0.000000
vt -0.233350 1.525397 0.000000
vt -0.284150 1.525397 0.000000
vt -0.233350 1.274597 0.000000
vt -0.084150 1.125398 0.000000
vt -0.084150 0.874598 0.000000
vt -0.084150 0.725399 0.000000
vt -0.233350 0.874598 0.000000
vt -0.233350 0.725399 0.000000
vt -0.284150 0.725399 0.000000
vt -0.284150 0.674599 0.000000
vt -0.284150 0.525399 0.000000
vt -0.233350 0.525399 0.000000
vt -0.033350 0.525399 0.000000
vt -0.084150 0.674599 0.000000
vt -0.084150 0.525399 0.000000
vt -0.233350 0.674599 0.000000
vt -0.084150 0.474599 0.000000
vt -0.033350 0.325399 0.000000
vt -0.033350 0.474599 0.000000
vt -0.233350 0.474599 0.000000
vt -0.084150 0.325399 0.000000
vt -0.233350 0.325399 0.000000
vt -0.084150 0.274599 0.000000
vt -0.233350 0.274599 0.000000
vt -0.084150 0.125400 0.000000
vt -0.233350 0.125400 0.000000
vt -0.084150 0.074600 0.000000
vt -0.284150 0.474599 0.000000
vt -0.284150 0.325399 0.000000
vt -0.284150 0.274599 0.000000
vt -0.033350 0.125400 0.000000
vt -0.033350 0.274599 0.000000
vt -0.033350 0.074600 0.000000
vt -0.000000 1.599997 0.000000
vt -0.025400 1.599997 0.000000
vt -0.000000 0.000000 0.000000
vt -0.025400 0.000000 0.000000
vt 1.599997 0.025400 0.000000
vt -0.000000 0.025400 0.000000
vt 1.599997 0.000000 0.000000
vt -0.000000 0.000000 0.000000
vn 0.000000 0.000000 -1.000000
vn 0.000000 0.000000 -1.000000
vn 0.000000 0.000000 -1.000000
vn 0.000000 0.000000 -1.000000
vn 1.000000 -0.000000 0.000000
vn 1.000000 -0.000000 0.000000
vn 1.000000 -0.000000 0.000000
vn 1.000000 -0.000000 0.000000
vn 1.000000 -0.000000 0.000000
vn 1.000000 -0.000000 0.000000
vn 1.000000 -0.000000 0.000000
vn 1.000000 -0.000000 0.000000
vn 0.000000 1.000000 0.000000
vn 0.000000 1.000000 0.000000
vn 0.000000 1.000000 0.000000
vn 0.000000 1.000000 0.000000
vn -1.000000 0.000000 -0.000000
vn -1.000000 0.000000 -0.000000
vn -1.000000 0.000000 -0.000000
vn -1.000000 0.000000 -0.000000
vn -1.000000 0.000000 -0.000000
vn -1.000000 0.000000 -0.000000
vn -1.000000 0.000000 -0.000000
vn -1.000000 0.000000 -0.000000
vn -1.000000 0.000000 -0.000000
vn -1.000000 0.000000 -0.000000
vn -1.000000 0.000000 -0.000000
vn -1.000000 0.000000 -0.000000
vn 0.000000 1.000000 0.000000
vn 0.000000 1.000000 0.000000
vn 0.000000 1.000000 0.000000
vn 0.000000 1.000000 0.000000
vn 1.000000 -0.000000 0.000000
vn 1.000000 -0.000000 0.000000
vn 1.000000 -0.000000 0.000000
vn 1.000000 -0.000000 0.000000
vn -1.000000 0.000000 -0.000000
vn -1.000000 0.000000 -0.000000
vn -1.000000 0.000000 -0.000000
vn -1.000000 0.000000 -0.000000
vn 0.000000 1.000000 0.000000
vn 0.000000 1.000000 0.000000
vn 0.000000 1.000000 0.000000
vn 0.000000 1.000000 0.000000
vn 1.000000 -0.000000 0.000000
vn 1.000000 -0.000000 0.000000
vn 1.000000 -0.000000 0.000000
vn 1.000000 -0.000000 0.000000
vn -1.000000 0.000000 -0.000000
vn -1.000000 0.000000 -0.000000
vn -1.000000 0.000000 -0.000000
vn -1.000000 0.000000 -0.000000
vn 0.000000 1.000000 0.000000
vn 0.000000 1.000000 0.000000
vn 0.000000 1.000000 0.000000
vn 0.000000 1.000000 0.000000
vn 1.000000 -0.000000 0.000000
vn 1.000000 -0.000000 0.000000
vn 1.000000 -0.000000 0.000000
vn 1.000000 -0.000000 0.000000
vn -1.000000 0.000000 -0.000000
vn -1.000000 0.000000 -0.000000
vn -1.000000 0.000000 -0.000000
vn -1.000000 0.000000 -0.000000
vn 0.000000 1.000000 0.000000
vn 0.000000 1.000000 0.000000
vn 0.000000 1.000000 0.000000
vn 0.000000 1.000000 0.000000
vn 1.000000 -0.000000 0.000000
vn 1.000000 -0.000000 0.000000
vn 1.000000 -0.000000 0.000000
vn 1.000000 -0.000000 0.000000
vn -1.000000 0.000000 -0.000000
vn -1.000000 0.000000 -0.000000
vn -1.000000 0.000000 -0.000000
vn -1.000000 0.000000 -0.000000
vn 0.000000 1.000000 0.000000
vn 0.000000 1.000000 0.000000
vn 0.000000 1.000000 0.000000
vn 0.000000 1.000000 0.000000
vn 1.000000 -0.000000 0.000000
vn 1.000000 -0.000000 0.000000
vn 1.000000 -0.000000 0.000000
vn 1.000000 -0.000000 0.000000
vn -1.000000 0.000000 -0.000000
vn -1.000000 0.000000 -0.000000
vn -1.000000 0.000000 -0.000000
vn -1.000000 0.000000 -0.000000
vn 0.000000 1.000000 0.000000
vn 0.000000 1.000000 0.000000
vn 0.000000 1.000000 0.000000
vn 0.000000 1.000000 0.000000
vn 1.000000 -0.000000 0.000000
vn 1.000000 -0.000000 0.000000
vn 1.000000 -0.000000 0.000000
vn 1.000000 -0.000000 0.000000
vn -1.000000 0.000000 -0.000000
vn -1.000000 0.000000 -0.000000
vn -1.000000 0.000000 -0.000000
vn -1.000000 0.000000 -0.000000
vn 0.000000 1.000000 0.000000
vn 0.000000 1.000000 0.000000
vn 0.000000 1.000000 0.000000
vn 0.000000 1.000000 0.000000
vn 1.000000 -0.000000 0.000000
vn 1.000000 -0.000000 0.000000
vn 1.000000 -0.000000 0.000000
vn 1.000000 -0.000000 0.000000
vn -1.000000 0.000000 -0.000000
vn -1.000000 0.000000 -0.000000
vn -1.000000 0.000000 -0.000000
vn -1.000000 0.000000 -0.000000
vn 0.000000 1.000000 0.000000
vn 0.000000 1.000000 0.000000
vn 0.000000 1.000000 0.000000
vn 0.000000 1.000000 0.000000
vn 1.000000 -0.000000 0.000000
vn 1.000000 -0.000000 0.000000
vn 1.000000 -0.000000 0.000000
vn 1.000000 -0.000000 0.000000
vn -1.000000 0.000000 -0.000000
vn -1.000000 0.000000 -0.000000
vn -1.000000 0.000000 -0.000000
vn -1.000000 0.000000 -0.000000
vn 0.000000 1.000000 0.000000
vn 0.000000 1.000000 0.000000
vn 0.000000 1.000000 0.000000
vn 0.000000 1.000000 0.000000
vn 1.000000 -0.000000 0.000000
vn 1.000000 -0.000000 0.000000
vn 1.000000 -0.000000 0.000000
vn 1.000000 -0.000000 0.000000
vn -1.000000 0.000000 -0.000000
vn -1.000000 0.000000 -0.000000
vn -1.000000 0.000000 -0.000000
vn -1.000000 0.000000 -0.000000
vn 0.000000 1.000000 0.000000
vn 0.000000 1.000000 0.000000
vn 0.000000 1.000000 0.000000
vn 0.000000 1.000000 0.000000
vn 1.000000 -0.000000 0.000000
vn 1.000000 -0.000000 0.000000
vn 1.000000 -0.000000 0.000000
vn 1.000000 -0.000000 0.000000
vn -1.000000 0.000000 -0.000000
vn -1.000000 0.000000 -0.000000
vn -1.000000 0.000000 -0.000000
vn -1.000000 0.000000 -0.000000
vn 0.000000 1.000000 0.000000
vn 0.000000 1.000000 0.000000
vn 0.000000 1.000000 0.000000
vn 0.000000 1.000000 0.000000
vn 1.000000 -0.000000 0.000000
vn 1.000000 -0.000000 0.000000
vn 1.000000 -0.000000 0.000000
vn 1.000000 -0.000000 0.000000
vn -1.000000 0.000000 -0.000000
vn -1.000000 0.000000 -0.000000
vn -1.000000 0.000000 -0.000000
vn -1.000000 0.000000 -0.000000
vn 0.000000 1.000000 0.000000
vn 0.000000 1.000000 0.000000
vn 0.000000 1.000000 0.000000
vn 0.000000 1.000000 0.000000
vn 1.000000 -0.000000 0.000000
vn 1.000000 -0.000000 0.000000
vn 1.000000 -0.000000 0.000000
vn 1.000000 -0.000000 0.000000
vn -1.000000 0.000000 -0.000000
vn -1.000000 0.000000 -0.000000
vn -1.000000 0.000000 -0.000000
vn -1.000000 0.000000 -0.000000
vn 0.000000 1.000000 0.000000
vn 0.000000 1.000000 0.000000
vn 0.000000 1.000000 0.000000
vn 0.000000 1.000000 0.000000
vn 1.000000 -0.000000 0.000000
vn 1.000000 -0.000000 0.000000
vn 1.000000 -0.000000 0.000000
vn 1.000000 -0.000000 0.000000
vn -1.000000 0.000000 -0.000000
vn -1.000000 0.000000 -0.000000
vn -1.000000 0.000000 -0.000000
vn -1.000000 0.000000 -0.000000
vn 0.000000 1.000000 0.000000
vn 0.000000 1.000000 0.000000
vn 0.000000 1.000000 0.000000
vn 0.000000 1.000000 0.000000
vn 1.000000 -0.000000 0.000000
vn 1.000000 -0.000000 0.000000
vn 1.000000 -0.000000 0.000000
vn 1.000000 -0.000000 0.000000
vn -1.000000 0.000000 -0.000000
vn -1.000000 0.000000 -0.000000
vn -1.000000 0.000000 -0.000000
vn -1.000000 0.000000 -0.000000
vn 0.000000 1.000000 0.000000
vn 0.000000 1.000000 0.000000
vn 0.000000 1.000000 0.000000
vn 0.000000 1.000000 0.000000
vn 1.000000 -0.000000 0.000000
vn 1.000000 -0.000000 0.000000
vn 1.000000 -0.000000 0.000000
vn 1.000000 -0.000000 0.000000
vn -1.000000 0.000000 -0.000000
vn -1.000000 0.000000 -0.000000
vn -1.000000 0.000000 -0.000000
vn -1.000000 0.000000 -0.000000
vn 0.000000 1.000000 0.000000
vn 0.000000 1.000000 0.000000
vn 0.000000 1.000000 0.000000
vn 0.000000 1.000000 0.000000
vn 1.000000 -0.000000 0.000000
vn 1.000000 -0.000000 0.000000
vn 1.000000 -0.000000 0.000000
vn 1.000000 -0.000000 0.000000
vn -0.000000 -1.000000 -0.000000
vn -0.000000 -1.000000 -0.000000
vn -0.000000 -1.000000 -0.000000
vn -0.000000 -1.000000 -0.000000
vn -0.000000 -1.000000 -0.000000
vn -0.000000 -1.000000 -0.000000
vn -0.000000 -1.000000 -0.000000
vn -0.000000 -1.000000 -0.000000
vn -0.000000 -1.000000 -0.000000
vn -0.000000 -1.000000 -0.000000
vn -0.000000 -1.000000 -0.000000
vn -0.000000 -1.000000 -0.000000
vn -0.000000 -1.000000 -0.000000
vn -0.000000 -1.000000 -0.000000
vn -0.000000 -1.000000 -0.000000
vn -0.000000 -1.000000 -0.000000
vn -0.000000 -1.000000 -0.000000
vn -0.000000 -1.000000 -0.000000
vn -0.000000 -1.000000 -0.000000
vn -0.000000 -1.000000 -0.000000
vn -0.000000 -1.000000 -0.000000
vn -0.000000 -1.000000 -0.000000
vn -0.000000 -1.000000 -0.000000
vn -0.000000 -1.000000 -0.000000
vn -0.000000 -1.000000 -0.000000
vn -0.000000 -1.000000 -0.000000
vn -0.000000 -1.000000 -0.000000
vn -0.000000 -1.000000 -0.000000
vn -0.000000 -1.000000 -0.000000
vn -0.000000 -1.000000 -0.000000
vn -0.000000 -1.000000 -0.000000
vn -0.000000 -1.000000 -0.000000
vn -0.000000 -1.000000 -0.000000
vn -0.000000 -1.000000 -0.000000
vn -0.000000 -1.000000 -0.000000
vn -0.000000 -1.000000 -0.000000
vn -0.000000 -1.000000 -0.000000
vn -0.000000 -1.000000 -0.000000
vn -0.000000 -1.000000 -0.000000
vn -0.000000 -1.000000 -0.000000
vn -0.000000 -1.000000 -0.000000
vn -0.000000 -1.000000 -0.000000
vn -0.000000 -1.000000 -0.000000
vn -0.000000 -1.000000 -0.000000
vn -0.000000 -1.000000 -0.000000
vn -0.000000 -1.000000 -0.000000
vn -0.000000 -1.000000 -0.000000
vn -0.000000 -1.000000 -0.000000
vn -0.000000 -1.000000 -0.000000
vn -0.000000 -1.000000 -0.000000
vn -0.000000 -1.000000 -0.000000
vn -0.000000 -1.000000 -0.000000
vn -0.000000 -1.000000 -0.000000
vn -0.000000 -1.000000 -0.000000
vn -0.000000 -1.000000 -0.000000
vn -0.000000 -1.000000 -0.000000
vn -0.000000 -1.000000 -0.000000
vn -0.000000 -1.000000 -0.000000
vn -0.000000 -1.000000 -0.000000
vn -0.000000 -1.000000 -0.000000
vn -0.000000 -1.000000 -0.000000
vn -0.000000 -1.000000 -0.000000
vn -0.000000 -1.000000 -0.000000
vn -0.000000 -1.000000 -0.000000
vn -0.000000 -1.000000 -0.000000
vn -0.000000 -1.000000 -0.000000
vn -0.000000 -1.000000 -0.000000
vn -0.000000 -1.000000 -0.000000
vn -0.000000 -0.000000 1.000000
vn -0.000000 -0.000000 1.000000
vn -0.000000 -0.000000 1.000000
vn -0.000000 -0.000000 1.000000
vn -0.000000 -0.000000 1.000000
vn -0.000000 -0.000000 1.000000
vn -0.000000 -0.000000 1.000000
vn -0.000000 -0.000000 1.000000
vn -0.000000 -0.000000 1.000000
vn -0.000000 -0.000000 1.000000
vn -0.000000 -0.000000 1.000000
vn -0.000000 -0.000000 1.000000
vn -0.000000 -0.000000 1.000000
vn -0.000000 -0.000000 1.000000
vn -0.000000 -0.000000 1.000000
vn -0.000000 -0.000000 1.000000
vn -0.000000 -0.000000 1.000000
vn -0.000000 -0.000000 1.000000
vn -0.000000 -0.000000 1.000000
vn -0.000000 -0.000000 1.000000
vn -0.000000 -0.000000 1.000000
vn -0.000000 -0.000000 1.000000
vn -0.000000 -0.000000 1.000000
vn -0.000000 -0.000000 1.000000
vn -0.000000 -0.000000 1.000000
vn -0.000000 -0.000000 1.000000
vn -0.000000 -0.000000 1.000000
vn -0.000000 -0.000000 1.000000
vn -0.000000 -0.000000 1.000000
vn -0.000000 -0.000000 1.000000
vn -0.000000 -0.000000 1.000000
vn -0.000000 -0.000000 1.000000
vn -0.000000 -0.000000 1.000000
vn -0.000000 -0.000000 1.000000
vn -0.000000 -0.000000 1.000000
vn -0.000000 -0.000000 1.000000
vn -0.000000 -0.000000 1.000000
vn -0.000000 -0.000000 1.000000
vn -0.000000 -0.000000 1.000000
vn -0.000000 -0.000000 1.000000
vn -0.000000 -0.000000 1.000000
vn -0.000000 -0.000000 1.000000
vn -0.000000 -0.000000 1.000000
vn -0.000000 -0.000000 1.000000
vn -0.000000 -0.000000 1.000000
vn -0.000000 -0.000000 1.000000
vn -0.000000 -0.000000 1.000000
vn -0.000000 -0.000000 1.000000
vn -0.000000 -0.000000 1.000000
vn -0.000000 -0.000000 1.000000
vn -0.000000 -0.000000 1.000000
vn -0.000000 -0.000000 1.000000
vn -0.000000 -0.000000 1.000000
vn -0.000000 -0.000000 1.000000
vn -0.000000 -0.000000 1.000000
vn -0.000000 -0.000000 1.000000
vn -0.000000 -0.000000 1.000000
vn -0.000000 -0.000000 1.000000
vn -0.000000 -0.000000 1.000000
vn -0.000000 -0.000000 1.000000
vn -0.000000 -0.000000 1.000000
vn -0.000000 -0.000000 1.000000
vn -0.000000 -0.000000 1.000000
vn -0.000000 -0.000000 1.000000
vn -0.000000 -0.000000 1.000000
vn -0.000000 -0.000000 1.000000
vn -0.000000 -0.000000 1.000000
vn -0.000000 -0.000000 1.000000
vn 0.000000 0.000000 -1.000000
vn 0.000000 0.000000 -1.000000
vn 0.000000 0.000000 -1.000000
vn 0.000000 0.000000 -1.000000
vn 0.000000 0.000000 -1.000000
vn 0.000000 0.000000 -1.000000
vn 0.000000 0.000000 -1.000000
vn 0.000000 0.000000 -1.000000
vn 0.000000 0.000000 -1.000000
vn 0.000000 0.000000 -1.000000
vn 0.000000 0.000000 -1.000000
vn 0.000000 0.000000 -1.000000
vn 0.000000 0.000000 -1.000000
vn 0.000000 0.000000 -1.000000
vn 0.000000 0.000000 -1.000000
vn 0.000000 0.000000 -1.000000
vn 0.000000 0.000000 -1.000000
vn 0.000000 0.000000 -1.000000
vn 0.000000 0.000000 -1.000000
vn 0.000000 0.000000 -1.000000
vn 0.000000 0.000000 -1.000000
vn 0.000000 0.000000 -1.000000
vn 0.000000 0.000000 -1.000000
vn 0.000000 0.000000 -1.000000
vn 0.000000 0.000000 -1.000000
vn 0.000000 0.000000 -1.000000
vn 0.000000 0.000000 -1.000000
vn 0.000000 0.000000 -1.000000
vn 0.000000 0.000000 -1.000000
vn 0.000000 0.000000 -1.000000
vn 0.000000 0.000000 -1.000000
vn 0.000000 0.000000 -1.000000
vn 0.000000 0.000000 -1.000000
vn 0.000000 0.000000 -1.000000
vn 0.000000 0.000000 -1.000000
vn 0.000000 0.000000 -1.000000
vn 0.000000 0.000000 -1.000000
vn 0.000000 0.000000 -1.000000
vn 0.000000 0.000000 -1.000000
vn 0.000000 0.000000 -1.000000
vn 0.000000 0.000000 -1.000000
vn 0.000000 0.000000 -1.000000
vn 0.000000 0.000000 -1.000000
vn 0.000000 0.000000 -1.000000
vn 0.000000 0.000000 -1.000000
vn 0.000000 0.000000 -1.000000
vn 0.000000 0.000000 -1.000000
vn 0.000000 0.000000 -1.000000
vn 0.000000 0.000000 -1.000000
vn 0.000000 0.000000 -1.000000
vn 0.000000 0.000000 -1.000000
vn 0.000000 0.000000 -1.000000
vn 0.000000 0.000000 -1.000000
vn 0.000000 0.000000 -1.000000
vn 0.000000 0.000000 -1.000000
vn 0.000000 0.000000 -1.000000
vn 0.000000 0.000000 -1.000000
vn 0.000000 0.000000 -1.000000
vn 0.000000 0.000000 -1.000000
vn 0.000000 0.000000 -1.000000
vn 0.000000 0.000000 -1.000000
vn 0.000000 0.000000 -1.000000
vn 0.000000 0.000000 -1.000000
vn 0.000000 0.000000 -1.000000
vn 0.000000 0.000000 -1.000000
vn 0.000000 0.000000 -1.000000
vn 0.000000 0.000000 -1.000000
vn 0.000000 0.000000 -1.000000
vn 0.000000 0.000000 -1.000000
vn 0.000000 0.000000 -1.000000
vn 0.000000 0.000000 -1.000000
vn 0.000000 0.000000 -1.000000
vn -0.000000 -1.000000 0.000000
vn -0.000000 -1.000000 0.000000
vn -0.000000 -1.000000 0.000000
vn -0.000000 -1.000000 0.000000
vn 0.000000 1.000000 0.000000
vn 0.000000 1.000000 0.000000
vn 0.000000 1.000000 0.000000
vn 0.000000 1.000000 0.000000
usemtl Opaque(128,128,128)
f 1/1/1 2/2/2 4/3/3
f 4/3/3 2/2/2 3/4/4
f 6/5/5 8/6/6 5/7/7
f 5/7/7 8/6/6 9/8/8
f 5/7/7 9/8/8 10/9/9
f 2/10/10 1/11/11 6/5/5
f 6/5/5 1/11/11 7/12/12
f 6/5/5 7/12/12 8/6/6
f 1/13/13 4/14/14 7/15/15
f 7/15/15 4/14/14 11/16/16
f 3/17/17 12/18/18 4/19/19
f 4/19/19 12/18/18 11/20/20
f 11/20/20 12/18/18 13/21/21
f 11/20/20 13/21/21 16/22/22
f 16/22/22 13/21/21 15/23/23
f 15/23/23 13/21/21 14/24/24
f 17/25/25 18/26/26 20/27/27
f 20/27/27 18/26/26 19/28/28
f 18/29/29 21/30/30 19/31/31
f 19/31/31 21/30/30 22/32/32
f 21/33/33 23/34/34 22/35/35
f 22/35/35 23/34/34 24/36/36
f 25/37/37 26/38/38 28/39/39
f 28/39/39 26/38/38 27/40/40
f 26/41/41 29/42/42 27/43/43
f 27/43/43 29/42/42 30/44/44
f 29/45/45 31/46/46 30/47/47
f 30/47/47 31/46/46 32/48/48
f 33/49/49 34/50/50 36/51/51
f 36/51/51 34/50/50 35/52/52
f 34/53/53 37/54/54 35/55/55
f 35/55/55 37/54/54 38/56/56
f 37/57/57 39/58/58 38/59/59
f 38/59/59 39/58/58 40/60/60
f 41/61/61 42/62/62 44/63/63
f 44/63/63 42/62/62 43/64/64
f 42/65/65 45/66/66 43/67/67
f 43/67/67 45/66/66 46/68/68
f 45/69/69 47/70/70 46/71/71
f 46/71/71 47/70/70 48/72/72
f 49/73/73 50/74/74 52/75/75
f 52/75/75 50/74/74 51/76/76
f 50/77/77 53/78/78 51/79/79
f 51/79/79 53/78/78 54/80/80
f 53/81/81 55/82/82 54/83/83
f 54/83/83 55/82/82 56/84/84
f 57/85/85 58/86/86 60/87/87
f 60/87/87 58/86/86 59/88/88
f 58/89/89 61/90/90 59/91/91
f 59/91/91 61/90/90 62/92/92
f 61/93/93 63/94/94 62/95/95
f 62/95/95 63/94/94 64/96/96
f 65/97/97 66/98/98 68/99/99
f 68/99/99 66/98/98 67/100/100
f 66/101/101 69/102/102 67/103/103
f 67/103/103 69/102/102 70/104/104
f 69/105/105 71/106/106 70/107/107
f 70/107/107 71/106/106 72/108/108
f 73/109/109 74/110/110 76/111/111
f 76/111/111 74/110/110 75/112/112
f 74/113/113 77/114/114 75/115/115
f 75/115/115 77/114/114 78/116/116
f 77/117/117 79/118/118 78/119/119
f 78/119/119 79/118/118 80/120/120
f 81/121/121 82/122/122 84/123/123
f 84/123/123 82/122/122 83/124/124
f 82/125/125 85/126/126 83/127/127
f 83/127/127 85/126/126 86/128/128
f 85/129/129 87/130/130 86/131/131
f 86/131/131 87/130/130 88/132/132
f 89/133/133 90/134/134 92/135/135
f 92/135/135 90/134/134 91/136/136
f 90/137/137 93/138/138 91/139/139
f 91/139/139 93/138/138 94/140/140
f 93/141/141 95/142/142 94/143/143
f 94/143/143 95/142/142 96/144/144
f 97/145/145 98/146/146 100/147/147
f 100/147/147 98/146/146 99/148/148
f 98/149/149 101/150/150 99/151/151
f 99/151/151 101/150/150 102/152/152
f 101/153/153 103/154/154 102/155/155
f 102/155/155 103/154/154 104/156/156
f 105/157/157 106/158/158 108/159/159
f 108/159/159 106/158/158 107/160/160
f 106/161/161 109/162/162 107/163/163
f 107/163/163 109/162/162 110/164/164
f 109/165/165 111/166/166 110/167/167
f 110/167/167 111/166/166 112/168/168
f 113/169/169 114/170/170 116/171/171
f 116/171/171 114/170/170 115/172/172
f 114/173/173 117/174/174 115/175/175
f 115/175/175 117/174/174 118/176/176
f 117/177/177 119/178/178 118/179/179
f 118/179/179 119/178/178 120/180/180
f 121/181/181 122/182/182 124/183/183
f 124/183/183 122/182/182 123/184/184
f 122/185/185 125/186/186 123/187/187
f 123/187/187 125/186/186 126/188/188
f 125/189/189 127/190/190 126/191/191
f 126/191/191 127/190/190 128/192/192
f 129/193/193 130/194/194 132/195/195
f 132/195/195 130/194/194 131/196/196
f 130/197/197 133/198/198 131/199/199
f 131/199/199 133/198/198 134/200/200
f 133/201/201 135/202/202 134/203/203
f 134/203/203 135/202/202 136/204/204
f 137/205/205 138/206/206 140/207/207
f 140/207/207 138/206/206 139/208/208
f 138/209/209 141/210/210 139/211/211
f 139/211/211 141/210/210 142/212/212
f 141/213/213 143/214/214 142/215/215
f 142/215/215 143/214/214 144/216/216
f 23/217/217 17/218/218 24/219/219
f 24/219/219 17/218/218 20/220/220
f 31/221/221 25/222/222 32/223/223
f 32/223/223 25/222/222 28/224/224
f 39/225/225 33/226/226 40/227/227
f 40/227/227 33/226/226 36/228/228
f 47/229/229 41/230/230 48/231/231
f 48/231/231 41/230/230 44/232/232
f 55/233/233 49/234/234 56/235/235
f 56/235/235 49/234/234 52/236/236
f 63/237/237 57/238/238 64/239/239
f 64/239/239 57/238/238 60/240/240
f 71/241/241 65/242/242 72/243/243
f 72/243/243 65/242/242 68/244/244
f 79/245/245 73/246/246 80/247/247
f 80/247/247 73/246/246 76/248/248
f 87/249/249 81/250/250 88/251/251
f 88/251/251 81/250/250 84/252/252
f 95/253/253 89/254/254 96/255/255
f 96/255/255 89/254/254 92/256/256
f 103/257/257 97/258/258 104/259/259
f 104/259/259 97/258/258 100/260/260
f 111/261/261 105/262/262 112/263/263
f 112/263/263 105/262/262 108/264/264
f 119/265/265 113/266/266 120/267/267
f 120/267/267 113/266/266 116/268/268
f 127/269/269 121/270/270 128/271/271
f 128/271/271 121/270/270 124/272/272
f 135/273/273 129/274/274 136/275/275
f 136/275/275 129/274/274 132/276/276
f 143/277/277 137/278/278 144/279/279
f 144/279/279 137/278/278 140/280/280
f 15/281/281 9/282/282 16/283/283
f 16/283/283 9/282/282 8/284/284
f 7/285/285 132/286/286 8/287/287
f 8/287/287 132/286/286 131/288/288
f 8/287/287 131/288/288 134/289/289
f 11/290/290 76/291/291 7/285/285
f 7/285/285 76/291/291 96/292/292
f 7/285/285 96/292/292 92/293/293
f 16/294/294 30/295/295 11/290/290
f 11/290/290 30/295/295 32/296/296
f 11/290/290 32/296/296 28/297/297
f 8/287/287 67/298/298 16/294/294
f 16/294/294 67/298/298 70/299/299
f 16/294/294 70/299/299 51/300/300
f 51/300/300 70/299/299 72/301/301
f 51/300/300 72/301/301 52/302/302
f 52/302/302 72/301/301 78/303/303
f 52/302/302 78/303/303 59/304/304
f 59/304/304 78/303/303 80/305/305
f 59/304/304 80/305/305 60/306/306
f 60/306/306 80/305/305 11/290/290
f 60/306/306 11/290/290 64/307/307
f 64/307/307 11/290/290 44/308/308
f 64/307/307 44/308/308 43/309/309
f 144/310/310 140/311/311 7/285/285
f 7/285/285 140/311/311 139/312/312
f 7/285/285 139/312/312 132/286/286
f 132/286/286 139/312/312 136/313/313
f 136/313/313 139/312/312 142/314/314
f 136/313/313 142/314/314 116/315/315
f 116/315/315 142/314/314 123/316/316
f 116/315/315 123/316/316 120/317/317
f 120/317/317 123/316/316 126/318/318
f 120/317/317 126/318/318 100/319/319
f 100/319/319 126/318/318 107/320/320
f 100/319/319 107/320/320 104/321/321
f 104/321/321 107/320/320 110/322/322
f 104/321/321 110/322/322 84/323/323
f 84/323/323 110/322/322 91/324/324
f 84/323/323 91/324/324 88/325/325
f 88/325/325 91/324/324 94/326/326
f 88/325/325 94/326/326 68/327/327
f 68/327/327 94/326/326 75/328/328
f 68/327/327 75/328/328 72/301/301
f 72/301/301 75/328/328 78/303/303
f 142/314/314 144/310/310 123/316/316
f 123/316/316 144/310/310 124/329/329
f 124/329/329 144/310/310 7/285/285
f 124/329/329 7/285/285 128/330/330
f 128/330/330 7/285/285 108/331/331
f 128/330/330 108/331/331 107/320/320
f 8/287/287 134/289/289 115/332/332
f 115/332/332 134/289/289 136/313/313
f 115/332/332 136/313/313 116/315/315
f 126/318/318 128/330/330 107/320/320
f 115/332/332 118/333/333 8/287/287
f 8/287/287 118/333/333 99/334/334
f 8/287/287 99/334/334 102/335/335
f 118/333/333 120/317/317 99/334/334
f 99/334/334 120/317/317 100/319/319
f 110/322/322 112/336/336 91/324/324
f 91/324/324 112/336/336 92/293/293
f 92/293/293 112/336/336 7/285/285
f 112/336/336 108/331/331 7/285/285
f 8/287/287 102/335/335 83/337/337
f 83/337/337 102/335/335 104/321/321
f 83/337/337 104/321/321 84/323/323
f 94/326/326 96/292/292 75/328/328
f 75/328/328 96/292/292 76/291/291
f 83/337/337 86/338/338 8/287/287
f 8/287/287 86/338/338 67/298/298
f 86/338/338 88/325/325 67/298/298
f 67/298/298 88/325/325 68/327/327
f 80/305/305 76/291/291 11/290/290
f 52/302/302 59/304/304 56/339/339
f 56/339/339 59/304/304 62/340/340
f 56/339/339 62/340/340 36/341/341
f 36/341/341 62/340/340 43/309/309
f 36/341/341 43/309/309 40/342/342
f 40/342/342 43/309/309 46/343/343
f 40/342/342 46/343/343 20/344/344
f 20/344/344 46/343/343 27/345/345
f 20/344/344 27/345/345 24/346/346
f 24/346/346 27/345/345 30/295/295
f 24/346/346 30/295/295 16/294/294
f 62/340/340 64/307/307 43/309/309
f 51/300/300 54/347/347 16/294/294
f 16/294/294 54/347/347 35/348/348
f 16/294/294 35/348/348 38/349/349
f 54/347/347 56/339/339 35/348/348
f 35/348/348 56/339/339 36/341/341
f 46/343/343 48/350/350 27/345/345
f 27/345/345 48/350/350 28/297/297
f 28/297/297 48/350/350 11/290/290
f 48/350/350 44/308/308 11/290/290
f 16/294/294 38/349/349 19/351/351
f 19/351/351 38/349/349 40/342/342
f 19/351/351 40/342/342 20/344/344
f 19/351/351 22/352/352 16/294/294
f 16/294/294 22/352/352 24/346/346
f 15/353/353 14/354/354 9/355/355
f 9/355/355 14/354/354 10/356/356
f 12/357/357 23/358/358 13/359/359
f 13/359/359 23/358/358 21/360/360
f 13/359/359 21/360/360 18/361/361
f 6/362/362 73/363/363 12/357/357
f 12/357/357 73/363/363 79/364/364
f 12/357/357 79/364/364 57/365/365
f 57/365/365 79/364/364 77/366/366
f 57/365/365 77/366/366 58/367/367
f 58/367/367 77/366/366 71/368/368
f 58/367/367 71/368/368 49/369/369
f 49/369/369 71/368/368 69/370/370
f 49/369/369 69/370/370 50/371/371
f 50/371/371 69/370/370 13/359/359
f 50/371/371 13/359/359 53/372/372
f 53/372/372 13/359/359 34/373/373
f 53/372/372 34/373/373 33/374/374
f 5/375/375 138/376/376 6/362/362
f 6/362/362 138/376/376 137/377/377
f 6/362/362 137/377/377 143/378/378
f 13/359/359 66/379/379 5/375/375
f 5/375/375 66/379/379 85/380/380
f 5/375/375 85/380/380 82/381/381
f 13/359/359 18/361/361 37/382/382
f 37/382/382 18/361/361 17/383/383
f 37/382/382 17/383/383 39/384/384
f 39/384/384 17/383/383 26/385/385
f 39/384/384 26/385/385 45/386/386
f 45/386/386 26/385/385 25/387/387
f 45/386/386 25/387/387 47/388/388
f 47/388/388 25/387/387 12/357/357
f 47/388/388 12/357/357 41/389/389
f 41/389/389 12/357/357 63/390/390
f 41/389/389 63/390/390 61/391/391
f 26/385/385 17/383/383 29/392/392
f 29/392/392 17/383/383 23/358/358
f 29/392/392 23/358/358 12/357/357
f 25/387/387 31/393/393 12/357/357
f 12/357/357 31/393/393 29/392/392
f 39/384/384 45/386/386 33/374/374
f 33/374/374 45/386/386 42/394/394
f 33/374/374 42/394/394 55/395/395
f 55/395/395 42/394/394 61/391/391
f 55/395/395 61/391/391 49/369/369
f 49/369/369 61/391/391 58/367/367
f 37/382/382 34/373/373 13/359/359
f 42/394/394 41/389/389 61/391/391
f 55/395/395 53/372/372 33/374/374
f 57/365/365 63/390/390 12/357/357
f 66/379/379 65/396/396 85/380/380
f 85/380/380 65/396/396 87/397/397
f 87/397/397 65/396/396 74/398/398
f 87/397/397 74/398/398 93/399/399
f 93/399/399 74/398/398 73/363/363
f 93/399/399 73/363/363 95/400/400
f 95/400/400 73/363/363 6/362/362
f 95/400/400 6/362/362 89/401/401
f 89/401/401 6/362/362 111/402/402
f 89/401/401 111/402/402 109/403/403
f 74/398/398 65/396/396 77/366/366
f 77/366/366 65/396/396 71/368/368
f 69/370/370 66/379/379 13/359/359
f 5/375/375 82/381/381 101/404/404
f 101/404/404 82/381/381 81/405/405
f 101/404/404 81/405/405 103/406/406
f 103/406/406 81/405/405 90/407/407
f 103/406/406 90/407/407 109/403/403
f 109/403/403 90/407/407 89/401/401
f 90/407/407 81/405/405 93/399/399
f 93/399/399 81/405/405 87/397/397
f 97/408/408 117/409/409 98/410/410
f 98/410/410 117/409/409 5/375/375
f 98/410/410 5/375/375 101/404/404
f 103/406/406 109/403/403 97/408/408
f 97/408/408 109/403/403 106/411/411
f 97/408/408 106/411/411 119/412/412
f 119/412/412 106/411/411 125/413/413
f 119/412/412 125/413/413 113/414/414
f 113/414/414 125/413/413 122/415/415
f 113/414/414 122/415/415 135/416/416
f 135/416/416 122/415/415 141/417/417
f 135/416/416 141/417/417 129/418/418
f 129/418/418 141/417/417 138/376/376
f 129/418/418 138/376/376 5/375/375
f 106/411/411 105/419/419 125/413/413
f 125/413/413 105/419/419 127/420/420
f 127/420/420 105/419/419 6/362/362
f 127/420/420 6/362/362 121/421/421
f 121/421/421 6/362/362 143/378/378
f 121/421/421 143/378/378 141/417/417
f 105/419/419 111/402/402 6/362/362
f 113/414/414 133/422/422 114/423/423
f 114/423/423 133/422/422 5/375/375
f 114/423/423 5/375/375 117/409/409
f 119/412/412 117/409/409 97/408/408
f 122/415/415 121/421/421 141/417/417
f 133/422/422 130/424/424 5/375/375
f 5/375/375 130/424/424 129/418/418
f 135/416/416 133/422/422 113/414/414
f 12/425/425 3/426/426 6/427/427
f 6/427/427 3/426/426 2/428/428
f 13/429/429 5/430/430 14/431/431
f 14/431/431 5/430/430 10/432/432
g ボディ1:1

v 2.291199 2.454600 0.650550
v 2.240399 2.454600 0.650550
v 2.240399 2.454600 0.254310
v 2.291199 2.454600 0.254310
v 2.040399 2.454600 0.254310
v 2.091199 2.454600 0.254310
v 2.091199 2.454600 0.650550
v 2.040399 2.454600 0.650550
v 1.840399 2.454600 0.254310
v 1.891199 2.454600 0.254310
v 1.891199 2.454600 0.650550
v 1.840399 2.454600 0.650550
v 1.640400 2.454600 0.254310
v 1.691200 2.454600 0.254310
v 1.691200 2.454600 0.650550
v 1.640400 2.454600 0.650550
v 1.440400 2.454600 0.254310
v 1.491200 2.454600 0.254310
v 1.491200 2.454600 0.650550
v 1.440400 2.454600 0.650550
v 1.240401 2.454600 0.254310
v 1.291201 2.454600 0.254310
v 1.291201 2.454600 0.650550
v 1.240401 2.454600 0.650550
v 1.040401 2.454600 0.254310
v 1.091201 2.454600 0.254310
v 1.091201 2.454600 0.650550
v 1.040401 2.454600 0.650550
v 2.278499 2.467300 0.675950
v 2.253099 2.467300 0.675950
v 2.078499 2.467300 0.675950
v 2.053099 2.467300 0.675950
v 1.878499 2.467300 0.675950
v 1.853099 2.467300 0.675950
v 1.678500 2.467300 0.675950
v 1.653100 2.467300 0.675950
v 1.478500 2.467300 0.675950
v 1.453100 2.467300 0.675950
v 1.278501 2.467300 0.675950
v 1.253101 2.467300 0.675950
v 1.078501 2.467300 0.675950
v 1.053101 2.467300 0.675950
v 2.278499 2.492700 0.675950
v 2.253099 2.492700 0.675950
v 2.078499 2.492700 0.675950
v 2.053099 2.492700 0.675950
v 1.878499 2.492700 0.675950
v 1.853099 2.492700 0.675950
v 1.678500 2.492700 0.675950
v 1.653100 2.492700 0.675950
v 1.478500 2.492700 0.675950
v 1.453100 2.492700 0.675950
v 1.278501 2.492700 0.675950
v 1.253101 2.492700 0.675950
v 1.078501 2.492700 0.675950
v 1.053101 2.492700 0.675950
v 2.291199 2.505400 0.650550
v 2.240399 2.505400 0.650550
v 2.091199 2.505400 0.650550
v 2.040399 2.505400 0.650550
v 1.891199 2.505400 0.650550
v 1.840399 2.505400 0.650550
v 1.691200 2.505400 0.650550
v 1.640400 2.505400 0.650550
v 1.491200 2.505400 0.650550
v 1.440400 2.505400 0.650550
v 1.291201 2.505400 0.650550
v 1.240401 2.505400 0.650550
v 1.091201 2.505400 0.650550
v 1.040401 2.505400 0.650550
v 2.291199 2.505400 0.254310
v 2.240399 2.505400 0.254310
v 2.091199 2.505400 0.254310
v 2.040399 2.505400 0.254310
v 1.891199 2.505400 0.254310
v 1.840399 2.505400 0.254310
v 1.691200 2.505400 0.254310
v 1.640400 2.505400 0.254310
v 1.491200 2.505400 0.254310
v 1.440400 2.505400 0.254310
v 1.291201 2.505400 0.254310
v 1.240401 2.505400 0.254310
v 1.091201 2.505400 0.254310
v 1.040401 2.505400 0.254310
v 2.291199 2.654600 0.650550
v 2.240399 2.654600 0.650550
v 2.240399 2.654600 0.254310
v 2.291199 2.654600 0.254310
v 2.040399 2.654600 0.254310
v 2.091199 2.654600 0.254310
v 2.091199 2.654600 0.650550
v 2.040399 2.654600 0.650550
v 1.840399 2.654600 0.254310
v 1.891199 2.654600 0.254310
v 1.891199 2.654600 0.650550
v 1.840399 2.654600 0.650550
v 1.640400 2.654600 0.254310
v 1.691200 2.654600 0.254310
v 1.691200 2.654600 0.650550
v 1.640400 2.654600 0.650550
v 1.440400 2.654600 0.254310
v 1.491200 2.654600 0.254310
v 1.491200 2.654600 0.650550
v 1.440400 2.654600 0.650550
v 1.240401 2.654600 0.254310
v 1.291201 2.654600 0.254310
v 1.291201 2.654600 0.650550
v 1.240401 2.654600 0.650550
v 1.040401 2.654600 0.254310
v 1.091201 2.654600 0.254310
v 1.091201 2.654600 0.650550
v 1.040401 2.654600 0.650550
v 2.278499 2.667300 0.675950
v 2.253099 2.667300 0.675950
v 2.078499 2.667300 0.675950
v 2.053099 2.667300 0.675950
v 1.878499 2.667300 0.675950
v 1.853099 2.667300 0.675950
v 1.678500 2.667300 0.675950
v 1.653100 2.667300 0.675950
v 1.478500 2.667300 0.675950
v 1.453100 2.667300 0.675950
v 1.278501 2.667300 0.675950
v 1.253101 2.667300 0.675950
v 1.078501 2.667300 0.675950
v 1.053101 2.667300 0.675950
v 2.278499 2.692700 0.675950
v 2.253099 2.692700 0.675950
v 2.078499 2.692700 0.675950
v 2.053099 2.692700 0.675950
v 1.878499 2.692700 0.675950
v 1.853099 2.692700 0.675950
v 1.678500 2.692700 0.675950
v 1.653100 2.692700 0.675950
v 1.478500 2.692700 0.675950
v 1.453100 2.692700 0.675950
v 1.278501 2.692700 0.675950
v 1.253101 2.692700 0.675950
v 1.078501 2.692700 0.675950
v 1.053101 2.692700 0.675950
v 2.291199 2.705400 0.650550
v 2.240399 2.705400 0.650550
v 2.091199 2.705400 0.650550
v 2.040399 2.705400 0.650550
v 1.891199 2.705400 0.650550
v 1.840399 2.705400 0.650550
v 1.691200 2.705400 0.650550
v 1.640400 2.705400 0.650550
v 1.491200 2.705400 0.650550
v 1.440400 2.705400 0.650550
v 1.291201 2.705400 0.650550
v 1.240401 2.705400 0.650550
v 1.091201 2.705400 0.650550
v 1.040401 2.705400 0.650550
v 2.291199 2.705400 0.254310
v 2.240399 2.705400 0.254310
v 2.091199 2.705400 0.254310
v 2.040399 2.705400 0.254310
v 1.891199 2.705400 0.254310
v 1.840399 2.705400 0.254310
v 1.691200 2.705400 0.254310
v 1.640400 2.705400 0.254310
v 1.491200 2.705400 0.254310
v 1.440400 2.705400 0.254310
v 1.291201 2.705400 0.254310
v 1.240401 2.705400 0.254310
v 1.091201 2.705400 0.254310
v 1.040401 2.705400 0.254310
v 2.291199 2.726050 0.254310
v 2.291199 2.726050 0.231450
v 0.827701 2.726050 0.231450
v 0.827701 2.726050 0.254310
v 2.291199 2.433950 0.231450
v 0.827701 2.433950 0.231450
v 2.291199 2.433950 0.254310
v 0.827701 2.433950 0.254310
v 0.840401 2.454600 0.254310
v 0.891201 2.454600 0.254310
v 0.891201 2.454600 0.650550
v 0.840401 2.454600 0.650550
v 0.878501 2.467300 0.675950
v 0.853101 2.467300 0.675950
v 0.878501 2.492700 0.675950
v 0.853101 2.492700 0.675950
v 0.891201 2.505400 0.650550
v 0.840401 2.505400 0.650550
v 0.891201 2.505400 0.254310
v 0.840401 2.505400 0.254310
v 0.840401 2.654600 0.254310
v 0.891201 2.654600 0.254310
v 0.891201 2.654600 0.650550
v 0.840401 2.654600 0.650550
v 0.878501 2.667300 0.675950
v 0.853101 2.667300 0.675950
v 0.878501 2.692700 0.675950
v 0.853101 2.692700 0.675950
v 0.891201 2.705400 0.650550
v 0.840401 2.705400 0.650550
v 0.891201 2.705400 0.254310
v 0.840401 2.705400 0.254310
vt 1.463497 0.396240 0.000000
vt 1.412697 0.396240 0.000000
vt 1.463497 0.000000 0.000000
vt 1.412697 0.000000 0.000000
vt 1.212698 0.000000 0.000000
vt 1.263498 0.000000 0.000000
vt 1.212698 0.396240 0.000000
vt 1.263498 0.396240 0.000000
vt 1.012698 0.000000 0.000000
vt 1.063498 0.000000 0.000000
vt 1.012698 0.396240 0.000000
vt 1.063498 0.396240 0.000000
vt 0.812698 0.000000 0.000000
vt 0.863498 0.000000 0.000000
vt 0.812698 0.396240 0.000000
vt 0.863498 0.396240 0.000000
vt 0.612699 0.000000 0.000000
vt 0.663499 0.000000 0.000000
vt 0.612699 0.396240 0.000000
vt 0.663499 0.396240 0.000000
vt 0.412699 0.000000 0.000000
vt 0.463499 0.000000 0.000000
vt 0.412699 0.396240 0.000000
vt 0.463499 0.396240 0.000000
vt 0.212700 0.000000 0.000000
vt 0.263500 0.000000 0.000000
vt 0.212700 0.396240 0.000000
vt 0.263500 0.396240 0.000000
vt 0.000000 -1.412697 0.000000
vt 0.000000 -1.463497 0.000000
vt 0.028398 -1.425397 0.000000
vt 0.028398 -1.450797 0.000000
vt 0.000000 -1.212698 0.000000
vt 0.000000 -1.263498 0.000000
vt 0.028398 -1.225398 0.000000
vt 0.028398 -1.250798 0.000000
vt 0.000000 -1.012698 0.000000
vt 0.000000 -1.063498 0.000000
vt 0.028398 -1.025398 0.000000
vt 0.028398 -1.050798 0.000000
vt 0.000000 -0.812698 0.000000
vt 0.000000 -0.863498 0.000000
vt 0.028398 -0.825398 0.000000
vt 0.028398 -0.850798 0.000000
vt 0.000000 -0.612699 0.000000
vt 0.000000 -0.663499 0.000000
vt 0.028398 -0.625399 0.000000
vt 0.028398 -0.650799 0.000000
vt 0.000000 -0.412699 0.000000
vt 0.000000 -0.463499 0.000000
vt 0.028398 -0.425399 0.000000
vt 0.028398 -0.450799 0.000000
vt 0.000000 -0.212700 0.000000
vt 0.000000 -0.263500 0.000000
vt 0.028398 -0.225400 0.000000
vt 0.028398 -0.250800 0.000000
vt -0.000000 -1.450797 0.000000
vt 0.025400 -1.450797 0.000000
vt -0.000000 -1.425397 0.000000
vt 0.025400 -1.425397 0.000000
vt -0.000000 -1.250798 0.000000
vt 0.025400 -1.250798 0.000000
vt -0.000000 -1.225398 0.000000
vt 0.025400 -1.225398 0.000000
vt -0.000000 -1.050798 0.000000
vt 0.025400 -1.050798 0.000000
vt -0.000000 -1.025398 0.000000
vt 0.025400 -1.025398 0.000000
vt -0.000000 -0.850798 0.000000
vt 0.025400 -0.850798 0.000000
vt -0.000000 -0.825398 0.000000
vt 0.025400 -0.825398 0.000000
vt -0.000000 -0.650799 0.000000
vt 0.025400 -0.650799 0.000000
vt -0.000000 -0.625399 0.000000
vt 0.025400 -0.625399 0.000000
vt -0.000000 -0.450799 0.000000
vt 0.025400 -0.450799 0.000000
vt -0.000000 -0.425399 0.000000
vt 0.025400 -0.425399 0.000000
vt -0.000000 -0.250800 0.000000
vt 0.025400 -0.250800 0.000000
vt -0.000000 -0.225400 0.000000
vt 0.025400 -0.225400 0.000000
vt 0.000000 -1.450797 0.000000
vt 0.028398 -1.463497 0.000000
vt -0.000000 -1.425397 0.000000
vt 0.028398 -1.412697 0.000000
vt 0.000000 -1.250798 0.000000
vt 0.028398 -1.263498 0.000000
vt -0.000000 -1.225398 0.000000
vt 0.028398 -1.212698 0.000000
vt 0.000000 -1.050798 0.000000
vt 0.028398 -1.063498 0.000000
vt -0.000000 -1.025398 0.000000
vt 0.028398 -1.012698 0.000000
vt 0.000000 -0.850798 0.000000
vt 0.028398 -0.863498 0.000000
vt -0.000000 -0.825398 0.000000
vt 0.028398 -0.812698 0.000000
vt 0.000000 -0.650799 0.000000
vt 0.028398 -0.663499 0.000000
vt -0.000000 -0.625399 0.000000
vt 0.028398 -0.612699 0.000000
vt 0.000000 -0.450799 0.000000
vt 0.028398 -0.463499 0.000000
vt -0.000000 -0.425399 0.000000
vt 0.028398 -0.412699 0.000000
vt 0.000000 -0.250800 0.000000
vt 0.028398 -0.263500 0.000000
vt 0.000000 -0.225400 0.000000
vt 0.028398 -0.212700 0.000000
vt -1.463497 -0.396240 0.000000
vt -1.412697 -0.396240 0.000000
vt -1.463497 0.000000 0.000000
vt -1.412697 0.000000 0.000000
vt -1.212698 0.000000 0.000000
vt -1.263498 0.000000 0.000000
vt -1.212698 -0.396240 0.000000
vt -1.263498 -0.396240 0.000000
vt -1.012698 0.000000 0.000000
vt -1.063498 0.000000 0.000000
vt -1.012698 -0.396240 0.000000
vt -1.063498 -0.396240 0.000000
vt -0.812698 0.000000 0.000000
vt -0.863498 0.000000 0.000000
vt -0.812698 -0.396240 0.000000
vt -0.863498 -0.396240 0.000000
vt -0.612699 0.000000 0.000000
vt -0.663499 0.000000 0.000000
vt -0.612699 -0.396240 0.000000
vt -0.663499 -0.396240 0.000000
vt -0.412699 0.000000 0.000000
vt -0.463499 0.000000 0.000000
vt -0.412699 -0.396240 0.000000
vt -0.463499 -0.396240 0.000000
vt -0.212700 0.000000 0.000000
vt -0.263500 0.000000 0.000000
vt -0.212700 -0.396240 0.000000
vt -0.263500 -0.396240 0.000000
vt 1.463497 0.396240 0.000000
vt 1.412697 0.396240 0.000000
vt 1.463497 0.000000 0.000000
vt 1.412697 0.000000 0.000000
vt 1.212698 0.000000 0.000000
vt 1.263498 0.000000 0.000000
vt 1.212698 0.396240 0.000000
vt 1.263498 0.396240 0.000000
vt 1.012698 0.000000 0.000000
vt 1.063498 0.000000 0.000000
vt 1.012698 0.396240 0.000000
vt 1.063498 0.396240 0.000000
vt 0.812698 0.000000 0.000000
vt 0.863498 0.000000 0.000000
vt 0.812698 0.396240 0.000000
vt 0.863498 0.396240 0.000000
vt 0.612699 0.000000 0.000000
vt 0.663499 0.000000 0.000000
vt 0.612699 0.396240 0.000000
vt 0.663499 0.396240 0.000000
vt 0.412699 0.000000 0.000000
vt 0.463499 0.000000 0.000000
vt 0.412699 0.396240 0.000000
vt 0.463499 0.396240 0.000000
vt 0.212700 0.000000 0.000000
vt 0.263500 0.000000 0.000000
vt 0.212700 0.396240 0.000000
vt 0.263500 0.396240 0.000000
vt 0.000000 -1.412697 0.000000
vt 0.000000 -1.463497 0.000000
vt 0.028398 -1.425397 0.000000
vt 0.028398 -1.450797 0.000000
vt 0.000000 -1.212698 0.000000
vt 0.000000 -1.263498 0.000000
vt 0.028398 -1.225398 0.000000
vt 0.028398 -1.250798 0.000000
vt 0.000000 -1.012698 0.000000
vt 0.000000 -1.063498 0.000000
vt 0.028398 -1.025398 0.000000
vt 0.028398 -1.050798 0.000000
vt 0.000000 -0.812698 0.000000
vt 0.000000 -0.863498 0.000000
vt 0.028398 -0.825398 0.000000
vt 0.028398 -0.850798 0.000000
vt 0.000000 -0.612699 0.000000
vt 0.000000 -0.663499 0.000000
vt 0.028398 -0.625399 0.000000
vt 0.028398 -0.650799 0.000000
vt 0.000000 -0.412699 0.000000
vt 0.000000 -0.463499 0.000000
vt 0.028398 -0.425399 0.000000
vt 0.028398 -0.450799 0.000000
vt 0.000000 -0.212700 0.000000
vt 0.000000 -0.263500 0.000000
vt 0.028398 -0.225400 0.000000
vt 0.028398 -0.250800 0.000000
vt 0.000000 -1.450797 0.000000
vt 0.025400 -1.450797 0.000000
vt 0.000000 -1.425397 0.000000
vt 0.025400 -1.425397 0.000000
vt 0.000000 -1.250798 0.000000
vt 0.025400 -1.250798 0.000000
vt 0.000000 -1.225398 0.000000
vt 0.025400 -1.225398 0.000000
vt 0.000000 -1.050798 0.000000
vt 0.025400 -1.050798 0.000000
vt 0.000000 -1.025398 0.000000
vt 0.025400 -1.025398 0.000000
vt 0.000000 -0.850798 0.000000
vt 0.025400 -0.850798 0.000000
vt 0.000000 -0.825398 0.000000
vt 0.025400 -0.825398 0.000000
vt 0.000000 -0.650799 0.000000
vt 0.025400 -0.650799 0.000000
vt 0.000000 -0.625399 0.000000
vt 0.025400 -0.625399 0.000000
vt 0.000000 -0.450799 0.000000
vt 0.025400 -0.450799 0.000000
vt 0.000000 -0.425399 0.000000
vt 0.025400 -0.425399 0.000000
vt 0.000000 -0.250800 0.000000
vt 0.025400 -0.250800 0.000000
vt 0.000000 -0.225400 0.000000
vt 0.025400 -0.225400 0.000000
vt -0.000000 -1.450797 0.000000
vt 0.028398 -1.463497 0.000000
vt -0.000000 -1.425397 0.000000
vt 0.028398 -1.412697 0.000000
vt -0.000000 -1.250798 0.000000
vt 0.028398 -1.263498 0.000000
vt -0.000000 -1.225398 0.000000
vt 0.028398 -1.212698 0.000000
vt -0.000000 -1.050798 0.000000
vt 0.028398 -1.063498 0.000000
vt -0.000000 -1.025398 0.000000
vt 0.028398 -1.012698 0.000000
vt -0.000000 -0.850798 0.000000
vt 0.028398 -0.863498 0.000000
vt -0.000000 -0.825398 0.000000
vt 0.028398 -0.812698 0.000000
vt -0.000000 -0.650799 0.000000
vt 0.028398 -0.663499 0.000000
vt -0.000000 -0.625399 0.000000
vt 0.028398 -0.612699 0.000000
vt -0.000000 -0.450799 0.000000
vt 0.028398 -0.463499 0.000000
vt -0.000000 -0.425399 0.000000
vt 0.028398 -0.412699 0.000000
vt -0.000000 -0.250800 0.000000
vt 0.028398 -0.263500 0.000000
vt -0.000000 -0.225400 0.000000
vt 0.028398 -0.212700 0.000000
vt -1.463497 -0.396240 0.000000
vt -1.412697 -0.396240 0.000000
vt -1.463497 0.000000 0.000000
vt -1.412697 0.000000 0.000000
vt -1.212698 0.000000 0.000000
vt -1.263498 0.000000 0.000000
vt -1.212698 -0.396240 0.000000
vt -1.263498 -0.396240 0.000000
vt -1.012698 0.000000 0.000000
vt -1.063498 0.000000 0.000000
vt -1.012698 -0.396240 0.000000
vt -1.063498 -0.396240 0.000000
vt -0.812698 0.000000 0.000000
vt -0.863498 0.000000 0.000000
vt -0.812698 -0.396240 0.000000
vt -0.863498 -0.396240 0.000000
vt -0.612699 0.000000 0.000000
vt -0.663499 0.000000 0.000000
vt -0.612699 -0.396240 0.000000
vt -0.663499 -0.396240 0.000000
vt -0.412699 0.000000 0.000000
vt -0.463499 0.000000 0.000000
vt -0.412699 -0.396240 0.000000
vt -0.463499 -0.396240 0.000000
vt -0.212700 0.000000 0.000000
vt -0.263500 0.000000 0.000000
vt -0.212700 -0.396240 0.000000
vt -0.263500 -0.396240 0.000000
vt -1.463497 -0.022860 0.000000
vt -0.000000 -0.022860 0.000000
vt -1.463497 0.000000 0.000000
vt -0.000000 0.000000 0.000000
vt -0.000000 -1.463497 0.000000
vt 0.292100 -1.463497 0.000000
vt -0.000000 0.000000 0.000000
vt 0.292100 0.000000 0.000000
vt -0.000000 -1.463497 0.000000
vt 0.022860 -1.463497 0.000000
vt -0.000000 0.000000 0.000000
vt 0.022860 0.000000 0.000000
vt 0.012700 0.000000 0.000000
vt 0.063500 0.000000 0.000000
vt 0.012700 0.396240 0.000000
vt 0.063500 0.396240 0.000000
vt 0.000000 -0.012700 0.000000
vt 0.000000 -0.063500 0.000000
vt 0.028398 -0.025400 0.000000
vt 0.028398 -0.050800 0.000000
vt -0.000000 -0.050800 0.000000
vt 0.025400 -0.050800 0.000000
vt -0.000000 -0.025400 0.000000
vt 0.025400 -0.025400 0.000000
vt 0.000000 -0.050800 0.000000
vt 0.028398 -0.063500 0.000000
vt -0.000000 -0.025400 0.000000
vt 0.028398 -0.012700 0.000000
vt -0.012700 0.000000 0.000000
vt -0.063500 0.000000 0.000000
vt -0.012700 -0.396240 0.000000
vt -0.063500 -0.396240 0.000000
vt 0.012700 0.000000 0.000000
vt 0.063500 0.000000 0.000000
vt 0.012700 0.396240 0.000000
vt 0.063500 0.396240 0.000000
vt 0.000000 -0.012700 0.000000
vt 0.000000 -0.063500 0.000000
vt 0.028398 -0.025400 0.000000
vt 0.028398 -0.050800 0.000000
vt 0.000000 -0.050800 0.000000
vt 0.025400 -0.050800 0.000000
vt 0.000000 -0.025400 0.000000
vt 0.025400 -0.025400 0.000000
vt -0.000000 -0.050800 0.000000
vt 0.028398 -0.063500 0.000000
vt -0.000000 -0.025400 0.000000
vt 0.028398 -0.012700 0.000000
vt -0.012700 0.000000 0.000000
vt -0.063500 0.000000 0.000000
vt -0.012700 -0.396240 0.000000
vt -0.063500 -0.396240 0.000000
vt -0.271450 -1.463497 0.000000
vt -0.250800 -0.663499 0.000000
vt -0.271450 0.000000 0.000000
vt -0.250800 -0.612699 0.000000
vt -0.250800 -0.463499 0.000000
vt -0.200000 -0.612699 0.000000
vt -0.200000 -0.463499 0.000000
vt -0.050800 -0.612699 0.000000
vt -0.050800 -0.463499 0.000000
vt -0.000000 -0.612699 0.000000
vt -0.000000 -0.463499 0.000000
vt 0.020650 0.000000 0.000000
vt -0.000000 -0.412699 0.000000
vt -0.000000 -0.263500 0.000000
vt -0.050800 -0.263500 0.000000
vt -0.250800 -1.463497 0.000000
vt -0.250800 -1.412697 0.000000
vt -0.250800 -1.263498 0.000000
vt -0.250800 -1.212698 0.000000
vt -0.200000 -1.412697 0.000000
vt -0.200000 -1.263498 0.000000
vt -0.050800 -1.412697 0.000000
vt -0.050800 -1.263498 0.000000
vt -0.000000 -1.412697 0.000000
vt -0.000000 -1.263498 0.000000
vt 0.020650 -1.463497 0.000000
vt -0.000000 -1.212698 0.000000
vt -0.000000 -1.063498 0.000000
vt -0.050800 -1.063498 0.000000
vt -0.200000 -1.463497 0.000000
vt -0.050800 -1.463497 0.000000
vt -0.000000 -1.463497 0.000000
vt -0.000000 -0.663499 0.000000
vt -0.000000 -0.812698 0.000000
vt -0.000000 -0.863498 0.000000
vt -0.050800 -0.012700 0.000000
vt -0.000000 -0.012700 0.000000
vt -0.000000 -0.063500 0.000000
vt -0.250800 -1.063498 0.000000
vt -0.200000 -1.212698 0.000000
vt -0.200000 -1.063498 0.000000
vt -0.050800 -1.212698 0.000000
vt -0.250800 -1.012698 0.000000
vt -0.250800 -0.863498 0.000000
vt -0.250800 -0.812698 0.000000
vt -0.200000 -1.012698 0.000000
vt -0.200000 -0.863498 0.000000
vt -0.050800 -1.012698 0.000000
vt -0.050800 -0.863498 0.000000
vt -0.000000 -1.012698 0.000000
vt -0.200000 -0.812698 0.000000
vt -0.200000 -0.663499 0.000000
vt -0.050800 -0.812698 0.000000
vt -0.050800 -0.663499 0.000000
vt -0.250800 -0.412699 0.000000
vt -0.250800 -0.263500 0.000000
vt -0.250800 -0.212700 0.000000
vt -0.200000 -0.412699 0.000000
vt -0.200000 -0.263500 0.000000
vt -0.050800 -0.412699 0.000000
vt -0.250800 -0.063500 0.000000
vt -0.200000 -0.212700 0.000000
vt -0.200000 -0.063500 0.000000
vt -0.050800 -0.212700 0.000000
vt -0.050800 -0.063500 0.000000
vt -0.000000 -0.212700 0.000000
vt -0.250800 -0.012700 0.000000
vt -0.200000 -0.012700 0.000000
vt 0.146050 0.099060 0.000000
vt -0.146050 0.099060 0.000000
vt 0.146050 0.076200 0.000000
vt -0.146050 0.076200 0.000000
vt 0.146050 0.099060 0.000000
vt 0.125400 0.099060 0.000000
vt 0.146050 0.076200 0.000000
vt 0.074600 0.099060 0.000000
vt -0.074600 0.099060 0.000000
vt 0.125400 0.495300 0.000000
vt 0.074600 0.495300 0.000000
vt -0.074600 0.495300 0.000000
vt -0.125400 0.495300 0.000000
vt -0.125400 0.099060 0.000000
vt -0.146050 0.076200 0.000000
vt -0.146050 0.099060 0.000000
vt 0.028398 -0.836600 0.000000
vt -0.000000 -0.849300 0.000000
vt 0.028398 -0.887400 0.000000
vt -0.000000 -0.874700 0.000000
vt 0.028398 -0.636600 0.000000
vt -0.000000 -0.649300 0.000000
vt 0.028398 -0.687400 0.000000
vt -0.000000 -0.674700 0.000000
vt 0.887400 0.396240 0.000000
vt 0.836600 0.396240 0.000000
vt 0.887400 0.000000 0.000000
vt 0.836600 0.000000 0.000000
vt 0.028398 -0.874700 0.000000
vt 0.028398 -0.849300 0.000000
vt -0.000000 -0.887400 0.000000
vt -0.000000 -0.836600 0.000000
vt 0.687400 0.396240 0.000000
vt 0.636600 0.396240 0.000000
vt 0.687400 0.000000 0.000000
vt 0.636600 0.000000 0.000000
vt 0.028398 -0.674700 0.000000
vt 0.028398 -0.649300 0.000000
vt -0.000000 -0.687400 0.000000
vt -0.000000 -0.636600 0.000000
vt -0.687400 -0.396240 0.000000
vt -0.636600 -0.396240 0.000000
vt -0.687400 0.000000 0.000000
vt -0.636600 0.000000 0.000000
vt 0.687400 0.396240 0.000000
vt 0.636600 0.396240 0.000000
vt 0.687400 0.000000 0.000000
vt 0.636600 0.000000 0.000000
vt 0.028398 -0.636600 0.000000
vt -0.000000 -0.649300 0.000000
vt 0.028398 -0.687400 0.000000
vt -0.000000 -0.674700 0.000000
vt 0.028398 -0.674700 0.000000
vt 0.028398 -0.649300 0.000000
vt -0.000000 -0.687400 0.000000
vt -0.000000 -0.636600 0.000000
vt -0.687400 -0.396240 0.000000
vt -0.636600 -0.396240 0.000000
vt -0.687400 0.000000 0.000000
vt -0.636600 0.000000 0.000000
vt 0.687400 0.396240 0.000000
vt 0.636600 0.396240 0.000000
vt 0.687400 0.000000 0.000000
vt 0.636600 0.000000 0.000000
vt 0.028398 -0.636600 0.000000
vt -0.000000 -0.649300 0.000000
vt 0.028398 -0.687400 0.000000
vt -0.000000 -0.674700 0.000000
vt 0.028398 -0.674700 0.000000
vt 0.028398 -0.649300 0.000000
vt -0.000000 -0.687400 0.000000
vt -0.000000 -0.636600 0.000000
vt -0.687400 -0.396240 0.000000
vt -0.636600 -0.396240 0.000000
vt -0.687400 0.000000 0.000000
vt -0.636600 0.000000 0.000000
vt 0.687400 0.396240 0.000000
vt 0.636600 0.396240 0.000000
vt 0.687400 0.000000 0.000000
vt 0.636600 0.000000 0.000000
vt 0.028398 -0.636600 0.000000
vt -0.000000 -0.649300 0.000000
vt 0.028398 -0.687400 0.000000
vt -0.000000 -0.674700 0.000000
vt 0.028398 -0.674700 0.000000
vt 0.028398 -0.649300 0.000000
vt -0.000000 -0.687400 0.000000
vt -0.000000 -0.636600 0.000000
vt -0.687400 -0.396240 0.000000
vt -0.636600 -0.396240 0.000000
vt -0.687400 0.000000 0.000000
vt -0.636600 0.000000 0.000000
vt 0.687400 0.396240 0.000000
vt 0.636600 0.396240 0.000000
vt 0.687400 0.000000 0.000000
vt 0.636600 0.000000 0.000000
vt 0.028398 -0.636600 0.000000
vt -0.000000 -0.649300 0.000000
vt 0.028398 -0.687400 0.000000
vt -0.000000 -0.674700 0.000000
vt 0.028398 -0.674700 0.000000
vt 0.028398 -0.649300 0.000000
vt -0.000000 -0.687400 0.000000
vt -0.000000 -0.636600 0.000000
vt -0.687400 -0.396240 0.000000
vt -0.636600 -0.396240 0.000000
vt -0.687400 0.000000 0.000000
vt -0.636600 0.000000 0.000000
vt 0.687400 0.396240 0.000000
vt 0.636600 0.396240 0.000000
vt 0.687400 0.000000 0.000000
vt 0.636600 0.000000 0.000000
vt 0.028398 -0.636600 0.000000
vt -0.000000 -0.649300 0.000000
vt 0.028398 -0.687400 0.000000
vt -0.000000 -0.674700 0.000000
vt 0.028398 -0.674700 0.000000
vt 0.028398 -0.649300 0.000000
vt -0.000000 -0.687400 0.000000
vt -0.000000 -0.636600 0.000000
vt -0.687400 -0.396240 0.000000
vt -0.636600 -0.396240 0.000000
vt -0.687400 0.000000 0.000000
vt -0.636600 0.000000 0.000000
vt 0.687400 0.396240 0.000000
vt 0.636600 0.396240 0.000000
vt 0.687400 0.000000 0.000000
vt 0.636600 0.000000 0.000000
vt 0.028398 -0.636600 0.000000
vt -0.000000 -0.649300 0.000000
vt 0.028398 -0.687400 0.000000
vt -0.000000 -0.674700 0.000000
vt 0.028398 -0.674700 0.000000
vt 0.028398 -0.649300 0.000000
vt -0.000000 -0.687400 0.000000
vt -0.000000 -0.636600 0.000000
vt -0.687400 -0.396240 0.000000
vt -0.636600 -0.396240 0.000000
vt -0.687400 0.000000 0.000000
vt -0.636600 0.000000 0.000000
vt 0.687400 0.396240 0.000000
vt 0.636600 0.396240 0.000000
vt 0.687400 0.000000 0.000000
vt 0.636600 0.000000 0.000000
vt 0.028398 -0.636600 0.000000
vt -0.000000 -0.649300 0.000000
vt 0.028398 -0.687400 0.000000
vt -0.000000 -0.674700 0.000000
vt 0.028398 -0.674700 0.000000
vt 0.028398 -0.649300 0.000000
vt -0.000000 -0.687400 0.000000
vt -0.000000 -0.636600 0.000000
vt -0.887400 -0.396240 0.000000
vt -0.836600 -0.396240 0.000000
vt -0.887400 0.000000 0.000000
vt -0.836600 0.000000 0.000000
vt 0.887400 0.396240 0.000000
vt 0.836600 0.396240 0.000000
vt 0.887400 0.000000 0.000000
vt 0.836600 0.000000 0.000000
vt 0.028398 -0.836600 0.000000
vt -0.000000 -0.849300 0.000000
vt 0.028398 -0.887400 0.000000
vt -0.000000 -0.874700 0.000000
vt 0.028398 -0.874700 0.000000
vt 0.028398 -0.849300 0.000000
vt -0.000000 -0.887400 0.000000
vt -0.000000 -0.836600 0.000000
vt -0.887400 -0.396240 0.000000
vt -0.836600 -0.396240 0.000000
vt -0.887400 0.000000 0.000000
vt -0.836600 0.000000 0.000000
vt 0.887400 0.396240 0.000000
vt 0.836600 0.396240 0.000000
vt 0.887400 0.000000 0.000000
vt 0.836600 0.000000 0.000000
vt 0.028398 -0.836600 0.000000
vt -0.000000 -0.849300 0.000000
vt 0.028398 -0.887400 0.000000
vt -0.000000 -0.874700 0.000000
vt 0.028398 -0.874700 0.000000
vt 0.028398 -0.849300 0.000000
vt -0.000000 -0.887400 0.000000
vt -0.000000 -0.836600 0.000000
vt -0.887400 -0.396240 0.000000
vt -0.836600 -0.396240 0.000000
vt -0.887400 0.000000 0.000000
vt -0.836600 0.000000 0.000000
vt 0.887400 0.396240 0.000000
vt 0.836600 0.396240 0.000000
vt 0.887400 0.000000 0.000000
vt 0.836600 0.000000 0.000000
vt 0.028398 -0.836600 0.000000
vt -0.000000 -0.849300 0.000000
vt 0.028398 -0.887400 0.000000
vt -0.000000 -0.874700 0.000000
vt 0.028398 -0.874700 0.000000
vt 0.028398 -0.849300 0.000000
vt -0.000000 -0.887400 0.000000
vt -0.000000 -0.836600 0.000000
vt -0.887400 -0.396240 0.000000
vt -0.836600 -0.396240 0.000000
vt -0.887400 0.000000 0.000000
vt -0.836600 0.000000 0.000000
vt 0.887400 0.396240 0.000000
vt 0.836600 0.396240 0.000000
vt 0.887400 0.000000 0.000000
vt 0.836600 0.000000 0.000000
vt 0.028398 -0.836600 0.000000
vt -0.000000 -0.849300 0.000000
vt 0.028398 -0.887400 0.000000
vt -0.000000 -0.874700 0.000000
vt 0.028398 -0.874700 0.000000
vt 0.028398 -0.849300 0.000000
vt -0.000000 -0.887400 0.000000
vt -0.000000 -0.836600 0.000000
vt -0.887400 -0.396240 0.000000
vt -0.836600 -0.396240 0.000000
vt -0.887400 0.000000 0.000000
vt -0.836600 0.000000 0.000000
vt 0.887400 0.396240 0.000000
vt 0.836600 0.396240 0.000000
vt 0.887400 0.000000 0.000000
vt 0.836600 0.000000 0.000000
vt 0.028398 -0.836600 0.000000
vt -0.000000 -0.849300 0.000000
vt 0.028398 -0.887400 0.000000
vt -0.000000 -0.874700 0.000000
vt 0.028398 -0.874700 0.000000
vt 0.028398 -0.849300 0.000000
vt -0.000000 -0.887400 0.000000
vt -0.000000 -0.836600 0.000000
vt -0.887400 -0.396240 0.000000
vt -0.836600 -0.396240 0.000000
vt -0.887400 0.000000 0.000000
vt -0.836600 0.000000 0.000000
vt 0.887400 0.396240 0.000000
vt 0.836600 0.396240 0.000000
vt 0.887400 0.000000 0.000000
vt 0.836600 0.000000 0.000000
vt 0.028398 -0.836600 0.000000
vt -0.000000 -0.849300 0.000000
vt 0.028398 -0.887400 0.000000
vt -0.000000 -0.874700 0.000000
vt 0.028398 -0.874700 0.000000
vt 0.028398 -0.849300 0.000000
vt -0.000000 -0.887400 0.000000
vt -0.000000 -0.836600 0.000000
vt 0.028398 -0.874700 0.000000
vt 0.028398 -0.849300 0.000000
vt -0.000000 -0.887400 0.000000
vt -0.000000 -0.836600 0.000000
vt 0.028398 -0.836600 0.000000
vt -0.000000 -0.849300 0.000000
vt 0.028398 -0.887400 0.000000
vt -0.000000 -0.874700 0.000000
vt 0.887400 0.396240 0.000000
vt 0.836600 0.396240 0.000000
vt 0.887400 0.000000 0.000000
vt 0.836600 0.000000 0.000000
vt -0.887400 -0.396240 0.000000
vt -0.836600 -0.396240 0.000000
vt -0.887400 0.000000 0.000000
vt -0.836600 0.000000 0.000000
vn -0.000000 -1.000000 -0.000000
vn -0.000000 -1.000000 -0.000000
vn -0.000000 -1.000000 -0.000000
vn -0.000000 -1.000000 -0.000000
vn -0.000000 -1.000000 -0.000000
vn -0.000000 -1.000000 -0.000000
vn -0.000000 -1.000000 -0.000000
vn -0.000000 -1.000000 -0.000000
vn -0.000000 -1.000000 -0.000000
vn -0.000000 -1.000000 -0.000000
vn -0.000000 -1.000000 -0.000000
vn -0.000000 -1.000000 -0.000000
vn -0.000000 -1.000000 -0.000000
vn -0.000000 -1.000000 -0.000000
vn -0.000000 -1.000000 -0.000000
vn -0.000000 -1.000000 -0.000000
vn -0.000000 -1.000000 -0.000000
vn -0.000000 -1.000000 -0.000000
vn -0.000000 -1.000000 -0.000000
vn -0.000000 -1.000000 -0.000000
vn -0.000000 -1.000000 -0.000000
vn -0.000000 -1.000000 -0.000000
vn -0.000000 -1.000000 -0.000000
vn -0.000000 -1.000000 -0.000000
vn -0.000000 -1.000000 -0.000000
vn -0.000000 -1.000000 -0.000000
vn -0.000000 -1.000000 -0.000000
vn -0.000000 -1.000000 -0.000000
vn -0.000000 -0.894427 0.447214
vn -0.000000 -0.894427 0.447214
vn -0.000000 -0.894427 0.447214
vn -0.000000 -0.894427 0.447214
vn -0.000000 -0.894427 0.447214
vn -0.000000 -0.894427 0.447214
vn -0.000000 -0.894427 0.447214
vn -0.000000 -0.894427 0.447214
vn -0.000000 -0.894427 0.447214
vn -0.000000 -0.894427 0.447214
vn -0.000000 -0.894427 0.447214
vn -0.000000 -0.894427 0.447214
vn -0.000000 -0.894427 0.447214
vn -0.000000 -0.894427 0.447214
vn -0.000000 -0.894427 0.447214
vn -0.000000 -0.894427 0.447214
vn -0.000000 -0.894427 0.447214
vn -0.000000 -0.894427 0.447214
vn -0.000000 -0.894427 0.447214
vn -0.000000 -0.894427 0.447214
vn -0.000000 -0.894427 0.447214
vn -0.000000 -0.894427 0.447214
vn -0.000000 -0.894427 0.447214
vn -0.000000 -0.894427 0.447214
vn -0.000000 -0.894427 0.447214
vn -0.000000 -0.894427 0.447214
vn -0.000000 -0.894427 0.447214
vn -0.000000 -0.894427 0.447214
vn -0.000000 -0.000000 1.000000
vn -0.000000 -0.000000 1.000000
vn -0.000000 -0.000000 1.000000
vn -0.000000 -0.000000 1.000000
vn -0.000000 -0.000000 1.000000
vn -0.000000 -0.000000 1.000000
vn -0.000000 -0.000000 1.000000
vn -0.000000 -0.000000 1.000000
vn -0.000000 -0.000000 1.000000
vn -0.000000 -0.000000 1.000000
vn -0.000000 -0.000000 1.000000
vn -0.000000 -0.000000 1.000000
vn -0.000000 -0.000000 1.000000
vn -0.000000 -0.000000 1.000000
vn -0.000000 -0.000000 1.000000
vn -0.000000 -0.000000 1.000000
vn -0.000000 -0.000000 1.000000
vn -0.000000 -0.000000 1.000000
vn -0.000000 -0.000000 1.000000
vn -0.000000 -0.000000 1.000000
vn -0.000000 -0.000000 1.000000
vn -0.000000 -0.000000 1.000000
vn -0.000000 -0.000000 1.000000
vn -0.000000 -0.000000 1.000000
vn -0.000000 -0.000000 1.000000
vn -0.000000 -0.000000 1.000000
vn -0.000000 -0.000000 1.000000
vn -0.000000 -0.000000 1.000000
vn 0.000000 0.894427 0.447214
vn 0.000000 0.894427 0.447214
vn 0.000000 0.894427 0.447214
vn 0.000000 0.894427 0.447214
vn 0.000000 0.894427 0.447214
vn 0.000000 0.894427 0.447214
vn 0.000000 0.894427 0.447214
vn 0.000000 0.894427 0.447214
vn 0.000000 0.894427 0.447214
vn 0.000000 0.894427 0.447214
vn 0.000000 0.894427 0.447214
vn 0.000000 0.894427 0.447214
vn 0.000000 0.894427 0.447214
vn 0.000000 0.894427 0.447214
vn 0.000000 0.894427 0.447214
vn 0.000000 0.894427 0.447214
vn 0.000000 0.894427 0.447214
vn 0.000000 0.894427 0.447214
vn 0.000000 0.894427 0.447214
vn 0.000000 0.894427 0.447214
vn 0.000000 0.894427 0.447214
vn 0.000000 0.894427 0.447214
vn 0.000000 0.894427 0.447214
vn 0.000000 0.894427 0.447214
vn 0.000000 0.894427 0.447214
vn 0.000000 0.894427 0.447214
vn 0.000000 0.894427 0.447214
vn 0.000000 0.894427 0.447214
vn 0.000000 1.000000 0.000000
vn 0.000000 1.000000 0.000000
vn 0.000000 1.000000 0.000000
vn 0.000000 1.000000 0.000000
vn 0.000000 1.000000 0.000000
vn 0.000000 1.000000 0.000000
vn 0.000000 1.000000 0.000000
vn 0.000000 1.000000 0.000000
vn 0.000000 1.000000 0.000000
vn 0.000000 1.000000 0.000000
vn 0.000000 1.000000 0.000000
vn 0.000000 1.000000 0.000000
vn 0.000000 1.000000 0.000000
vn 0.000000 1.000000 0.000000
vn 0.000000 1.000000 0.000000
vn 0.000000 1.000000 0.000000
vn 0.000000 1.000000 0.000000
vn 0.000000 1.000000 0.000000
vn 0.000000 1.000000 0.000000
vn 0.000000 1.000000 0.000000
vn 0.000000 1.000000 0.000000
vn 0.000000 1.000000 0.000000
vn 0.000000 1.000000 0.000000
vn 0.000000 1.000000 0.000000
vn 0.000000 1.000000 0.000000
vn 0.000000 1.000000 0.000000
vn 0.000000 1.000000 0.000000
vn 0.000000 1.000000 0.000000
vn -0.000000 -1.000000 -0.000000
vn -0.000000 -1.000000 -0.000000
vn -0.000000 -1.000000 -0.000000
vn -0.000000 -1.000000 -0.000000
vn -0.000000 -1.000000 -0.000000
vn -0.000000 -1.000000 -0.000000
vn -0.000000 -1.000000 -0.000000
vn -0.000000 -1.000000 -0.000000
vn -0.000000 -1.000000 -0.000000
vn -0.000000 -1.000000 -0.000000
vn -0.000000 -1.000000 -0.000000
vn -0.000000 -1.000000 -0.000000
vn -0.000000 -1.000000 -0.000000
vn -0.000000 -1.000000 -0.000000
vn -0.000000 -1.000000 -0.000000
vn -0.000000 -1.000000 -0.000000
vn -0.000000 -1.000000 -0.000000
vn -0.000000 -1.000000 -0.000000
vn -0.000000 -1.000000 -0.000000
vn -0.000000 -1.000000 -0.000000
vn -0.000000 -1.000000 -0.000000
vn -0.000000 -1.000000 -0.000000
vn -0.000000 -1.000000 -0.000000
vn -0.000000 -1.000000 -0.000000
vn -0.000000 -1.000000 -0.000000
vn -0.000000 -1.000000 -0.000000
vn -0.000000 -1.000000 -0.000000
vn -0.000000 -1.000000 -0.000000
vn -0.000000 -0.894427 0.447214
vn -0.000000 -0.894427 0.447214
vn -0.000000 -0.894427 0.447214
vn -0.000000 -0.894427 0.447214
vn -0.000000 -0.894427 0.447214
vn -0.000000 -0.894427 0.447214
vn -0.000000 -0.894427 0.447214
vn -0.000000 -0.894427 0.447214
vn -0.000000 -0.894427 0.447214
vn -0.000000 -0.894427 0.447214
vn -0.000000 -0.894427 0.447214
vn -0.000000 -0.894427 0.447214
vn -0.000000 -0.894427 0.447214
vn -0.000000 -0.894427 0.447214
vn -0.000000 -0.894427 0.447214
vn -0.000000 -0.894427 0.447214
vn -0.000000 -0.894427 0.447214
vn -0.000000 -0.894427 0.447214
vn -0.000000 -0.894427 0.447214
vn -0.000000 -0.894427 0.447214
vn -0.000000 -0.894427 0.447214
vn -0.000000 -0.894427 0.447214
vn -0.000000 -0.894427 0.447214
vn -0.000000 -0.894427 0.447214
vn -0.000000 -0.894427 0.447214
vn -0.000000 -0.894427 0.447214
vn -0.000000 -0.894427 0.447214
vn -0.000000 -0.894427 0.447214
vn -0.000000 -0.000000 1.000000
vn -0.000000 -0.000000 1.000000
vn -0.000000 -0.000000 1.000000
vn -0.000000 -0.000000 1.000000
vn -0.000000 -0.000000 1.000000
vn -0.000000 -0.000000 1.000000
vn -0.000000 -0.000000 1.000000
vn -0.000000 -0.000000 1.000000
vn -0.000000 -0.000000 1.000000
vn -0.000000 -0.000000 1.000000
vn -0.000000 -0.000000 1.000000
vn -0.000000 -0.000000 1.000000
vn -0.000000 -0.000000 1.000000
vn -0.000000 -0.000000 1.000000
vn -0.000000 -0.000000 1.000000
vn -0.000000 -0.000000 1.000000
vn -0.000000 -0.000000 1.000000
vn -0.000000 -0.000000 1.000000
vn -0.000000 -0.000000 1.000000
vn -0.000000 -0.000000 1.000000
vn -0.000000 -0.000000 1.000000
vn -0.000000 -0.000000 1.000000
vn -0.000000 -0.000000 1.000000
vn -0.000000 -0.000000 1.000000
vn -0.000000 -0.000000 1.000000
vn -0.000000 -0.000000 1.000000
vn -0.000000 -0.000000 1.000000
vn -0.000000 -0.000000 1.000000
vn 0.000000 0.894427 0.447214
vn 0.000000 0.894427 0.447214
vn 0.000000 0.894427 0.447214
vn 0.000000 0.894427 0.447214
vn 0.000000 0.894427 0.447214
vn 0.000000 0.894427 0.447214
vn 0.000000 0.894427 0.447214
vn 0.000000 0.894427 0.447214
vn 0.000000 0.894427 0.447214
vn 0.000000 0.894427 0.447214
vn 0.000000 0.894427 0.447214
vn 0.000000 0.894427 0.447214
vn 0.000000 0.894427 0.447214
vn 0.000000 0.894427 0.447214
vn 0.000000 0.894427 0.447214
vn 0.000000 0.894427 0.447214
vn 0.000000 0.894427 0.447214
vn 0.000000 0.894427 0.447214
vn 0.000000 0.894427 0.447214
vn 0.000000 0.894427 0.447214
vn 0.000000 0.894427 0.447214
vn 0.000000 0.894427 0.447214
vn 0.000000 0.894427 0.447214
vn 0.000000 0.894427 0.447214
vn 0.000000 0.894427 0.447214
vn 0.000000 0.894427 0.447214
vn 0.000000 0.894427 0.447214
vn 0.000000 0.894427 0.447214
vn 0.000000 1.000000 0.000000
vn 0.000000 1.000000 0.000000
vn 0.000000 1.000000 0.000000
vn 0.000000 1.000000 0.000000
vn 0.000000 1.000000 0.000000
vn 0.000000 1.000000 0.000000
vn 0.000000 1.000000 0.000000
vn 0.000000 1.000000 0.000000
vn 0.000000 1.000000 0.000000
vn 0.000000 1.000000 0.000000
vn 0.000000 1.000000 0.000000
vn 0.000000 1.000000 0.000000
vn 0.000000 1.000000 0.000000
vn 0.000000 1.000000 0.000000
vn 0.000000 1.000000 0.000000
vn 0.000000 1.000000 0.000000
vn 0.000000 1.000000 0.000000
vn 0.000000 1.000000 0.000000
vn 0.000000 1.000000 0.000000
vn 0.000000 1.000000 0.000000
vn 0.000000 1.000000 0.000000
vn 0.000000 1.000000 0.000000
vn 0.000000 1.000000 0.000000
vn 0.000000 1.000000 0.000000
vn 0.000000 1.000000 0.000000
vn 0.000000 1.000000 0.000000
vn 0.000000 1.000000 0.000000
vn 0.000000 1.000000 0.000000
vn 0.000000 1.000000 0.000000
vn 0.000000 1.000000 0.000000
vn 0.000000 1.000000 0.000000
vn 0.000000 1.000000 0.000000
vn 0.000000 0.000000 -1.000000
vn 0.000000 0.000000 -1.000000
vn 0.000000 0.000000 -1.000000
vn 0.000000 0.000000 -1.000000
vn -0.000000 -1.000000 -0.000000
vn -0.000000 -1.000000 -0.000000
vn -0.000000 -1.000000 -0.000000
vn -0.000000 -1.000000 -0.000000
vn -0.000000 -1.000000 -0.000000
vn -0.000000 -1.000000 -0.000000
vn -0.000000 -1.000000 -0.000000
vn -0.000000 -1.000000 -0.000000
vn -0.000000 -0.894427 0.447214
vn -0.000000 -0.894427 0.447214
vn -0.000000 -0.894427 0.447214
vn -0.000000 -0.894427 0.447214
vn -0.000000 -0.000000 1.000000
vn -0.000000 -0.000000 1.000000
vn -0.000000 -0.000000 1.000000
vn -0.000000 -0.000000 1.000000
vn 0.000000 0.894427 0.447214
vn 0.000000 0.894427 0.447214
vn 0.000000 0.894427 0.447214
vn 0.000000 0.894427 0.447214
vn 0.000000 1.000000 0.000000
vn 0.000000 1.000000 0.000000
vn 0.000000 1.000000 0.000000
vn 0.000000 1.000000 0.000000
vn -0.000000 -1.000000 -0.000000
vn -0.000000 -1.000000 -0.000000
vn -0.000000 -1.000000 -0.000000
vn -0.000000 -1.000000 -0.000000
vn -0.000000 -0.894427 0.447214
vn -0.000000 -0.894427 0.447214
vn -0.000000 -0.894427 0.447214
vn -0.000000 -0.894427 0.447214
vn -0.000000 -0.000000 1.000000
vn -0.000000 -0.000000 1.000000
vn -0.000000 -0.000000 1.000000
vn -0.000000 -0.000000 1.000000
vn 0.000000 0.894427 0.447214
vn 0.000000 0.894427 0.447214
vn 0.000000 0.894427 0.447214
vn 0.000000 0.894427 0.447214
vn 0.000000 1.000000 0.000000
vn 0.000000 1.000000 0.000000
vn 0.000000 1.000000 0.000000
vn 0.000000 1.000000 0.000000
vn 0.000000 0.000000 1.000000
vn 0.000000 0.000000 1.000000
vn 0.000000 0.000000 1.000000
vn 0.000000 0.000000 1.000000
vn 0.000000 0.000000 1.000000
vn 0.000000 0.000000 1.000000
vn 0.000000 0.000000 1.000000
vn 0.000000 0.000000 1.000000
vn 0.000000 0.000000 1.000000
vn 0.000000 0.000000 1.000000
vn 0.000000 0.000000 1.000000
vn 0.000000 0.000000 1.000000
vn 0.000000 0.000000 1.000000
vn 0.000000 0.000000 1.000000
vn 0.000000 0.000000 1.000000
vn 0.000000 0.000000 1.000000
vn 0.000000 0.000000 1.000000
vn 0.000000 0.000000 1.000000
vn 0.000000 0.000000 1.000000
vn 0.000000 0.000000 1.000000
vn 0.000000 0.000000 1.000000
vn 0.000000 0.000000 1.000000
vn 0.000000 0.000000 1.000000
vn 0.000000 0.000000 1.000000
vn 0.000000 0.000000 1.000000
vn 0.000000 0.000000 1.000000
vn 0.000000 0.000000 1.000000
vn 0.000000 0.000000 1.000000
vn 0.000000 0.000000 1.000000
vn 0.000000 0.000000 1.000000
vn 0.000000 0.000000 1.000000
vn 0.000000 0.000000 1.000000
vn 0.000000 0.000000 1.000000
vn 0.000000 0.000000 1.000000
vn 0.000000 0.000000 1.000000
vn 0.000000 0.000000 1.000000
vn 0.000000 0.000000 1.000000
vn 0.000000 0.000000 1.000000
vn 0.000000 0.000000 1.000000
vn 0.000000 0.000000 1.000000
vn 0.000000 0.000000 1.000000
vn 0.000000 0.000000 1.000000
vn 0.000000 0.000000 1.000000
vn 0.000000 0.000000 1.000000
vn 0.000000 0.000000 1.000000
vn 0.000000 0.000000 1.000000
vn 0.000000 0.000000 1.000000
vn 0.000000 0.000000 1.000000
vn 0.000000 0.000000 1.000000
vn 0.000000 0.000000 1.000000
vn 0.000000 0.000000 1.000000
vn 0.000000 0.000000 1.000000
vn 0.000000 0.000000 1.000000
vn 0.000000 0.000000 1.000000
vn 0.000000 0.000000 1.000000
vn 0.000000 0.000000 1.000000
vn 0.000000 0.000000 1.000000
vn 0.000000 0.000000 1.000000
vn 0.000000 0.000000 1.000000
vn 0.000000 0.000000 1.000000
vn 0.000000 0.000000 1.000000
vn 0.000000 0.000000 1.000000
vn 0.000000 0.000000 1.000000
vn 0.000000 0.000000 1.000000
vn 0.000000 0.000000 1.000000
vn 0.000000 0.000000 1.000000
vn 0.000000 0.000000 1.000000
vn 0.000000 0.000000 1.000000
vn -1.000000 0.000000 -0.000000
vn -1.000000 0.000000 -0.000000
vn -1.000000 0.000000 -0.000000
vn -1.000000 0.000000 -0.000000
vn 1.000000 -0.000000 0.000000
vn 1.000000 -0.000000 0.000000
vn 1.000000 -0.000000 0.000000
vn 1.000000 -0.000000 0.000000
vn 1.000000 -0.000000 0.000000
vn 1.000000 -0.000000 0.000000
vn 1.000000 -0.000000 0.000000
vn 1.000000 -0.000000 0.000000
vn 1.000000 -0.000000 0.000000
vn 1.000000 -0.000000 0.000000
vn 1.000000 -0.000000 0.000000
vn 1.000000 -0.000000 0.000000
vn 0.894427 -0.000000 0.447214
vn 0.894427 -0.000000 0.447214
vn 0.894427 -0.000000 0.447214
vn 0.894427 -0.000000 0.447214
vn 0.894427 -0.000000 0.447214
vn 0.894427 -0.000000 0.447214
vn 0.894427 -0.000000 0.447214
vn 0.894427 -0.000000 0.447214
vn -1.000000 0.000000 -0.000000
vn -1.000000 0.000000 -0.000000
vn -1.000000 0.000000 -0.000000
vn -1.000000 0.000000 -0.000000
vn -0.894427 0.000000 0.447214
vn -0.894427 0.000000 0.447214
vn -0.894427 0.000000 0.447214
vn -0.894427 0.000000 0.447214
vn -1.000000 0.000000 -0.000000
vn -1.000000 0.000000 -0.000000
vn -1.000000 0.000000 -0.000000
vn -1.000000 0.000000 -0.000000
vn -0.894427 0.000000 0.447214
vn -0.894427 0.000000 0.447214
vn -0.894427 0.000000 0.447214
vn -0.894427 0.000000 0.447214
vn 1.000000 -0.000000 0.000000
vn 1.000000 -0.000000 0.000000
vn 1.000000 -0.000000 0.000000
vn 1.000000 -0.000000 0.000000
vn -1.000000 0.000000 -0.000000
vn -1.000000 0.000000 -0.000000
vn -1.000000 0.000000 -0.000000
vn -1.000000 0.000000 -0.000000
vn 0.894427 -0.000000 0.447214
vn 0.894427 -0.000000 0.447214
vn 0.894427 -0.000000 0.447214
vn 0.894427 -0.000000 0.447214
vn -0.894427 0.000000 0.447214
vn -0.894427 0.000000 0.447214
vn -0.894427 0.000000 0.447214
vn -0.894427 0.000000 0.447214
vn 1.000000 -0.000000 0.000000
vn 1.000000 -0.000000 0.000000
vn 1.000000 -0.000000 0.000000
vn 1.000000 -0.000000 0.000000
vn -1.000000 0.000000 -0.000000
vn -1.000000 0.000000 -0.000000
vn -1.000000 0.000000 -0.000000
vn -1.000000 0.000000 -0.000000
vn 0.894427 -0.000000 0.447214
vn 0.894427 -0.000000 0.447214
vn 0.894427 -0.000000 0.447214
vn 0.894427 -0.000000 0.447214
vn -0.894427 0.000000 0.447214
vn -0.894427 0.000000 0.447214
vn -0.894427 0.000000 0.447214
vn -0.894427 0.000000 0.447214
vn 1.000000 -0.000000 0.000000
vn 1.000000 -0.000000 0.000000
vn 1.000000 -0.000000 0.000000
vn 1.000000 -0.000000 0.000000
vn -1.000000 0.000000 -0.000000
vn -1.000000 0.000000 -0.000000
vn -1.000000 0.000000 -0.000000
vn -1.000000 0.000000 -0.000000
vn 0.894427 -0.000000 0.447214
vn 0.894427 -0.000000 0.447214
vn 0.894427 -0.000000 0.447214
vn 0.894427 -0.000000 0.447214
vn -0.894427 0.000000 0.447214
vn -0.894427 0.000000 0.447214
vn -0.894427 0.000000 0.447214
vn -0.894427 0.000000 0.447214
vn 1.000000 -0.000000 0.000000
vn 1.000000 -0.000000 0.000000
vn 1.000000 -0.000000 0.000000
vn 1.000000 -0.000000 0.000000
vn -1.000000 0.000000 -0.000000
vn -1.000000 0.000000 -0.000000
vn -1.000000 0.000000 -0.000000
vn -1.000000 0.000000 -0.000000
vn 0.894427 -0.000000 0.447214
vn 0.894427 -0.000000 0.447214
vn 0.894427 -0.000000 0.447214
vn 0.894427 -0.000000 0.447214
vn -0.894427 0.000000 0.447214
vn -0.894427 0.000000 0.447214
vn -0.894427 0.000000 0.447214
vn -0.894427 0.000000 0.447214
vn 1.000000 -0.000000 0.000000
vn 1.000000 -0.000000 0.000000
vn 1.000000 -0.000000 0.000000
vn 1.000000 -0.000000 0.000000
vn -1.000000 0.000000 -0.000000
vn -1.000000 0.000000 -0.000000
vn -1.000000 0.000000 -0.000000
vn -1.000000 0.000000 -0.000000
vn 0.894427 -0.000000 0.447214
vn 0.894427 -0.000000 0.447214
vn 0.894427 -0.000000 0.447214
vn 0.894427 -0.000000 0.447214
vn -0.894427 0.000000 0.447214
vn -0.894427 0.000000 0.447214
vn -0.894427 0.000000 0.447214
vn -0.894427 0.000000 0.447214
vn 1.000000 -0.000000 0.000000
vn 1.000000 -0.000000 0.000000
vn 1.000000 -0.000000 0.000000
vn 1.000000 -0.000000 0.000000
vn -1.000000 0.000000 -0.000000
vn -1.000000 0.000000 -0.000000
vn -1.000000 0.000000 -0.000000
vn -1.000000 0.000000 -0.000000
vn 0.894427 -0.000000 0.447214
vn 0.894427 -0.000000 0.447214
vn 0.894427 -0.000000 0.447214
vn 0.894427 -0.000000 0.447214
vn -0.894427 0.000000 0.447214
vn -0.894427 0.000000 0.447214
vn -0.894427 0.000000 0.447214
vn -0.894427 0.000000 0.447214
vn 1.000000 -0.000000 0.000000
vn 1.000000 -0.000000 0.000000
vn 1.000000 -0.000000 0.000000
vn 1.000000 -0.000000 0.000000
vn -1.000000 0.000000 -0.000000
vn -1.000000 0.000000 -0.000000
vn -1.000000 0.000000 -0.000000
vn -1.000000 0.000000 -0.000000
vn 0.894427 -0.000000 0.447214
vn 0.894427 -0.000000 0.447214
vn 0.894427 -0.000000 0.447214
vn 0.894427 -0.000000 0.447214
vn -0.894427 0.000000 0.447214
vn -0.894427 0.000000 0.447214
vn -0.894427 0.000000 0.447214
vn -0.894427 0.000000 0.447214
vn 1.000000 -0.000000 0.000000
vn 1.000000 -0.000000 0.000000
vn 1.000000 -0.000000 0.000000
vn 1.000000 -0.000000 0.000000
vn -1.000000 0.000000 -0.000000
vn -1.000000 0.000000 -0.000000
vn -1.000000 0.000000 -0.000000
vn -1.000000 0.000000 -0.000000
vn 0.894427 -0.000000 0.447214
vn 0.894427 -0.000000 0.447214
vn 0.894427 -0.000000 0.447214
vn 0.894427 -0.000000 0.447214
vn -0.894427 0.000000 0.447214
vn -0.894427 0.000000 0.447214
vn -0.894427 0.000000 0.447214
vn -0.894427 0.000000 0.447214
vn 1.000000 -0.000000 0.000000
vn 1.000000 -0.000000 0.000000
vn 1.000000 -0.000000 0.000000
vn 1.000000 -0.000000 0.000000
vn -1.000000 0.000000 -0.000000
vn -1.000000 0.000000 -0.000000
vn -1.000000 0.000000 -0.000000
vn -1.000000 0.000000 -0.000000
vn 0.894427 -0.000000 0.447214
vn 0.894427 -0.000000 0.447214
vn 0.894427 -0.000000 0.447214
vn 0.894427 -0.000000 0.447214
vn -0.894427 0.000000 0.447214
vn -0.894427 0.000000 0.447214
vn -0.894427 0.000000 0.447214
vn -0.894427 0.000000 0.447214
vn 1.000000 -0.000000 0.000000
vn 1.000000 -0.000000 0.000000
vn 1.000000 -0.000000 0.000000
vn 1.000000 -0.000000 0.000000
vn -1.000000 0.000000 -0.000000
vn -1.000000 0.000000 -0.000000
vn -1.000000 0.000000 -0.000000
vn -1.000000 0.000000 -0.000000
vn 0.894427 -0.000000 0.447214
vn 0.894427 -0.000000 0.447214
vn 0.894427 -0.000000 0.447214
vn 0.894427 -0.000000 0.447214
vn -0.894427 0.000000 0.447214
vn -0.894427 0.000000 0.447214
vn -0.894427 0.000000 0.447214
vn -0.894427 0.000000 0.447214
vn 1.000000 -0.000000 0.000000
vn 1.000000 -0.000000 0.000000
vn 1.000000 -0.000000 0.000000
vn 1.000000 -0.000000 0.000000
vn -1.000000 0.000000 -0.000000
vn -1.000000 0.000000 -0.000000
vn -1.000000 0.000000 -0.000000
vn -1.000000 0.000000 -0.000000
vn 0.894427 -0.000000 0.447214
vn 0.894427 -0.000000 0.447214
vn 0.894427 -0.000000 0.447214
vn 0.894427 -0.000000 0.447214
vn -0.894427 0.000000 0.447214
vn -0.894427 0.000000 0.447214
vn -0.894427 0.000000 0.447214
vn -0.894427 0.000000 0.447214
vn 1.000000 -0.000000 0.000000
vn 1.000000 -0.000000 0.000000
vn 1.000000 -0.000000 0.000000
vn 1.000000 -0.000000 0.000000
vn -1.000000 0.000000 -0.000000
vn -1.000000 0.000000 -0.000000
vn -1.000000 0.000000 -0.000000
vn -1.000000 0.000000 -0.000000
vn 0.894427 -0.000000 0.447214
vn 0.894427 -0.000000 0.447214
vn 0.894427 -0.000000 0.447214
vn 0.894427 -0.000000 0.447214
vn -0.894427 0.000000 0.447214
vn -0.894427 0.000000 0.447214
vn -0.894427 0.000000 0.447214
vn -0.894427 0.000000 0.447214
vn 1.000000 -0.000000 0.000000
vn 1.000000 -0.000000 0.000000
vn 1.000000 -0.000000 0.000000
vn 1.000000 -0.000000 0.000000
vn -1.000000 0.000000 -0.000000
vn -1.000000 0.000000 -0.000000
vn -1.000000 0.000000 -0.000000
vn -1.000000 0.000000 -0.000000
vn 0.894427 -0.000000 0.447214
vn 0.894427 -0.000000 0.447214
vn 0.894427 -0.000000 0.447214
vn 0.894427 -0.000000 0.447214
vn -0.894427 0.000000 0.447214
vn -0.894427 0.000000 0.447214
vn -0.894427 0.000000 0.447214
vn -0.894427 0.000000 0.447214
vn -0.894427 0.000000 0.447214
vn -0.894427 0.000000 0.447214
vn -0.894427 0.000000 0.447214
vn -0.894427 0.000000 0.447214
vn 0.894427 -0.000000 0.447214
vn 0.894427 -0.000000 0.447214
vn 0.894427 -0.000000 0.447214
vn 0.894427 -0.000000 0.447214
vn -1.000000 0.000000 -0.000000
vn -1.000000 0.000000 -0.000000
vn -1.000000 0.000000 -0.000000
vn -1.000000 0.000000 -0.000000
vn 1.000000 -0.000000 0.000000
vn 1.000000 -0.000000 0.000000
vn 1.000000 -0.000000 0.000000
vn 1.000000 -0.000000 0.000000
usemtl Opaque(255,255,0)
f 145/433/433 146/434/434 148/435/435
f 148/435/435 146/434/434 147/436/436
f 149/437/437 150/438/438 152/439/439
f 152/439/439 150/438/438 151/440/440
f 153/441/441 154/442/442 156/443/443
f 156/443/443 154/442/442 155/444/444
f 157/445/445 158/446/446 160/447/447
f 160/447/447 158/446/446 159/448/448
f 161/449/449 162/450/450 164/451/451
f 164/451/451 162/450/450 163/452/452
f 165/453/453 166/454/454 168/455/455
f 168/455/455 166/454/454 167/456/456
f 169/457/457 170/458/458 172/459/459
f 172/459/459 170/458/458 171/460/460
f 146/461/461 145/462/462 174/463/463
f 174/463/463 145/462/462 173/464/464
f 152/465/465 151/466/466 176/467/467
f 176/467/467 151/466/466 175/468/468
f 156/469/469 155/470/470 178/471/471
f 178/471/471 155/470/470 177/472/472
f 160/473/473 159/474/474 180/475/475
f 180/475/475 159/474/474 179/476/476
f 164/477/477 163/478/478 182/479/479
f 182/479/479 163/478/478 181/480/480
f 168/481/481 167/482/482 184/483/483
f 184/483/483 167/482/482 183/484/484
f 172/485/485 171/486/486 186/487/487
f 186/487/487 171/486/486 185/488/488
f 173/489/489 187/490/490 174/491/491
f 174/491/491 187/490/490 188/492/492
f 175/493/493 189/494/494 176/495/495
f 176/495/495 189/494/494 190/496/496
f 177/497/497 191/498/498 178/499/499
f 178/499/499 191/498/498 192/500/500
f 179/501/501 193/502/502 180/503/503
f 180/503/503 193/502/502 194/504/504
f 181/505/505 195/506/506 182/507/507
f 182/507/507 195/506/506 196/508/508
f 183/509/509 197/510/510 184/511/511
f 184/511/511 197/510/510 198/512/512
f 185/513/513 199/514/514 186/515/515
f 186/515/515 199/514/514 200/516/516
f 187/517/517 201/518/518 188/519/519
f 188/519/519 201/518/518 202/520/520
f 189/521/521 203/522/522 190/523/523
f 190/523/523 203/522/522 204/524/524
f 191/525/525 205/526/526 192/527/527
f 192/527/527 205/526/526 206/528/528
f 193/529/529 207/530/530 194/531/531
f 194/531/531 207/530/530 208/532/532
f 195/533/533 209/534/534 196/535/535
f 196/535/535 209/534/534 210/536/536
f 197/537/537 211/538/538 198/539/539
f 198/539/539 211/538/538 212/540/540
f 199/541/541 213/542/542 200/543/543
f 200/543/543 213/542/542 214/544/544
f 215/545/545 216/546/546 201/547/547
f 201/547/547 216/546/546 202/548/548
f 204/549/549 203/550/550 218/551/551
f 218/551/551 203/550/550 217/552/552
f 206/553/553 205/554/554 220/555/555
f 220/555/555 205/554/554 219/556/556
f 208/557/557 207/558/558 222/559/559
f 222/559/559 207/558/558 221/560/560
f 210/561/561 209/562/562 224/563/563
f 224/563/563 209/562/562 223/564/564
f 212/565/565 211/566/566 226/567/567
f 226/567/567 211/566/566 225/568/568
f 214/569/569 213/570/570 228/571/571
f 228/571/571 213/570/570 227/572/572
f 229/573/573 230/574/574 232/575/575
f 232/575/575 230/574/574 231/576/576
f 233/577/577 234/578/578 236/579/579
f 236/579/579 234/578/578 235/580/580
f 237/581/581 238/582/582 240/583/583
f 240/583/583 238/582/582 239/584/584
f 241/585/585 242/586/586 244/587/587
f 244/587/587 242/586/586 243/588/588
f 245/589/589 246/590/590 248/591/591
f 248/591/591 246/590/590 247/592/592
f 249/593/593 250/594/594 252/595/595
f 252/595/595 250/594/594 251/596/596
f 253/597/597 254/598/598 256/599/599
f 256/599/599 254/598/598 255/600/600
f 230/601/601 229/602/602 258/603/603
f 258/603/603 229/602/602 257/604/604
f 236/605/605 235/606/606 260/607/607
f 260/607/607 235/606/606 259/608/608
f 240/609/609 239/610/610 262/611/611
f 262/611/611 239/610/610 261/612/612
f 244/613/613 243/614/614 264/615/615
f 264/615/615 243/614/614 263/616/616
f 248/617/617 247/618/618 266/619/619
f 266/619/619 247/618/618 265/620/620
f 252/621/621 251/622/622 268/623/623
f 268/623/623 251/622/622 267/624/624
f 256/625/625 255/626/626 270/627/627
f 270/627/627 255/626/626 269/628/628
f 257/629/629 271/630/630 258/631/631
f 258/631/631 271/630/630 272/632/632
f 259/633/633 273/634/634 260/635/635
f 260/635/635 273/634/634 274/636/636
f 261/637/637 275/638/638 262/639/639
f 262/639/639 275/638/638 276/640/640
f 263/641/641 277/642/642 264/643/643
f 264/643/643 277/642/642 278/644/644
f 265/645/645 279/646/646 266/647/647
f 266/647/647 279/646/646 280/648/648
f 267/649/649 281/650/650 268/651/651
f 268/651/651 281/650/650 282/652/652
f 269/653/653 283/654/654 270/655/655
f 270/655/655 283/654/654 284/656/656
f 271/657/657 285/658/658 272/659/659
f 272/659/659 285/658/658 286/660/660
f 273/661/661 287/662/662 274/663/663
f 274/663/663 287/662/662 288/664/664
f 275/665/665 289/666/666 276/667/667
f 276/667/667 289/666/666 290/668/668
f 277/669/669 291/670/670 278/671/671
f 278/671/671 291/670/670 292/672/672
f 279/673/673 293/674/674 280/675/675
f 280/675/675 293/674/674 294/676/676
f 281/677/677 295/678/678 282/679/679
f 282/679/679 295/678/678 296/680/680
f 283/681/681 297/682/682 284/683/683
f 284/683/683 297/682/682 298/684/684
f 299/685/685 300/686/686 285/687/687
f 285/687/687 300/686/686 286/688/688
f 288/689/689 287/690/690 302/691/691
f 302/691/691 287/690/690 301/692/692
f 290/693/693 289/694/694 304/695/695
f 304/695/695 289/694/694 303/696/696
f 292/697/697 291/698/698 306/699/699
f 306/699/699 291/698/698 305/700/700
f 294/701/701 293/702/702 308/703/703
f 308/703/703 293/702/702 307/704/704
f 296/705/705 295/706/706 310/707/707
f 310/707/707 295/706/706 309/708/708
f 298/709/709 297/710/710 312/711/711
f 312/711/711 297/710/710 311/712/712
f 314/713/713 315/714/714 313/715/715
f 313/715/715 315/714/714 316/716/716
f 314/717/717 317/718/718 315/719/719
f 315/719/719 317/718/718 318/720/720
f 317/721/721 319/722/722 318/723/723
f 318/723/723 319/722/722 320/724/724
f 321/725/725 322/726/726 324/727/727
f 324/727/727 322/726/726 323/728/728
f 324/729/729 323/730/730 326/731/731
f 326/731/731 323/730/730 325/732/732
f 325/733/733 327/734/734 326/735/735
f 326/735/735 327/734/734 328/736/736
f 327/737/737 329/738/738 328/739/739
f 328/739/739 329/738/738 330/740/740
f 330/741/741 329/742/742 332/743/743
f 332/743/743 329/742/742 331/744/744
f 333/745/745 334/746/746 336/747/747
f 336/747/747 334/746/746 335/748/748
f 336/749/749 335/750/750 338/751/751
f 338/751/751 335/750/750 337/752/752
f 337/753/753 339/754/754 338/755/755
f 338/755/755 339/754/754 340/756/756
f 339/757/757 341/758/758 340/759/759
f 340/759/759 341/758/758 342/760/760
f 342/761/761 341/762/762 344/763/763
f 344/763/763 341/762/762 343/764/764
f 319/765/765 162/766/766 320/767/767
f 320/767/767 162/766/766 161/768/768
f 320/767/767 161/768/768 166/769/769
f 166/769/769 161/768/768 224/770/770
f 166/769/769 224/770/770 225/771/771
f 225/771/771 224/770/770 245/772/772
f 225/771/771 245/772/772 250/773/773
f 250/773/773 245/772/772 308/774/774
f 250/773/773 308/774/774 309/775/775
f 309/775/775 308/774/774 316/776/776
f 309/775/775 316/776/776 310/777/777
f 310/777/777 316/776/776 311/778/778
f 310/777/777 311/778/778 254/779/779
f 148/780/780 147/781/781 319/765/765
f 319/765/765 147/781/781 150/782/782
f 319/765/765 150/782/782 149/783/783
f 147/781/781 216/784/784 150/782/782
f 150/782/782 216/784/784 217/785/785
f 217/785/785 216/784/784 231/786/786
f 217/785/785 231/786/786 234/787/787
f 234/787/787 231/786/786 300/788/788
f 234/787/787 300/788/788 301/789/789
f 301/789/789 300/788/788 313/790/790
f 301/789/789 313/790/790 302/791/791
f 302/791/791 313/790/790 303/792/792
f 302/791/791 303/792/792 238/793/793
f 215/794/794 232/795/795 216/784/784
f 216/784/784 232/795/795 231/786/786
f 300/788/788 299/796/796 313/790/790
f 316/776/776 307/797/797 313/790/790
f 313/790/790 307/797/797 306/798/798
f 313/790/790 306/798/798 305/799/799
f 320/767/767 333/800/800 316/776/776
f 316/776/776 333/800/800 344/801/801
f 316/776/776 344/801/801 343/802/802
f 319/765/765 149/783/783 154/803/803
f 154/803/803 149/783/783 218/804/804
f 154/803/803 218/804/804 219/805/805
f 219/805/805 218/804/804 233/806/806
f 219/805/805 233/806/806 238/793/793
f 238/793/793 233/806/806 302/791/791
f 233/806/806 218/804/804 234/787/787
f 234/787/787 218/804/804 217/785/785
f 154/803/803 153/807/807 319/765/765
f 319/765/765 153/807/807 158/808/808
f 319/765/765 158/808/808 157/809/809
f 153/807/807 220/810/810 158/808/808
f 158/808/808 220/810/810 221/811/811
f 221/811/811 220/810/810 237/812/812
f 221/811/811 237/812/812 242/813/813
f 242/813/813 237/812/812 304/814/814
f 242/813/813 304/814/814 305/799/799
f 305/799/799 304/814/814 313/790/790
f 237/812/812 220/810/810 238/793/793
f 238/793/793 220/810/810 219/805/805
f 319/765/765 157/809/809 162/766/766
f 162/766/766 157/809/809 222/815/815
f 162/766/766 222/815/815 223/816/816
f 223/816/816 222/815/815 241/817/817
f 223/816/816 241/817/817 246/818/818
f 246/818/818 241/817/817 306/798/798
f 246/818/818 306/798/798 307/797/797
f 241/817/817 222/815/815 242/813/813
f 242/813/813 222/815/815 221/811/811
f 245/772/772 224/770/770 246/818/818
f 246/818/818 224/770/770 223/816/816
f 166/769/769 165/819/819 320/767/767
f 320/767/767 165/819/819 170/820/820
f 320/767/767 170/820/820 169/821/821
f 165/819/819 226/822/822 170/820/820
f 170/820/820 226/822/822 227/823/823
f 227/823/823 226/822/822 249/824/824
f 227/823/823 249/824/824 254/779/779
f 254/779/779 249/824/824 310/777/777
f 249/824/824 226/822/822 250/773/773
f 250/773/773 226/822/822 225/771/771
f 320/767/767 169/821/821 322/825/825
f 322/825/825 169/821/821 228/826/826
f 322/825/825 228/826/826 331/827/827
f 331/827/827 228/826/826 253/828/828
f 331/827/827 253/828/828 334/829/829
f 334/829/829 253/828/828 312/830/830
f 334/829/829 312/830/830 343/802/802
f 343/802/802 312/830/830 316/776/776
f 253/828/828 228/826/826 254/779/779
f 254/779/779 228/826/826 227/823/823
f 322/825/825 321/831/831 320/767/767
f 320/767/767 321/831/831 332/832/832
f 320/767/767 332/832/832 333/800/800
f 333/800/800 332/832/832 334/829/829
f 334/829/829 332/832/832 331/827/827
f 304/814/814 303/792/792 313/790/790
f 308/774/774 307/797/797 316/776/776
f 312/830/830 311/778/778 316/776/776
f 320/833/833 316/834/834 318/835/835
f 318/835/835 316/834/834 315/836/836
f 313/837/837 299/838/838 314/839/839
f 314/839/839 299/838/838 232/840/840
f 314/839/839 232/840/840 215/841/841
f 285/842/842 229/843/843 299/838/838
f 299/838/838 229/843/843 232/840/840
f 201/844/844 145/845/845 215/841/841
f 215/841/841 145/845/845 148/846/846
f 215/841/841 148/846/846 317/847/847
f 317/847/847 148/846/846 319/848/848
f 317/847/847 314/839/839 215/841/841
f 201/849/849 187/850/850 145/851/851
f 145/851/851 187/850/850 173/852/852
f 285/853/853 271/854/854 229/855/855
f 229/855/855 271/854/854 257/856/856
f 324/857/857 330/858/858 321/859/859
f 321/859/859 330/858/858 332/860/860
f 326/861/861 328/862/862 324/863/863
f 324/863/863 328/862/862 330/864/864
f 336/865/865 342/866/866 333/867/867
f 333/867/867 342/866/866 344/868/868
f 338/869/869 340/870/870 336/871/871
f 336/871/871 340/870/870 342/872/872
f 334/873/873 343/874/874 335/875/875
f 335/875/875 343/874/874 341/876/876
f 256/877/877 298/878/878 253/879/879
f 253/879/879 298/878/878 312/880/880
f 341/881/881 339/882/882 335/883/883
f 335/883/883 339/882/882 337/884/884
f 270/885/885 284/886/886 256/887/887
f 256/887/887 284/886/886 298/888/888
f 254/889/889 311/890/890 255/891/891
f 255/891/891 311/890/890 297/892/892
f 252/893/893 296/894/894 249/895/895
f 249/895/895 296/894/894 310/896/896
f 297/897/897 283/898/898 255/899/899
f 255/899/899 283/898/898 269/900/900
f 268/901/901 282/902/902 252/903/903
f 252/903/903 282/902/902 296/904/904
f 250/905/905 309/906/906 251/907/907
f 251/907/907 309/906/906 295/908/908
f 248/909/909 294/910/910 245/911/911
f 245/911/911 294/910/910 308/912/912
f 295/913/913 281/914/914 251/915/915
f 251/915/915 281/914/914 267/916/916
f 266/917/917 280/918/918 248/919/919
f 248/919/919 280/918/918 294/920/920
f 246/921/921 307/922/922 247/923/923
f 247/923/923 307/922/922 293/924/924
f 244/925/925 292/926/926 241/927/927
f 241/927/927 292/926/926 306/928/928
f 293/929/929 279/930/930 247/931/931
f 247/931/931 279/930/930 265/932/932
f 264/933/933 278/934/934 244/935/935
f 244/935/935 278/934/934 292/936/936
f 242/937/937 305/938/938 243/939/939
f 243/939/939 305/938/938 291/940/940
f 240/941/941 290/942/942 237/943/943
f 237/943/943 290/942/942 304/944/944
f 291/945/945 277/946/946 243/947/947
f 243/947/947 277/946/946 263/948/948
f 262/949/949 276/950/950 240/951/951
f 240/951/951 276/950/950 290/952/952
f 238/953/953 303/954/954 239/955/955
f 239/955/955 303/954/954 289/956/956
f 236/957/957 288/958/958 233/959/959
f 233/959/959 288/958/958 302/960/960
f 289/961/961 275/962/962 239/963/963
f 239/963/963 275/962/962 261/964/964
f 260/965/965 274/966/966 236/967/967
f 236/967/967 274/966/966 288/968/968
f 234/969/969 301/970/970 235/971/971
f 235/971/971 301/970/970 287/972/972
f 230/973/973 286/974/974 231/975/975
f 231/975/975 286/974/974 300/976/976
f 287/977/977 273/978/978 235/979/979
f 235/979/979 273/978/978 259/980/980
f 258/981/981 272/982/982 230/983/983
f 230/983/983 272/982/982 286/984/984
f 322/985/985 331/986/986 323/987/987
f 323/987/987 331/986/986 329/988/988
f 172/989/989 214/990/990 169/991/991
f 169/991/991 214/990/990 228/992/992
f 329/993/993 327/994/994 323/995/995
f 323/995/995 327/994/994 325/996/996
f 186/997/997 200/998/998 172/999/999
f 172/999/999 200/998/998 214/1000/1000
f 170/1001/1001 227/1002/1002 171/1003/1003
f 171/1003/1003 227/1002/1002 213/1004/1004
f 168/1005/1005 212/1006/1006 165/1007/1007
f 165/1007/1007 212/1006/1006 226/1008/1008
f 213/1009/1009 199/1010/1010 171/1011/1011
f 171/1011/1011 199/1010/1010 185/1012/1012
f 184/1013/1013 198/1014/1014 168/1015/1015
f 168/1015/1015 198/1014/1014 212/1016/1016
f 166/1017/1017 225/1018/1018 167/1019/1019
f 167/1019/1019 225/1018/1018 211/1020/1020
f 164/1021/1021 210/1022/1022 161/1023/1023
f 161/1023/1023 210/1022/1022 224/1024/1024
f 211/1025/1025 197/1026/1026 167/1027/1027
f 167/1027/1027 197/1026/1026 183/1028/1028
f 182/1029/1029 196/1030/1030 164/1031/1031
f 164/1031/1031 196/1030/1030 210/1032/1032
f 162/1033/1033 223/1034/1034 163/1035/1035
f 163/1035/1035 223/1034/1034 209/1036/1036
f 160/1037/1037 208/1038/1038 157/1039/1039
f 157/1039/1039 208/1038/1038 222/1040/1040
f 209/1041/1041 195/1042/1042 163/1043/1043
f 163/1043/1043 195/1042/1042 181/1044/1044
f 180/1045/1045 194/1046/1046 160/1047/1047
f 160/1047/1047 194/1046/1046 208/1048/1048
f 158/1049/1049 221/1050/1050 159/1051/1051
f 159/1051/1051 221/1050/1050 207/1052/1052
f 156/1053/1053 206/1054/1054 153/1055/1055
f 153/1055/1055 206/1054/1054 220/1056/1056
f 207/1057/1057 193/1058/1058 159/1059/1059
f 159/1059/1059 193/1058/1058 179/1060/1060
f 178/1061/1061 192/1062/1062 156/1063/1063
f 156/1063/1063 192/1062/1062 206/1064/1064
f 154/1065/1065 219/1066/1066 155/1067/1067
f 155/1067/1067 219/1066/1066 205/1068/1068
f 152/1069/1069 204/1070/1070 149/1071/1071
f 149/1071/1071 204/1070/1070 218/1072/1072
f 205/1073/1073 191/1074/1074 155/1075/1075
f 155/1075/1075 191/1074/1074 177/1076/1076
f 176/1077/1077 190/1078/1078 152/1079/1079
f 152/1079/1079 190/1078/1078 204/1080/1080
f 174/1081/1081 188/1082/1082 146/1083/1083
f 146/1083/1083 188/1082/1082 202/1084/1084
f 203/1085/1085 189/1086/1086 151/1087/1087
f 151/1087/1087 189/1086/1086 175/1088/1088
f 146/1089/1089 202/1090/1090 147/1091/1091
f 147/1091/1091 202/1090/1090 216/1092/1092
f 150/1093/1093 217/1094/1094 151/1095/1095
f 151/1095/1095 217/1094/1094 203/1096/1096
g ボディ1:2

v 0.891201 2.705400 -0.119070
v 0.840401 2.705400 -0.119070
v 0.840401 2.705400 0.231450
v 0.891201 2.705400 0.231450
v 1.091201 2.705400 -0.119070
v 1.040401 2.705400 -0.119070
v 1.040401 2.705400 0.231450
v 1.091201 2.705400 0.231450
v 1.291201 2.705400 -0.119070
v 1.240401 2.705400 -0.119070
v 1.240401 2.705400 0.231450
v 1.291201 2.705400 0.231450
v 1.491200 2.705400 -0.119070
v 1.440400 2.705400 -0.119070
v 1.440400 2.705400 0.231450
v 1.491200 2.705400 0.231450
v 1.691200 2.705400 -0.119070
v 1.640400 2.705400 -0.119070
v 1.640400 2.705400 0.231450
v 1.691200 2.705400 0.231450
v 1.891199 2.705400 -0.119070
v 1.840399 2.705400 -0.119070
v 1.840399 2.705400 0.231450
v 1.891199 2.705400 0.231450
v 2.091199 2.705400 -0.119070
v 2.040399 2.705400 -0.119070
v 2.040399 2.705400 0.231450
v 2.091199 2.705400 0.231450
v 0.878501 2.692700 -0.144470
v 0.853101 2.692700 -0.144470
v 1.078501 2.692700 -0.144470
v 1.053101 2.692700 -0.144470
v 1.278501 2.692700 -0.144470
v 1.253101 2.692700 -0.144470
v 1.478500 2.692700 -0.144470
v 1.453100 2.692700 -0.144470
v 1.678500 2.692700 -0.144470
v 1.653100 2.692700 -0.144470
v 1.878499 2.692700 -0.144470
v 1.853099 2.692700 -0.144470
v 2.078499 2.692700 -0.144470
v 2.053099 2.692700 -0.144470
v 0.878501 2.667300 -0.144470
v 0.853101 2.667300 -0.144470
v 1.078501 2.667300 -0.144470
v 1.053101 2.667300 -0.144470
v 1.278501 2.667300 -0.144470
v 1.253101 2.667300 -0.144470
v 1.478500 2.667300 -0.144470
v 1.453100 2.667300 -0.144470
v 1.678500 2.667300 -0.144470
v 1.653100 2.667300 -0.144470
v 1.878499 2.667300 -0.144470
v 1.853099 2.667300 -0.144470
v 2.078499 2.667300 -0.144470
v 2.053099 2.667300 -0.144470
v 0.891201 2.654600 -0.119070
v 0.840401 2.654600 -0.119070
v 1.091201 2.654600 -0.119070
v 1.040401 2.654600 -0.119070
v 1.291201 2.654600 -0.119070
v 1.240401 2.654600 -0.119070
v 1.491200 2.654600 -0.119070
v 1.440400 2.654600 -0.119070
v 1.691200 2.654600 -0.119070
v 1.640400 2.654600 -0.119070
v 1.891199 2.654600 -0.119070
v 1.840399 2.654600 -0.119070
v 2.091199 2.654600 -0.119070
v 2.040399 2.654600 -0.119070
v 0.891201 2.654600 0.231450
v 0.840401 2.654600 0.231450
v 1.091201 2.654600 0.231450
v 1.040401 2.654600 0.231450
v 1.291201 2.654600 0.231450
v 1.240401 2.654600 0.231450
v 1.491200 2.654600 0.231450
v 1.440400 2.654600 0.231450
v 1.691200 2.654600 0.231450
v 1.640400 2.654600 0.231450
v 1.891199 2.654600 0.231450
v 1.840399 2.654600 0.231450
v 2.091199 2.654600 0.231450
v 2.040399 2.654600 0.231450
v 0.891201 2.505400 -0.119070
v 0.840401 2.505400 -0.119070
v 0.840401 2.505400 0.231450
v 0.891201 2.505400 0.231450
v 1.091201 2.505400 -0.119070
v 1.040401 2.505400 -0.119070
v 1.040401 2.505400 0.231450
v 1.091201 2.505400 0.231450
v 1.291201 2.505400 -0.119070
v 1.240401 2.505400 -0.119070
v 1.240401 2.505400 0.231450
v 1.291201 2.505400 0.231450
v 1.491200 2.505400 -0.119070
v 1.440400 2.505400 -0.119070
v 1.440400 2.505400 0.231450
v 1.491200 2.505400 0.231450
v 1.691200 2.505400 -0.119070
v 1.640400 2.505400 -0.119070
v 1.640400 2.505400 0.231450
v 1.691200 2.505400 0.231450
v 1.891199 2.505400 -0.119070
v 1.840399 2.505400 -0.119070
v 1.840399 2.505400 0.231450
v 1.891199 2.505400 0.231450
v 2.091199 2.505400 -0.119070
v 2.040399 2.505400 -0.119070
v 2.040399 2.505400 0.231450
v 2.091199 2.505400 0.231450
v 0.878501 2.492700 -0.144470
v 0.853101 2.492700 -0.144470
v 1.078501 2.492700 -0.144470
v 1.053101 2.492700 -0.144470
v 1.278501 2.492700 -0.144470
v 1.253101 2.492700 -0.144470
v 1.478500 2.492700 -0.144470
v 1.453100 2.492700 -0.144470
v 1.678500 2.492700 -0.144470
v 1.653100 2.492700 -0.144470
v 1.878499 2.492700 -0.144470
v 1.853099 2.492700 -0.144470
v 2.078499 2.492700 -0.144470
v 2.053099 2.492700 -0.144470
v 0.878501 2.467300 -0.144470
v 0.853101 2.467300 -0.144470
v 1.078501 2.467300 -0.144470
v 1.053101 2.467300 -0.144470
v 1.278501 2.467300 -0.144470
v 1.253101 2.467300 -0.144470
v 1.478500 2.467300 -0.144470
v 1.453100 2.467300 -0.144470
v 1.678500 2.467300 -0.144470
v 1.653100 2.467300 -0.144470
v 1.878499 2.467300 -0.144470
v 1.853099 2.467300 -0.144470
v 2.078499 2.467300 -0.144470
v 2.053099 2.467300 -0.144470
v 0.891201 2.454600 -0.119070
v 0.840401 2.454600 -0.119070
v 1.091201 2.454600 -0.119070
v 1.040401 2.454600 -0.119070
v 1.291201 2.454600 -0.119070
v 1.240401 2.454600 -0.119070
v 1.491200 2.454600 -0.119070
v 1.440400 2.454600 -0.119070
v 1.691200 2.454600 -0.119070
v 1.640400 2.454600 -0.119070
v 1.891199 2.454600 -0.119070
v 1.840399 2.454600 -0.119070
v 2.091199 2.454600 -0.119070
v 2.040399 2.454600 -0.119070
v 0.891201 2.454600 0.231450
v 0.840401 2.454600 0.231450
v 1.091201 2.454600 0.231450
v 1.040401 2.454600 0.231450
v 1.291201 2.454600 0.231450
v 1.240401 2.454600 0.231450
v 1.491200 2.454600 0.231450
v 1.440400 2.454600 0.231450
v 1.691200 2.454600 0.231450
v 1.640400 2.454600 0.231450
v 1.891199 2.454600 0.231450
v 1.840399 2.454600 0.231450
v 2.091199 2.454600 0.231450
v 2.040399 2.454600 0.231450
v 2.291199 2.726050 0.254310
v 2.291199 2.726050 0.231450
v 0.827701 2.726050 0.231450
v 0.827701 2.726050 0.254310
v 2.291199 2.705400 -0.119070
v 2.240399 2.705400 -0.119070
v 2.240399 2.705400 0.231450
v 2.291199 2.705400 0.231450
v 2.278499 2.692700 -0.144470
v 2.253099 2.692700 -0.144470
v 2.278499 2.667300 -0.144470
v 2.253099 2.667300 -0.144470
v 2.291199 2.654600 -0.119070
v 2.240399 2.654600 -0.119070
v 2.291199 2.654600 0.231450
v 2.240399 2.654600 0.231450
v 2.291199 2.505400 -0.119070
v 2.240399 2.505400 -0.119070
v 2.240399 2.505400 0.231450
v 2.291199 2.505400 0.231450
v 2.278499 2.492700 -0.144470
v 2.253099 2.492700 -0.144470
v 2.278499 2.467300 -0.144470
v 2.253099 2.467300 -0.144470
v 2.291199 2.454600 -0.119070
v 2.240399 2.454600 -0.119070
v 2.291199 2.454600 0.231450
v 2.240399 2.454600 0.231450
v 2.291199 2.433950 0.231450
v 0.827701 2.433950 0.231450
v 2.291199 2.433950 0.254310
v 0.827701 2.433950 0.254310
vt -0.063500 -0.350520 0.000000
vt -0.012700 -0.350520 0.000000
vt -0.063500 0.000000 0.000000
vt -0.012700 0.000000 0.000000
vt -0.263500 -0.350520 0.000000
vt -0.212700 -0.350520 0.000000
vt -0.263500 0.000000 0.000000
vt -0.212700 0.000000 0.000000
vt -0.463499 -0.350520 0.000000
vt -0.412699 -0.350520 0.000000
vt -0.463499 0.000000 0.000000
vt -0.412699 0.000000 0.000000
vt -0.663499 -0.350520 0.000000
vt -0.612699 -0.350520 0.000000
vt -0.663499 0.000000 0.000000
vt -0.612699 0.000000 0.000000
vt -0.863498 -0.350520 0.000000
vt -0.812698 -0.350520 0.000000
vt -0.863498 0.000000 0.000000
vt -0.812698 0.000000 0.000000
vt -1.063498 -0.350520 0.000000
vt -1.012698 -0.350520 0.000000
vt -1.063498 0.000000 0.000000
vt -1.012698 0.000000 0.000000
vt -1.263498 -0.350520 0.000000
vt -1.212698 -0.350520 0.000000
vt -1.263498 0.000000 0.000000
vt -1.212698 0.000000 0.000000
vt 0.028398 -0.050800 0.000000
vt 0.028398 -0.025400 0.000000
vt -0.000000 -0.063500 0.000000
vt -0.000000 -0.012700 0.000000
vt 0.028398 -0.250800 0.000000
vt 0.028398 -0.225400 0.000000
vt -0.000000 -0.263500 0.000000
vt -0.000000 -0.212700 0.000000
vt 0.028398 -0.450799 0.000000
vt 0.028398 -0.425399 0.000000
vt -0.000000 -0.463499 0.000000
vt -0.000000 -0.412699 0.000000
vt 0.028398 -0.650799 0.000000
vt 0.028398 -0.625399 0.000000
vt -0.000000 -0.663499 0.000000
vt -0.000000 -0.612699 0.000000
vt 0.028398 -0.850798 0.000000
vt 0.028398 -0.825398 0.000000
vt -0.000000 -0.863498 0.000000
vt -0.000000 -0.812698 0.000000
vt 0.028398 -1.050798 0.000000
vt 0.028398 -1.025398 0.000000
vt -0.000000 -1.063498 0.000000
vt -0.000000 -1.012698 0.000000
vt 0.028398 -1.250798 0.000000
vt 0.028398 -1.225398 0.000000
vt -0.000000 -1.263498 0.000000
vt -0.000000 -1.212698 0.000000
vt 0.025400 -0.025400 0.000000
vt -0.000000 -0.025400 0.000000
vt 0.025400 -0.050800 0.000000
vt -0.000000 -0.050800 0.000000
vt 0.025400 -0.225400 0.000000
vt -0.000000 -0.225400 0.000000
vt 0.025400 -0.250800 0.000000
vt -0.000000 -0.250800 0.000000
vt 0.025400 -0.425399 0.000000
vt -0.000000 -0.425399 0.000000
vt 0.025400 -0.450799 0.000000
vt -0.000000 -0.450799 0.000000
vt 0.025400 -0.625399 0.000000
vt -0.000000 -0.625399 0.000000
vt 0.025400 -0.650799 0.000000
vt -0.000000 -0.650799 0.000000
vt 0.025400 -0.825398 0.000000
vt -0.000000 -0.825398 0.000000
vt 0.025400 -0.850798 0.000000
vt -0.000000 -0.850798 0.000000
vt 0.025400 -1.025398 0.000000
vt -0.000000 -1.025398 0.000000
vt 0.025400 -1.050798 0.000000
vt -0.000000 -1.050798 0.000000
vt 0.025400 -1.225398 0.000000
vt -0.000000 -1.225398 0.000000
vt 0.025400 -1.250798 0.000000
vt -0.000000 -1.250798 0.000000
vt 0.028398 -0.012700 0.000000
vt -0.000000 -0.025400 0.000000
vt 0.028398 -0.063500 0.000000
vt 0.000000 -0.050800 0.000000
vt 0.028398 -0.212700 0.000000
vt -0.000000 -0.225400 0.000000
vt 0.028398 -0.263500 0.000000
vt -0.000000 -0.250800 0.000000
vt 0.028398 -0.412699 0.000000
vt -0.000000 -0.425399 0.000000
vt 0.028398 -0.463499 0.000000
vt -0.000000 -0.450799 0.000000
vt 0.028398 -0.612699 0.000000
vt -0.000000 -0.625399 0.000000
vt 0.028398 -0.663499 0.000000
vt -0.000000 -0.650799 0.000000
vt 0.028398 -0.812698 0.000000
vt -0.000000 -0.825398 0.000000
vt 0.028398 -0.863498 0.000000
vt -0.000000 -0.850798 0.000000
vt 0.028398 -1.012698 0.000000
vt -0.000000 -1.025398 0.000000
vt 0.028398 -1.063498 0.000000
vt -0.000000 -1.050798 0.000000
vt 0.028398 -1.212698 0.000000
vt -0.000000 -1.225398 0.000000
vt 0.028398 -1.263498 0.000000
vt -0.000000 -1.250798 0.000000
vt 0.063500 0.350520 0.000000
vt 0.012700 0.350520 0.000000
vt 0.063500 0.000000 0.000000
vt 0.012700 0.000000 0.000000
vt 0.263500 0.350520 0.000000
vt 0.212700 0.350520 0.000000
vt 0.263500 0.000000 0.000000
vt 0.212700 0.000000 0.000000
vt 0.463499 0.350520 0.000000
vt 0.412699 0.350520 0.000000
vt 0.463499 0.000000 0.000000
vt 0.412699 0.000000 0.000000
vt 0.663499 0.350520 0.000000
vt 0.612699 0.350520 0.000000
vt 0.663499 0.000000 0.000000
vt 0.612699 0.000000 0.000000
vt 0.863498 0.350520 0.000000
vt 0.812698 0.350520 0.000000
vt 0.863498 0.000000 0.000000
vt 0.812698 0.000000 0.000000
vt 1.063498 0.350520 0.000000
vt 1.012698 0.350520 0.000000
vt 1.063498 0.000000 0.000000
vt 1.012698 0.000000 0.000000
vt 1.263498 0.350520 0.000000
vt 1.212698 0.350520 0.000000
vt 1.263498 0.000000 0.000000
vt 1.212698 0.000000 0.000000
vt -0.063500 -0.350520 0.000000
vt -0.012700 -0.350520 0.000000
vt -0.063500 0.000000 0.000000
vt -0.012700 0.000000 0.000000
vt -0.263500 -0.350520 0.000000
vt -0.212700 -0.350520 0.000000
vt -0.263500 0.000000 0.000000
vt -0.212700 0.000000 0.000000
vt -0.463499 -0.350520 0.000000
vt -0.412699 -0.350520 0.000000
vt -0.463499 0.000000 0.000000
vt -0.412699 0.000000 0.000000
vt -0.663499 -0.350520 0.000000
vt -0.612699 -0.350520 0.000000
vt -0.663499 0.000000 0.000000
vt -0.612699 0.000000 0.000000
vt -0.863498 -0.350520 0.000000
vt -0.812698 -0.350520 0.000000
vt -0.863498 0.000000 0.000000
vt -0.812698 0.000000 0.000000
vt -1.063498 -0.350520 0.000000
vt -1.012698 -0.350520 0.000000
vt -1.063498 0.000000 0.000000
vt -1.012698 0.000000 0.000000
vt -1.263498 -0.350520 0.000000
vt -1.212698 -0.350520 0.000000
vt -1.263498 0.000000 0.000000
vt -1.212698 0.000000 0.000000
vt 0.028398 -0.050800 0.000000
vt 0.028398 -0.025400 0.000000
vt -0.000000 -0.063500 0.000000
vt -0.000000 -0.012700 0.000000
vt 0.028398 -0.250800 0.000000
vt 0.028398 -0.225400 0.000000
vt -0.000000 -0.263500 0.000000
vt -0.000000 -0.212700 0.000000
vt 0.028398 -0.450799 0.000000
vt 0.028398 -0.425399 0.000000
vt -0.000000 -0.463499 0.000000
vt -0.000000 -0.412699 0.000000
vt 0.028398 -0.650799 0.000000
vt 0.028398 -0.625399 0.000000
vt -0.000000 -0.663499 0.000000
vt -0.000000 -0.612699 0.000000
vt 0.028398 -0.850798 0.000000
vt 0.028398 -0.825398 0.000000
vt 0.000000 -0.863498 0.000000
vt -0.000000 -0.812698 0.000000
vt 0.028398 -1.050798 0.000000
vt 0.028398 -1.025398 0.000000
vt -0.000000 -1.063498 0.000000
vt -0.000000 -1.012698 0.000000
vt 0.028398 -1.250798 0.000000
vt 0.028398 -1.225398 0.000000
vt -0.000000 -1.263498 0.000000
vt -0.000000 -1.212698 0.000000
vt 0.025400 -0.025400 0.000000
vt -0.000000 -0.025400 0.000000
vt 0.025400 -0.050800 0.000000
vt -0.000000 -0.050800 0.000000
vt 0.025400 -0.225400 0.000000
vt -0.000000 -0.225400 0.000000
vt 0.025400 -0.250800 0.000000
vt -0.000000 -0.250800 0.000000
vt 0.025400 -0.425399 0.000000
vt -0.000000 -0.425399 0.000000
vt 0.025400 -0.450799 0.000000
vt -0.000000 -0.450799 0.000000
vt 0.025400 -0.625399 0.000000
vt -0.000000 -0.625399 0.000000
vt 0.025400 -0.650799 0.000000
vt -0.000000 -0.650799 0.000000
vt 0.025400 -0.825398 0.000000
vt -0.000000 -0.825398 0.000000
vt 0.025400 -0.850798 0.000000
vt -0.000000 -0.850798 0.000000
vt 0.025400 -1.025398 0.000000
vt -0.000000 -1.025398 0.000000
vt 0.025400 -1.050798 0.000000
vt -0.000000 -1.050798 0.000000
vt 0.025400 -1.225398 0.000000
vt -0.000000 -1.225398 0.000000
vt 0.025400 -1.250798 0.000000
vt -0.000000 -1.250798 0.000000
vt 0.028398 -0.012700 0.000000
vt -0.000000 -0.025400 0.000000
vt 0.028398 -0.063500 0.000000
vt -0.000000 -0.050800 0.000000
vt 0.028398 -0.212700 0.000000
vt -0.000000 -0.225400 0.000000
vt 0.028398 -0.263500 0.000000
vt -0.000000 -0.250800 0.000000
vt 0.028398 -0.412699 0.000000
vt -0.000000 -0.425399 0.000000
vt 0.028398 -0.463499 0.000000
vt -0.000000 -0.450799 0.000000
vt 0.028398 -0.612699 0.000000
vt -0.000000 -0.625399 0.000000
vt 0.028398 -0.663499 0.000000
vt -0.000000 -0.650799 0.000000
vt 0.028398 -0.812698 0.000000
vt -0.000000 -0.825398 0.000000
vt 0.028398 -0.863498 0.000000
vt -0.000000 -0.850798 0.000000
vt 0.028398 -1.012698 0.000000
vt -0.000000 -1.025398 0.000000
vt 0.028398 -1.063498 0.000000
vt -0.000000 -1.050798 0.000000
vt 0.028398 -1.212698 0.000000
vt -0.000000 -1.225398 0.000000
vt 0.028398 -1.263498 0.000000
vt -0.000000 -1.250798 0.000000
vt 0.063500 0.350520 0.000000
vt 0.012700 0.350520 0.000000
vt 0.063500 0.000000 0.000000
vt 0.012700 0.000000 0.000000
vt 0.263500 0.350520 0.000000
vt 0.212700 0.350520 0.000000
vt 0.263500 0.000000 0.000000
vt 0.212700 0.000000 0.000000
vt 0.463499 0.350520 0.000000
vt 0.412699 0.350520 0.000000
vt 0.463499 0.000000 0.000000
vt 0.412699 0.000000 0.000000
vt 0.663499 0.350520 0.000000
vt 0.612699 0.350520 0.000000
vt 0.663499 0.000000 0.000000
vt 0.612699 0.000000 0.000000
vt 0.863498 0.350520 0.000000
vt 0.812698 0.350520 0.000000
vt 0.863498 0.000000 0.000000
vt 0.812698 0.000000 0.000000
vt 1.063498 0.350520 0.000000
vt 1.012698 0.350520 0.000000
vt 1.063498 0.000000 0.000000
vt 1.012698 0.000000 0.000000
vt 1.263498 0.350520 0.000000
vt 1.212698 0.350520 0.000000
vt 1.263498 0.000000 0.000000
vt 1.212698 0.000000 0.000000
vt -0.000000 -1.463497 0.000000
vt 0.022860 -1.463497 0.000000
vt -0.000000 0.000000 0.000000
vt 0.022860 0.000000 0.000000
vt -1.463497 -0.350520 0.000000
vt -1.412697 -0.350520 0.000000
vt -1.463497 0.000000 0.000000
vt -1.412697 0.000000 0.000000
vt 0.028398 -1.450797 0.000000
vt 0.028398 -1.425397 0.000000
vt -0.000000 -1.463497 0.000000
vt -0.000000 -1.412697 0.000000
vt 0.025400 -1.425397 0.000000
vt -0.000000 -1.425397 0.000000
vt 0.025400 -1.450797 0.000000
vt -0.000000 -1.450797 0.000000
vt 0.028398 -1.412697 0.000000
vt -0.000000 -1.425397 0.000000
vt 0.028398 -1.463497 0.000000
vt -0.000000 -1.450797 0.000000
vt 1.463497 0.350520 0.000000
vt 1.412697 0.350520 0.000000
vt 1.463497 0.000000 0.000000
vt 1.412697 0.000000 0.000000
vt -1.463497 -0.350520 0.000000
vt -1.412697 -0.350520 0.000000
vt -1.463497 0.000000 0.000000
vt -1.412697 0.000000 0.000000
vt 0.028398 -1.450797 0.000000
vt 0.028398 -1.425397 0.000000
vt -0.000000 -1.463497 0.000000
vt -0.000000 -1.412697 0.000000
vt 0.025400 -1.425397 0.000000
vt -0.000000 -1.425397 0.000000
vt 0.025400 -1.450797 0.000000
vt -0.000000 -1.450797 0.000000
vt 0.028398 -1.412697 0.000000
vt -0.000000 -1.425397 0.000000
vt 0.028398 -1.463497 0.000000
vt -0.000000 -1.450797 0.000000
vt 1.463497 0.350520 0.000000
vt 1.412697 0.350520 0.000000
vt 1.463497 0.000000 0.000000
vt 1.412697 0.000000 0.000000
vt -0.271450 -1.463497 0.000000
vt -0.250800 -0.663499 0.000000
vt -0.271450 0.000000 0.000000
vt -0.250800 -0.612699 0.000000
vt -0.250800 -0.463499 0.000000
vt -0.200000 -0.612699 0.000000
vt -0.200000 -0.463499 0.000000
vt -0.050800 -0.612699 0.000000
vt -0.050800 -0.463499 0.000000
vt -0.000000 -0.612699 0.000000
vt -0.000000 -0.463499 0.000000
vt 0.020650 0.000000 0.000000
vt -0.000000 -0.412699 0.000000
vt -0.000000 -0.263500 0.000000
vt -0.050800 -0.263500 0.000000
vt -0.250800 -1.463497 0.000000
vt -0.250800 -1.412697 0.000000
vt -0.250800 -1.263498 0.000000
vt -0.250800 -1.212698 0.000000
vt -0.200000 -1.412697 0.000000
vt -0.200000 -1.263498 0.000000
vt -0.050800 -1.412697 0.000000
vt -0.050800 -1.263498 0.000000
vt -0.000000 -1.412697 0.000000
vt -0.000000 -1.263498 0.000000
vt 0.020650 -1.463497 0.000000
vt -0.000000 -1.212698 0.000000
vt -0.000000 -1.063498 0.000000
vt -0.050800 -1.063498 0.000000
vt -0.200000 -1.463497 0.000000
vt -0.050800 -1.463497 0.000000
vt -0.000000 -1.463497 0.000000
vt -0.000000 -0.663499 0.000000
vt -0.000000 -0.812698 0.000000
vt -0.000000 -0.863498 0.000000
vt -0.050800 -0.012700 0.000000
vt -0.000000 -0.012700 0.000000
vt -0.000000 -0.063500 0.000000
vt -0.250800 -0.012700 0.000000
vt -0.250800 -0.063500 0.000000
vt -0.250800 -0.212700 0.000000
vt -0.200000 -0.212700 0.000000
vt -0.200000 -0.012700 0.000000
vt -0.050800 -0.063500 0.000000
vt -0.200000 -0.063500 0.000000
vt -0.050800 -0.212700 0.000000
vt -0.200000 -0.263500 0.000000
vt -0.050800 -0.412699 0.000000
vt -0.200000 -0.412699 0.000000
vt -0.250800 -0.263500 0.000000
vt -0.250800 -0.412699 0.000000
vt -0.050800 -0.663499 0.000000
vt -0.200000 -0.663499 0.000000
vt -0.050800 -0.812698 0.000000
vt -0.200000 -0.812698 0.000000
vt -0.050800 -0.863498 0.000000
vt -0.200000 -0.863498 0.000000
vt -0.050800 -1.012698 0.000000
vt -0.200000 -1.012698 0.000000
vt -0.200000 -1.063498 0.000000
vt -0.050800 -1.212698 0.000000
vt -0.200000 -1.212698 0.000000
vt -0.250800 -0.812698 0.000000
vt -0.250800 -0.863498 0.000000
vt -0.250800 -1.012698 0.000000
vt -0.250800 -1.063498 0.000000
vt -0.000000 -0.212700 0.000000
vt -0.000000 -1.012698 0.000000
vt 0.000000 -1.463497 0.000000
vt 0.022860 -1.463497 0.000000
vt -0.000000 0.000000 0.000000
vt 0.022860 0.000000 0.000000
vt -0.000000 -1.463497 0.000000
vt 0.292100 -1.463497 0.000000
vt -0.000000 0.000000 0.000000
vt 0.292100 0.000000 0.000000
vt -0.146050 0.076200 0.000000
vt 0.146050 0.076200 0.000000
vt -0.146050 0.099060 0.000000
vt 0.146050 0.099060 0.000000
vt -0.146050 0.076200 0.000000
vt -0.125400 0.076200 0.000000
vt -0.146050 0.099060 0.000000
vt -0.074600 0.076200 0.000000
vt 0.074600 0.076200 0.000000
vt -0.125400 -0.274320 0.000000
vt -0.074600 -0.274320 0.000000
vt 0.074600 -0.274320 0.000000
vt 0.125400 -0.274320 0.000000
vt 0.125400 0.076200 0.000000
vt 0.146050 0.099060 0.000000
vt 0.146050 0.076200 0.000000
vt -0.000000 -0.636600 0.000000
vt -0.000000 -0.687400 0.000000
vt 0.028398 -0.649300 0.000000
vt 0.028398 -0.674700 0.000000
vt -0.000000 -0.836600 0.000000
vt -0.000000 -0.887400 0.000000
vt 0.028398 -0.849300 0.000000
vt 0.028398 -0.874700 0.000000
vt 0.636600 0.000000 0.000000
vt 0.687400 0.000000 0.000000
vt 0.636600 0.350520 0.000000
vt 0.687400 0.350520 0.000000
vt 0.000000 -0.674700 0.000000
vt 0.028398 -0.687400 0.000000
vt 0.000000 -0.649300 0.000000
vt 0.028398 -0.636600 0.000000
vt 0.836600 0.000000 0.000000
vt 0.887400 0.000000 0.000000
vt 0.836600 0.350520 0.000000
vt 0.887400 0.350520 0.000000
vt 0.000000 -0.874700 0.000000
vt 0.028398 -0.887400 0.000000
vt 0.000000 -0.849300 0.000000
vt 0.028398 -0.836600 0.000000
vt 0.836600 0.000000 0.000000
vt 0.887400 0.000000 0.000000
vt 0.836600 0.350520 0.000000
vt 0.887400 0.350520 0.000000
vt -0.836600 0.000000 0.000000
vt -0.887400 0.000000 0.000000
vt -0.836600 -0.350520 0.000000
vt -0.887400 -0.350520 0.000000
vt 0.000000 -0.874700 0.000000
vt 0.028398 -0.887400 0.000000
vt 0.000000 -0.849300 0.000000
vt 0.028398 -0.836600 0.000000
vt -0.000000 -0.836600 0.000000
vt -0.000000 -0.887400 0.000000
vt 0.028398 -0.849300 0.000000
vt 0.028398 -0.874700 0.000000
vt 0.836600 0.000000 0.000000
vt 0.887400 0.000000 0.000000
vt 0.836600 0.350520 0.000000
vt 0.887400 0.350520 0.000000
vt -0.836600 0.000000 0.000000
vt -0.887400 0.000000 0.000000
vt -0.836600 -0.350520 0.000000
vt -0.887400 -0.350520 0.000000
vt 0.000000 -0.874700 0.000000
vt 0.028398 -0.887400 0.000000
vt 0.000000 -0.849300 0.000000
vt 0.028398 -0.836600 0.000000
vt -0.000000 -0.836600 0.000000
vt -0.000000 -0.887400 0.000000
vt 0.028398 -0.849300 0.000000
vt 0.028398 -0.874700 0.000000
vt 0.836600 0.000000 0.000000
vt 0.887400 0.000000 0.000000
vt 0.836600 0.350520 0.000000
vt 0.887400 0.350520 0.000000
vt -0.836600 0.000000 0.000000
vt -0.887400 0.000000 0.000000
vt -0.836600 -0.350520 0.000000
vt -0.887400 -0.350520 0.000000
vt 0.000000 -0.874700 0.000000
vt 0.028398 -0.887400 0.000000
vt 0.000000 -0.849300 0.000000
vt 0.028398 -0.836600 0.000000
vt -0.000000 -0.836600 0.000000
vt -0.000000 -0.887400 0.000000
vt 0.028398 -0.849300 0.000000
vt 0.028398 -0.874700 0.000000
vt 0.836600 0.000000 0.000000
vt 0.887400 0.000000 0.000000
vt 0.836600 0.350520 0.000000
vt 0.887400 0.350520 0.000000
vt -0.836600 0.000000 0.000000
vt -0.887400 0.000000 0.000000
vt -0.836600 -0.350520 0.000000
vt -0.887400 -0.350520 0.000000
vt 0.000000 -0.874700 0.000000
vt 0.028398 -0.887400 0.000000
vt 0.000000 -0.849300 0.000000
vt 0.028398 -0.836600 0.000000
vt -0.000000 -0.836600 0.000000
vt -0.000000 -0.887400 0.000000
vt 0.028398 -0.849300 0.000000
vt 0.028398 -0.874700 0.000000
vt 0.836600 0.000000 0.000000
vt 0.887400 0.000000 0.000000
vt 0.836600 0.350520 0.000000
vt 0.887400 0.350520 0.000000
vt -0.836600 0.000000 0.000000
vt -0.887400 0.000000 0.000000
vt -0.836600 -0.350520 0.000000
vt -0.887400 -0.350520 0.000000
vt 0.000000 -0.874700 0.000000
vt 0.028398 -0.887400 0.000000
vt 0.000000 -0.849300 0.000000
vt 0.028398 -0.836600 0.000000
vt -0.000000 -0.836600 0.000000
vt -0.000000 -0.887400 0.000000
vt 0.028398 -0.849300 0.000000
vt 0.028398 -0.874700 0.000000
vt 0.836600 0.000000 0.000000
vt 0.887400 0.000000 0.000000
vt 0.836600 0.350520 0.000000
vt 0.887400 0.350520 0.000000
vt -0.836600 0.000000 0.000000
vt -0.887400 0.000000 0.000000
vt -0.836600 -0.350520 0.000000
vt -0.887400 -0.350520 0.000000
vt 0.000000 -0.874700 0.000000
vt 0.028398 -0.887400 0.000000
vt 0.000000 -0.849300 0.000000
vt 0.028398 -0.836600 0.000000
vt -0.000000 -0.836600 0.000000
vt -0.000000 -0.887400 0.000000
vt 0.028398 -0.849300 0.000000
vt 0.028398 -0.874700 0.000000
vt 0.836600 0.000000 0.000000
vt 0.887400 0.000000 0.000000
vt 0.836600 0.350520 0.000000
vt 0.887400 0.350520 0.000000
vt -0.836600 0.000000 0.000000
vt -0.887400 0.000000 0.000000
vt -0.836600 -0.350520 0.000000
vt -0.887400 -0.350520 0.000000
vt 0.000000 -0.874700 0.000000
vt 0.028398 -0.887400 0.000000
vt 0.000000 -0.849300 0.000000
vt 0.028398 -0.836600 0.000000
vt -0.000000 -0.836600 0.000000
vt -0.000000 -0.887400 0.000000
vt 0.028398 -0.849300 0.000000
vt 0.028398 -0.874700 0.000000
vt 0.636600 0.000000 0.000000
vt 0.687400 0.000000 0.000000
vt 0.636600 0.350520 0.000000
vt 0.687400 0.350520 0.000000
vt -0.636600 0.000000 0.000000
vt -0.687400 0.000000 0.000000
vt -0.636600 -0.350520 0.000000
vt -0.687400 -0.350520 0.000000
vt 0.000000 -0.674700 0.000000
vt 0.028398 -0.687400 0.000000
vt 0.000000 -0.649300 0.000000
vt 0.028398 -0.636600 0.000000
vt -0.000000 -0.636600 0.000000
vt -0.000000 -0.687400 0.000000
vt 0.028398 -0.649300 0.000000
vt 0.028398 -0.674700 0.000000
vt 0.636600 0.000000 0.000000
vt 0.687400 0.000000 0.000000
vt 0.636600 0.350520 0.000000
vt 0.687400 0.350520 0.000000
vt -0.636600 0.000000 0.000000
vt -0.687400 0.000000 0.000000
vt -0.636600 -0.350520 0.000000
vt -0.687400 -0.350520 0.000000
vt 0.000000 -0.674700 0.000000
vt 0.028398 -0.687400 0.000000
vt 0.000000 -0.649300 0.000000
vt 0.028398 -0.636600 0.000000
vt -0.000000 -0.636600 0.000000
vt -0.000000 -0.687400 0.000000
vt 0.028398 -0.649300 0.000000
vt 0.028398 -0.674700 0.000000
vt 0.636600 0.000000 0.000000
vt 0.687400 0.000000 0.000000
vt 0.636600 0.350520 0.000000
vt 0.687400 0.350520 0.000000
vt -0.636600 0.000000 0.000000
vt -0.687400 0.000000 0.000000
vt -0.636600 -0.350520 0.000000
vt -0.687400 -0.350520 0.000000
vt 0.000000 -0.674700 0.000000
vt 0.028398 -0.687400 0.000000
vt 0.000000 -0.649300 0.000000
vt 0.028398 -0.636600 0.000000
vt -0.000000 -0.636600 0.000000
vt -0.000000 -0.687400 0.000000
vt 0.028398 -0.649300 0.000000
vt 0.028398 -0.674700 0.000000
vt 0.636600 0.000000 0.000000
vt 0.687400 0.000000 0.000000
vt 0.636600 0.350520 0.000000
vt 0.687400 0.350520 0.000000
vt -0.636600 0.000000 0.000000
vt -0.687400 0.000000 0.000000
vt -0.636600 -0.350520 0.000000
vt -0.687400 -0.350520 0.000000
vt 0.000000 -0.674700 0.000000
vt 0.028398 -0.687400 0.000000
vt 0.000000 -0.649300 0.000000
vt 0.028398 -0.636600 0.000000
vt -0.000000 -0.636600 0.000000
vt -0.000000 -0.687400 0.000000
vt 0.028398 -0.649300 0.000000
vt 0.028398 -0.674700 0.000000
vt 0.636600 0.000000 0.000000
vt 0.687400 0.000000 0.000000
vt 0.636600 0.350520 0.000000
vt 0.687400 0.350520 0.000000
vt -0.636600 0.000000 0.000000
vt -0.687400 0.000000 0.000000
vt -0.636600 -0.350520 0.000000
vt -0.687400 -0.350520 0.000000
vt 0.000000 -0.674700 0.000000
vt 0.028398 -0.687400 0.000000
vt 0.000000 -0.649300 0.000000
vt 0.028398 -0.636600 0.000000
vt -0.000000 -0.636600 0.000000
vt -0.000000 -0.687400 0.000000
vt 0.028398 -0.649300 0.000000
vt 0.028398 -0.674700 0.000000
vt 0.636600 0.000000 0.000000
vt 0.687400 0.000000 0.000000
vt 0.636600 0.350520 0.000000
vt 0.687400 0.350520 0.000000
vt -0.636600 0.000000 0.000000
vt -0.687400 0.000000 0.000000
vt -0.636600 -0.350520 0.000000
vt -0.687400 -0.350520 0.000000
vt 0.000000 -0.674700 0.000000
vt 0.028398 -0.687400 0.000000
vt 0.000000 -0.649300 0.000000
vt 0.028398 -0.636600 0.000000
vt -0.000000 -0.636600 0.000000
vt -0.000000 -0.687400 0.000000
vt 0.028398 -0.649300 0.000000
vt 0.028398 -0.674700 0.000000
vt -0.000000 -0.636600 0.000000
vt -0.000000 -0.687400 0.000000
vt 0.028398 -0.649300 0.000000
vt 0.028398 -0.674700 0.000000
vt 0.000000 -0.674700 0.000000
vt 0.028398 -0.687400 0.000000
vt 0.000000 -0.649300 0.000000
vt 0.028398 -0.636600 0.000000
vt -0.636600 0.000000 0.000000
vt -0.687400 0.000000 0.000000
vt -0.636600 -0.350520 0.000000
vt -0.687400 -0.350520 0.000000
vt 0.636600 0.000000 0.000000
vt 0.687400 0.000000 0.000000
vt 0.636600 0.350520 0.000000
vt 0.687400 0.350520 0.000000
vn 0.000000 1.000000 0.000000
vn 0.000000 1.000000 0.000000
vn 0.000000 1.000000 0.000000
vn 0.000000 1.000000 0.000000
vn 0.000000 1.000000 0.000000
vn 0.000000 1.000000 0.000000
vn 0.000000 1.000000 0.000000
vn 0.000000 1.000000 0.000000
vn 0.000000 1.000000 0.000000
vn 0.000000 1.000000 0.000000
vn 0.000000 1.000000 0.000000
vn 0.000000 1.000000 0.000000
vn 0.000000 1.000000 0.000000
vn 0.000000 1.000000 0.000000
vn 0.000000 1.000000 0.000000
vn 0.000000 1.000000 0.000000
vn 0.000000 1.000000 0.000000
vn 0.000000 1.000000 0.000000
vn 0.000000 1.000000 0.000000
vn 0.000000 1.000000 0.000000
vn 0.000000 1.000000 0.000000
vn 0.000000 1.000000 0.000000
vn 0.000000 1.000000 0.000000
vn 0.000000 1.000000 0.000000
vn 0.000000 1.000000 0.000000
vn 0.000000 1.000000 0.000000
vn 0.000000 1.000000 0.000000
vn 0.000000 1.000000 0.000000
vn 0.000000 0.894427 -0.447214
vn 0.000000 0.894427 -0.447214
vn 0.000000 0.894427 -0.447214
vn 0.000000 0.894427 -0.447214
vn 0.000000 0.894427 -0.447214
vn 0.000000 0.894427 -0.447214
vn 0.000000 0.894427 -0.447214
vn 0.000000 0.894427 -0.447214
vn 0.000000 0.894427 -0.447214
vn 0.000000 0.894427 -0.447214
vn 0.000000 0.894427 -0.447214
vn 0.000000 0.894427 -0.447214
vn 0.000000 0.894427 -0.447214
vn 0.000000 0.894427 -0.447214
vn 0.000000 0.894427 -0.447214
vn 0.000000 0.894427 -0.447214
vn 0.000000 0.894427 -0.447214
vn 0.000000 0.894427 -0.447214
vn 0.000000 0.894427 -0.447214
vn 0.000000 0.894427 -0.447214
vn 0.000000 0.894427 -0.447214
vn 0.000000 0.894427 -0.447214
vn 0.000000 0.894427 -0.447214
vn 0.000000 0.894427 -0.447214
vn 0.000000 0.894427 -0.447214
vn 0.000000 0.894427 -0.447214
vn 0.000000 0.894427 -0.447214
vn 0.000000 0.894427 -0.447214
vn 0.000000 0.000000 -1.000000
vn 0.000000 0.000000 -1.000000
vn 0.000000 0.000000 -1.000000
vn 0.000000 0.000000 -1.000000
vn 0.000000 0.000000 -1.000000
vn 0.000000 0.000000 -1.000000
vn 0.000000 0.000000 -1.000000
vn 0.000000 0.000000 -1.000000
vn 0.000000 0.000000 -1.000000
vn 0.000000 0.000000 -1.000000
vn 0.000000 0.000000 -1.000000
vn 0.000000 0.000000 -1.000000
vn 0.000000 0.000000 -1.000000
vn 0.000000 0.000000 -1.000000
vn 0.000000 0.000000 -1.000000
vn 0.000000 0.000000 -1.000000
vn 0.000000 0.000000 -1.000000
vn 0.000000 0.000000 -1.000000
vn 0.000000 0.000000 -1.000000
vn 0.000000 0.000000 -1.000000
vn 0.000000 0.000000 -1.000000
vn 0.000000 0.000000 -1.000000
vn 0.000000 0.000000 -1.000000
vn 0.000000 0.000000 -1.000000
vn 0.000000 0.000000 -1.000000
vn 0.000000 0.000000 -1.000000
vn 0.000000 0.000000 -1.000000
vn 0.000000 0.000000 -1.000000
vn -0.000000 -0.894427 -0.447214
vn -0.000000 -0.894427 -0.447214
vn -0.000000 -0.894427 -0.447214
vn -0.000000 -0.894427 -0.447214
vn -0.000000 -0.894427 -0.447214
vn -0.000000 -0.894427 -0.447214
vn -0.000000 -0.894427 -0.447214
vn -0.000000 -0.894427 -0.447214
vn -0.000000 -0.894427 -0.447214
vn -0.000000 -0.894427 -0.447214
vn -0.000000 -0.894427 -0.447214
vn -0.000000 -0.894427 -0.447214
vn -0.000000 -0.894427 -0.447214
vn -0.000000 -0.894427 -0.447214
vn -0.000000 -0.894427 -0.447214
vn -0.000000 -0.894427 -0.447214
vn -0.000000 -0.894427 -0.447214
vn -0.000000 -0.894427 -0.447214
vn -0.000000 -0.894427 -0.447214
vn -0.000000 -0.894427 -0.447214
vn -0.000000 -0.894427 -0.447214
vn -0.000000 -0.894427 -0.447214
vn -0.000000 -0.894427 -0.447214
vn -0.000000 -0.894427 -0.447214
vn -0.000000 -0.894427 -0.447214
vn -0.000000 -0.894427 -0.447214
vn -0.000000 -0.894427 -0.447214
vn -0.000000 -0.894427 -0.447214
vn -0.000000 -1.000000 -0.000000
vn -0.000000 -1.000000 -0.000000
vn -0.000000 -1.000000 -0.000000
vn -0.000000 -1.000000 -0.000000
vn -0.000000 -1.000000 -0.000000
vn -0.000000 -1.000000 -0.000000
vn -0.000000 -1.000000 -0.000000
vn -0.000000 -1.000000 -0.000000
vn -0.000000 -1.000000 -0.000000
vn -0.000000 -1.000000 -0.000000
vn -0.000000 -1.000000 -0.000000
vn -0.000000 -1.000000 -0.000000
vn -0.000000 -1.000000 -0.000000
vn -0.000000 -1.000000 -0.000000
vn -0.000000 -1.000000 -0.000000
vn -0.000000 -1.000000 -0.000000
vn -0.000000 -1.000000 -0.000000
vn -0.000000 -1.000000 -0.000000
vn -0.000000 -1.000000 -0.000000
vn -0.000000 -1.000000 -0.000000
vn -0.000000 -1.000000 -0.000000
vn -0.000000 -1.000000 -0.000000
vn -0.000000 -1.000000 -0.000000
vn -0.000000 -1.000000 -0.000000
vn -0.000000 -1.000000 -0.000000
vn -0.000000 -1.000000 -0.000000
vn -0.000000 -1.000000 -0.000000
vn -0.000000 -1.000000 -0.000000
vn 0.000000 1.000000 0.000000
vn 0.000000 1.000000 0.000000
vn 0.000000 1.000000 0.000000
vn 0.000000 1.000000 0.000000
vn 0.000000 1.000000 0.000000
vn 0.000000 1.000000 0.000000
vn 0.000000 1.000000 0.000000
vn 0.000000 1.000000 0.000000
vn 0.000000 1.000000 0.000000
vn 0.000000 1.000000 0.000000
vn 0.000000 1.000000 0.000000
vn 0.000000 1.000000 0.000000
vn 0.000000 1.000000 0.000000
vn 0.000000 1.000000 0.000000
vn 0.000000 1.000000 0.000000
vn 0.000000 1.000000 0.000000
vn 0.000000 1.000000 0.000000
vn 0.000000 1.000000 0.000000
vn 0.000000 1.000000 0.000000
vn 0.000000 1.000000 0.000000
vn 0.000000 1.000000 0.000000
vn 0.000000 1.000000 0.000000
vn 0.000000 1.000000 0.000000
vn 0.000000 1.000000 0.000000
vn 0.000000 1.000000 0.000000
vn 0.000000 1.000000 0.000000
vn 0.000000 1.000000 0.000000
vn 0.000000 1.000000 0.000000
vn 0.000000 0.894427 -0.447214
vn 0.000000 0.894427 -0.447214
vn 0.000000 0.894427 -0.447214
vn 0.000000 0.894427 -0.447214
vn 0.000000 0.894427 -0.447214
vn 0.000000 0.894427 -0.447214
vn 0.000000 0.894427 -0.447214
vn 0.000000 0.894427 -0.447214
vn 0.000000 0.894427 -0.447214
vn 0.000000 0.894427 -0.447214
vn 0.000000 0.894427 -0.447214
vn 0.000000 0.894427 -0.447214
vn 0.000000 0.894427 -0.447214
vn 0.000000 0.894427 -0.447214
vn 0.000000 0.894427 -0.447214
vn 0.000000 0.894427 -0.447214
vn 0.000000 0.894427 -0.447214
vn 0.000000 0.894427 -0.447214
vn 0.000000 0.894427 -0.447214
vn 0.000000 0.894427 -0.447214
vn 0.000000 0.894427 -0.447214
vn 0.000000 0.894427 -0.447214
vn 0.000000 0.894427 -0.447214
vn 0.000000 0.894427 -0.447214
vn 0.000000 0.894427 -0.447214
vn 0.000000 0.894427 -0.447214
vn 0.000000 0.894427 -0.447214
vn 0.000000 0.894427 -0.447214
vn 0.000000 0.000000 -1.000000
vn 0.000000 0.000000 -1.000000
vn 0.000000 0.000000 -1.000000
vn 0.000000 0.000000 -1.000000
vn 0.000000 0.000000 -1.000000
vn 0.000000 0.000000 -1.000000
vn 0.000000 0.000000 -1.000000
vn 0.000000 0.000000 -1.000000
vn 0.000000 0.000000 -1.000000
vn 0.000000 0.000000 -1.000000
vn 0.000000 0.000000 -1.000000
vn 0.000000 0.000000 -1.000000
vn 0.000000 0.000000 -1.000000
vn 0.000000 0.000000 -1.000000
vn 0.000000 0.000000 -1.000000
vn 0.000000 0.000000 -1.000000
vn 0.000000 0.000000 -1.000000
vn 0.000000 0.000000 -1.000000
vn 0.000000 0.000000 -1.000000
vn 0.000000 0.000000 -1.000000
vn 0.000000 0.000000 -1.000000
vn 0.000000 0.000000 -1.000000
vn 0.000000 0.000000 -1.000000
vn 0.000000 0.000000 -1.000000
vn 0.000000 0.000000 -1.000000
vn 0.000000 0.000000 -1.000000
vn 0.000000 0.000000 -1.000000
vn 0.000000 0.000000 -1.000000
vn -0.000000 -0.894427 -0.447214
vn -0.000000 -0.894427 -0.447214
vn -0.000000 -0.894427 -0.447214
vn -0.000000 -0.894427 -0.447214
vn -0.000000 -0.894427 -0.447214
vn -0.000000 -0.894427 -0.447214
vn -0.000000 -0.894427 -0.447214
vn -0.000000 -0.894427 -0.447214
vn -0.000000 -0.894427 -0.447214
vn -0.000000 -0.894427 -0.447214
vn -0.000000 -0.894427 -0.447214
vn -0.000000 -0.894427 -0.447214
vn -0.000000 -0.894427 -0.447214
vn -0.000000 -0.894427 -0.447214
vn -0.000000 -0.894427 -0.447214
vn -0.000000 -0.894427 -0.447214
vn -0.000000 -0.894427 -0.447214
vn -0.000000 -0.894427 -0.447214
vn -0.000000 -0.894427 -0.447214
vn -0.000000 -0.894427 -0.447214
vn -0.000000 -0.894427 -0.447214
vn -0.000000 -0.894427 -0.447214
vn -0.000000 -0.894427 -0.447214
vn -0.000000 -0.894427 -0.447214
vn -0.000000 -0.894427 -0.447214
vn -0.000000 -0.894427 -0.447214
vn -0.000000 -0.894427 -0.447214
vn -0.000000 -0.894427 -0.447214
vn -0.000000 -1.000000 -0.000000
vn -0.000000 -1.000000 -0.000000
vn -0.000000 -1.000000 -0.000000
vn -0.000000 -1.000000 -0.000000
vn -0.000000 -1.000000 -0.000000
vn -0.000000 -1.000000 -0.000000
vn -0.000000 -1.000000 -0.000000
vn -0.000000 -1.000000 -0.000000
vn -0.000000 -1.000000 -0.000000
vn -0.000000 -1.000000 -0.000000
vn -0.000000 -1.000000 -0.000000
vn -0.000000 -1.000000 -0.000000
vn -0.000000 -1.000000 -0.000000
vn -0.000000 -1.000000 -0.000000
vn -0.000000 -1.000000 -0.000000
vn -0.000000 -1.000000 -0.000000
vn -0.000000 -1.000000 -0.000000
vn -0.000000 -1.000000 -0.000000
vn -0.000000 -1.000000 -0.000000
vn -0.000000 -1.000000 -0.000000
vn -0.000000 -1.000000 -0.000000
vn -0.000000 -1.000000 -0.000000
vn -0.000000 -1.000000 -0.000000
vn -0.000000 -1.000000 -0.000000
vn -0.000000 -1.000000 -0.000000
vn -0.000000 -1.000000 -0.000000
vn -0.000000 -1.000000 -0.000000
vn -0.000000 -1.000000 -0.000000
vn 0.000000 1.000000 -0.000000
vn 0.000000 1.000000 -0.000000
vn 0.000000 1.000000 -0.000000
vn 0.000000 1.000000 -0.000000
vn 0.000000 1.000000 0.000000
vn 0.000000 1.000000 0.000000
vn 0.000000 1.000000 0.000000
vn 0.000000 1.000000 0.000000
vn 0.000000 0.894427 -0.447214
vn 0.000000 0.894427 -0.447214
vn 0.000000 0.894427 -0.447214
vn 0.000000 0.894427 -0.447214
vn 0.000000 0.000000 -1.000000
vn 0.000000 0.000000 -1.000000
vn 0.000000 0.000000 -1.000000
vn 0.000000 0.000000 -1.000000
vn -0.000000 -0.894427 -0.447214
vn -0.000000 -0.894427 -0.447214
vn -0.000000 -0.894427 -0.447214
vn -0.000000 -0.894427 -0.447214
vn -0.000000 -1.000000 -0.000000
vn -0.000000 -1.000000 -0.000000
vn -0.000000 -1.000000 -0.000000
vn -0.000000 -1.000000 -0.000000
vn 0.000000 1.000000 0.000000
vn 0.000000 1.000000 0.000000
vn 0.000000 1.000000 0.000000
vn 0.000000 1.000000 0.000000
vn 0.000000 0.894427 -0.447214
vn 0.000000 0.894427 -0.447214
vn 0.000000 0.894427 -0.447214
vn 0.000000 0.894427 -0.447214
vn 0.000000 0.000000 -1.000000
vn 0.000000 0.000000 -1.000000
vn 0.000000 0.000000 -1.000000
vn 0.000000 0.000000 -1.000000
vn -0.000000 -0.894427 -0.447214
vn -0.000000 -0.894427 -0.447214
vn -0.000000 -0.894427 -0.447214
vn -0.000000 -0.894427 -0.447214
vn -0.000000 -1.000000 -0.000000
vn -0.000000 -1.000000 -0.000000
vn -0.000000 -1.000000 -0.000000
vn -0.000000 -1.000000 -0.000000
vn 0.000000 0.000000 -1.000000
vn 0.000000 0.000000 -1.000000
vn 0.000000 0.000000 -1.000000
vn 0.000000 0.000000 -1.000000
vn 0.000000 0.000000 -1.000000
vn 0.000000 0.000000 -1.000000
vn 0.000000 0.000000 -1.000000
vn 0.000000 0.000000 -1.000000
vn 0.000000 0.000000 -1.000000
vn 0.000000 0.000000 -1.000000
vn 0.000000 0.000000 -1.000000
vn 0.000000 0.000000 -1.000000
vn 0.000000 0.000000 -1.000000
vn 0.000000 0.000000 -1.000000
vn 0.000000 0.000000 -1.000000
vn 0.000000 0.000000 -1.000000
vn 0.000000 0.000000 -1.000000
vn 0.000000 0.000000 -1.000000
vn 0.000000 0.000000 -1.000000
vn 0.000000 0.000000 -1.000000
vn 0.000000 0.000000 -1.000000
vn 0.000000 0.000000 -1.000000
vn 0.000000 0.000000 -1.000000
vn 0.000000 0.000000 -1.000000
vn 0.000000 0.000000 -1.000000
vn 0.000000 0.000000 -1.000000
vn 0.000000 0.000000 -1.000000
vn 0.000000 0.000000 -1.000000
vn 0.000000 0.000000 -1.000000
vn 0.000000 0.000000 -1.000000
vn 0.000000 0.000000 -1.000000
vn 0.000000 0.000000 -1.000000
vn 0.000000 0.000000 -1.000000
vn 0.000000 0.000000 -1.000000
vn 0.000000 0.000000 -1.000000
vn 0.000000 0.000000 -1.000000
vn 0.000000 0.000000 -1.000000
vn 0.000000 0.000000 -1.000000
vn 0.000000 0.000000 -1.000000
vn 0.000000 0.000000 -1.000000
vn 0.000000 0.000000 -1.000000
vn 0.000000 0.000000 -1.000000
vn 0.000000 0.000000 -1.000000
vn 0.000000 0.000000 -1.000000
vn 0.000000 0.000000 -1.000000
vn 0.000000 0.000000 -1.000000
vn 0.000000 0.000000 -1.000000
vn 0.000000 0.000000 -1.000000
vn 0.000000 0.000000 -1.000000
vn 0.000000 0.000000 -1.000000
vn 0.000000 0.000000 -1.000000
vn 0.000000 0.000000 -1.000000
vn 0.000000 0.000000 -1.000000
vn 0.000000 0.000000 -1.000000
vn 0.000000 0.000000 -1.000000
vn 0.000000 0.000000 -1.000000
vn 0.000000 0.000000 -1.000000
vn 0.000000 0.000000 -1.000000
vn 0.000000 0.000000 -1.000000
vn 0.000000 0.000000 -1.000000
vn 0.000000 0.000000 -1.000000
vn 0.000000 0.000000 -1.000000
vn 0.000000 0.000000 -1.000000
vn 0.000000 0.000000 -1.000000
vn 0.000000 0.000000 -1.000000
vn 0.000000 0.000000 -1.000000
vn 0.000000 0.000000 -1.000000
vn 0.000000 0.000000 -1.000000
vn -0.000000 -1.000000 0.000000
vn -0.000000 -1.000000 0.000000
vn -0.000000 -1.000000 0.000000
vn -0.000000 -1.000000 0.000000
vn -0.000000 -0.000000 1.000000
vn -0.000000 -0.000000 1.000000
vn -0.000000 -0.000000 1.000000
vn -0.000000 -0.000000 1.000000
vn -1.000000 0.000000 -0.000000
vn -1.000000 0.000000 -0.000000
vn -1.000000 0.000000 -0.000000
vn -1.000000 0.000000 -0.000000
vn 1.000000 -0.000000 0.000000
vn 1.000000 -0.000000 0.000000
vn 1.000000 -0.000000 0.000000
vn 1.000000 -0.000000 0.000000
vn 1.000000 -0.000000 0.000000
vn 1.000000 -0.000000 0.000000
vn 1.000000 -0.000000 0.000000
vn 1.000000 -0.000000 0.000000
vn 1.000000 -0.000000 0.000000
vn 1.000000 -0.000000 0.000000
vn 1.000000 -0.000000 0.000000
vn 1.000000 -0.000000 0.000000
vn 0.894427 -0.000000 -0.447214
vn 0.894427 -0.000000 -0.447214
vn 0.894427 -0.000000 -0.447214
vn 0.894427 -0.000000 -0.447214
vn 0.894427 -0.000000 -0.447214
vn 0.894427 -0.000000 -0.447214
vn 0.894427 -0.000000 -0.447214
vn 0.894427 -0.000000 -0.447214
vn -1.000000 0.000000 -0.000000
vn -1.000000 0.000000 -0.000000
vn -1.000000 0.000000 -0.000000
vn -1.000000 0.000000 -0.000000
vn -0.894427 0.000000 -0.447214
vn -0.894427 0.000000 -0.447214
vn -0.894427 0.000000 -0.447214
vn -0.894427 0.000000 -0.447214
vn -1.000000 0.000000 -0.000000
vn -1.000000 0.000000 -0.000000
vn -1.000000 0.000000 -0.000000
vn -1.000000 0.000000 -0.000000
vn -0.894427 0.000000 -0.447214
vn -0.894427 0.000000 -0.447214
vn -0.894427 0.000000 -0.447214
vn -0.894427 0.000000 -0.447214
vn -1.000000 0.000000 -0.000000
vn -1.000000 0.000000 -0.000000
vn -1.000000 0.000000 -0.000000
vn -1.000000 0.000000 -0.000000
vn 1.000000 -0.000000 0.000000
vn 1.000000 -0.000000 0.000000
vn 1.000000 -0.000000 0.000000
vn 1.000000 -0.000000 0.000000
vn -0.894427 0.000000 -0.447214
vn -0.894427 0.000000 -0.447214
vn -0.894427 0.000000 -0.447214
vn -0.894427 0.000000 -0.447214
vn 0.894427 -0.000000 -0.447214
vn 0.894427 -0.000000 -0.447214
vn 0.894427 -0.000000 -0.447214
vn 0.894427 -0.000000 -0.447214
vn -1.000000 0.000000 -0.000000
vn -1.000000 0.000000 -0.000000
vn -1.000000 0.000000 -0.000000
vn -1.000000 0.000000 -0.000000
vn 1.000000 -0.000000 0.000000
vn 1.000000 -0.000000 0.000000
vn 1.000000 -0.000000 0.000000
vn 1.000000 -0.000000 0.000000
vn -0.894427 0.000000 -0.447214
vn -0.894427 0.000000 -0.447214
vn -0.894427 0.000000 -0.447214
vn -0.894427 0.000000 -0.447214
vn 0.894427 -0.000000 -0.447214
vn 0.894427 -0.000000 -0.447214
vn 0.894427 -0.000000 -0.447214
vn 0.894427 -0.000000 -0.447214
vn -1.000000 0.000000 -0.000000
vn -1.000000 0.000000 -0.000000
vn -1.000000 0.000000 -0.000000
vn -1.000000 0.000000 -0.000000
vn 1.000000 -0.000000 0.000000
vn 1.000000 -0.000000 0.000000
vn 1.000000 -0.000000 0.000000
vn 1.000000 -0.000000 0.000000
vn -0.894427 0.000000 -0.447214
vn -0.894427 0.000000 -0.447214
vn -0.894427 0.000000 -0.447214
vn -0.894427 0.000000 -0.447214
vn 0.894427 -0.000000 -0.447214
vn 0.894427 -0.000000 -0.447214
vn 0.894427 -0.000000 -0.447214
vn 0.894427 -0.000000 -0.447214
vn -1.000000 0.000000 -0.000000
vn -1.000000 0.000000 -0.000000
vn -1.000000 0.000000 -0.000000
vn -1.000000 0.000000 -0.000000
vn 1.000000 -0.000000 0.000000
vn 1.000000 -0.000000 0.000000
vn 1.000000 -0.000000 0.000000
vn 1.000000 -0.000000 0.000000
vn -0.894427 0.000000 -0.447214
vn -0.894427 0.000000 -0.447214
vn -0.894427 0.000000 -0.447214
vn -0.894427 0.000000 -0.447214
vn 0.894427 -0.000000 -0.447214
vn 0.894427 -0.000000 -0.447214
vn 0.894427 -0.000000 -0.447214
vn 0.894427 -0.000000 -0.447214
vn -1.000000 0.000000 -0.000000
vn -1.000000 0.000000 -0.000000
vn -1.000000 0.000000 -0.000000
vn -1.000000 0.000000 -0.000000
vn 1.000000 -0.000000 0.000000
vn 1.000000 -0.000000 0.000000
vn 1.000000 -0.000000 0.000000
vn 1.000000 -0.000000 0.000000
vn -0.894427 0.000000 -0.447214
vn -0.894427 0.000000 -0.447214
vn -0.894427 0.000000 -0.447214
vn -0.894427 0.000000 -0.447214
vn 0.894427 -0.000000 -0.447214
vn 0.894427 -0.000000 -0.447214
vn 0.894427 -0.000000 -0.447214
vn 0.894427 -0.000000 -0.447214
vn -1.000000 0.000000 -0.000000
vn -1.000000 0.000000 -0.000000
vn -1.000000 0.000000 -0.000000
vn -1.000000 0.000000 -0.000000
vn 1.000000 -0.000000 0.000000
vn 1.000000 -0.000000 0.000000
vn 1.000000 -0.000000 0.000000
vn 1.000000 -0.000000 0.000000
vn -0.894427 0.000000 -0.447214
vn -0.894427 0.000000 -0.447214
vn -0.894427 0.000000 -0.447214
vn -0.894427 0.000000 -0.447214
vn 0.894427 -0.000000 -0.447214
vn 0.894427 -0.000000 -0.447214
vn 0.894427 -0.000000 -0.447214
vn 0.894427 -0.000000 -0.447214
vn -1.000000 0.000000 -0.000000
vn -1.000000 0.000000 -0.000000
vn -1.000000 0.000000 -0.000000
vn -1.000000 0.000000 -0.000000
vn 1.000000 -0.000000 0.000000
vn 1.000000 -0.000000 0.000000
vn 1.000000 -0.000000 0.000000
vn 1.000000 -0.000000 0.000000
vn -0.894427 0.000000 -0.447214
vn -0.894427 0.000000 -0.447214
vn -0.894427 0.000000 -0.447214
vn -0.894427 0.000000 -0.447214
vn 0.894427 -0.000000 -0.447214
vn 0.894427 -0.000000 -0.447214
vn 0.894427 -0.000000 -0.447214
vn 0.894427 -0.000000 -0.447214
vn -1.000000 0.000000 -0.000000
vn -1.000000 0.000000 -0.000000
vn -1.000000 0.000000 -0.000000
vn -1.000000 0.000000 -0.000000
vn 1.000000 -0.000000 0.000000
vn 1.000000 -0.000000 0.000000
vn 1.000000 -0.000000 0.000000
vn 1.000000 -0.000000 0.000000
vn -0.894427 0.000000 -0.447214
vn -0.894427 0.000000 -0.447214
vn -0.894427 0.000000 -0.447214
vn -0.894427 0.000000 -0.447214
vn 0.894427 -0.000000 -0.447214
vn 0.894427 -0.000000 -0.447214
vn 0.894427 -0.000000 -0.447214
vn 0.894427 -0.000000 -0.447214
vn -1.000000 0.000000 -0.000000
vn -1.000000 0.000000 -0.000000
vn -1.000000 0.000000 -0.000000
vn -1.000000 0.000000 -0.000000
vn 1.000000 -0.000000 0.000000
vn 1.000000 -0.000000 0.000000
vn 1.000000 -0.000000 0.000000
vn 1.000000 -0.000000 0.000000
vn -0.894427 0.000000 -0.447214
vn -0.894427 0.000000 -0.447214
vn -0.894427 0.000000 -0.447214
vn -0.894427 0.000000 -0.447214
vn 0.894427 -0.000000 -0.447214
vn 0.894427 -0.000000 -0.447214
vn 0.894427 -0.000000 -0.447214
vn 0.894427 -0.000000 -0.447214
vn -1.000000 0.000000 -0.000000
vn -1.000000 0.000000 -0.000000
vn -1.000000 0.000000 -0.000000
vn -1.000000 0.000000 -0.000000
vn 1.000000 -0.000000 0.000000
vn 1.000000 -0.000000 0.000000
vn 1.000000 -0.000000 0.000000
vn 1.000000 -0.000000 0.000000
vn -0.894427 0.000000 -0.447214
vn -0.894427 0.000000 -0.447214
vn -0.894427 0.000000 -0.447214
vn -0.894427 0.000000 -0.447214
vn 0.894427 -0.000000 -0.447214
vn 0.894427 -0.000000 -0.447214
vn 0.894427 -0.000000 -0.447214
vn 0.894427 -0.000000 -0.447214
vn -1.000000 0.000000 -0.000000
vn -1.000000 0.000000 -0.000000
vn -1.000000 0.000000 -0.000000
vn -1.000000 0.000000 -0.000000
vn 1.000000 -0.000000 0.000000
vn 1.000000 -0.000000 0.000000
vn 1.000000 -0.000000 0.000000
vn 1.000000 -0.000000 0.000000
vn -0.894427 0.000000 -0.447214
vn -0.894427 0.000000 -0.447214
vn -0.894427 0.000000 -0.447214
vn -0.894427 0.000000 -0.447214
vn 0.894427 -0.000000 -0.447214
vn 0.894427 -0.000000 -0.447214
vn 0.894427 -0.000000 -0.447214
vn 0.894427 -0.000000 -0.447214
vn -1.000000 0.000000 -0.000000
vn -1.000000 0.000000 -0.000000
vn -1.000000 0.000000 -0.000000
vn -1.000000 0.000000 -0.000000
vn 1.000000 -0.000000 0.000000
vn 1.000000 -0.000000 0.000000
vn 1.000000 -0.000000 0.000000
vn 1.000000 -0.000000 0.000000
vn -0.894427 0.000000 -0.447214
vn -0.894427 0.000000 -0.447214
vn -0.894427 0.000000 -0.447214
vn -0.894427 0.000000 -0.447214
vn 0.894427 -0.000000 -0.447214
vn 0.894427 -0.000000 -0.447214
vn 0.894427 -0.000000 -0.447214
vn 0.894427 -0.000000 -0.447214
vn -1.000000 0.000000 -0.000000
vn -1.000000 0.000000 -0.000000
vn -1.000000 0.000000 -0.000000
vn -1.000000 0.000000 -0.000000
vn 1.000000 -0.000000 0.000000
vn 1.000000 -0.000000 0.000000
vn 1.000000 -0.000000 0.000000
vn 1.000000 -0.000000 0.000000
vn -0.894427 0.000000 -0.447214
vn -0.894427 0.000000 -0.447214
vn -0.894427 0.000000 -0.447214
vn -0.894427 0.000000 -0.447214
vn 0.894427 -0.000000 -0.447214
vn 0.894427 -0.000000 -0.447214
vn 0.894427 -0.000000 -0.447214
vn 0.894427 -0.000000 -0.447214
vn 0.894427 -0.000000 -0.447214
vn 0.894427 -0.000000 -0.447214
vn 0.894427 -0.000000 -0.447214
vn 0.894427 -0.000000 -0.447214
vn -0.894427 0.000000 -0.447214
vn -0.894427 0.000000 -0.447214
vn -0.894427 0.000000 -0.447214
vn -0.894427 0.000000 -0.447214
vn 1.000000 -0.000000 0.000000
vn 1.000000 -0.000000 0.000000
vn 1.000000 -0.000000 0.000000
vn 1.000000 -0.000000 0.000000
vn -1.000000 0.000000 -0.000000
vn -1.000000 0.000000 -0.000000
vn -1.000000 0.000000 -0.000000
vn -1.000000 0.000000 -0.000000
usemtl Opaque(191,191,191)
f 345/1097/1097 346/1098/1098 348/1099/1099
f 348/1099/1099 346/1098/1098 347/1100/1100
f 349/1101/1101 350/1102/1102 352/1103/1103
f 352/1103/1103 350/1102/1102 351/1104/1104
f 353/1105/1105 354/1106/1106 356/1107/1107
f 356/1107/1107 354/1106/1106 355/1108/1108
f 357/1109/1109 358/1110/1110 360/1111/1111
f 360/1111/1111 358/1110/1110 359/1112/1112
f 361/1113/1113 362/1114/1114 364/1115/1115
f 364/1115/1115 362/1114/1114 363/1116/1116
f 365/1117/1117 366/1118/1118 368/1119/1119
f 368/1119/1119 366/1118/1118 367/1120/1120
f 369/1121/1121 370/1122/1122 372/1123/1123
f 372/1123/1123 370/1122/1122 371/1124/1124
f 373/1125/1125 374/1126/1126 345/1127/1127
f 345/1127/1127 374/1126/1126 346/1128/1128
f 375/1129/1129 376/1130/1130 349/1131/1131
f 349/1131/1131 376/1130/1130 350/1132/1132
f 377/1133/1133 378/1134/1134 353/1135/1135
f 353/1135/1135 378/1134/1134 354/1136/1136
f 379/1137/1137 380/1138/1138 357/1139/1139
f 357/1139/1139 380/1138/1138 358/1140/1140
f 381/1141/1141 382/1142/1142 361/1143/1143
f 361/1143/1143 382/1142/1142 362/1144/1144
f 383/1145/1145 384/1146/1146 365/1147/1147
f 365/1147/1147 384/1146/1146 366/1148/1148
f 385/1149/1149 386/1150/1150 369/1151/1151
f 369/1151/1151 386/1150/1150 370/1152/1152
f 388/1153/1153 374/1154/1154 387/1155/1155
f 387/1155/1155 374/1154/1154 373/1156/1156
f 390/1157/1157 376/1158/1158 389/1159/1159
f 389/1159/1159 376/1158/1158 375/1160/1160
f 392/1161/1161 378/1162/1162 391/1163/1163
f 391/1163/1163 378/1162/1162 377/1164/1164
f 394/1165/1165 380/1166/1166 393/1167/1167
f 393/1167/1167 380/1166/1166 379/1168/1168
f 396/1169/1169 382/1170/1170 395/1171/1171
f 395/1171/1171 382/1170/1170 381/1172/1172
f 398/1173/1173 384/1174/1174 397/1175/1175
f 397/1175/1175 384/1174/1174 383/1176/1176
f 400/1177/1177 386/1178/1178 399/1179/1179
f 399/1179/1179 386/1178/1178 385/1180/1180
f 402/1181/1181 388/1182/1182 401/1183/1183
f 401/1183/1183 388/1182/1182 387/1184/1184
f 404/1185/1185 390/1186/1186 403/1187/1187
f 403/1187/1187 390/1186/1186 389/1188/1188
f 406/1189/1189 392/1190/1190 405/1191/1191
f 405/1191/1191 392/1190/1190 391/1192/1192
f 408/1193/1193 394/1194/1194 407/1195/1195
f 407/1195/1195 394/1194/1194 393/1196/1196
f 410/1197/1197 396/1198/1198 409/1199/1199
f 409/1199/1199 396/1198/1198 395/1200/1200
f 412/1201/1201 398/1202/1202 411/1203/1203
f 411/1203/1203 398/1202/1202 397/1204/1204
f 414/1205/1205 400/1206/1206 413/1207/1207
f 413/1207/1207 400/1206/1206 399/1208/1208
f 415/1209/1209 416/1210/1210 401/1211/1211
f 401/1211/1211 416/1210/1210 402/1212/1212
f 417/1213/1213 418/1214/1214 403/1215/1215
f 403/1215/1215 418/1214/1214 404/1216/1216
f 419/1217/1217 420/1218/1218 405/1219/1219
f 405/1219/1219 420/1218/1218 406/1220/1220
f 421/1221/1221 422/1222/1222 407/1223/1223
f 407/1223/1223 422/1222/1222 408/1224/1224
f 423/1225/1225 424/1226/1226 409/1227/1227
f 409/1227/1227 424/1226/1226 410/1228/1228
f 425/1229/1229 426/1230/1230 411/1231/1231
f 411/1231/1231 426/1230/1230 412/1232/1232
f 427/1233/1233 428/1234/1234 413/1235/1235
f 413/1235/1235 428/1234/1234 414/1236/1236
f 429/1237/1237 430/1238/1238 432/1239/1239
f 432/1239/1239 430/1238/1238 431/1240/1240
f 433/1241/1241 434/1242/1242 436/1243/1243
f 436/1243/1243 434/1242/1242 435/1244/1244
f 437/1245/1245 438/1246/1246 440/1247/1247
f 440/1247/1247 438/1246/1246 439/1248/1248
f 441/1249/1249 442/1250/1250 444/1251/1251
f 444/1251/1251 442/1250/1250 443/1252/1252
f 445/1253/1253 446/1254/1254 448/1255/1255
f 448/1255/1255 446/1254/1254 447/1256/1256
f 449/1257/1257 450/1258/1258 452/1259/1259
f 452/1259/1259 450/1258/1258 451/1260/1260
f 453/1261/1261 454/1262/1262 456/1263/1263
f 456/1263/1263 454/1262/1262 455/1264/1264
f 457/1265/1265 458/1266/1266 429/1267/1267
f 429/1267/1267 458/1266/1266 430/1268/1268
f 459/1269/1269 460/1270/1270 433/1271/1271
f 433/1271/1271 460/1270/1270 434/1272/1272
f 461/1273/1273 462/1274/1274 437/1275/1275
f 437/1275/1275 462/1274/1274 438/1276/1276
f 463/1277/1277 464/1278/1278 441/1279/1279
f 441/1279/1279 464/1278/1278 442/1280/1280
f 465/1281/1281 466/1282/1282 445/1283/1283
f 445/1283/1283 466/1282/1282 446/1284/1284
f 467/1285/1285 468/1286/1286 449/1287/1287
f 449/1287/1287 468/1286/1286 450/1288/1288
f 469/1289/1289 470/1290/1290 453/1291/1291
f 453/1291/1291 470/1290/1290 454/1292/1292
f 472/1293/1293 458/1294/1294 471/1295/1295
f 471/1295/1295 458/1294/1294 457/1296/1296
f 474/1297/1297 460/1298/1298 473/1299/1299
f 473/1299/1299 460/1298/1298 459/1300/1300
f 476/1301/1301 462/1302/1302 475/1303/1303
f 475/1303/1303 462/1302/1302 461/1304/1304
f 478/1305/1305 464/1306/1306 477/1307/1307
f 477/1307/1307 464/1306/1306 463/1308/1308
f 480/1309/1309 466/1310/1310 479/1311/1311
f 479/1311/1311 466/1310/1310 465/1312/1312
f 482/1313/1313 468/1314/1314 481/1315/1315
f 481/1315/1315 468/1314/1314 467/1316/1316
f 484/1317/1317 470/1318/1318 483/1319/1319
f 483/1319/1319 470/1318/1318 469/1320/1320
f 486/1321/1321 472/1322/1322 485/1323/1323
f 485/1323/1323 472/1322/1322 471/1324/1324
f 488/1325/1325 474/1326/1326 487/1327/1327
f 487/1327/1327 474/1326/1326 473/1328/1328
f 490/1329/1329 476/1330/1330 489/1331/1331
f 489/1331/1331 476/1330/1330 475/1332/1332
f 492/1333/1333 478/1334/1334 491/1335/1335
f 491/1335/1335 478/1334/1334 477/1336/1336
f 494/1337/1337 480/1338/1338 493/1339/1339
f 493/1339/1339 480/1338/1338 479/1340/1340
f 496/1341/1341 482/1342/1342 495/1343/1343
f 495/1343/1343 482/1342/1342 481/1344/1344
f 498/1345/1345 484/1346/1346 497/1347/1347
f 497/1347/1347 484/1346/1346 483/1348/1348
f 499/1349/1349 500/1350/1350 485/1351/1351
f 485/1351/1351 500/1350/1350 486/1352/1352
f 501/1353/1353 502/1354/1354 487/1355/1355
f 487/1355/1355 502/1354/1354 488/1356/1356
f 503/1357/1357 504/1358/1358 489/1359/1359
f 489/1359/1359 504/1358/1358 490/1360/1360
f 505/1361/1361 506/1362/1362 491/1363/1363
f 491/1363/1363 506/1362/1362 492/1364/1364
f 507/1365/1365 508/1366/1366 493/1367/1367
f 493/1367/1367 508/1366/1366 494/1368/1368
f 509/1369/1369 510/1370/1370 495/1371/1371
f 495/1371/1371 510/1370/1370 496/1372/1372
f 511/1373/1373 512/1374/1374 497/1375/1375
f 497/1375/1375 512/1374/1374 498/1376/1376
f 513/1377/1377 514/1378/1378 516/1379/1379
f 516/1379/1379 514/1378/1378 515/1380/1380
f 517/1381/1381 518/1382/1382 520/1383/1383
f 520/1383/1383 518/1382/1382 519/1384/1384
f 521/1385/1385 522/1386/1386 517/1387/1387
f 517/1387/1387 522/1386/1386 518/1388/1388
f 524/1389/1389 522/1390/1390 523/1391/1391
f 523/1391/1391 522/1390/1390 521/1392/1392
f 526/1393/1393 524/1394/1394 525/1395/1395
f 525/1395/1395 524/1394/1394 523/1396/1396
f 527/1397/1397 528/1398/1398 525/1399/1399
f 525/1399/1399 528/1398/1398 526/1400/1400
f 529/1401/1401 530/1402/1402 532/1403/1403
f 532/1403/1403 530/1402/1402 531/1404/1404
f 533/1405/1405 534/1406/1406 529/1407/1407
f 529/1407/1407 534/1406/1406 530/1408/1408
f 536/1409/1409 534/1410/1410 535/1411/1411
f 535/1411/1411 534/1410/1410 533/1412/1412
f 538/1413/1413 536/1414/1414 537/1415/1415
f 537/1415/1415 536/1414/1414 535/1416/1416
f 539/1417/1417 540/1418/1418 537/1419/1419
f 537/1419/1419 540/1418/1418 538/1420/1420
f 514/1421/1421 360/1422/1422 515/1423/1423
f 515/1423/1423 360/1422/1422 359/1424/1424
f 515/1423/1423 359/1424/1424 356/1425/1425
f 356/1425/1425 359/1424/1424 422/1426/1426
f 356/1425/1425 422/1426/1426 419/1427/1427
f 419/1427/1427 422/1426/1426 443/1428/1428
f 419/1427/1427 443/1428/1428 440/1429/1429
f 440/1429/1429 443/1428/1428 506/1430/1430
f 440/1429/1429 506/1430/1430 503/1431/1431
f 503/1431/1431 506/1430/1430 542/1432/1432
f 503/1431/1431 542/1432/1432 504/1433/1433
f 504/1433/1433 542/1432/1432 501/1434/1434
f 504/1433/1433 501/1434/1434 436/1435/1435
f 520/1436/1436 519/1437/1437 514/1421/1421
f 514/1421/1421 519/1437/1437 372/1438/1438
f 514/1421/1421 372/1438/1438 371/1439/1439
f 519/1437/1437 528/1440/1440 372/1438/1438
f 372/1438/1438 528/1440/1440 427/1441/1441
f 427/1441/1441 528/1440/1440 531/1442/1442
f 427/1441/1441 531/1442/1442 456/1443/1443
f 456/1443/1443 531/1442/1442 540/1444/1444
f 456/1443/1443 540/1444/1444 511/1445/1445
f 511/1445/1445 540/1444/1444 541/1446/1446
f 511/1445/1445 541/1446/1446 512/1447/1447
f 512/1447/1447 541/1446/1446 509/1448/1448
f 512/1447/1447 509/1448/1448 452/1449/1449
f 527/1450/1450 532/1451/1451 528/1440/1440
f 528/1440/1440 532/1451/1451 531/1442/1442
f 540/1444/1444 539/1452/1452 541/1446/1446
f 542/1432/1432 505/1453/1453 541/1446/1446
f 541/1446/1446 505/1453/1453 508/1454/1454
f 541/1446/1446 508/1454/1454 507/1455/1455
f 515/1423/1423 431/1456/1456 542/1432/1432
f 542/1432/1432 431/1456/1456 500/1457/1457
f 542/1432/1432 500/1457/1457 499/1458/1458
f 347/1459/1459 515/1423/1423 348/1460/1460
f 348/1460/1460 515/1423/1423 351/1461/1461
f 348/1460/1460 351/1461/1461 418/1462/1462
f 347/1459/1459 416/1463/1463 515/1423/1423
f 515/1423/1423 416/1463/1463 431/1456/1456
f 431/1456/1456 416/1463/1463 432/1464/1464
f 432/1464/1464 416/1463/1463 415/1465/1465
f 432/1464/1464 415/1465/1465 435/1466/1466
f 435/1466/1466 415/1465/1465 418/1462/1462
f 435/1466/1466 418/1462/1462 436/1435/1435
f 436/1435/1435 418/1462/1462 417/1467/1467
f 436/1435/1435 417/1467/1467 439/1468/1468
f 439/1468/1468 417/1467/1467 420/1469/1469
f 439/1468/1468 420/1469/1469 440/1429/1429
f 440/1429/1429 420/1469/1469 419/1427/1427
f 415/1465/1465 348/1460/1460 418/1462/1462
f 351/1461/1461 515/1423/1423 352/1470/1470
f 352/1470/1470 515/1423/1423 355/1471/1471
f 352/1470/1470 355/1471/1471 420/1469/1469
f 417/1467/1467 352/1470/1470 420/1469/1469
f 356/1425/1425 355/1471/1471 515/1423/1423
f 443/1428/1428 422/1426/1426 444/1472/1472
f 444/1472/1472 422/1426/1426 421/1473/1473
f 444/1472/1472 421/1473/1473 447/1474/1474
f 447/1474/1474 421/1473/1473 424/1475/1475
f 447/1474/1474 424/1475/1475 448/1476/1476
f 448/1476/1476 424/1475/1475 423/1477/1477
f 448/1476/1476 423/1477/1477 451/1478/1478
f 451/1478/1478 423/1477/1477 426/1479/1479
f 451/1478/1478 426/1479/1479 452/1449/1449
f 452/1449/1449 426/1479/1479 425/1480/1480
f 452/1449/1449 425/1480/1480 455/1481/1481
f 455/1481/1481 425/1480/1480 428/1482/1482
f 455/1481/1481 428/1482/1482 456/1443/1443
f 456/1443/1443 428/1482/1482 427/1441/1441
f 421/1473/1473 360/1422/1422 424/1475/1475
f 424/1475/1475 360/1422/1422 363/1483/1483
f 363/1483/1483 360/1422/1422 514/1421/1421
f 363/1483/1483 514/1421/1421 364/1484/1484
f 364/1484/1484 514/1421/1421 367/1485/1485
f 364/1484/1484 367/1485/1485 426/1479/1479
f 423/1477/1477 364/1484/1484 426/1479/1479
f 367/1485/1485 514/1421/1421 368/1486/1486
f 368/1486/1486 514/1421/1421 371/1439/1439
f 368/1486/1486 371/1439/1439 428/1482/1482
f 425/1480/1480 368/1486/1486 428/1482/1482
f 542/1432/1432 499/1458/1458 502/1487/1487
f 502/1487/1487 499/1458/1458 432/1464/1464
f 502/1487/1487 432/1464/1464 435/1466/1466
f 502/1487/1487 501/1434/1434 542/1432/1432
f 439/1468/1468 504/1433/1433 436/1435/1435
f 506/1430/1430 505/1453/1453 542/1432/1432
f 505/1453/1453 444/1472/1472 508/1454/1454
f 508/1454/1454 444/1472/1472 447/1474/1474
f 541/1446/1446 507/1455/1455 510/1488/1488
f 510/1488/1488 507/1455/1455 448/1476/1476
f 510/1488/1488 448/1476/1476 451/1478/1478
f 510/1488/1488 509/1448/1448 541/1446/1446
f 455/1481/1481 512/1447/1447 452/1449/1449
f 541/1489/1489 543/1490/1490 542/1491/1491
f 542/1491/1491 543/1490/1490 544/1492/1492
f 543/1493/1493 513/1494/1494 544/1495/1495
f 544/1495/1495 513/1494/1494 516/1496/1496
f 515/1497/1497 542/1498/1498 516/1499/1499
f 516/1499/1499 542/1498/1498 544/1500/1500
f 541/1501/1501 539/1502/1502 543/1503/1503
f 543/1503/1503 539/1502/1502 532/1504/1504
f 543/1503/1503 532/1504/1504 527/1505/1505
f 537/1506/1506 529/1507/1507 539/1502/1502
f 539/1502/1502 529/1507/1507 532/1504/1504
f 525/1508/1508 517/1509/1509 527/1505/1505
f 527/1505/1505 517/1509/1509 520/1510/1510
f 527/1505/1505 520/1510/1510 513/1511/1511
f 513/1511/1511 520/1510/1510 514/1512/1512
f 513/1511/1511 543/1503/1503 527/1505/1505
f 517/1513/1513 525/1514/1514 521/1515/1515
f 521/1515/1515 525/1514/1514 523/1516/1516
f 529/1517/1517 537/1518/1518 533/1519/1519
f 533/1519/1519 537/1518/1518 535/1520/1520
f 346/1521/1521 402/1522/1522 347/1523/1523
f 347/1523/1523 402/1522/1522 416/1524/1524
f 388/1525/1525 402/1526/1526 374/1527/1527
f 374/1527/1527 402/1526/1526 346/1528/1528
f 430/1529/1529 486/1530/1530 431/1531/1531
f 431/1531/1531 486/1530/1530 500/1532/1532
f 472/1533/1533 486/1534/1534 458/1535/1535
f 458/1535/1535 486/1534/1534 430/1536/1536
f 530/1537/1537 538/1538/1538 531/1539/1539
f 531/1539/1539 538/1538/1538 540/1540/1540
f 456/1541/1541 511/1542/1542 453/1543/1543
f 453/1543/1543 511/1542/1542 497/1544/1544
f 536/1545/1545 538/1546/1546 534/1547/1547
f 534/1547/1547 538/1546/1546 530/1548/1548
f 453/1549/1549 497/1550/1550 469/1551/1551
f 469/1551/1551 497/1550/1550 483/1552/1552
f 454/1553/1553 498/1554/1554 455/1555/1555
f 455/1555/1555 498/1554/1554 512/1556/1556
f 452/1557/1557 509/1558/1558 449/1559/1559
f 449/1559/1559 509/1558/1558 495/1560/1560
f 484/1561/1561 498/1562/1562 470/1563/1563
f 470/1563/1563 498/1562/1562 454/1564/1564
f 449/1565/1565 495/1566/1566 467/1567/1567
f 467/1567/1567 495/1566/1566 481/1568/1568
f 450/1569/1569 496/1570/1570 451/1571/1571
f 451/1571/1571 496/1570/1570 510/1572/1572
f 448/1573/1573 507/1574/1574 445/1575/1575
f 445/1575/1575 507/1574/1574 493/1576/1576
f 482/1577/1577 496/1578/1578 468/1579/1579
f 468/1579/1579 496/1578/1578 450/1580/1580
f 445/1581/1581 493/1582/1582 465/1583/1583
f 465/1583/1583 493/1582/1582 479/1584/1584
f 446/1585/1585 494/1586/1586 447/1587/1587
f 447/1587/1587 494/1586/1586 508/1588/1588
f 444/1589/1589 505/1590/1590 441/1591/1591
f 441/1591/1591 505/1590/1590 491/1592/1592
f 480/1593/1593 494/1594/1594 466/1595/1595
f 466/1595/1595 494/1594/1594 446/1596/1596
f 441/1597/1597 491/1598/1598 463/1599/1599
f 463/1599/1599 491/1598/1598 477/1600/1600
f 442/1601/1601 492/1602/1602 443/1603/1603
f 443/1603/1603 492/1602/1602 506/1604/1604
f 440/1605/1605 503/1606/1606 437/1607/1607
f 437/1607/1607 503/1606/1606 489/1608/1608
f 478/1609/1609 492/1610/1610 464/1611/1611
f 464/1611/1611 492/1610/1610 442/1612/1612
f 437/1613/1613 489/1614/1614 461/1615/1615
f 461/1615/1615 489/1614/1614 475/1616/1616
f 438/1617/1617 490/1618/1618 439/1619/1619
f 439/1619/1619 490/1618/1618 504/1620/1620
f 436/1621/1621 501/1622/1622 433/1623/1623
f 433/1623/1623 501/1622/1622 487/1624/1624
f 476/1625/1625 490/1626/1626 462/1627/1627
f 462/1627/1627 490/1626/1626 438/1628/1628
f 433/1629/1629 487/1630/1630 459/1631/1631
f 459/1631/1631 487/1630/1630 473/1632/1632
f 434/1633/1633 488/1634/1634 435/1635/1635
f 435/1635/1635 488/1634/1634 502/1636/1636
f 432/1637/1637 499/1638/1638 429/1639/1639
f 429/1639/1639 499/1638/1638 485/1640/1640
f 474/1641/1641 488/1642/1642 460/1643/1643
f 460/1643/1643 488/1642/1642 434/1644/1644
f 429/1645/1645 485/1646/1646 457/1647/1647
f 457/1647/1647 485/1646/1646 471/1648/1648
f 518/1649/1649 526/1650/1650 519/1651/1651
f 519/1651/1651 526/1650/1650 528/1652/1652
f 372/1653/1653 427/1654/1654 369/1655/1655
f 369/1655/1655 427/1654/1654 413/1656/1656
f 524/1657/1657 526/1658/1658 522/1659/1659
f 522/1659/1659 526/1658/1658 518/1660/1660
f 369/1661/1661 413/1662/1662 385/1663/1663
f 385/1663/1663 413/1662/1662 399/1664/1664
f 370/1665/1665 414/1666/1666 371/1667/1667
f 371/1667/1667 414/1666/1666 428/1668/1668
f 368/1669/1669 425/1670/1670 365/1671/1671
f 365/1671/1671 425/1670/1670 411/1672/1672
f 400/1673/1673 414/1674/1674 386/1675/1675
f 386/1675/1675 414/1674/1674 370/1676/1676
f 365/1677/1677 411/1678/1678 383/1679/1679
f 383/1679/1679 411/1678/1678 397/1680/1680
f 366/1681/1681 412/1682/1682 367/1683/1683
f 367/1683/1683 412/1682/1682 426/1684/1684
f 364/1685/1685 423/1686/1686 361/1687/1687
f 361/1687/1687 423/1686/1686 409/1688/1688
f 398/1689/1689 412/1690/1690 384/1691/1691
f 384/1691/1691 412/1690/1690 366/1692/1692
f 361/1693/1693 409/1694/1694 381/1695/1695
f 381/1695/1695 409/1694/1694 395/1696/1696
f 362/1697/1697 410/1698/1698 363/1699/1699
f 363/1699/1699 410/1698/1698 424/1700/1700
f 360/1701/1701 421/1702/1702 357/1703/1703
f 357/1703/1703 421/1702/1702 407/1704/1704
f 396/1705/1705 410/1706/1706 382/1707/1707
f 382/1707/1707 410/1706/1706 362/1708/1708
f 357/1709/1709 407/1710/1710 379/1711/1711
f 379/1711/1711 407/1710/1710 393/1712/1712
f 358/1713/1713 408/1714/1714 359/1715/1715
f 359/1715/1715 408/1714/1714 422/1716/1716
f 356/1717/1717 419/1718/1718 353/1719/1719
f 353/1719/1719 419/1718/1718 405/1720/1720
f 394/1721/1721 408/1722/1722 380/1723/1723
f 380/1723/1723 408/1722/1722 358/1724/1724
f 353/1725/1725 405/1726/1726 377/1727/1727
f 377/1727/1727 405/1726/1726 391/1728/1728
f 354/1729/1729 406/1730/1730 355/1731/1731
f 355/1731/1731 406/1730/1730 420/1732/1732
f 352/1733/1733 417/1734/1734 349/1735/1735
f 349/1735/1735 417/1734/1734 403/1736/1736
f 392/1737/1737 406/1738/1738 378/1739/1739
f 378/1739/1739 406/1738/1738 354/1740/1740
f 349/1741/1741 403/1742/1742 375/1743/1743
f 375/1743/1743 403/1742/1742 389/1744/1744
f 345/1745/1745 401/1746/1746 373/1747/1747
f 373/1747/1747 401/1746/1746 387/1748/1748
f 390/1749/1749 404/1750/1750 376/1751/1751
f 376/1751/1751 404/1750/1750 350/1752/1752
f 348/1753/1753 415/1754/1754 345/1755/1755
f 345/1755/1755 415/1754/1754 401/1756/1756
f 350/1757/1757 404/1758/1758 351/1759/1759
f 351/1759/1759 404/1758/1758 418/1760/1760
g ボディ1:3

v -1.032500 -2.865000 0.305250
v -1.036589 -2.865000 0.274192
v -1.048577 -2.865000 0.245250
v -1.067647 -2.865000 0.220397
v -1.092500 -2.865000 0.201327
v -1.121442 -2.865000 0.189339
v -1.152500 -2.865000 0.185250
v -1.062500 -2.865000 0.185250
v -1.062500 -2.865000 0.105250
v -1.032500 -2.865000 0.105250
v -1.807500 -2.865000 0.185250
v -1.838558 -2.865000 0.189339
v -1.867500 -2.865000 0.201327
v -1.892353 -2.865000 0.220397
v -1.911423 -2.865000 0.245250
v -1.923411 -2.865000 0.274192
v -1.927500 -2.865000 0.305250
v -1.927500 -2.865000 0.105250
v -1.897500 -2.865000 0.105250
v -1.897500 -2.865000 0.185250
v -1.152500 -2.333000 0.501250
v -1.121442 -2.333000 0.497161
v -1.092500 -2.333000 0.485173
v -1.067647 -2.333000 0.466103
v -1.048577 -2.333000 0.441250
v -1.036589 -2.333000 0.412308
v -1.032500 -2.333000 0.381250
v -1.032500 -2.333000 0.185250
v -1.927500 -2.333000 0.185250
v -1.927500 -2.333000 0.381250
v -1.923411 -2.333000 0.412308
v -1.911423 -2.333000 0.441250
v -1.892353 -2.333000 0.466103
v -1.867500 -2.333000 0.485173
v -1.838558 -2.333000 0.497161
v -1.807500 -2.333000 0.501250
v -1.897500 -2.785000 0.105250
v -1.927500 -2.785000 0.105250
v -1.897500 -2.785000 0.185250
v -1.927500 -2.785000 0.185250
v -1.062500 -2.785000 0.105250
v -1.032500 -2.785000 0.105250
v -1.062500 -2.785000 0.185250
v -1.032500 -2.785000 0.185250
v -1.927500 -2.412000 -0.054750
v -1.897500 -2.412000 -0.054750
v -1.897500 -2.562000 -0.054750
v -1.927500 -2.562000 -0.054750
v -1.927500 -2.412000 0.185250
v -1.897500 -2.412000 0.185250
v -1.897500 -2.562000 0.185250
v -1.927500 -2.562000 0.185250
v -1.032500 -2.562000 -0.054750
v -1.062500 -2.562000 -0.054750
v -1.062500 -2.412000 -0.054750
v -1.032500 -2.412000 -0.054750
v -1.032500 -2.562000 0.185250
v -1.062500 -2.562000 0.185250
v -1.062500 -2.412000 0.185250
v -1.032500 -2.412000 0.185250
v -1.445250 -2.524000 -0.004750
v -1.444986 -2.521994 -0.004750
v -1.444212 -2.520125 -0.004750
v -1.442980 -2.518520 -0.004750
v -1.441375 -2.517288 -0.004750
v -1.439506 -2.516514 -0.004750
v -1.437500 -2.516250 -0.004750
v -1.435494 -2.516514 -0.004750
v -1.433625 -2.517288 -0.004750
v -1.432020 -2.518520 -0.004750
v -1.430788 -2.520125 -0.004750
v -1.430014 -2.521994 -0.004750
v -1.429750 -2.524000 -0.004750
v -1.430014 -2.526006 -0.004750
v -1.430788 -2.527875 -0.004750
v -1.432020 -2.529480 -0.004750
v -1.433625 -2.530712 -0.004750
v -1.435494 -2.531486 -0.004750
v -1.437500 -2.531750 -0.004750
v -1.439506 -2.531486 -0.004750
v -1.441375 -2.530712 -0.004750
v -1.442980 -2.529480 -0.004750
v -1.444212 -2.527875 -0.004750
v -1.444986 -2.526006 -0.004750
v -1.445250 -2.524000 0.185250
v -1.444986 -2.521994 0.185250
v -1.444212 -2.520125 0.185250
v -1.442980 -2.518520 0.185250
v -1.441375 -2.517288 0.185250
v -1.439506 -2.516514 0.185250
v -1.437500 -2.516250 0.185250
v -1.435494 -2.516514 0.185250
v -1.433625 -2.517288 0.185250
v -1.432020 -2.518520 0.185250
v -1.430788 -2.520125 0.185250
v -1.430014 -2.521994 0.185250
v -1.429750 -2.524000 0.185250
v -1.430014 -2.526006 0.185250
v -1.430788 -2.527875 0.185250
v -1.432020 -2.529480 0.185250
v -1.433625 -2.530712 0.185250
v -1.435494 -2.531486 0.185250
v -1.437500 -2.531750 0.185250
v -1.439506 -2.531486 0.185250
v -1.441375 -2.530712 0.185250
v -1.442980 -2.529480 0.185250
v -1.444212 -2.527875 0.185250
v -1.444986 -2.526006 0.185250
v -1.445250 -2.524000 0.147250
v -1.445250 -2.524000 0.109250
v -1.445250 -2.524000 0.071250
v -1.445250 -2.524000 0.033250
v -1.444986 -2.521994 0.147250
v -1.444986 -2.521994 0.109250
v -1.444986 -2.521994 0.071250
v -1.444986 -2.521994 0.033250
v -1.444212 -2.520125 0.147250
v -1.444212 -2.520125 0.109250
v -1.444212 -2.520125 0.071250
v -1.444212 -2.520125 0.033250
v -1.442980 -2.518520 0.147250
v -1.442980 -2.518520 0.109250
v -1.442980 -2.518520 0.071250
v -1.442980 -2.518520 0.033250
v -1.441375 -2.517288 0.147250
v -1.441375 -2.517288 0.109250
v -1.441375 -2.517288 0.071250
v -1.441375 -2.517288 0.033250
v -1.439506 -2.516514 0.147250
v -1.439506 -2.516514 0.109250
v -1.439506 -2.516514 0.071250
v -1.439506 -2.516514 0.033250
v -1.437500 -2.516250 0.147250
v -1.437500 -2.516250 0.109250
v -1.437500 -2.516250 0.071250
v -1.437500 -2.516250 0.033250
v -1.435494 -2.516514 0.147250
v -1.435494 -2.516514 0.109250
v -1.435494 -2.516514 0.071250
v -1.435494 -2.516514 0.033250
v -1.433625 -2.517288 0.147250
v -1.433625 -2.517288 0.109250
v -1.433625 -2.517288 0.071250
v -1.433625 -2.517288 0.033250
v -1.432020 -2.518520 0.147250
v -1.432020 -2.518520 0.109250
v -1.432020 -2.518520 0.071250
v -1.432020 -2.518520 0.033250
v -1.430788 -2.520125 0.147250
v -1.430788 -2.520125 0.109250
v -1.430788 -2.520125 0.071250
v -1.430788 -2.520125 0.033250
v -1.430014 -2.521994 0.147250
v -1.430014 -2.521994 0.109250
v -1.430014 -2.521994 0.071250
v -1.430014 -2.521994 0.033250
v -1.429750 -2.524000 0.147250
v -1.429750 -2.524000 0.109250
v -1.429750 -2.524000 0.071250
v -1.429750 -2.524000 0.033250
v -1.430014 -2.526006 0.147250
v -1.430014 -2.526006 0.109250
v -1.430014 -2.526006 0.071250
v -1.430014 -2.526006 0.033250
v -1.430788 -2.527875 0.147250
v -1.430788 -2.527875 0.109250
v -1.430788 -2.527875 0.071250
v -1.430788 -2.527875 0.033250
v -1.432020 -2.529480 0.147250
v -1.432020 -2.529480 0.109250
v -1.432020 -2.529480 0.071250
v -1.432020 -2.529480 0.033250
v -1.433625 -2.530712 0.147250
v -1.433625 -2.530712 0.109250
v -1.433625 -2.530712 0.071250
v -1.433625 -2.530712 0.033250
v -1.435494 -2.531486 0.147250
v -1.435494 -2.531486 0.109250
v -1.435494 -2.531486 0.071250
v -1.435494 -2.531486 0.033250
v -1.437500 -2.531750 0.147250
v -1.437500 -2.531750 0.109250
v -1.437500 -2.531750 0.071250
v -1.437500 -2.531750 0.033250
v -1.439506 -2.531486 0.147250
v -1.439506 -2.531486 0.109250
v -1.439506 -2.531486 0.071250
v -1.439506 -2.531486 0.033250
v -1.441375 -2.530712 0.147250
v -1.441375 -2.530712 0.109250
v -1.441375 -2.530712 0.071250
v -1.441375 -2.530712 0.033250
v -1.442980 -2.529480 0.147250
v -1.442980 -2.529480 0.109250
v -1.442980 -2.529480 0.071250
v -1.442980 -2.529480 0.033250
v -1.444212 -2.527875 0.147250
v -1.444212 -2.527875 0.109250
v -1.444212 -2.527875 0.071250
v -1.444212 -2.527875 0.033250
v -1.444986 -2.526006 0.147250
v -1.444986 -2.526006 0.109250
v -1.444986 -2.526006 0.071250
v -1.444986 -2.526006 0.033250
v -1.785250 -2.389000 -0.004750
v -1.784986 -2.386994 -0.004750
v -1.784212 -2.385125 -0.004750
v -1.782980 -2.383520 -0.004750
v -1.781375 -2.382288 -0.004750
v -1.779506 -2.381514 -0.004750
v -1.777500 -2.381250 -0.004750
v -1.775494 -2.381514 -0.004750
v -1.773625 -2.382288 -0.004750
v -1.772020 -2.383520 -0.004750
v -1.770788 -2.385125 -0.004750
v -1.770014 -2.386994 -0.004750
v -1.769750 -2.389000 -0.004750
v -1.770014 -2.391006 -0.004750
v -1.770788 -2.392875 -0.004750
v -1.772020 -2.394480 -0.004750
v -1.773625 -2.395712 -0.004750
v -1.775494 -2.396486 -0.004750
v -1.777500 -2.396750 -0.004750
v -1.779506 -2.396486 -0.004750
v -1.781375 -2.395712 -0.004750
v -1.782980 -2.394480 -0.004750
v -1.784212 -2.392875 -0.004750
v -1.784986 -2.391006 -0.004750
v -1.785250 -2.389000 0.185250
v -1.784986 -2.386994 0.185250
v -1.784212 -2.385125 0.185250
v -1.782980 -2.383520 0.185250
v -1.781375 -2.382288 0.185250
v -1.779506 -2.381514 0.185250
v -1.777500 -2.381250 0.185250
v -1.775494 -2.381514 0.185250
v -1.773625 -2.382288 0.185250
v -1.772020 -2.383520 0.185250
v -1.770788 -2.385125 0.185250
v -1.770014 -2.386994 0.185250
v -1.769750 -2.389000 0.185250
v -1.770014 -2.391006 0.185250
v -1.770788 -2.392875 0.185250
v -1.772020 -2.394480 0.185250
v -1.773625 -2.395712 0.185250
v -1.775494 -2.396486 0.185250
v -1.777500 -2.396750 0.185250
v -1.779506 -2.396486 0.185250
v -1.781375 -2.395712 0.185250
v -1.782980 -2.394480 0.185250
v -1.784212 -2.392875 0.185250
v -1.784986 -2.391006 0.185250
v -1.785250 -2.389000 0.147250
v -1.785250 -2.389000 0.109250
v -1.785250 -2.389000 0.071250
v -1.785250 -2.389000 0.033250
v -1.784986 -2.386994 0.147250
v -1.784986 -2.386994 0.109250
v -1.784986 -2.386994 0.071250
v -1.784986 -2.386994 0.033250
v -1.784212 -2.385125 0.147250
v -1.784212 -2.385125 0.109250
v -1.784212 -2.385125 0.071250
v -1.784212 -2.385125 0.033250
v -1.782980 -2.383520 0.147250
v -1.782980 -2.383520 0.109250
v -1.782980 -2.383520 0.071250
v -1.782980 -2.383520 0.033250
v -1.781375 -2.382288 0.147250
v -1.781375 -2.382288 0.109250
v -1.781375 -2.382288 0.071250
v -1.781375 -2.382288 0.033250
v -1.779506 -2.381514 0.147250
v -1.779506 -2.381514 0.109250
v -1.779506 -2.381514 0.071250
v -1.779506 -2.381514 0.033250
v -1.777500 -2.381250 0.147250
v -1.777500 -2.381250 0.109250
v -1.777500 -2.381250 0.071250
v -1.777500 -2.381250 0.033250
v -1.775494 -2.381514 0.147250
v -1.775494 -2.381514 0.109250
v -1.775494 -2.381514 0.071250
v -1.775494 -2.381514 0.033250
v -1.773625 -2.382288 0.147250
v -1.773625 -2.382288 0.109250
v -1.773625 -2.382288 0.071250
v -1.773625 -2.382288 0.033250
v -1.772020 -2.383520 0.147250
v -1.772020 -2.383520 0.109250
v -1.772020 -2.383520 0.071250
v -1.772020 -2.383520 0.033250
v -1.770788 -2.385125 0.147250
v -1.770788 -2.385125 0.109250
v -1.770788 -2.385125 0.071250
v -1.770788 -2.385125 0.033250
v -1.770014 -2.386994 0.147250
v -1.770014 -2.386994 0.109250
v -1.770014 -2.386994 0.071250
v -1.770014 -2.386994 0.033250
v -1.769750 -2.389000 0.147250
v -1.769750 -2.389000 0.109250
v -1.769750 -2.389000 0.071250
v -1.769750 -2.389000 0.033250
v -1.770014 -2.391006 0.147250
v -1.770014 -2.391006 0.109250
v -1.770014 -2.391006 0.071250
v -1.770014 -2.391006 0.033250
v -1.770788 -2.392875 0.147250
v -1.770788 -2.392875 0.109250
v -1.770788 -2.392875 0.071250
v -1.770788 -2.392875 0.033250
v -1.772020 -2.394480 0.147250
v -1.772020 -2.394480 0.109250
v -1.772020 -2.394480 0.071250
v -1.772020 -2.394480 0.033250
v -1.773625 -2.395712 0.147250
v -1.773625 -2.395712 0.109250
v -1.773625 -2.395712 0.071250
v -1.773625 -2.395712 0.033250
v -1.775494 -2.396486 0.147250
v -1.775494 -2.396486 0.109250
v -1.775494 -2.396486 0.071250
v -1.775494 -2.396486 0.033250
v -1.777500 -2.396750 0.147250
v -1.777500 -2.396750 0.109250
v -1.777500 -2.396750 0.071250
v -1.777500 -2.396750 0.033250
v -1.779506 -2.396486 0.147250
v -1.779506 -2.396486 0.109250
v -1.779506 -2.396486 0.071250
v -1.779506 -2.396486 0.033250
v -1.781375 -2.395712 0.147250
v -1.781375 -2.395712 0.109250
v -1.781375 -2.395712 0.071250
v -1.781375 -2.395712 0.033250
v -1.782980 -2.394480 0.147250
v -1.782980 -2.394480 0.109250
v -1.782980 -2.394480 0.071250
v -1.782980 -2.394480 0.033250
v -1.784212 -2.392875 0.147250
v -1.784212 -2.392875 0.109250
v -1.784212 -2.392875 0.071250
v -1.784212 -2.392875 0.033250
v -1.784986 -2.391006 0.147250
v -1.784986 -2.391006 0.109250
v -1.784986 -2.391006 0.071250
v -1.784986 -2.391006 0.033250
v -1.190250 -2.389000 -0.004750
v -1.189986 -2.386994 -0.004750
v -1.189212 -2.385125 -0.004750
v -1.187980 -2.383520 -0.004750
v -1.186375 -2.382288 -0.004750
v -1.184506 -2.381514 -0.004750
v -1.182500 -2.381250 -0.004750
v -1.180494 -2.381514 -0.004750
v -1.178625 -2.382288 -0.004750
v -1.177020 -2.383520 -0.004750
v -1.175788 -2.385125 -0.004750
v -1.175014 -2.386994 -0.004750
v -1.174750 -2.389000 -0.004750
v -1.175014 -2.391006 -0.004750
v -1.175788 -2.392875 -0.004750
v -1.177020 -2.394480 -0.004750
v -1.178625 -2.395712 -0.004750
v -1.180494 -2.396486 -0.004750
v -1.182500 -2.396750 -0.004750
v -1.184506 -2.396486 -0.004750
v -1.186375 -2.395712 -0.004750
v -1.187980 -2.394480 -0.004750
v -1.189212 -2.392875 -0.004750
v -1.189986 -2.391006 -0.004750
v -1.190250 -2.389000 0.185250
v -1.189986 -2.386994 0.185250
v -1.189212 -2.385125 0.185250
v -1.187980 -2.383520 0.185250
v -1.186375 -2.382288 0.185250
v -1.184506 -2.381514 0.185250
v -1.182500 -2.381250 0.185250
v -1.180494 -2.381514 0.185250
v -1.178625 -2.382288 0.185250
v -1.177020 -2.383520 0.185250
v -1.175788 -2.385125 0.185250
v -1.175014 -2.386994 0.185250
v -1.174750 -2.389000 0.185250
v -1.175014 -2.391006 0.185250
v -1.175788 -2.392875 0.185250
v -1.177020 -2.394480 0.185250
v -1.178625 -2.395712 0.185250
v -1.180494 -2.396486 0.185250
v -1.182500 -2.396750 0.185250
v -1.184506 -2.396486 0.185250
v -1.186375 -2.395712 0.185250
v -1.187980 -2.394480 0.185250
v -1.189212 -2.392875 0.185250
v -1.189986 -2.391006 0.185250
v -1.190250 -2.389000 0.147250
v -1.190250 -2.389000 0.109250
v -1.190250 -2.389000 0.071250
v -1.190250 -2.389000 0.033250
v -1.189986 -2.386994 0.147250
v -1.189986 -2.386994 0.109250
v -1.189986 -2.386994 0.071250
v -1.189986 -2.386994 0.033250
v -1.189212 -2.385125 0.147250
v -1.189212 -2.385125 0.109250
v -1.189212 -2.385125 0.071250
v -1.189212 -2.385125 0.033250
v -1.187980 -2.383520 0.147250
v -1.187980 -2.383520 0.109250
v -1.187980 -2.383520 0.071250
v -1.187980 -2.383520 0.033250
v -1.186375 -2.382288 0.147250
v -1.186375 -2.382288 0.109250
v -1.186375 -2.382288 0.071250
v -1.186375 -2.382288 0.033250
v -1.184506 -2.381514 0.147250
v -1.184506 -2.381514 0.109250
v -1.184506 -2.381514 0.071250
v -1.184506 -2.381514 0.033250
v -1.182500 -2.381250 0.147250
v -1.182500 -2.381250 0.109250
v -1.182500 -2.381250 0.071250
v -1.182500 -2.381250 0.033250
v -1.180494 -2.381514 0.147250
v -1.180494 -2.381514 0.109250
v -1.180494 -2.381514 0.071250
v -1.180494 -2.381514 0.033250
v -1.178625 -2.382288 0.147250
v -1.178625 -2.382288 0.109250
v -1.178625 -2.382288 0.071250
v -1.178625 -2.382288 0.033250
v -1.177020 -2.383520 0.147250
v -1.177020 -2.383520 0.109250
v -1.177020 -2.383520 0.071250
v -1.177020 -2.383520 0.033250
v -1.175788 -2.385125 0.147250
v -1.175788 -2.385125 0.109250
v -1.175788 -2.385125 0.071250
v -1.175788 -2.385125 0.033250
v -1.175014 -2.386994 0.147250
v -1.175014 -2.386994 0.109250
v -1.175014 -2.386994 0.071250
v -1.175014 -2.386994 0.033250
v -1.174750 -2.389000 0.147250
v -1.174750 -2.389000 0.109250
v -1.174750 -2.389000 0.071250
v -1.174750 -2.389000 0.033250
v -1.175014 -2.391006 0.147250
v -1.175014 -2.391006 0.109250
v -1.175014 -2.391006 0.071250
v -1.175014 -2.391006 0.033250
v -1.175788 -2.392875 0.147250
v -1.175788 -2.392875 0.109250
v -1.175788 -2.392875 0.071250
v -1.175788 -2.392875 0.033250
v -1.177020 -2.394480 0.147250
v -1.177020 -2.394480 0.109250
v -1.177020 -2.394480 0.071250
v -1.177020 -2.394480 0.033250
v -1.178625 -2.395712 0.147250
v -1.178625 -2.395712 0.109250
v -1.178625 -2.395712 0.071250
v -1.178625 -2.395712 0.033250
v -1.180494 -2.396486 0.147250
v -1.180494 -2.396486 0.109250
v -1.180494 -2.396486 0.071250
v -1.180494 -2.396486 0.033250
v -1.182500 -2.396750 0.147250
v -1.182500 -2.396750 0.109250
v -1.182500 -2.396750 0.071250
v -1.182500 -2.396750 0.033250
v -1.184506 -2.396486 0.147250
v -1.184506 -2.396486 0.109250
v -1.184506 -2.396486 0.071250
v -1.184506 -2.396486 0.033250
v -1.186375 -2.395712 0.147250
v -1.186375 -2.395712 0.109250
v -1.186375 -2.395712 0.071250
v -1.186375 -2.395712 0.033250
v -1.187980 -2.394480 0.147250
v -1.187980 -2.394480 0.109250
v -1.187980 -2.394480 0.071250
v -1.187980 -2.394480 0.033250
v -1.189212 -2.392875 0.147250
v -1.189212 -2.392875 0.109250
v -1.189212 -2.392875 0.071250
v -1.189212 -2.392875 0.033250
v -1.189986 -2.391006 0.147250
v -1.189986 -2.391006 0.109250
v -1.189986 -2.391006 0.071250
v -1.189986 -2.391006 0.033250
v -1.700250 -2.524000 -0.004750
v -1.699986 -2.521994 -0.004750
v -1.699212 -2.520125 -0.004750
v -1.697980 -2.518520 -0.004750
v -1.696375 -2.517288 -0.004750
v -1.694506 -2.516514 -0.004750
v -1.692500 -2.516250 -0.004750
v -1.690494 -2.516514 -0.004750
v -1.688625 -2.517288 -0.004750
v -1.687020 -2.518520 -0.004750
v -1.685788 -2.520125 -0.004750
v -1.685014 -2.521994 -0.004750
v -1.684750 -2.524000 -0.004750
v -1.685014 -2.526006 -0.004750
v -1.685788 -2.527875 -0.004750
v -1.687020 -2.529480 -0.004750
v -1.688625 -2.530712 -0.004750
v -1.690494 -2.531486 -0.004750
v -1.692500 -2.531750 -0.004750
v -1.694506 -2.531486 -0.004750
v -1.696375 -2.530712 -0.004750
v -1.697980 -2.529480 -0.004750
v -1.699212 -2.527875 -0.004750
v -1.699986 -2.526006 -0.004750
v -1.700250 -2.524000 0.185250
v -1.699986 -2.521994 0.185250
v -1.699212 -2.520125 0.185250
v -1.697980 -2.518520 0.185250
v -1.696375 -2.517288 0.185250
v -1.694506 -2.516514 0.185250
v -1.692500 -2.516250 0.185250
v -1.690494 -2.516514 0.185250
v -1.688625 -2.517288 0.185250
v -1.687020 -2.518520 0.185250
v -1.685788 -2.520125 0.185250
v -1.685014 -2.521994 0.185250
v -1.684750 -2.524000 0.185250
v -1.685014 -2.526006 0.185250
v -1.685788 -2.527875 0.185250
v -1.687020 -2.529480 0.185250
v -1.688625 -2.530712 0.185250
v -1.690494 -2.531486 0.185250
v -1.692500 -2.531750 0.185250
v -1.694506 -2.531486 0.185250
v -1.696375 -2.530712 0.185250
v -1.697980 -2.529480 0.185250
v -1.699212 -2.527875 0.185250
v -1.699986 -2.526006 0.185250
v -1.700250 -2.524000 0.147250
v -1.700250 -2.524000 0.109250
v -1.700250 -2.524000 0.071250
v -1.700250 -2.524000 0.033250
v -1.699986 -2.521994 0.147250
v -1.699986 -2.521994 0.109250
v -1.699986 -2.521994 0.071250
v -1.699986 -2.521994 0.033250
v -1.699212 -2.520125 0.147250
v -1.699212 -2.520125 0.109250
v -1.699212 -2.520125 0.071250
v -1.699212 -2.520125 0.033250
v -1.697980 -2.518520 0.147250
v -1.697980 -2.518520 0.109250
v -1.697980 -2.518520 0.071250
v -1.697980 -2.518520 0.033250
v -1.696375 -2.517288 0.147250
v -1.696375 -2.517288 0.109250
v -1.696375 -2.517288 0.071250
v -1.696375 -2.517288 0.033250
v -1.694506 -2.516514 0.147250
v -1.694506 -2.516514 0.109250
v -1.694506 -2.516514 0.071250
v -1.694506 -2.516514 0.033250
v -1.692500 -2.516250 0.147250
v -1.692500 -2.516250 0.109250
v -1.692500 -2.516250 0.071250
v -1.692500 -2.516250 0.033250
v -1.690494 -2.516514 0.147250
v -1.690494 -2.516514 0.109250
v -1.690494 -2.516514 0.071250
v -1.690494 -2.516514 0.033250
v -1.688625 -2.517288 0.147250
v -1.688625 -2.517288 0.109250
v -1.688625 -2.517288 0.071250
v -1.688625 -2.517288 0.033250
v -1.687020 -2.518520 0.147250
v -1.687020 -2.518520 0.109250
v -1.687020 -2.518520 0.071250
v -1.687020 -2.518520 0.033250
v -1.685788 -2.520125 0.147250
v -1.685788 -2.520125 0.109250
v -1.685788 -2.520125 0.071250
v -1.685788 -2.520125 0.033250
v -1.685014 -2.521994 0.147250
v -1.685014 -2.521994 0.109250
v -1.685014 -2.521994 0.071250
v -1.685014 -2.521994 0.033250
v -1.684750 -2.524000 0.147250
v -1.684750 -2.524000 0.109250
v -1.684750 -2.524000 0.071250
v -1.684750 -2.524000 0.033250
v -1.685014 -2.526006 0.147250
v -1.685014 -2.526006 0.109250
v -1.685014 -2.526006 0.071250
v -1.685014 -2.526006 0.033250
v -1.685788 -2.527875 0.147250
v -1.685788 -2.527875 0.109250
v -1.685788 -2.527875 0.071250
v -1.685788 -2.527875 0.033250
v -1.687020 -2.529480 0.147250
v -1.687020 -2.529480 0.109250
v -1.687020 -2.529480 0.071250
v -1.687020 -2.529480 0.033250
v -1.688625 -2.530712 0.147250
v -1.688625 -2.530712 0.109250
v -1.688625 -2.530712 0.071250
v -1.688625 -2.530712 0.033250
v -1.690494 -2.531486 0.147250
v -1.690494 -2.531486 0.109250
v -1.690494 -2.531486 0.071250
v -1.690494 -2.531486 0.033250
v -1.692500 -2.531750 0.147250
v -1.692500 -2.531750 0.109250
v -1.692500 -2.531750 0.071250
v -1.692500 -2.531750 0.033250
v -1.694506 -2.531486 0.147250
v -1.694506 -2.531486 0.109250
v -1.694506 -2.531486 0.071250
v -1.694506 -2.531486 0.033250
v -1.696375 -2.530712 0.147250
v -1.696375 -2.530712 0.109250
v -1.696375 -2.530712 0.071250
v -1.696375 -2.530712 0.033250
v -1.697980 -2.529480 0.147250
v -1.697980 -2.529480 0.109250
v -1.697980 -2.529480 0.071250
v -1.697980 -2.529480 0.033250
v -1.699212 -2.527875 0.147250
v -1.699212 -2.527875 0.109250
v -1.699212 -2.527875 0.071250
v -1.699212 -2.527875 0.033250
v -1.699986 -2.526006 0.147250
v -1.699986 -2.526006 0.109250
v -1.699986 -2.526006 0.071250
v -1.699986 -2.526006 0.033250
v -1.275250 -2.389000 -0.004750
v -1.274986 -2.386994 -0.004750
v -1.274212 -2.385125 -0.004750
v -1.272980 -2.383520 -0.004750
v -1.271375 -2.382288 -0.004750
v -1.269506 -2.381514 -0.004750
v -1.267500 -2.381250 -0.004750
v -1.265494 -2.381514 -0.004750
v -1.263625 -2.382288 -0.004750
v -1.262020 -2.383520 -0.004750
v -1.260788 -2.385125 -0.004750
v -1.260014 -2.386994 -0.004750
v -1.259750 -2.389000 -0.004750
v -1.260014 -2.391006 -0.004750
v -1.260788 -2.392875 -0.004750
v -1.262020 -2.394480 -0.004750
v -1.263625 -2.395712 -0.004750
v -1.265494 -2.396486 -0.004750
v -1.267500 -2.396750 -0.004750
v -1.269506 -2.396486 -0.004750
v -1.271375 -2.395712 -0.004750
v -1.272980 -2.394480 -0.004750
v -1.274212 -2.392875 -0.004750
v -1.274986 -2.391006 -0.004750
v -1.275250 -2.389000 0.185250
v -1.274986 -2.386994 0.185250
v -1.274212 -2.385125 0.185250
v -1.272980 -2.383520 0.185250
v -1.271375 -2.382288 0.185250
v -1.269506 -2.381514 0.185250
v -1.267500 -2.381250 0.185250
v -1.265494 -2.381514 0.185250
v -1.263625 -2.382288 0.185250
v -1.262020 -2.383520 0.185250
v -1.260788 -2.385125 0.185250
v -1.260014 -2.386994 0.185250
v -1.259750 -2.389000 0.185250
v -1.260014 -2.391006 0.185250
v -1.260788 -2.392875 0.185250
v -1.262020 -2.394480 0.185250
v -1.263625 -2.395712 0.185250
v -1.265494 -2.396486 0.185250
v -1.267500 -2.396750 0.185250
v -1.269506 -2.396486 0.185250
v -1.271375 -2.395712 0.185250
v -1.272980 -2.394480 0.185250
v -1.274212 -2.392875 0.185250
v -1.274986 -2.391006 0.185250
v -1.275250 -2.389000 0.147250
v -1.275250 -2.389000 0.109250
v -1.275250 -2.389000 0.071250
v -1.275250 -2.389000 0.033250
v -1.274986 -2.386994 0.147250
v -1.274986 -2.386994 0.109250
v -1.274986 -2.386994 0.071250
v -1.274986 -2.386994 0.033250
v -1.274212 -2.385125 0.147250
v -1.274212 -2.385125 0.109250
v -1.274212 -2.385125 0.071250
v -1.274212 -2.385125 0.033250
v -1.272980 -2.383520 0.147250
v -1.272980 -2.383520 0.109250
v -1.272980 -2.383520 0.071250
v -1.272980 -2.383520 0.033250
v -1.271375 -2.382288 0.147250
v -1.271375 -2.382288 0.109250
v -1.271375 -2.382288 0.071250
v -1.271375 -2.382288 0.033250
v -1.269506 -2.381514 0.147250
v -1.269506 -2.381514 0.109250
v -1.269506 -2.381514 0.071250
v -1.269506 -2.381514 0.033250
v -1.267500 -2.381250 0.147250
v -1.267500 -2.381250 0.109250
v -1.267500 -2.381250 0.071250
v -1.267500 -2.381250 0.033250
v -1.265494 -2.381514 0.147250
v -1.265494 -2.381514 0.109250
v -1.265494 -2.381514 0.071250
v -1.265494 -2.381514 0.033250
v -1.263625 -2.382288 0.147250
v -1.263625 -2.382288 0.109250
v -1.263625 -2.382288 0.071250
v -1.263625 -2.382288 0.033250
v -1.262020 -2.383520 0.147250
v -1.262020 -2.383520 0.109250
v -1.262020 -2.383520 0.071250
v -1.262020 -2.383520 0.033250
v -1.260788 -2.385125 0.147250
v -1.260788 -2.385125 0.109250
v -1.260788 -2.385125 0.071250
v -1.260788 -2.385125 0.033250
v -1.260014 -2.386994 0.147250
v -1.260014 -2.386994 0.109250
v -1.260014 -2.386994 0.071250
v -1.260014 -2.386994 0.033250
v -1.259750 -2.389000 0.147250
v -1.259750 -2.389000 0.109250
v -1.259750 -2.389000 0.071250
v -1.259750 -2.389000 0.033250
v -1.260014 -2.391006 0.147250
v -1.260014 -2.391006 0.109250
v -1.260014 -2.391006 0.071250
v -1.260014 -2.391006 0.033250
v -1.260788 -2.392875 0.147250
v -1.260788 -2.392875 0.109250
v -1.260788 -2.392875 0.071250
v -1.260788 -2.392875 0.033250
v -1.262020 -2.394480 0.147250
v -1.262020 -2.394480 0.109250
v -1.262020 -2.394480 0.071250
v -1.262020 -2.394480 0.033250
v -1.263625 -2.395712 0.147250
v -1.263625 -2.395712 0.109250
v -1.263625 -2.395712 0.071250
v -1.263625 -2.395712 0.033250
v -1.265494 -2.396486 0.147250
v -1.265494 -2.396486 0.109250
v -1.265494 -2.396486 0.071250
v -1.265494 -2.396486 0.033250
v -1.267500 -2.396750 0.147250
v -1.267500 -2.396750 0.109250
v -1.267500 -2.396750 0.071250
v -1.267500 -2.396750 0.033250
v -1.269506 -2.396486 0.147250
v -1.269506 -2.396486 0.109250
v -1.269506 -2.396486 0.071250
v -1.269506 -2.396486 0.033250
v -1.271375 -2.395712 0.147250
v -1.271375 -2.395712 0.109250
v -1.271375 -2.395712 0.071250
v -1.271375 -2.395712 0.033250
v -1.272980 -2.394480 0.147250
v -1.272980 -2.394480 0.109250
v -1.272980 -2.394480 0.071250
v -1.272980 -2.394480 0.033250
v -1.274212 -2.392875 0.147250
v -1.274212 -2.392875 0.109250
v -1.274212 -2.392875 0.071250
v -1.274212 -2.392875 0.033250
v -1.274986 -2.391006 0.147250
v -1.274986 -2.391006 0.109250
v -1.274986 -2.391006 0.071250
v -1.274986 -2.391006 0.033250
v -1.530250 -2.389000 -0.004750
v -1.529986 -2.386994 -0.004750
v -1.529212 -2.385125 -0.004750
v -1.527980 -2.383520 -0.004750
v -1.526375 -2.382288 -0.004750
v -1.524506 -2.381514 -0.004750
v -1.522500 -2.381250 -0.004750
v -1.520494 -2.381514 -0.004750
v -1.518625 -2.382288 -0.004750
v -1.517020 -2.383520 -0.004750
v -1.515788 -2.385125 -0.004750
v -1.515014 -2.386994 -0.004750
v -1.514750 -2.389000 -0.004750
v -1.515014 -2.391006 -0.004750
v -1.515788 -2.392875 -0.004750
v -1.517020 -2.394480 -0.004750
v -1.518625 -2.395712 -0.004750
v -1.520494 -2.396486 -0.004750
v -1.522500 -2.396750 -0.004750
v -1.524506 -2.396486 -0.004750
v -1.526375 -2.395712 -0.004750
v -1.527980 -2.394480 -0.004750
v -1.529212 -2.392875 -0.004750
v -1.529986 -2.391006 -0.004750
v -1.530250 -2.389000 0.185250
v -1.529986 -2.386994 0.185250
v -1.529212 -2.385125 0.185250
v -1.527980 -2.383520 0.185250
v -1.526375 -2.382288 0.185250
v -1.524506 -2.381514 0.185250
v -1.522500 -2.381250 0.185250
v -1.520494 -2.381514 0.185250
v -1.518625 -2.382288 0.185250
v -1.517020 -2.383520 0.185250
v -1.515788 -2.385125 0.185250
v -1.515014 -2.386994 0.185250
v -1.514750 -2.389000 0.185250
v -1.515014 -2.391006 0.185250
v -1.515788 -2.392875 0.185250
v -1.517020 -2.394480 0.185250
v -1.518625 -2.395712 0.185250
v -1.520494 -2.396486 0.185250
v -1.522500 -2.396750 0.185250
v -1.524506 -2.396486 0.185250
v -1.526375 -2.395712 0.185250
v -1.527980 -2.394480 0.185250
v -1.529212 -2.392875 0.185250
v -1.529986 -2.391006 0.185250
v -1.530250 -2.389000 0.147250
v -1.530250 -2.389000 0.109250
v -1.530250 -2.389000 0.071250
v -1.530250 -2.389000 0.033250
v -1.529986 -2.386994 0.147250
v -1.529986 -2.386994 0.109250
v -1.529986 -2.386994 0.071250
v -1.529986 -2.386994 0.033250
v -1.529212 -2.385125 0.147250
v -1.529212 -2.385125 0.109250
v -1.529212 -2.385125 0.071250
v -1.529212 -2.385125 0.033250
v -1.527980 -2.383520 0.147250
v -1.527980 -2.383520 0.109250
v -1.527980 -2.383520 0.071250
v -1.527980 -2.383520 0.033250
v -1.526375 -2.382288 0.147250
v -1.526375 -2.382288 0.109250
v -1.526375 -2.382288 0.071250
v -1.526375 -2.382288 0.033250
v -1.524506 -2.381514 0.147250
v -1.524506 -2.381514 0.109250
v -1.524506 -2.381514 0.071250
v -1.524506 -2.381514 0.033250
v -1.522500 -2.381250 0.147250
v -1.522500 -2.381250 0.109250
v -1.522500 -2.381250 0.071250
v -1.522500 -2.381250 0.033250
v -1.520494 -2.381514 0.147250
v -1.520494 -2.381514 0.109250
v -1.520494 -2.381514 0.071250
v -1.520494 -2.381514 0.033250
v -1.518625 -2.382288 0.147250
v -1.518625 -2.382288 0.109250
v -1.518625 -2.382288 0.071250
v -1.518625 -2.382288 0.033250
v -1.517020 -2.383520 0.147250
v -1.517020 -2.383520 0.109250
v -1.517020 -2.383520 0.071250
v -1.517020 -2.383520 0.033250
v -1.515788 -2.385125 0.147250
v -1.515788 -2.385125 0.109250
v -1.515788 -2.385125 0.071250
v -1.515788 -2.385125 0.033250
v -1.515014 -2.386994 0.147250
v -1.515014 -2.386994 0.109250
v -1.515014 -2.386994 0.071250
v -1.515014 -2.386994 0.033250
v -1.514750 -2.389000 0.147250
v -1.514750 -2.389000 0.109250
v -1.514750 -2.389000 0.071250
v -1.514750 -2.389000 0.033250
v -1.515014 -2.391006 0.147250
v -1.515014 -2.391006 0.109250
v -1.515014 -2.391006 0.071250
v -1.515014 -2.391006 0.033250
v -1.515788 -2.392875 0.147250
v -1.515788 -2.392875 0.109250
v -1.515788 -2.392875 0.071250
v -1.515788 -2.392875 0.033250
v -1.517020 -2.394480 0.147250
v -1.517020 -2.394480 0.109250
v -1.517020 -2.394480 0.071250
v -1.517020 -2.394480 0.033250
v -1.518625 -2.395712 0.147250
v -1.518625 -2.395712 0.109250
v -1.518625 -2.395712 0.071250
v -1.518625 -2.395712 0.033250
v -1.520494 -2.396486 0.147250
v -1.520494 -2.396486 0.109250
v -1.520494 -2.396486 0.071250
v -1.520494 -2.396486 0.033250
v -1.522500 -2.396750 0.147250
v -1.522500 -2.396750 0.109250
v -1.522500 -2.396750 0.071250
v -1.522500 -2.396750 0.033250
v -1.524506 -2.396486 0.147250
v -1.524506 -2.396486 0.109250
v -1.524506 -2.396486 0.071250
v -1.524506 -2.396486 0.033250
v -1.526375 -2.395712 0.147250
v -1.526375 -2.395712 0.109250
v -1.526375 -2.395712 0.071250
v -1.526375 -2.395712 0.033250
v -1.527980 -2.394480 0.147250
v -1.527980 -2.394480 0.109250
v -1.527980 -2.394480 0.071250
v -1.527980 -2.394480 0.033250
v -1.529212 -2.392875 0.147250
v -1.529212 -2.392875 0.109250
v -1.529212 -2.392875 0.071250
v -1.529212 -2.392875 0.033250
v -1.529986 -2.391006 0.147250
v -1.529986 -2.391006 0.109250
v -1.529986 -2.391006 0.071250
v -1.529986 -2.391006 0.033250
v -1.615250 -2.524000 -0.004750
v -1.614986 -2.521994 -0.004750
v -1.614212 -2.520125 -0.004750
v -1.612980 -2.518520 -0.004750
v -1.611375 -2.517288 -0.004750
v -1.609506 -2.516514 -0.004750
v -1.607500 -2.516250 -0.004750
v -1.605494 -2.516514 -0.004750
v -1.603625 -2.517288 -0.004750
v -1.602020 -2.518520 -0.004750
v -1.600788 -2.520125 -0.004750
v -1.600014 -2.521994 -0.004750
v -1.599750 -2.524000 -0.004750
v -1.600014 -2.526006 -0.004750
v -1.600788 -2.527875 -0.004750
v -1.602020 -2.529480 -0.004750
v -1.603625 -2.530712 -0.004750
v -1.605494 -2.531486 -0.004750
v -1.607500 -2.531750 -0.004750
v -1.609506 -2.531486 -0.004750
v -1.611375 -2.530712 -0.004750
v -1.612980 -2.529480 -0.004750
v -1.614212 -2.527875 -0.004750
v -1.614986 -2.526006 -0.004750
v -1.615250 -2.524000 0.185250
v -1.614986 -2.521994 0.185250
v -1.614212 -2.520125 0.185250
v -1.612980 -2.518520 0.185250
v -1.611375 -2.517288 0.185250
v -1.609506 -2.516514 0.185250
v -1.607500 -2.516250 0.185250
v -1.605494 -2.516514 0.185250
v -1.603625 -2.517288 0.185250
v -1.602020 -2.518520 0.185250
v -1.600788 -2.520125 0.185250
v -1.600014 -2.521994 0.185250
v -1.599750 -2.524000 0.185250
v -1.600014 -2.526006 0.185250
v -1.600788 -2.527875 0.185250
v -1.602020 -2.529480 0.185250
v -1.603625 -2.530712 0.185250
v -1.605494 -2.531486 0.185250
v -1.607500 -2.531750 0.185250
v -1.609506 -2.531486 0.185250
v -1.611375 -2.530712 0.185250
v -1.612980 -2.529480 0.185250
v -1.614212 -2.527875 0.185250
v -1.614986 -2.526006 0.185250
v -1.615250 -2.524000 0.147250
v -1.615250 -2.524000 0.109250
v -1.615250 -2.524000 0.071250
v -1.615250 -2.524000 0.033250
v -1.614986 -2.521994 0.147250
v -1.614986 -2.521994 0.109250
v -1.614986 -2.521994 0.071250
v -1.614986 -2.521994 0.033250
v -1.614212 -2.520125 0.147250
v -1.614212 -2.520125 0.109250
v -1.614212 -2.520125 0.071250
v -1.614212 -2.520125 0.033250
v -1.612980 -2.518520 0.147250
v -1.612980 -2.518520 0.109250
v -1.612980 -2.518520 0.071250
v -1.612980 -2.518520 0.033250
v -1.611375 -2.517288 0.147250
v -1.611375 -2.517288 0.109250
v -1.611375 -2.517288 0.071250
v -1.611375 -2.517288 0.033250
v -1.609506 -2.516514 0.147250
v -1.609506 -2.516514 0.109250
v -1.609506 -2.516514 0.071250
v -1.609506 -2.516514 0.033250
v -1.607500 -2.516250 0.147250
v -1.607500 -2.516250 0.109250
v -1.607500 -2.516250 0.071250
v -1.607500 -2.516250 0.033250
v -1.605494 -2.516514 0.147250
v -1.605494 -2.516514 0.109250
v -1.605494 -2.516514 0.071250
v -1.605494 -2.516514 0.033250
v -1.603625 -2.517288 0.147250
v -1.603625 -2.517288 0.109250
v -1.603625 -2.517288 0.071250
v -1.603625 -2.517288 0.033250
v -1.602020 -2.518520 0.147250
v -1.602020 -2.518520 0.109250
v -1.602020 -2.518520 0.071250
v -1.602020 -2.518520 0.033250
v -1.600788 -2.520125 0.147250
v -1.600788 -2.520125 0.109250
v -1.600788 -2.520125 0.071250
v -1.600788 -2.520125 0.033250
v -1.600014 -2.521994 0.147250
v -1.600014 -2.521994 0.109250
v -1.600014 -2.521994 0.071250
v -1.600014 -2.521994 0.033250
v -1.599750 -2.524000 0.147250
v -1.599750 -2.524000 0.109250
v -1.599750 -2.524000 0.071250
v -1.599750 -2.524000 0.033250
v -1.600014 -2.526006 0.147250
v -1.600014 -2.526006 0.109250
v -1.600014 -2.526006 0.071250
v -1.600014 -2.526006 0.033250
v -1.600788 -2.527875 0.147250
v -1.600788 -2.527875 0.109250
v -1.600788 -2.527875 0.071250
v -1.600788 -2.527875 0.033250
v -1.602020 -2.529480 0.147250
v -1.602020 -2.529480 0.109250
v -1.602020 -2.529480 0.071250
v -1.602020 -2.529480 0.033250
v -1.603625 -2.530712 0.147250
v -1.603625 -2.530712 0.109250
v -1.603625 -2.530712 0.071250
v -1.603625 -2.530712 0.033250
v -1.605494 -2.531486 0.147250
v -1.605494 -2.531486 0.109250
v -1.605494 -2.531486 0.071250
v -1.605494 -2.531486 0.033250
v -1.607500 -2.531750 0.147250
v -1.607500 -2.531750 0.109250
v -1.607500 -2.531750 0.071250
v -1.607500 -2.531750 0.033250
v -1.609506 -2.531486 0.147250
v -1.609506 -2.531486 0.109250
v -1.609506 -2.531486 0.071250
v -1.609506 -2.531486 0.033250
v -1.611375 -2.530712 0.147250
v -1.611375 -2.530712 0.109250
v -1.611375 -2.530712 0.071250
v -1.611375 -2.530712 0.033250
v -1.612980 -2.529480 0.147250
v -1.612980 -2.529480 0.109250
v -1.612980 -2.529480 0.071250
v -1.612980 -2.529480 0.033250
v -1.614212 -2.527875 0.147250
v -1.614212 -2.527875 0.109250
v -1.614212 -2.527875 0.071250
v -1.614212 -2.527875 0.033250
v -1.614986 -2.526006 0.147250
v -1.614986 -2.526006 0.109250
v -1.614986 -2.526006 0.071250
v -1.614986 -2.526006 0.033250
v -1.275250 -2.524000 -0.004750
v -1.274986 -2.521994 -0.004750
v -1.274212 -2.520125 -0.004750
v -1.272980 -2.518520 -0.004750
v -1.271375 -2.517288 -0.004750
v -1.269506 -2.516514 -0.004750
v -1.267500 -2.516250 -0.004750
v -1.265494 -2.516514 -0.004750
v -1.263625 -2.517288 -0.004750
v -1.262020 -2.518520 -0.004750
v -1.260788 -2.520125 -0.004750
v -1.260014 -2.521994 -0.004750
v -1.259750 -2.524000 -0.004750
v -1.260014 -2.526006 -0.004750
v -1.260788 -2.527875 -0.004750
v -1.262020 -2.529480 -0.004750
v -1.263625 -2.530712 -0.004750
v -1.265494 -2.531486 -0.004750
v -1.267500 -2.531750 -0.004750
v -1.269506 -2.531486 -0.004750
v -1.271375 -2.530712 -0.004750
v -1.272980 -2.529480 -0.004750
v -1.274212 -2.527875 -0.004750
v -1.274986 -2.526006 -0.004750
v -1.275250 -2.524000 0.185250
v -1.274986 -2.521994 0.185250
v -1.274212 -2.520125 0.185250
v -1.272980 -2.518520 0.185250
v -1.271375 -2.517288 0.185250
v -1.269506 -2.516514 0.185250
v -1.267500 -2.516250 0.185250
v -1.265494 -2.516514 0.185250
v -1.263625 -2.517288 0.185250
v -1.262020 -2.518520 0.185250
v -1.260788 -2.520125 0.185250
v -1.260014 -2.521994 0.185250
v -1.259750 -2.524000 0.185250
v -1.260014 -2.526006 0.185250
v -1.260788 -2.527875 0.185250
v -1.262020 -2.529480 0.185250
v -1.263625 -2.530712 0.185250
v -1.265494 -2.531486 0.185250
v -1.267500 -2.531750 0.185250
v -1.269506 -2.531486 0.185250
v -1.271375 -2.530712 0.185250
v -1.272980 -2.529480 0.185250
v -1.274212 -2.527875 0.185250
v -1.274986 -2.526006 0.185250
v -1.275250 -2.524000 0.147250
v -1.275250 -2.524000 0.109250
v -1.275250 -2.524000 0.071250
v -1.275250 -2.524000 0.033250
v -1.274986 -2.521994 0.147250
v -1.274986 -2.521994 0.109250
v -1.274986 -2.521994 0.071250
v -1.274986 -2.521994 0.033250
v -1.274212 -2.520125 0.147250
v -1.274212 -2.520125 0.109250
v -1.274212 -2.520125 0.071250
v -1.274212 -2.520125 0.033250
v -1.272980 -2.518520 0.147250
v -1.272980 -2.518520 0.109250
v -1.272980 -2.518520 0.071250
v -1.272980 -2.518520 0.033250
v -1.271375 -2.517288 0.147250
v -1.271375 -2.517288 0.109250
v -1.271375 -2.517288 0.071250
v -1.271375 -2.517288 0.033250
v -1.269506 -2.516514 0.147250
v -1.269506 -2.516514 0.109250
v -1.269506 -2.516514 0.071250
v -1.269506 -2.516514 0.033250
v -1.267500 -2.516250 0.147250
v -1.267500 -2.516250 0.109250
v -1.267500 -2.516250 0.071250
v -1.267500 -2.516250 0.033250
v -1.265494 -2.516514 0.147250
v -1.265494 -2.516514 0.109250
v -1.265494 -2.516514 0.071250
v -1.265494 -2.516514 0.033250
v -1.263625 -2.517288 0.147250
v -1.263625 -2.517288 0.109250
v -1.263625 -2.517288 0.071250
v -1.263625 -2.517288 0.033250
v -1.262020 -2.518520 0.147250
v -1.262020 -2.518520 0.109250
v -1.262020 -2.518520 0.071250
v -1.262020 -2.518520 0.033250
v -1.260788 -2.520125 0.147250
v -1.260788 -2.520125 0.109250
v -1.260788 -2.520125 0.071250
v -1.260788 -2.520125 0.033250
v -1.260014 -2.521994 0.147250
v -1.260014 -2.521994 0.109250
v -1.260014 -2.521994 0.071250
v -1.260014 -2.521994 0.033250
v -1.259750 -2.524000 0.147250
v -1.259750 -2.524000 0.109250
v -1.259750 -2.524000 0.071250
v -1.259750 -2.524000 0.033250
v -1.260014 -2.526006 0.147250
v -1.260014 -2.526006 0.109250
v -1.260014 -2.526006 0.071250
v -1.260014 -2.526006 0.033250
v -1.260788 -2.527875 0.147250
v -1.260788 -2.527875 0.109250
v -1.260788 -2.527875 0.071250
v -1.260788 -2.527875 0.033250
v -1.262020 -2.529480 0.147250
v -1.262020 -2.529480 0.109250
v -1.262020 -2.529480 0.071250
v -1.262020 -2.529480 0.033250
v -1.263625 -2.530712 0.147250
v -1.263625 -2.530712 0.109250
v -1.263625 -2.530712 0.071250
v -1.263625 -2.530712 0.033250
v -1.265494 -2.531486 0.147250
v -1.265494 -2.531486 0.109250
v -1.265494 -2.531486 0.071250
v -1.265494 -2.531486 0.033250
v -1.267500 -2.531750 0.147250
v -1.267500 -2.531750 0.109250
v -1.267500 -2.531750 0.071250
v -1.267500 -2.531750 0.033250
v -1.269506 -2.531486 0.147250
v -1.269506 -2.531486 0.109250
v -1.269506 -2.531486 0.071250
v -1.269506 -2.531486 0.033250
v -1.271375 -2.530712 0.147250
v -1.271375 -2.530712 0.109250
v -1.271375 -2.530712 0.071250
v -1.271375 -2.530712 0.033250
v -1.272980 -2.529480 0.147250
v -1.272980 -2.529480 0.109250
v -1.272980 -2.529480 0.071250
v -1.272980 -2.529480 0.033250
v -1.274212 -2.527875 0.147250
v -1.274212 -2.527875 0.109250
v -1.274212 -2.527875 0.071250
v -1.274212 -2.527875 0.033250
v -1.274986 -2.526006 0.147250
v -1.274986 -2.526006 0.109250
v -1.274986 -2.526006 0.071250
v -1.274986 -2.526006 0.033250
v -1.190250 -2.524000 -0.004750
v -1.189986 -2.521994 -0.004750
v -1.189212 -2.520125 -0.004750
v -1.187980 -2.518520 -0.004750
v -1.186375 -2.517288 -0.004750
v -1.184506 -2.516514 -0.004750
v -1.182500 -2.516250 -0.004750
v -1.180494 -2.516514 -0.004750
v -1.178625 -2.517288 -0.004750
v -1.177020 -2.518520 -0.004750
v -1.175788 -2.520125 -0.004750
v -1.175014 -2.521994 -0.004750
v -1.174750 -2.524000 -0.004750
v -1.175014 -2.526006 -0.004750
v -1.175788 -2.527875 -0.004750
v -1.177020 -2.529480 -0.004750
v -1.178625 -2.530712 -0.004750
v -1.180494 -2.531486 -0.004750
v -1.182500 -2.531750 -0.004750
v -1.184506 -2.531486 -0.004750
v -1.186375 -2.530712 -0.004750
v -1.187980 -2.529480 -0.004750
v -1.189212 -2.527875 -0.004750
v -1.189986 -2.526006 -0.004750
v -1.190250 -2.524000 0.185250
v -1.189986 -2.521994 0.185250
v -1.189212 -2.520125 0.185250
v -1.187980 -2.518520 0.185250
v -1.186375 -2.517288 0.185250
v -1.184506 -2.516514 0.185250
v -1.182500 -2.516250 0.185250
v -1.180494 -2.516514 0.185250
v -1.178625 -2.517288 0.185250
v -1.177020 -2.518520 0.185250
v -1.175788 -2.520125 0.185250
v -1.175014 -2.521994 0.185250
v -1.174750 -2.524000 0.185250
v -1.175014 -2.526006 0.185250
v -1.175788 -2.527875 0.185250
v -1.177020 -2.529480 0.185250
v -1.178625 -2.530712 0.185250
v -1.180494 -2.531486 0.185250
v -1.182500 -2.531750 0.185250
v -1.184506 -2.531486 0.185250
v -1.186375 -2.530712 0.185250
v -1.187980 -2.529480 0.185250
v -1.189212 -2.527875 0.185250
v -1.189986 -2.526006 0.185250
v -1.190250 -2.524000 0.147250
v -1.190250 -2.524000 0.109250
v -1.190250 -2.524000 0.071250
v -1.190250 -2.524000 0.033250
v -1.189986 -2.521994 0.147250
v -1.189986 -2.521994 0.109250
v -1.189986 -2.521994 0.071250
v -1.189986 -2.521994 0.033250
v -1.189212 -2.520125 0.147250
v -1.189212 -2.520125 0.109250
v -1.189212 -2.520125 0.071250
v -1.189212 -2.520125 0.033250
v -1.187980 -2.518520 0.147250
v -1.187980 -2.518520 0.109250
v -1.187980 -2.518520 0.071250
v -1.187980 -2.518520 0.033250
v -1.186375 -2.517288 0.147250
v -1.186375 -2.517288 0.109250
v -1.186375 -2.517288 0.071250
v -1.186375 -2.517288 0.033250
v -1.184506 -2.516514 0.147250
v -1.184506 -2.516514 0.109250
v -1.184506 -2.516514 0.071250
v -1.184506 -2.516514 0.033250
v -1.182500 -2.516250 0.147250
v -1.182500 -2.516250 0.109250
v -1.182500 -2.516250 0.071250
v -1.182500 -2.516250 0.033250
v -1.180494 -2.516514 0.147250
v -1.180494 -2.516514 0.109250
v -1.180494 -2.516514 0.071250
v -1.180494 -2.516514 0.033250
v -1.178625 -2.517288 0.147250
v -1.178625 -2.517288 0.109250
v -1.178625 -2.517288 0.071250
v -1.178625 -2.517288 0.033250
v -1.177020 -2.518520 0.147250
v -1.177020 -2.518520 0.109250
v -1.177020 -2.518520 0.071250
v -1.177020 -2.518520 0.033250
v -1.175788 -2.520125 0.147250
v -1.175788 -2.520125 0.109250
v -1.175788 -2.520125 0.071250
v -1.175788 -2.520125 0.033250
v -1.175014 -2.521994 0.147250
v -1.175014 -2.521994 0.109250
v -1.175014 -2.521994 0.071250
v -1.175014 -2.521994 0.033250
v -1.174750 -2.524000 0.147250
v -1.174750 -2.524000 0.109250
v -1.174750 -2.524000 0.071250
v -1.174750 -2.524000 0.033250
v -1.175014 -2.526006 0.147250
v -1.175014 -2.526006 0.109250
v -1.175014 -2.526006 0.071250
v -1.175014 -2.526006 0.033250
v -1.175788 -2.527875 0.147250
v -1.175788 -2.527875 0.109250
v -1.175788 -2.527875 0.071250
v -1.175788 -2.527875 0.033250
v -1.177020 -2.529480 0.147250
v -1.177020 -2.529480 0.109250
v -1.177020 -2.529480 0.071250
v -1.177020 -2.529480 0.033250
v -1.178625 -2.530712 0.147250
v -1.178625 -2.530712 0.109250
v -1.178625 -2.530712 0.071250
v -1.178625 -2.530712 0.033250
v -1.180494 -2.531486 0.147250
v -1.180494 -2.531486 0.109250
v -1.180494 -2.531486 0.071250
v -1.180494 -2.531486 0.033250
v -1.182500 -2.531750 0.147250
v -1.182500 -2.531750 0.109250
v -1.182500 -2.531750 0.071250
v -1.182500 -2.531750 0.033250
v -1.184506 -2.531486 0.147250
v -1.184506 -2.531486 0.109250
v -1.184506 -2.531486 0.071250
v -1.184506 -2.531486 0.033250
v -1.186375 -2.530712 0.147250
v -1.186375 -2.530712 0.109250
v -1.186375 -2.530712 0.071250
v -1.186375 -2.530712 0.033250
v -1.187980 -2.529480 0.147250
v -1.187980 -2.529480 0.109250
v -1.187980 -2.529480 0.071250
v -1.187980 -2.529480 0.033250
v -1.189212 -2.527875 0.147250
v -1.189212 -2.527875 0.109250
v -1.189212 -2.527875 0.071250
v -1.189212 -2.527875 0.033250
v -1.189986 -2.526006 0.147250
v -1.189986 -2.526006 0.109250
v -1.189986 -2.526006 0.071250
v -1.189986 -2.526006 0.033250
v -1.530250 -2.524000 -0.004750
v -1.529986 -2.521994 -0.004750
v -1.529212 -2.520125 -0.004750
v -1.527980 -2.518520 -0.004750
v -1.526375 -2.517288 -0.004750
v -1.524506 -2.516514 -0.004750
v -1.522500 -2.516250 -0.004750
v -1.520494 -2.516514 -0.004750
v -1.518625 -2.517288 -0.004750
v -1.517020 -2.518520 -0.004750
v -1.515788 -2.520125 -0.004750
v -1.515014 -2.521994 -0.004750
v -1.514750 -2.524000 -0.004750
v -1.515014 -2.526006 -0.004750
v -1.515788 -2.527875 -0.004750
v -1.517020 -2.529480 -0.004750
v -1.518625 -2.530712 -0.004750
v -1.520494 -2.531486 -0.004750
v -1.522500 -2.531750 -0.004750
v -1.524506 -2.531486 -0.004750
v -1.526375 -2.530712 -0.004750
v -1.527980 -2.529480 -0.004750
v -1.529212 -2.527875 -0.004750
v -1.529986 -2.526006 -0.004750
v -1.530250 -2.524000 0.185250
v -1.529986 -2.521994 0.185250
v -1.529212 -2.520125 0.185250
v -1.527980 -2.518520 0.185250
v -1.526375 -2.517288 0.185250
v -1.524506 -2.516514 0.185250
v -1.522500 -2.516250 0.185250
v -1.520494 -2.516514 0.185250
v -1.518625 -2.517288 0.185250
v -1.517020 -2.518520 0.185250
v -1.515788 -2.520125 0.185250
v -1.515014 -2.521994 0.185250
v -1.514750 -2.524000 0.185250
v -1.515014 -2.526006 0.185250
v -1.515788 -2.527875 0.185250
v -1.517020 -2.529480 0.185250
v -1.518625 -2.530712 0.185250
v -1.520494 -2.531486 0.185250
v -1.522500 -2.531750 0.185250
v -1.524506 -2.531486 0.185250
v -1.526375 -2.530712 0.185250
v -1.527980 -2.529480 0.185250
v -1.529212 -2.527875 0.185250
v -1.529986 -2.526006 0.185250
v -1.530250 -2.524000 0.147250
v -1.530250 -2.524000 0.109250
v -1.530250 -2.524000 0.071250
v -1.530250 -2.524000 0.033250
v -1.529986 -2.521994 0.147250
v -1.529986 -2.521994 0.109250
v -1.529986 -2.521994 0.071250
v -1.529986 -2.521994 0.033250
v -1.529212 -2.520125 0.147250
v -1.529212 -2.520125 0.109250
v -1.529212 -2.520125 0.071250
v -1.529212 -2.520125 0.033250
v -1.527980 -2.518520 0.147250
v -1.527980 -2.518520 0.109250
v -1.527980 -2.518520 0.071250
v -1.527980 -2.518520 0.033250
v -1.526375 -2.517288 0.147250
v -1.526375 -2.517288 0.109250
v -1.526375 -2.517288 0.071250
v -1.526375 -2.517288 0.033250
v -1.524506 -2.516514 0.147250
v -1.524506 -2.516514 0.109250
v -1.524506 -2.516514 0.071250
v -1.524506 -2.516514 0.033250
v -1.522500 -2.516250 0.147250
v -1.522500 -2.516250 0.109250
v -1.522500 -2.516250 0.071250
v -1.522500 -2.516250 0.033250
v -1.520494 -2.516514 0.147250
v -1.520494 -2.516514 0.109250
v -1.520494 -2.516514 0.071250
v -1.520494 -2.516514 0.033250
v -1.518625 -2.517288 0.147250
v -1.518625 -2.517288 0.109250
v -1.518625 -2.517288 0.071250
v -1.518625 -2.517288 0.033250
v -1.517020 -2.518520 0.147250
v -1.517020 -2.518520 0.109250
v -1.517020 -2.518520 0.071250
v -1.517020 -2.518520 0.033250
v -1.515788 -2.520125 0.147250
v -1.515788 -2.520125 0.109250
v -1.515788 -2.520125 0.071250
v -1.515788 -2.520125 0.033250
v -1.515014 -2.521994 0.147250
v -1.515014 -2.521994 0.109250
v -1.515014 -2.521994 0.071250
v -1.515014 -2.521994 0.033250
v -1.514750 -2.524000 0.147250
v -1.514750 -2.524000 0.109250
v -1.514750 -2.524000 0.071250
v -1.514750 -2.524000 0.033250
v -1.515014 -2.526006 0.147250
v -1.515014 -2.526006 0.109250
v -1.515014 -2.526006 0.071250
v -1.515014 -2.526006 0.033250
v -1.515788 -2.527875 0.147250
v -1.515788 -2.527875 0.109250
v -1.515788 -2.527875 0.071250
v -1.515788 -2.527875 0.033250
v -1.517020 -2.529480 0.147250
v -1.517020 -2.529480 0.109250
v -1.517020 -2.529480 0.071250
v -1.517020 -2.529480 0.033250
v -1.518625 -2.530712 0.147250
v -1.518625 -2.530712 0.109250
v -1.518625 -2.530712 0.071250
v -1.518625 -2.530712 0.033250
v -1.520494 -2.531486 0.147250
v -1.520494 -2.531486 0.109250
v -1.520494 -2.531486 0.071250
v -1.520494 -2.531486 0.033250
v -1.522500 -2.531750 0.147250
v -1.522500 -2.531750 0.109250
v -1.522500 -2.531750 0.071250
v -1.522500 -2.531750 0.033250
v -1.524506 -2.531486 0.147250
v -1.524506 -2.531486 0.109250
v -1.524506 -2.531486 0.071250
v -1.524506 -2.531486 0.033250
v -1.526375 -2.530712 0.147250
v -1.526375 -2.530712 0.109250
v -1.526375 -2.530712 0.071250
v -1.526375 -2.530712 0.033250
v -1.527980 -2.529480 0.147250
v -1.527980 -2.529480 0.109250
v -1.527980 -2.529480 0.071250
v -1.527980 -2.529480 0.033250
v -1.529212 -2.527875 0.147250
v -1.529212 -2.527875 0.109250
v -1.529212 -2.527875 0.071250
v -1.529212 -2.527875 0.033250
v -1.529986 -2.526006 0.147250
v -1.529986 -2.526006 0.109250
v -1.529986 -2.526006 0.071250
v -1.529986 -2.526006 0.033250
v -1.445250 -2.389000 -0.004750
v -1.444986 -2.386994 -0.004750
v -1.444212 -2.385125 -0.004750
v -1.442980 -2.383520 -0.004750
v -1.441375 -2.382288 -0.004750
v -1.439506 -2.381514 -0.004750
v -1.437500 -2.381250 -0.004750
v -1.435494 -2.381514 -0.004750
v -1.433625 -2.382288 -0.004750
v -1.432020 -2.383520 -0.004750
v -1.430788 -2.385125 -0.004750
v -1.430014 -2.386994 -0.004750
v -1.429750 -2.389000 -0.004750
v -1.430014 -2.391006 -0.004750
v -1.430788 -2.392875 -0.004750
v -1.432020 -2.394480 -0.004750
v -1.433625 -2.395712 -0.004750
v -1.435494 -2.396486 -0.004750
v -1.437500 -2.396750 -0.004750
v -1.439506 -2.396486 -0.004750
v -1.441375 -2.395712 -0.004750
v -1.442980 -2.394480 -0.004750
v -1.444212 -2.392875 -0.004750
v -1.444986 -2.391006 -0.004750
v -1.445250 -2.389000 0.185250
v -1.444986 -2.386994 0.185250
v -1.444212 -2.385125 0.185250
v -1.442980 -2.383520 0.185250
v -1.441375 -2.382288 0.185250
v -1.439506 -2.381514 0.185250
v -1.437500 -2.381250 0.185250
v -1.435494 -2.381514 0.185250
v -1.433625 -2.382288 0.185250
v -1.432020 -2.383520 0.185250
v -1.430788 -2.385125 0.185250
v -1.430014 -2.386994 0.185250
v -1.429750 -2.389000 0.185250
v -1.430014 -2.391006 0.185250
v -1.430788 -2.392875 0.185250
v -1.432020 -2.394480 0.185250
v -1.433625 -2.395712 0.185250
v -1.435494 -2.396486 0.185250
v -1.437500 -2.396750 0.185250
v -1.439506 -2.396486 0.185250
v -1.441375 -2.395712 0.185250
v -1.442980 -2.394480 0.185250
v -1.444212 -2.392875 0.185250
v -1.444986 -2.391006 0.185250
v -1.445250 -2.389000 0.147250
v -1.445250 -2.389000 0.109250
v -1.445250 -2.389000 0.071250
v -1.445250 -2.389000 0.033250
v -1.444986 -2.386994 0.147250
v -1.444986 -2.386994 0.109250
v -1.444986 -2.386994 0.071250
v -1.444986 -2.386994 0.033250
v -1.444212 -2.385125 0.147250
v -1.444212 -2.385125 0.109250
v -1.444212 -2.385125 0.071250
v -1.444212 -2.385125 0.033250
v -1.442980 -2.383520 0.147250
v -1.442980 -2.383520 0.109250
v -1.442980 -2.383520 0.071250
v -1.442980 -2.383520 0.033250
v -1.441375 -2.382288 0.147250
v -1.441375 -2.382288 0.109250
v -1.441375 -2.382288 0.071250
v -1.441375 -2.382288 0.033250
v -1.439506 -2.381514 0.147250
v -1.439506 -2.381514 0.109250
v -1.439506 -2.381514 0.071250
v -1.439506 -2.381514 0.033250
v -1.437500 -2.381250 0.147250
v -1.437500 -2.381250 0.109250
v -1.437500 -2.381250 0.071250
v -1.437500 -2.381250 0.033250
v -1.435494 -2.381514 0.147250
v -1.435494 -2.381514 0.109250
v -1.435494 -2.381514 0.071250
v -1.435494 -2.381514 0.033250
v -1.433625 -2.382288 0.147250
v -1.433625 -2.382288 0.109250
v -1.433625 -2.382288 0.071250
v -1.433625 -2.382288 0.033250
v -1.432020 -2.383520 0.147250
v -1.432020 -2.383520 0.109250
v -1.432020 -2.383520 0.071250
v -1.432020 -2.383520 0.033250
v -1.430788 -2.385125 0.147250
v -1.430788 -2.385125 0.109250
v -1.430788 -2.385125 0.071250
v -1.430788 -2.385125 0.033250
v -1.430014 -2.386994 0.147250
v -1.430014 -2.386994 0.109250
v -1.430014 -2.386994 0.071250
v -1.430014 -2.386994 0.033250
v -1.429750 -2.389000 0.147250
v -1.429750 -2.389000 0.109250
v -1.429750 -2.389000 0.071250
v -1.429750 -2.389000 0.033250
v -1.430014 -2.391006 0.147250
v -1.430014 -2.391006 0.109250
v -1.430014 -2.391006 0.071250
v -1.430014 -2.391006 0.033250
v -1.430788 -2.392875 0.147250
v -1.430788 -2.392875 0.109250
v -1.430788 -2.392875 0.071250
v -1.430788 -2.392875 0.033250
v -1.432020 -2.394480 0.147250
v -1.432020 -2.394480 0.109250
v -1.432020 -2.394480 0.071250
v -1.432020 -2.394480 0.033250
v -1.433625 -2.395712 0.147250
v -1.433625 -2.395712 0.109250
v -1.433625 -2.395712 0.071250
v -1.433625 -2.395712 0.033250
v -1.435494 -2.396486 0.147250
v -1.435494 -2.396486 0.109250
v -1.435494 -2.396486 0.071250
v -1.435494 -2.396486 0.033250
v -1.437500 -2.396750 0.147250
v -1.437500 -2.396750 0.109250
v -1.437500 -2.396750 0.071250
v -1.437500 -2.396750 0.033250
v -1.439506 -2.396486 0.147250
v -1.439506 -2.396486 0.109250
v -1.439506 -2.396486 0.071250
v -1.439506 -2.396486 0.033250
v -1.441375 -2.395712 0.147250
v -1.441375 -2.395712 0.109250
v -1.441375 -2.395712 0.071250
v -1.441375 -2.395712 0.033250
v -1.442980 -2.394480 0.147250
v -1.442980 -2.394480 0.109250
v -1.442980 -2.394480 0.071250
v -1.442980 -2.394480 0.033250
v -1.444212 -2.392875 0.147250
v -1.444212 -2.392875 0.109250
v -1.444212 -2.392875 0.071250
v -1.444212 -2.392875 0.033250
v -1.444986 -2.391006 0.147250
v -1.444986 -2.391006 0.109250
v -1.444986 -2.391006 0.071250
v -1.444986 -2.391006 0.033250
v -1.785250 -2.524000 -0.004750
v -1.784986 -2.521994 -0.004750
v -1.784212 -2.520125 -0.004750
v -1.782980 -2.518520 -0.004750
v -1.781375 -2.517288 -0.004750
v -1.779506 -2.516514 -0.004750
v -1.777500 -2.516250 -0.004750
v -1.775494 -2.516514 -0.004750
v -1.773625 -2.517288 -0.004750
v -1.772020 -2.518520 -0.004750
v -1.770788 -2.520125 -0.004750
v -1.770014 -2.521994 -0.004750
v -1.769750 -2.524000 -0.004750
v -1.770014 -2.526006 -0.004750
v -1.770788 -2.527875 -0.004750
v -1.772020 -2.529480 -0.004750
v -1.773625 -2.530712 -0.004750
v -1.775494 -2.531486 -0.004750
v -1.777500 -2.531750 -0.004750
v -1.779506 -2.531486 -0.004750
v -1.781375 -2.530712 -0.004750
v -1.782980 -2.529480 -0.004750
v -1.784212 -2.527875 -0.004750
v -1.784986 -2.526006 -0.004750
v -1.785250 -2.524000 0.185250
v -1.784986 -2.521994 0.185250
v -1.784212 -2.520125 0.185250
v -1.782980 -2.518520 0.185250
v -1.781375 -2.517288 0.185250
v -1.779506 -2.516514 0.185250
v -1.777500 -2.516250 0.185250
v -1.775494 -2.516514 0.185250
v -1.773625 -2.517288 0.185250
v -1.772020 -2.518520 0.185250
v -1.770788 -2.520125 0.185250
v -1.770014 -2.521994 0.185250
v -1.769750 -2.524000 0.185250
v -1.770014 -2.526006 0.185250
v -1.770788 -2.527875 0.185250
v -1.772020 -2.529480 0.185250
v -1.773625 -2.530712 0.185250
v -1.775494 -2.531486 0.185250
v -1.777500 -2.531750 0.185250
v -1.779506 -2.531486 0.185250
v -1.781375 -2.530712 0.185250
v -1.782980 -2.529480 0.185250
v -1.784212 -2.527875 0.185250
v -1.784986 -2.526006 0.185250
v -1.785250 -2.524000 0.147250
v -1.785250 -2.524000 0.109250
v -1.785250 -2.524000 0.071250
v -1.785250 -2.524000 0.033250
v -1.784986 -2.521994 0.147250
v -1.784986 -2.521994 0.109250
v -1.784986 -2.521994 0.071250
v -1.784986 -2.521994 0.033250
v -1.784212 -2.520125 0.147250
v -1.784212 -2.520125 0.109250
v -1.784212 -2.520125 0.071250
v -1.784212 -2.520125 0.033250
v -1.782980 -2.518520 0.147250
v -1.782980 -2.518520 0.109250
v -1.782980 -2.518520 0.071250
v -1.782980 -2.518520 0.033250
v -1.781375 -2.517288 0.147250
v -1.781375 -2.517288 0.109250
v -1.781375 -2.517288 0.071250
v -1.781375 -2.517288 0.033250
v -1.779506 -2.516514 0.147250
v -1.779506 -2.516514 0.109250
v -1.779506 -2.516514 0.071250
v -1.779506 -2.516514 0.033250
v -1.777500 -2.516250 0.147250
v -1.777500 -2.516250 0.109250
v -1.777500 -2.516250 0.071250
v -1.777500 -2.516250 0.033250
v -1.775494 -2.516514 0.147250
v -1.775494 -2.516514 0.109250
v -1.775494 -2.516514 0.071250
v -1.775494 -2.516514 0.033250
v -1.773625 -2.517288 0.147250
v -1.773625 -2.517288 0.109250
v -1.773625 -2.517288 0.071250
v -1.773625 -2.517288 0.033250
v -1.772020 -2.518520 0.147250
v -1.772020 -2.518520 0.109250
v -1.772020 -2.518520 0.071250
v -1.772020 -2.518520 0.033250
v -1.770788 -2.520125 0.147250
v -1.770788 -2.520125 0.109250
v -1.770788 -2.520125 0.071250
v -1.770788 -2.520125 0.033250
v -1.770014 -2.521994 0.147250
v -1.770014 -2.521994 0.109250
v -1.770014 -2.521994 0.071250
v -1.770014 -2.521994 0.033250
v -1.769750 -2.524000 0.147250
v -1.769750 -2.524000 0.109250
v -1.769750 -2.524000 0.071250
v -1.769750 -2.524000 0.033250
v -1.770014 -2.526006 0.147250
v -1.770014 -2.526006 0.109250
v -1.770014 -2.526006 0.071250
v -1.770014 -2.526006 0.033250
v -1.770788 -2.527875 0.147250
v -1.770788 -2.527875 0.109250
v -1.770788 -2.527875 0.071250
v -1.770788 -2.527875 0.033250
v -1.772020 -2.529480 0.147250
v -1.772020 -2.529480 0.109250
v -1.772020 -2.529480 0.071250
v -1.772020 -2.529480 0.033250
v -1.773625 -2.530712 0.147250
v -1.773625 -2.530712 0.109250
v -1.773625 -2.530712 0.071250
v -1.773625 -2.530712 0.033250
v -1.775494 -2.531486 0.147250
v -1.775494 -2.531486 0.109250
v -1.775494 -2.531486 0.071250
v -1.775494 -2.531486 0.033250
v -1.777500 -2.531750 0.147250
v -1.777500 -2.531750 0.109250
v -1.777500 -2.531750 0.071250
v -1.777500 -2.531750 0.033250
v -1.779506 -2.531486 0.147250
v -1.779506 -2.531486 0.109250
v -1.779506 -2.531486 0.071250
v -1.779506 -2.531486 0.033250
v -1.781375 -2.530712 0.147250
v -1.781375 -2.530712 0.109250
v -1.781375 -2.530712 0.071250
v -1.781375 -2.530712 0.033250
v -1.782980 -2.529480 0.147250
v -1.782980 -2.529480 0.109250
v -1.782980 -2.529480 0.071250
v -1.782980 -2.529480 0.033250
v -1.784212 -2.527875 0.147250
v -1.784212 -2.527875 0.109250
v -1.784212 -2.527875 0.071250
v -1.784212 -2.527875 0.033250
v -1.784986 -2.526006 0.147250
v -1.784986 -2.526006 0.109250
v -1.784986 -2.526006 0.071250
v -1.784986 -2.526006 0.033250
v -1.360250 -2.389000 -0.004750
v -1.359986 -2.386994 -0.004750
v -1.359212 -2.385125 -0.004750
v -1.357980 -2.383520 -0.004750
v -1.356375 -2.382288 -0.004750
v -1.354506 -2.381514 -0.004750
v -1.352500 -2.381250 -0.004750
v -1.350494 -2.381514 -0.004750
v -1.348625 -2.382288 -0.004750
v -1.347020 -2.383520 -0.004750
v -1.345788 -2.385125 -0.004750
v -1.345014 -2.386994 -0.004750
v -1.344750 -2.389000 -0.004750
v -1.345014 -2.391006 -0.004750
v -1.345788 -2.392875 -0.004750
v -1.347020 -2.394480 -0.004750
v -1.348625 -2.395712 -0.004750
v -1.350494 -2.396486 -0.004750
v -1.352500 -2.396750 -0.004750
v -1.354506 -2.396486 -0.004750
v -1.356375 -2.395712 -0.004750
v -1.357980 -2.394480 -0.004750
v -1.359212 -2.392875 -0.004750
v -1.359986 -2.391006 -0.004750
v -1.360250 -2.389000 0.185250
v -1.359986 -2.386994 0.185250
v -1.359212 -2.385125 0.185250
v -1.357980 -2.383520 0.185250
v -1.356375 -2.382288 0.185250
v -1.354506 -2.381514 0.185250
v -1.352500 -2.381250 0.185250
v -1.350494 -2.381514 0.185250
v -1.348625 -2.382288 0.185250
v -1.347020 -2.383520 0.185250
v -1.345788 -2.385125 0.185250
v -1.345014 -2.386994 0.185250
v -1.344750 -2.389000 0.185250
v -1.345014 -2.391006 0.185250
v -1.345788 -2.392875 0.185250
v -1.347020 -2.394480 0.185250
v -1.348625 -2.395712 0.185250
v -1.350494 -2.396486 0.185250
v -1.352500 -2.396750 0.185250
v -1.354506 -2.396486 0.185250
v -1.356375 -2.395712 0.185250
v -1.357980 -2.394480 0.185250
v -1.359212 -2.392875 0.185250
v -1.359986 -2.391006 0.185250
v -1.360250 -2.389000 0.147250
v -1.360250 -2.389000 0.109250
v -1.360250 -2.389000 0.071250
v -1.360250 -2.389000 0.033250
v -1.359986 -2.386994 0.147250
v -1.359986 -2.386994 0.109250
v -1.359986 -2.386994 0.071250
v -1.359986 -2.386994 0.033250
v -1.359212 -2.385125 0.147250
v -1.359212 -2.385125 0.109250
v -1.359212 -2.385125 0.071250
v -1.359212 -2.385125 0.033250
v -1.357980 -2.383520 0.147250
v -1.357980 -2.383520 0.109250
v -1.357980 -2.383520 0.071250
v -1.357980 -2.383520 0.033250
v -1.356375 -2.382288 0.147250
v -1.356375 -2.382288 0.109250
v -1.356375 -2.382288 0.071250
v -1.356375 -2.382288 0.033250
v -1.354506 -2.381514 0.147250
v -1.354506 -2.381514 0.109250
v -1.354506 -2.381514 0.071250
v -1.354506 -2.381514 0.033250
v -1.352500 -2.381250 0.147250
v -1.352500 -2.381250 0.109250
v -1.352500 -2.381250 0.071250
v -1.352500 -2.381250 0.033250
v -1.350494 -2.381514 0.147250
v -1.350494 -2.381514 0.109250
v -1.350494 -2.381514 0.071250
v -1.350494 -2.381514 0.033250
v -1.348625 -2.382288 0.147250
v -1.348625 -2.382288 0.109250
v -1.348625 -2.382288 0.071250
v -1.348625 -2.382288 0.033250
v -1.347020 -2.383520 0.147250
v -1.347020 -2.383520 0.109250
v -1.347020 -2.383520 0.071250
v -1.347020 -2.383520 0.033250
v -1.345788 -2.385125 0.147250
v -1.345788 -2.385125 0.109250
v -1.345788 -2.385125 0.071250
v -1.345788 -2.385125 0.033250
v -1.345014 -2.386994 0.147250
v -1.345014 -2.386994 0.109250
v -1.345014 -2.386994 0.071250
v -1.345014 -2.386994 0.033250
v -1.344750 -2.389000 0.147250
v -1.344750 -2.389000 0.109250
v -1.344750 -2.389000 0.071250
v -1.344750 -2.389000 0.033250
v -1.345014 -2.391006 0.147250
v -1.345014 -2.391006 0.109250
v -1.345014 -2.391006 0.071250
v -1.345014 -2.391006 0.033250
v -1.345788 -2.392875 0.147250
v -1.345788 -2.392875 0.109250
v -1.345788 -2.392875 0.071250
v -1.345788 -2.392875 0.033250
v -1.347020 -2.394480 0.147250
v -1.347020 -2.394480 0.109250
v -1.347020 -2.394480 0.071250
v -1.347020 -2.394480 0.033250
v -1.348625 -2.395712 0.147250
v -1.348625 -2.395712 0.109250
v -1.348625 -2.395712 0.071250
v -1.348625 -2.395712 0.033250
v -1.350494 -2.396486 0.147250
v -1.350494 -2.396486 0.109250
v -1.350494 -2.396486 0.071250
v -1.350494 -2.396486 0.033250
v -1.352500 -2.396750 0.147250
v -1.352500 -2.396750 0.109250
v -1.352500 -2.396750 0.071250
v -1.352500 -2.396750 0.033250
v -1.354506 -2.396486 0.147250
v -1.354506 -2.396486 0.109250
v -1.354506 -2.396486 0.071250
v -1.354506 -2.396486 0.033250
v -1.356375 -2.395712 0.147250
v -1.356375 -2.395712 0.109250
v -1.356375 -2.395712 0.071250
v -1.356375 -2.395712 0.033250
v -1.357980 -2.394480 0.147250
v -1.357980 -2.394480 0.109250
v -1.357980 -2.394480 0.071250
v -1.357980 -2.394480 0.033250
v -1.359212 -2.392875 0.147250
v -1.359212 -2.392875 0.109250
v -1.359212 -2.392875 0.071250
v -1.359212 -2.392875 0.033250
v -1.359986 -2.391006 0.147250
v -1.359986 -2.391006 0.109250
v -1.359986 -2.391006 0.071250
v -1.359986 -2.391006 0.033250
v -1.615250 -2.389000 -0.004750
v -1.614986 -2.386994 -0.004750
v -1.614212 -2.385125 -0.004750
v -1.612980 -2.383520 -0.004750
v -1.611375 -2.382288 -0.004750
v -1.609506 -2.381514 -0.004750
v -1.607500 -2.381250 -0.004750
v -1.605494 -2.381514 -0.004750
v -1.603625 -2.382288 -0.004750
v -1.602020 -2.383520 -0.004750
v -1.600788 -2.385125 -0.004750
v -1.600014 -2.386994 -0.004750
v -1.599750 -2.389000 -0.004750
v -1.600014 -2.391006 -0.004750
v -1.600788 -2.392875 -0.004750
v -1.602020 -2.394480 -0.004750
v -1.603625 -2.395712 -0.004750
v -1.605494 -2.396486 -0.004750
v -1.607500 -2.396750 -0.004750
v -1.609506 -2.396486 -0.004750
v -1.611375 -2.395712 -0.004750
v -1.612980 -2.394480 -0.004750
v -1.614212 -2.392875 -0.004750
v -1.614986 -2.391006 -0.004750
v -1.615250 -2.389000 0.185250
v -1.614986 -2.386994 0.185250
v -1.614212 -2.385125 0.185250
v -1.612980 -2.383520 0.185250
v -1.611375 -2.382288 0.185250
v -1.609506 -2.381514 0.185250
v -1.607500 -2.381250 0.185250
v -1.605494 -2.381514 0.185250
v -1.603625 -2.382288 0.185250
v -1.602020 -2.383520 0.185250
v -1.600788 -2.385125 0.185250
v -1.600014 -2.386994 0.185250
v -1.599750 -2.389000 0.185250
v -1.600014 -2.391006 0.185250
v -1.600788 -2.392875 0.185250
v -1.602020 -2.394480 0.185250
v -1.603625 -2.395712 0.185250
v -1.605494 -2.396486 0.185250
v -1.607500 -2.396750 0.185250
v -1.609506 -2.396486 0.185250
v -1.611375 -2.395712 0.185250
v -1.612980 -2.394480 0.185250
v -1.614212 -2.392875 0.185250
v -1.614986 -2.391006 0.185250
v -1.615250 -2.389000 0.147250
v -1.615250 -2.389000 0.109250
v -1.615250 -2.389000 0.071250
v -1.615250 -2.389000 0.033250
v -1.614986 -2.386994 0.147250
v -1.614986 -2.386994 0.109250
v -1.614986 -2.386994 0.071250
v -1.614986 -2.386994 0.033250
v -1.614212 -2.385125 0.147250
v -1.614212 -2.385125 0.109250
v -1.614212 -2.385125 0.071250
v -1.614212 -2.385125 0.033250
v -1.612980 -2.383520 0.147250
v -1.612980 -2.383520 0.109250
v -1.612980 -2.383520 0.071250
v -1.612980 -2.383520 0.033250
v -1.611375 -2.382288 0.147250
v -1.611375 -2.382288 0.109250
v -1.611375 -2.382288 0.071250
v -1.611375 -2.382288 0.033250
v -1.609506 -2.381514 0.147250
v -1.609506 -2.381514 0.109250
v -1.609506 -2.381514 0.071250
v -1.609506 -2.381514 0.033250
v -1.607500 -2.381250 0.147250
v -1.607500 -2.381250 0.109250
v -1.607500 -2.381250 0.071250
v -1.607500 -2.381250 0.033250
v -1.605494 -2.381514 0.147250
v -1.605494 -2.381514 0.109250
v -1.605494 -2.381514 0.071250
v -1.605494 -2.381514 0.033250
v -1.603625 -2.382288 0.147250
v -1.603625 -2.382288 0.109250
v -1.603625 -2.382288 0.071250
v -1.603625 -2.382288 0.033250
v -1.602020 -2.383520 0.147250
v -1.602020 -2.383520 0.109250
v -1.602020 -2.383520 0.071250
v -1.602020 -2.383520 0.033250
v -1.600788 -2.385125 0.147250
v -1.600788 -2.385125 0.109250
v -1.600788 -2.385125 0.071250
v -1.600788 -2.385125 0.033250
v -1.600014 -2.386994 0.147250
v -1.600014 -2.386994 0.109250
v -1.600014 -2.386994 0.071250
v -1.600014 -2.386994 0.033250
v -1.599750 -2.389000 0.147250
v -1.599750 -2.389000 0.109250
v -1.599750 -2.389000 0.071250
v -1.599750 -2.389000 0.033250
v -1.600014 -2.391006 0.147250
v -1.600014 -2.391006 0.109250
v -1.600014 -2.391006 0.071250
v -1.600014 -2.391006 0.033250
v -1.600788 -2.392875 0.147250
v -1.600788 -2.392875 0.109250
v -1.600788 -2.392875 0.071250
v -1.600788 -2.392875 0.033250
v -1.602020 -2.394480 0.147250
v -1.602020 -2.394480 0.109250
v -1.602020 -2.394480 0.071250
v -1.602020 -2.394480 0.033250
v -1.603625 -2.395712 0.147250
v -1.603625 -2.395712 0.109250
v -1.603625 -2.395712 0.071250
v -1.603625 -2.395712 0.033250
v -1.605494 -2.396486 0.147250
v -1.605494 -2.396486 0.109250
v -1.605494 -2.396486 0.071250
v -1.605494 -2.396486 0.033250
v -1.607500 -2.396750 0.147250
v -1.607500 -2.396750 0.109250
v -1.607500 -2.396750 0.071250
v -1.607500 -2.396750 0.033250
v -1.609506 -2.396486 0.147250
v -1.609506 -2.396486 0.109250
v -1.609506 -2.396486 0.071250
v -1.609506 -2.396486 0.033250
v -1.611375 -2.395712 0.147250
v -1.611375 -2.395712 0.109250
v -1.611375 -2.395712 0.071250
v -1.611375 -2.395712 0.033250
v -1.612980 -2.394480 0.147250
v -1.612980 -2.394480 0.109250
v -1.612980 -2.394480 0.071250
v -1.612980 -2.394480 0.033250
v -1.614212 -2.392875 0.147250
v -1.614212 -2.392875 0.109250
v -1.614212 -2.392875 0.071250
v -1.614212 -2.392875 0.033250
v -1.614986 -2.391006 0.147250
v -1.614986 -2.391006 0.109250
v -1.614986 -2.391006 0.071250
v -1.614986 -2.391006 0.033250
v -1.700250 -2.389000 -0.004750
v -1.699986 -2.386994 -0.004750
v -1.699212 -2.385125 -0.004750
v -1.697980 -2.383520 -0.004750
v -1.696375 -2.382288 -0.004750
v -1.694506 -2.381514 -0.004750
v -1.692500 -2.381250 -0.004750
v -1.690494 -2.381514 -0.004750
v -1.688625 -2.382288 -0.004750
v -1.687020 -2.383520 -0.004750
v -1.685788 -2.385125 -0.004750
v -1.685014 -2.386994 -0.004750
v -1.684750 -2.389000 -0.004750
v -1.685014 -2.391006 -0.004750
v -1.685788 -2.392875 -0.004750
v -1.687020 -2.394480 -0.004750
v -1.688625 -2.395712 -0.004750
v -1.690494 -2.396486 -0.004750
v -1.692500 -2.396750 -0.004750
v -1.694506 -2.396486 -0.004750
v -1.696375 -2.395712 -0.004750
v -1.697980 -2.394480 -0.004750
v -1.699212 -2.392875 -0.004750
v -1.699986 -2.391006 -0.004750
v -1.700250 -2.389000 0.185250
v -1.699986 -2.386994 0.185250
v -1.699212 -2.385125 0.185250
v -1.697980 -2.383520 0.185250
v -1.696375 -2.382288 0.185250
v -1.694506 -2.381514 0.185250
v -1.692500 -2.381250 0.185250
v -1.690494 -2.381514 0.185250
v -1.688625 -2.382288 0.185250
v -1.687020 -2.383520 0.185250
v -1.685788 -2.385125 0.185250
v -1.685014 -2.386994 0.185250
v -1.684750 -2.389000 0.185250
v -1.685014 -2.391006 0.185250
v -1.685788 -2.392875 0.185250
v -1.687020 -2.394480 0.185250
v -1.688625 -2.395712 0.185250
v -1.690494 -2.396486 0.185250
v -1.692500 -2.396750 0.185250
v -1.694506 -2.396486 0.185250
v -1.696375 -2.395712 0.185250
v -1.697980 -2.394480 0.185250
v -1.699212 -2.392875 0.185250
v -1.699986 -2.391006 0.185250
v -1.700250 -2.389000 0.147250
v -1.700250 -2.389000 0.109250
v -1.700250 -2.389000 0.071250
v -1.700250 -2.389000 0.033250
v -1.699986 -2.386994 0.147250
v -1.699986 -2.386994 0.109250
v -1.699986 -2.386994 0.071250
v -1.699986 -2.386994 0.033250
v -1.699212 -2.385125 0.147250
v -1.699212 -2.385125 0.109250
v -1.699212 -2.385125 0.071250
v -1.699212 -2.385125 0.033250
v -1.697980 -2.383520 0.147250
v -1.697980 -2.383520 0.109250
v -1.697980 -2.383520 0.071250
v -1.697980 -2.383520 0.033250
v -1.696375 -2.382288 0.147250
v -1.696375 -2.382288 0.109250
v -1.696375 -2.382288 0.071250
v -1.696375 -2.382288 0.033250
v -1.694506 -2.381514 0.147250
v -1.694506 -2.381514 0.109250
v -1.694506 -2.381514 0.071250
v -1.694506 -2.381514 0.033250
v -1.692500 -2.381250 0.147250
v -1.692500 -2.381250 0.109250
v -1.692500 -2.381250 0.071250
v -1.692500 -2.381250 0.033250
v -1.690494 -2.381514 0.147250
v -1.690494 -2.381514 0.109250
v -1.690494 -2.381514 0.071250
v -1.690494 -2.381514 0.033250
v -1.688625 -2.382288 0.147250
v -1.688625 -2.382288 0.109250
v -1.688625 -2.382288 0.071250
v -1.688625 -2.382288 0.033250
v -1.687020 -2.383520 0.147250
v -1.687020 -2.383520 0.109250
v -1.687020 -2.383520 0.071250
v -1.687020 -2.383520 0.033250
v -1.685788 -2.385125 0.147250
v -1.685788 -2.385125 0.109250
v -1.685788 -2.385125 0.071250
v -1.685788 -2.385125 0.033250
v -1.685014 -2.386994 0.147250
v -1.685014 -2.386994 0.109250
v -1.685014 -2.386994 0.071250
v -1.685014 -2.386994 0.033250
v -1.684750 -2.389000 0.147250
v -1.684750 -2.389000 0.109250
v -1.684750 -2.389000 0.071250
v -1.684750 -2.389000 0.033250
v -1.685014 -2.391006 0.147250
v -1.685014 -2.391006 0.109250
v -1.685014 -2.391006 0.071250
v -1.685014 -2.391006 0.033250
v -1.685788 -2.392875 0.147250
v -1.685788 -2.392875 0.109250
v -1.685788 -2.392875 0.071250
v -1.685788 -2.392875 0.033250
v -1.687020 -2.394480 0.147250
v -1.687020 -2.394480 0.109250
v -1.687020 -2.394480 0.071250
v -1.687020 -2.394480 0.033250
v -1.688625 -2.395712 0.147250
v -1.688625 -2.395712 0.109250
v -1.688625 -2.395712 0.071250
v -1.688625 -2.395712 0.033250
v -1.690494 -2.396486 0.147250
v -1.690494 -2.396486 0.109250
v -1.690494 -2.396486 0.071250
v -1.690494 -2.396486 0.033250
v -1.692500 -2.396750 0.147250
v -1.692500 -2.396750 0.109250
v -1.692500 -2.396750 0.071250
v -1.692500 -2.396750 0.033250
v -1.694506 -2.396486 0.147250
v -1.694506 -2.396486 0.109250
v -1.694506 -2.396486 0.071250
v -1.694506 -2.396486 0.033250
v -1.696375 -2.395712 0.147250
v -1.696375 -2.395712 0.109250
v -1.696375 -2.395712 0.071250
v -1.696375 -2.395712 0.033250
v -1.697980 -2.394480 0.147250
v -1.697980 -2.394480 0.109250
v -1.697980 -2.394480 0.071250
v -1.697980 -2.394480 0.033250
v -1.699212 -2.392875 0.147250
v -1.699212 -2.392875 0.109250
v -1.699212 -2.392875 0.071250
v -1.699212 -2.392875 0.033250
v -1.699986 -2.391006 0.147250
v -1.699986 -2.391006 0.109250
v -1.699986 -2.391006 0.071250
v -1.699986 -2.391006 0.033250
v -1.360250 -2.524000 -0.004750
v -1.359986 -2.521994 -0.004750
v -1.359212 -2.520125 -0.004750
v -1.357980 -2.518520 -0.004750
v -1.356375 -2.517288 -0.004750
v -1.354506 -2.516514 -0.004750
v -1.352500 -2.516250 -0.004750
v -1.350494 -2.516514 -0.004750
v -1.348625 -2.517288 -0.004750
v -1.347020 -2.518520 -0.004750
v -1.345788 -2.520125 -0.004750
v -1.345014 -2.521994 -0.004750
v -1.344750 -2.524000 -0.004750
v -1.345014 -2.526006 -0.004750
v -1.345788 -2.527875 -0.004750
v -1.347020 -2.529480 -0.004750
v -1.348625 -2.530712 -0.004750
v -1.350494 -2.531486 -0.004750
v -1.352500 -2.531750 -0.004750
v -1.354506 -2.531486 -0.004750
v -1.356375 -2.530712 -0.004750
v -1.357980 -2.529480 -0.004750
v -1.359212 -2.527875 -0.004750
v -1.359986 -2.526006 -0.004750
v -1.360250 -2.524000 0.185250
v -1.359986 -2.521994 0.185250
v -1.359212 -2.520125 0.185250
v -1.357980 -2.518520 0.185250
v -1.356375 -2.517288 0.185250
v -1.354506 -2.516514 0.185250
v -1.352500 -2.516250 0.185250
v -1.350494 -2.516514 0.185250
v -1.348625 -2.517288 0.185250
v -1.347020 -2.518520 0.185250
v -1.345788 -2.520125 0.185250
v -1.345014 -2.521994 0.185250
v -1.344750 -2.524000 0.185250
v -1.345014 -2.526006 0.185250
v -1.345788 -2.527875 0.185250
v -1.347020 -2.529480 0.185250
v -1.348625 -2.530712 0.185250
v -1.350494 -2.531486 0.185250
v -1.352500 -2.531750 0.185250
v -1.354506 -2.531486 0.185250
v -1.356375 -2.530712 0.185250
v -1.357980 -2.529480 0.185250
v -1.359212 -2.527875 0.185250
v -1.359986 -2.526006 0.185250
v -1.360250 -2.524000 0.147250
v -1.360250 -2.524000 0.109250
v -1.360250 -2.524000 0.071250
v -1.360250 -2.524000 0.033250
v -1.359986 -2.521994 0.147250
v -1.359986 -2.521994 0.109250
v -1.359986 -2.521994 0.071250
v -1.359986 -2.521994 0.033250
v -1.359212 -2.520125 0.147250
v -1.359212 -2.520125 0.109250
v -1.359212 -2.520125 0.071250
v -1.359212 -2.520125 0.033250
v -1.357980 -2.518520 0.147250
v -1.357980 -2.518520 0.109250
v -1.357980 -2.518520 0.071250
v -1.357980 -2.518520 0.033250
v -1.356375 -2.517288 0.147250
v -1.356375 -2.517288 0.109250
v -1.356375 -2.517288 0.071250
v -1.356375 -2.517288 0.033250
v -1.354506 -2.516514 0.147250
v -1.354506 -2.516514 0.109250
v -1.354506 -2.516514 0.071250
v -1.354506 -2.516514 0.033250
v -1.352500 -2.516250 0.147250
v -1.352500 -2.516250 0.109250
v -1.352500 -2.516250 0.071250
v -1.352500 -2.516250 0.033250
v -1.350494 -2.516514 0.147250
v -1.350494 -2.516514 0.109250
v -1.350494 -2.516514 0.071250
v -1.350494 -2.516514 0.033250
v -1.348625 -2.517288 0.147250
v -1.348625 -2.517288 0.109250
v -1.348625 -2.517288 0.071250
v -1.348625 -2.517288 0.033250
v -1.347020 -2.518520 0.147250
v -1.347020 -2.518520 0.109250
v -1.347020 -2.518520 0.071250
v -1.347020 -2.518520 0.033250
v -1.345788 -2.520125 0.147250
v -1.345788 -2.520125 0.109250
v -1.345788 -2.520125 0.071250
v -1.345788 -2.520125 0.033250
v -1.345014 -2.521994 0.147250
v -1.345014 -2.521994 0.109250
v -1.345014 -2.521994 0.071250
v -1.345014 -2.521994 0.033250
v -1.344750 -2.524000 0.147250
v -1.344750 -2.524000 0.109250
v -1.344750 -2.524000 0.071250
v -1.344750 -2.524000 0.033250
v -1.345014 -2.526006 0.147250
v -1.345014 -2.526006 0.109250
v -1.345014 -2.526006 0.071250
v -1.345014 -2.526006 0.033250
v -1.345788 -2.527875 0.147250
v -1.345788 -2.527875 0.109250
v -1.345788 -2.527875 0.071250
v -1.345788 -2.527875 0.033250
v -1.347020 -2.529480 0.147250
v -1.347020 -2.529480 0.109250
v -1.347020 -2.529480 0.071250
v -1.347020 -2.529480 0.033250
v -1.348625 -2.530712 0.147250
v -1.348625 -2.530712 0.109250
v -1.348625 -2.530712 0.071250
v -1.348625 -2.530712 0.033250
v -1.350494 -2.531486 0.147250
v -1.350494 -2.531486 0.109250
v -1.350494 -2.531486 0.071250
v -1.350494 -2.531486 0.033250
v -1.352500 -2.531750 0.147250
v -1.352500 -2.531750 0.109250
v -1.352500 -2.531750 0.071250
v -1.352500 -2.531750 0.033250
v -1.354506 -2.531486 0.147250
v -1.354506 -2.531486 0.109250
v -1.354506 -2.531486 0.071250
v -1.354506 -2.531486 0.033250
v -1.356375 -2.530712 0.147250
v -1.356375 -2.530712 0.109250
v -1.356375 -2.530712 0.071250
v -1.356375 -2.530712 0.033250
v -1.357980 -2.529480 0.147250
v -1.357980 -2.529480 0.109250
v -1.357980 -2.529480 0.071250
v -1.357980 -2.529480 0.033250
v -1.359212 -2.527875 0.147250
v -1.359212 -2.527875 0.109250
v -1.359212 -2.527875 0.071250
v -1.359212 -2.527875 0.033250
v -1.359986 -2.526006 0.147250
v -1.359986 -2.526006 0.109250
v -1.359986 -2.526006 0.071250
v -1.359986 -2.526006 0.033250
v -1.730000 -2.677500 0.155250
v -1.729148 -2.671030 0.155250
v -1.726651 -2.665000 0.155250
v -1.722678 -2.659822 0.155250
v -1.717500 -2.655849 0.155250
v -1.711470 -2.653352 0.155250
v -1.705000 -2.652500 0.155250
v -1.698530 -2.653352 0.155250
v -1.692500 -2.655849 0.155250
v -1.687322 -2.659822 0.155250
v -1.683349 -2.665000 0.155250
v -1.680852 -2.671030 0.155250
v -1.680000 -2.677500 0.155250
v -1.680852 -2.683970 0.155250
v -1.683349 -2.690000 0.155250
v -1.687322 -2.695178 0.155250
v -1.692500 -2.699151 0.155250
v -1.698530 -2.701648 0.155250
v -1.705000 -2.702500 0.155250
v -1.711470 -2.701648 0.155250
v -1.717500 -2.699151 0.155250
v -1.722678 -2.695178 0.155250
v -1.726651 -2.690000 0.155250
v -1.729148 -2.683970 0.155250
v -1.730000 -2.677500 0.185250
v -1.729148 -2.671030 0.185250
v -1.726651 -2.665000 0.185250
v -1.722678 -2.659822 0.185250
v -1.717500 -2.655849 0.185250
v -1.711470 -2.653352 0.185250
v -1.705000 -2.652500 0.185250
v -1.698530 -2.653352 0.185250
v -1.692500 -2.655849 0.185250
v -1.687322 -2.659822 0.185250
v -1.683349 -2.665000 0.185250
v -1.680852 -2.671030 0.185250
v -1.680000 -2.677500 0.185250
v -1.680852 -2.683970 0.185250
v -1.683349 -2.690000 0.185250
v -1.687322 -2.695178 0.185250
v -1.692500 -2.699151 0.185250
v -1.698530 -2.701648 0.185250
v -1.705000 -2.702500 0.185250
v -1.711470 -2.701648 0.185250
v -1.717500 -2.699151 0.185250
v -1.722678 -2.695178 0.185250
v -1.726651 -2.690000 0.185250
v -1.729148 -2.683970 0.185250
v -1.280000 -2.677500 0.155250
v -1.279148 -2.671030 0.155250
v -1.276651 -2.665000 0.155250
v -1.272678 -2.659822 0.155250
v -1.267500 -2.655849 0.155250
v -1.261470 -2.653352 0.155250
v -1.255000 -2.652500 0.155250
v -1.248530 -2.653352 0.155250
v -1.242500 -2.655849 0.155250
v -1.237322 -2.659822 0.155250
v -1.233349 -2.665000 0.155250
v -1.230852 -2.671030 0.155250
v -1.230000 -2.677500 0.155250
v -1.230852 -2.683970 0.155250
v -1.233349 -2.690000 0.155250
v -1.237322 -2.695178 0.155250
v -1.242500 -2.699151 0.155250
v -1.248530 -2.701648 0.155250
v -1.255000 -2.702500 0.155250
v -1.261470 -2.701648 0.155250
v -1.267500 -2.699151 0.155250
v -1.272678 -2.695178 0.155250
v -1.276651 -2.690000 0.155250
v -1.279148 -2.683970 0.155250
v -1.280000 -2.677500 0.185250
v -1.279148 -2.671030 0.185250
v -1.276651 -2.665000 0.185250
v -1.272678 -2.659822 0.185250
v -1.267500 -2.655849 0.185250
v -1.261470 -2.653352 0.185250
v -1.255000 -2.652500 0.185250
v -1.248530 -2.653352 0.185250
v -1.242500 -2.655849 0.185250
v -1.237322 -2.659822 0.185250
v -1.233349 -2.665000 0.185250
v -1.230852 -2.671030 0.185250
v -1.230000 -2.677500 0.185250
v -1.230852 -2.683970 0.185250
v -1.233349 -2.690000 0.185250
v -1.237322 -2.695178 0.185250
v -1.242500 -2.699151 0.185250
v -1.248530 -2.701648 0.185250
v -1.255000 -2.702500 0.185250
v -1.261470 -2.701648 0.185250
v -1.267500 -2.699151 0.185250
v -1.272678 -2.695178 0.185250
v -1.276651 -2.690000 0.185250
v -1.279148 -2.683970 0.185250
v -1.032500 -3.250000 0.305250
v -1.036589 -3.250000 0.274192
v -1.048577 -3.250000 0.245250
v -1.067647 -3.250000 0.220397
v -1.092500 -3.250000 0.201327
v -1.121442 -3.250000 0.189339
v -1.152500 -3.250000 0.185250
v -1.032500 -3.250000 0.381250
v -1.152500 -3.250000 0.501250
v -1.121442 -3.250000 0.497161
v -1.092500 -3.250000 0.485173
v -1.067647 -3.250000 0.466103
v -1.048577 -3.250000 0.441250
v -1.036589 -3.250000 0.412308
v -1.121442 -2.791500 0.497161
v -1.092500 -2.791500 0.485173
v -1.067647 -2.791500 0.466103
v -1.048577 -2.791500 0.441250
v -1.036589 -2.791500 0.412308
v -1.807500 -3.250000 0.501250
v -1.927500 -3.250000 0.381250
v -1.923411 -3.250000 0.412308
v -1.911423 -3.250000 0.441250
v -1.892353 -3.250000 0.466103
v -1.867500 -3.250000 0.485173
v -1.838558 -3.250000 0.497161
v -1.923411 -2.791500 0.412308
v -1.911423 -2.791500 0.441250
v -1.892353 -2.791500 0.466103
v -1.867500 -2.791500 0.485173
v -1.838558 -2.791500 0.497161
v -1.927500 -3.250000 0.305250
v -1.807500 -3.250000 0.185250
v -1.838558 -3.250000 0.189339
v -1.867500 -3.250000 0.201327
v -1.892353 -3.250000 0.220397
v -1.911423 -3.250000 0.245250
v -1.923411 -3.250000 0.274192
vt 0.000000 -0.120000 0.000000
vt 0.004089 -0.088942 0.000000
vt 0.000000 0.080000 0.000000
vt 0.016077 -0.060000 0.000000
vt 0.030000 0.000000 0.000000
vt 0.035147 -0.035147 0.000000
vt 0.060000 -0.016077 0.000000
vt 0.088942 -0.004089 0.000000
vt 0.120000 0.000000 0.000000
vt 0.030000 0.080000 0.000000
vt 0.775000 0.000000 0.000000
vt 0.806058 -0.004089 0.000000
vt 0.865000 0.000000 0.000000
vt 0.835000 -0.016077 0.000000
vt 0.859853 -0.035147 0.000000
vt 0.878923 -0.060000 0.000000
vt 0.895000 0.080000 0.000000
vt 0.865000 0.080000 0.000000
vt 0.890911 -0.088942 0.000000
vt 0.895000 -0.120000 0.000000
vt 0.088942 0.311911 0.000000
vt 0.060000 0.299923 0.000000
vt 0.120000 0.316000 0.000000
vt 0.035147 0.280853 0.000000
vt 0.016077 0.256000 0.000000
vt 0.004089 0.227058 0.000000
vt 0.890911 0.227058 0.000000
vt 0.775000 0.316000 0.000000
vt 0.878923 0.256000 0.000000
vt 0.859853 0.280853 0.000000
vt 0.895000 0.196000 0.000000
vt 0.000000 0.196000 0.000000
vt 0.895000 0.000000 0.000000
vt 0.000000 0.000000 0.000000
vt 0.835000 0.299923 0.000000
vt 0.806058 0.311911 0.000000
vt 0.040000 0.015000 0.000000
vt -0.040000 0.015000 0.000000
vt 0.040000 -0.015000 0.000000
vt -0.040000 -0.015000 0.000000
vt 0.000000 0.000000 0.000000
vt 0.080000 0.000000 0.000000
vt -0.000000 0.080000 0.000000
vt 0.080000 0.080000 0.000000
vt 0.000000 0.000000 0.000000
vt 0.030000 0.000000 0.000000
vt 0.000000 0.080000 0.000000
vt 0.030000 0.080000 0.000000
vt -0.040000 -0.015000 0.000000
vt 0.040000 -0.015000 0.000000
vt -0.040000 0.015000 0.000000
vt 0.040000 0.015000 0.000000
vt 0.000000 -0.000000 0.000000
vt 0.080000 -0.000000 0.000000
vt 0.000000 0.080000 0.000000
vt 0.080000 0.080000 0.000000
vt 0.000000 0.000000 0.000000
vt 0.030000 0.000000 0.000000
vt 0.000000 0.080000 0.000000
vt 0.030000 0.080000 0.000000
vt 0.075000 0.015000 0.000000
vt -0.075000 0.015000 0.000000
vt 0.075000 -0.015000 0.000000
vt -0.075000 -0.015000 0.000000
vt 0.000000 0.000000 0.000000
vt 0.030000 0.000000 0.000000
vt 0.000000 0.240000 0.000000
vt 0.030000 0.240000 0.000000
vt 0.000000 0.000000 0.000000
vt 0.150000 -0.000000 0.000000
vt -0.000000 0.240000 0.000000
vt 0.150000 0.240000 0.000000
vt 0.000000 -0.000000 0.000000
vt 0.030000 0.000000 0.000000
vt 0.000000 0.240000 0.000000
vt 0.030000 0.240000 0.000000
vt -0.075000 -0.015000 0.000000
vt 0.075000 -0.015000 0.000000
vt -0.075000 0.015000 0.000000
vt 0.075000 0.015000 0.000000
vt 0.000000 -0.000000 0.000000
vt 0.030000 0.000000 0.000000
vt 0.000000 0.240000 0.000000
vt 0.030000 0.240000 0.000000
vt 0.000000 -0.000000 0.000000
vt 0.150000 0.000000 0.000000
vt 0.000000 0.240000 0.000000
vt 0.150000 0.240000 0.000000
vt 0.000000 0.000000 0.000000
vt 0.030000 0.000000 0.000000
vt 0.000000 0.240000 0.000000
vt 0.030000 0.240000 0.000000
vt -0.007486 -0.002006 0.000000
vt 0.007486 -0.002006 0.000000
vt -0.007750 0.000000 0.000000
vt 0.007750 0.000000 0.000000
vt -0.007486 0.002006 0.000000
vt 0.007486 0.002006 0.000000
vt -0.006712 0.003875 0.000000
vt 0.006712 0.003875 0.000000
vt -0.005480 0.005480 0.000000
vt 0.005480 0.005480 0.000000
vt -0.003875 0.006712 0.000000
vt 0.003875 0.006712 0.000000
vt -0.002006 0.007486 0.000000
vt 0.002006 0.007486 0.000000
vt 0.000000 0.007750 0.000000
vt 0.006712 -0.003875 0.000000
vt -0.006712 -0.003875 0.000000
vt 0.005480 -0.005480 0.000000
vt -0.005480 -0.005480 0.000000
vt 0.003875 -0.006712 0.000000
vt -0.003875 -0.006712 0.000000
vt 0.002006 -0.007486 0.000000
vt -0.002006 -0.007486 0.000000
vt 0.000000 -0.007750 0.000000
vt 0.000000 -0.022318 0.000000
vt -0.038000 -0.022318 0.000000
vt 0.000000 -0.024347 0.000000
vt -0.038000 -0.024347 0.000000
vt 0.000000 0.024347 0.000000
vt -0.038000 0.024347 0.000000
vt -0.000000 0.022318 0.000000
vt -0.038000 0.022318 0.000000
vt -0.000000 0.020289 0.000000
vt -0.038000 0.020289 0.000000
vt -0.000000 0.018261 0.000000
vt -0.038000 0.018261 0.000000
vt -0.000000 0.016232 0.000000
vt -0.038000 0.016232 0.000000
vt -0.000000 0.014203 0.000000
vt -0.038000 0.014203 0.000000
vt -0.000000 0.012174 0.000000
vt -0.038000 0.012174 0.000000
vt -0.000000 0.010145 0.000000
vt -0.038000 0.010145 0.000000
vt -0.000000 0.008116 0.000000
vt -0.038000 0.008116 0.000000
vt -0.000000 0.006087 0.000000
vt -0.038000 0.006087 0.000000
vt -0.000000 0.004058 0.000000
vt -0.038000 0.004058 0.000000
vt -0.000000 0.002029 0.000000
vt -0.038000 0.002029 0.000000
vt -0.000000 0.000000 0.000000
vt -0.038000 -0.000000 0.000000
vt 0.000000 -0.002029 0.000000
vt -0.038000 -0.002029 0.000000
vt 0.000000 -0.004058 0.000000
vt -0.038000 -0.004058 0.000000
vt 0.000000 -0.006087 0.000000
vt -0.038000 -0.006087 0.000000
vt 0.000000 -0.008116 0.000000
vt -0.038000 -0.008116 0.000000
vt 0.000000 -0.010145 0.000000
vt -0.038000 -0.010145 0.000000
vt 0.000000 -0.012174 0.000000
vt -0.038000 -0.012174 0.000000
vt 0.000000 -0.014203 0.000000
vt -0.038000 -0.014203 0.000000
vt 0.000000 -0.016232 0.000000
vt -0.038000 -0.016232 0.000000
vt 0.000000 -0.018261 0.000000
vt -0.038000 -0.018261 0.000000
vt 0.000000 -0.020289 0.000000
vt -0.038000 -0.020289 0.000000
vt -0.190000 0.022318 0.000000
vt -0.152000 0.022318 0.000000
vt -0.190000 0.024347 0.000000
vt -0.152000 0.024347 0.000000
vt -0.190000 -0.024347 0.000000
vt -0.152000 -0.024347 0.000000
vt -0.190000 -0.022318 0.000000
vt -0.152000 -0.022318 0.000000
vt -0.190000 -0.020289 0.000000
vt -0.152000 -0.020289 0.000000
vt -0.190000 -0.018261 0.000000
vt -0.152000 -0.018261 0.000000
vt -0.190000 -0.016232 0.000000
vt -0.152000 -0.016232 0.000000
vt -0.190000 -0.014203 0.000000
vt -0.152000 -0.014203 0.000000
vt -0.190000 -0.012174 0.000000
vt -0.152000 -0.012174 0.000000
vt -0.190000 -0.010145 0.000000
vt -0.152000 -0.010145 0.000000
vt -0.190000 -0.008116 0.000000
vt -0.152000 -0.008116 0.000000
vt -0.190000 -0.006087 0.000000
vt -0.152000 -0.006087 0.000000
vt -0.190000 -0.004058 0.000000
vt -0.152000 -0.004058 0.000000
vt -0.190000 -0.002029 0.000000
vt -0.152000 -0.002029 0.000000
vt -0.190000 -0.000000 0.000000
vt -0.152000 -0.000000 0.000000
vt -0.190000 0.002029 0.000000
vt -0.152000 0.002029 0.000000
vt -0.190000 0.004058 0.000000
vt -0.152000 0.004058 0.000000
vt -0.190000 0.006087 0.000000
vt -0.152000 0.006087 0.000000
vt -0.190000 0.008116 0.000000
vt -0.152000 0.008116 0.000000
vt -0.190000 0.010145 0.000000
vt -0.152000 0.010145 0.000000
vt -0.190000 0.012174 0.000000
vt -0.152000 0.012174 0.000000
vt -0.190000 0.014203 0.000000
vt -0.152000 0.014203 0.000000
vt -0.190000 0.016232 0.000000
vt -0.152000 0.016232 0.000000
vt -0.190000 0.018261 0.000000
vt -0.152000 0.018261 0.000000
vt -0.190000 0.020289 0.000000
vt -0.152000 0.020289 0.000000
vt -0.076000 0.024347 0.000000
vt -0.076000 0.022318 0.000000
vt -0.076000 0.020289 0.000000
vt -0.076000 0.018261 0.000000
vt -0.076000 0.016232 0.000000
vt -0.076000 0.014203 0.000000
vt -0.076000 0.012174 0.000000
vt -0.076000 0.010145 0.000000
vt -0.076000 0.008116 0.000000
vt -0.076000 0.006087 0.000000
vt -0.076000 0.004058 0.000000
vt -0.076000 0.002029 0.000000
vt -0.076000 -0.000000 0.000000
vt -0.076000 -0.002029 0.000000
vt -0.076000 -0.004058 0.000000
vt -0.076000 -0.006087 0.000000
vt -0.076000 -0.008116 0.000000
vt -0.076000 -0.010145 0.000000
vt -0.076000 -0.012174 0.000000
vt -0.076000 -0.014203 0.000000
vt -0.076000 -0.016232 0.000000
vt -0.076000 -0.018261 0.000000
vt -0.076000 -0.020289 0.000000
vt -0.076000 -0.022318 0.000000
vt -0.076000 -0.024347 0.000000
vt -0.114000 0.024347 0.000000
vt -0.114000 0.022318 0.000000
vt -0.114000 0.020289 0.000000
vt -0.114000 0.018261 0.000000
vt -0.114000 0.016232 0.000000
vt -0.114000 0.014203 0.000000
vt -0.114000 0.012174 0.000000
vt -0.114000 0.010145 0.000000
vt -0.114000 0.008116 0.000000
vt -0.114000 0.006087 0.000000
vt -0.114000 0.004058 0.000000
vt -0.114000 0.002029 0.000000
vt -0.114000 -0.000000 0.000000
vt -0.114000 -0.002029 0.000000
vt -0.114000 -0.004058 0.000000
vt -0.114000 -0.006087 0.000000
vt -0.114000 -0.008116 0.000000
vt -0.114000 -0.010145 0.000000
vt -0.114000 -0.012174 0.000000
vt -0.114000 -0.014203 0.000000
vt -0.114000 -0.016232 0.000000
vt -0.114000 -0.018261 0.000000
vt -0.114000 -0.020289 0.000000
vt -0.114000 -0.022318 0.000000
vt -0.114000 -0.024347 0.000000
vt -0.007486 -0.002006 0.000000
vt 0.007486 -0.002006 0.000000
vt -0.007750 0.000000 0.000000
vt 0.007750 0.000000 0.000000
vt -0.007486 0.002006 0.000000
vt 0.007486 0.002006 0.000000
vt -0.006712 0.003875 0.000000
vt 0.006712 0.003875 0.000000
vt -0.005480 0.005480 0.000000
vt 0.005480 0.005480 0.000000
vt -0.003875 0.006712 0.000000
vt 0.003875 0.006712 0.000000
vt -0.002006 0.007486 0.000000
vt 0.002006 0.007486 0.000000
vt 0.000000 0.007750 0.000000
vt 0.006712 -0.003875 0.000000
vt -0.006712 -0.003875 0.000000
vt 0.005480 -0.005480 0.000000
vt -0.005480 -0.005480 0.000000
vt 0.003875 -0.006712 0.000000
vt -0.003875 -0.006712 0.000000
vt 0.002006 -0.007486 0.000000
vt -0.002006 -0.007486 0.000000
vt 0.000000 -0.007750 0.000000
vt 0.000000 -0.022318 0.000000
vt -0.038000 -0.022318 0.000000
vt 0.000000 -0.024347 0.000000
vt -0.038000 -0.024347 0.000000
vt 0.000000 0.024347 0.000000
vt -0.038000 0.024347 0.000000
vt -0.000000 0.022318 0.000000
vt -0.038000 0.022318 0.000000
vt -0.000000 0.020289 0.000000
vt -0.038000 0.020289 0.000000
vt -0.000000 0.018261 0.000000
vt -0.038000 0.018261 0.000000
vt -0.000000 0.016232 0.000000
vt -0.038000 0.016232 0.000000
vt -0.000000 0.014203 0.000000
vt -0.038000 0.014203 0.000000
vt -0.000000 0.012174 0.000000
vt -0.038000 0.012174 0.000000
vt -0.000000 0.010145 0.000000
vt -0.038000 0.010145 0.000000
vt -0.000000 0.008116 0.000000
vt -0.038000 0.008116 0.000000
vt -0.000000 0.006087 0.000000
vt -0.038000 0.006087 0.000000
vt -0.000000 0.004058 0.000000
vt -0.038000 0.004058 0.000000
vt -0.000000 0.002029 0.000000
vt -0.038000 0.002029 0.000000
vt -0.000000 0.000000 0.000000
vt -0.038000 -0.000000 0.000000
vt 0.000000 -0.002029 0.000000
vt -0.038000 -0.002029 0.000000
vt 0.000000 -0.004058 0.000000
vt -0.038000 -0.004058 0.000000
vt 0.000000 -0.006087 0.000000
vt -0.038000 -0.006087 0.000000
vt 0.000000 -0.008116 0.000000
vt -0.038000 -0.008116 0.000000
vt 0.000000 -0.010145 0.000000
vt -0.038000 -0.010145 0.000000
vt 0.000000 -0.012174 0.000000
vt -0.038000 -0.012174 0.000000
vt 0.000000 -0.014203 0.000000
vt -0.038000 -0.014203 0.000000
vt 0.000000 -0.016232 0.000000
vt -0.038000 -0.016232 0.000000
vt 0.000000 -0.018261 0.000000
vt -0.038000 -0.018261 0.000000
vt 0.000000 -0.020289 0.000000
vt -0.038000 -0.020289 0.000000
vt -0.190000 0.022318 0.000000
vt -0.152000 0.022318 0.000000
vt -0.190000 0.024347 0.000000
vt -0.152000 0.024347 0.000000
vt -0.190000 -0.024347 0.000000
vt -0.152000 -0.024347 0.000000
vt -0.190000 -0.022318 0.000000
vt -0.152000 -0.022318 0.000000
vt -0.190000 -0.020289 0.000000
vt -0.152000 -0.020289 0.000000
vt -0.190000 -0.018261 0.000000
vt -0.152000 -0.018261 0.000000
vt -0.190000 -0.016232 0.000000
vt -0.152000 -0.016232 0.000000
vt -0.190000 -0.014203 0.000000
vt -0.152000 -0.014203 0.000000
vt -0.190000 -0.012174 0.000000
vt -0.152000 -0.012174 0.000000
vt -0.190000 -0.010145 0.000000
vt -0.152000 -0.010145 0.000000
vt -0.190000 -0.008116 0.000000
vt -0.152000 -0.008116 0.000000
vt -0.190000 -0.006087 0.000000
vt -0.152000 -0.006087 0.000000
vt -0.190000 -0.004058 0.000000
vt -0.152000 -0.004058 0.000000
vt -0.190000 -0.002029 0.000000
vt -0.152000 -0.002029 0.000000
vt -0.190000 -0.000000 0.000000
vt -0.152000 -0.000000 0.000000
vt -0.190000 0.002029 0.000000
vt -0.152000 0.002029 0.000000
vt -0.190000 0.004058 0.000000
vt -0.152000 0.004058 0.000000
vt -0.190000 0.006087 0.000000
vt -0.152000 0.006087 0.000000
vt -0.190000 0.008116 0.000000
vt -0.152000 0.008116 0.000000
vt -0.190000 0.010145 0.000000
vt -0.152000 0.010145 0.000000
vt -0.190000 0.012174 0.000000
vt -0.152000 0.012174 0.000000
vt -0.190000 0.014203 0.000000
vt -0.152000 0.014203 0.000000
vt -0.190000 0.016232 0.000000
vt -0.152000 0.016232 0.000000
vt -0.190000 0.018261 0.000000
vt -0.152000 0.018261 0.000000
vt -0.190000 0.020289 0.000000
vt -0.152000 0.020289 0.000000
vt -0.076000 0.024347 0.000000
vt -0.076000 0.022318 0.000000
vt -0.076000 0.020289 0.000000
vt -0.076000 0.018261 0.000000
vt -0.076000 0.016232 0.000000
vt -0.076000 0.014203 0.000000
vt -0.076000 0.012174 0.000000
vt -0.076000 0.010145 0.000000
vt -0.076000 0.008116 0.000000
vt -0.076000 0.006087 0.000000
vt -0.076000 0.004058 0.000000
vt -0.076000 0.002029 0.000000
vt -0.076000 -0.000000 0.000000
vt -0.076000 -0.002029 0.000000
vt -0.076000 -0.004058 0.000000
vt -0.076000 -0.006087 0.000000
vt -0.076000 -0.008116 0.000000
vt -0.076000 -0.010145 0.000000
vt -0.076000 -0.012174 0.000000
vt -0.076000 -0.014203 0.000000
vt -0.076000 -0.016232 0.000000
vt -0.076000 -0.018261 0.000000
vt -0.076000 -0.020289 0.000000
vt -0.076000 -0.022318 0.000000
vt -0.076000 -0.024347 0.000000
vt -0.114000 0.024347 0.000000
vt -0.114000 0.022318 0.000000
vt -0.114000 0.020289 0.000000
vt -0.114000 0.018261 0.000000
vt -0.114000 0.016232 0.000000
vt -0.114000 0.014203 0.000000
vt -0.114000 0.012174 0.000000
vt -0.114000 0.010145 0.000000
vt -0.114000 0.008116 0.000000
vt -0.114000 0.006087 0.000000
vt -0.114000 0.004058 0.000000
vt -0.114000 0.002029 0.000000
vt -0.114000 -0.000000 0.000000
vt -0.114000 -0.002029 0.000000
vt -0.114000 -0.004058 0.000000
vt -0.114000 -0.006087 0.000000
vt -0.114000 -0.008116 0.000000
vt -0.114000 -0.010145 0.000000
vt -0.114000 -0.012174 0.000000
vt -0.114000 -0.014203 0.000000
vt -0.114000 -0.016232 0.000000
vt -0.114000 -0.018261 0.000000
vt -0.114000 -0.020289 0.000000
vt -0.114000 -0.022318 0.000000
vt -0.114000 -0.024347 0.000000
vt -0.007486 -0.002006 0.000000
vt 0.007486 -0.002006 0.000000
vt -0.007750 0.000000 0.000000
vt 0.007750 0.000000 0.000000
vt -0.007486 0.002006 0.000000
vt 0.007486 0.002006 0.000000
vt -0.006712 0.003875 0.000000
vt 0.006712 0.003875 0.000000
vt -0.005480 0.005480 0.000000
vt 0.005480 0.005480 0.000000
vt -0.003875 0.006712 0.000000
vt 0.003875 0.006712 0.000000
vt -0.002006 0.007486 0.000000
vt 0.002006 0.007486 0.000000
vt 0.000000 0.007750 0.000000
vt 0.006712 -0.003875 0.000000
vt -0.006712 -0.003875 0.000000
vt 0.005480 -0.005480 0.000000
vt -0.005480 -0.005480 0.000000
vt 0.003875 -0.006712 0.000000
vt -0.003875 -0.006712 0.000000
vt 0.002006 -0.007486 0.000000
vt -0.002006 -0.007486 0.000000
vt 0.000000 -0.007750 0.000000
vt 0.000000 -0.022318 0.000000
vt -0.038000 -0.022318 0.000000
vt -0.000000 -0.024347 0.000000
vt -0.038000 -0.024347 0.000000
vt -0.000000 0.024347 0.000000
vt -0.038000 0.024347 0.000000
vt -0.000000 0.022318 0.000000
vt -0.038000 0.022318 0.000000
vt -0.000000 0.020289 0.000000
vt -0.038000 0.020289 0.000000
vt -0.000000 0.018261 0.000000
vt -0.038000 0.018261 0.000000
vt -0.000000 0.016232 0.000000
vt -0.038000 0.016232 0.000000
vt -0.000000 0.014203 0.000000
vt -0.038000 0.014203 0.000000
vt -0.000000 0.012174 0.000000
vt -0.038000 0.012174 0.000000
vt -0.000000 0.010145 0.000000
vt -0.038000 0.010145 0.000000
vt -0.000000 0.008116 0.000000
vt -0.038000 0.008116 0.000000
vt -0.000000 0.006087 0.000000
vt -0.038000 0.006087 0.000000
vt -0.000000 0.004058 0.000000
vt -0.038000 0.004058 0.000000
vt -0.000000 0.002029 0.000000
vt -0.038000 0.002029 0.000000
vt -0.000000 0.000000 0.000000
vt -0.038000 -0.000000 0.000000
vt 0.000000 -0.002029 0.000000
vt -0.038000 -0.002029 0.000000
vt 0.000000 -0.004058 0.000000
vt -0.038000 -0.004058 0.000000
vt 0.000000 -0.006087 0.000000
vt -0.038000 -0.006087 0.000000
vt 0.000000 -0.008116 0.000000
vt -0.038000 -0.008116 0.000000
vt 0.000000 -0.010145 0.000000
vt -0.038000 -0.010145 0.000000
vt 0.000000 -0.012174 0.000000
vt -0.038000 -0.012174 0.000000
vt 0.000000 -0.014203 0.000000
vt -0.038000 -0.014203 0.000000
vt 0.000000 -0.016232 0.000000
vt -0.038000 -0.016232 0.000000
vt 0.000000 -0.018261 0.000000
vt -0.038000 -0.018261 0.000000
vt 0.000000 -0.020289 0.000000
vt -0.038000 -0.020289 0.000000
vt -0.190000 0.022318 0.000000
vt -0.152000 0.022318 0.000000
vt -0.190000 0.024347 0.000000
vt -0.152000 0.024347 0.000000
vt -0.190000 -0.024347 0.000000
vt -0.152000 -0.024347 0.000000
vt -0.190000 -0.022318 0.000000
vt -0.152000 -0.022318 0.000000
vt -0.190000 -0.020289 0.000000
vt -0.152000 -0.020289 0.000000
vt -0.190000 -0.018261 0.000000
vt -0.152000 -0.018261 0.000000
vt -0.190000 -0.016232 0.000000
vt -0.152000 -0.016232 0.000000
vt -0.190000 -0.014203 0.000000
vt -0.152000 -0.014203 0.000000
vt -0.190000 -0.012174 0.000000
vt -0.152000 -0.012174 0.000000
vt -0.190000 -0.010145 0.000000
vt -0.152000 -0.010145 0.000000
vt -0.190000 -0.008116 0.000000
vt -0.152000 -0.008116 0.000000
vt -0.190000 -0.006087 0.000000
vt -0.152000 -0.006087 0.000000
vt -0.190000 -0.004058 0.000000
vt -0.152000 -0.004058 0.000000
vt -0.190000 -0.002029 0.000000
vt -0.152000 -0.002029 0.000000
vt -0.190000 -0.000000 0.000000
vt -0.152000 -0.000000 0.000000
vt -0.190000 0.002029 0.000000
vt -0.152000 0.002029 0.000000
vt -0.190000 0.004058 0.000000
vt -0.152000 0.004058 0.000000
vt -0.190000 0.006087 0.000000
vt -0.152000 0.006087 0.000000
vt -0.190000 0.008116 0.000000
vt -0.152000 0.008116 0.000000
vt -0.190000 0.010145 0.000000
vt -0.152000 0.010145 0.000000
vt -0.190000 0.012174 0.000000
vt -0.152000 0.012174 0.000000
vt -0.190000 0.014203 0.000000
vt -0.152000 0.014203 0.000000
vt -0.190000 0.016232 0.000000
vt -0.152000 0.016232 0.000000
vt -0.190000 0.018261 0.000000
vt -0.152000 0.018261 0.000000
vt -0.190000 0.020289 0.000000
vt -0.152000 0.020289 0.000000
vt -0.076000 0.024347 0.000000
vt -0.076000 0.022318 0.000000
vt -0.076000 0.020289 0.000000
vt -0.076000 0.018261 0.000000
vt -0.076000 0.016232 0.000000
vt -0.076000 0.014203 0.000000
vt -0.076000 0.012174 0.000000
vt -0.076000 0.010145 0.000000
vt -0.076000 0.008116 0.000000
vt -0.076000 0.006087 0.000000
vt -0.076000 0.004058 0.000000
vt -0.076000 0.002029 0.000000
vt -0.076000 -0.000000 0.000000
vt -0.076000 -0.002029 0.000000
vt -0.076000 -0.004058 0.000000
vt -0.076000 -0.006087 0.000000
vt -0.076000 -0.008116 0.000000
vt -0.076000 -0.010145 0.000000
vt -0.076000 -0.012174 0.000000
vt -0.076000 -0.014203 0.000000
vt -0.076000 -0.016232 0.000000
vt -0.076000 -0.018261 0.000000
vt -0.076000 -0.020289 0.000000
vt -0.076000 -0.022318 0.000000
vt -0.076000 -0.024347 0.000000
vt -0.114000 0.024347 0.000000
vt -0.114000 0.022318 0.000000
vt -0.114000 0.020289 0.000000
vt -0.114000 0.018261 0.000000
vt -0.114000 0.016232 0.000000
vt -0.114000 0.014203 0.000000
vt -0.114000 0.012174 0.000000
vt -0.114000 0.010145 0.000000
vt -0.114000 0.008116 0.000000
vt -0.114000 0.006087 0.000000
vt -0.114000 0.004058 0.000000
vt -0.114000 0.002029 0.000000
vt -0.114000 -0.000000 0.000000
vt -0.114000 -0.002029 0.000000
vt -0.114000 -0.004058 0.000000
vt -0.114000 -0.006087 0.000000
vt -0.114000 -0.008116 0.000000
vt -0.114000 -0.010145 0.000000
vt -0.114000 -0.012174 0.000000
vt -0.114000 -0.014203 0.000000
vt -0.114000 -0.016232 0.000000
vt -0.114000 -0.018261 0.000000
vt -0.114000 -0.020289 0.000000
vt -0.114000 -0.022318 0.000000
vt -0.114000 -0.024347 0.000000
vt -0.007486 -0.002006 0.000000
vt 0.007486 -0.002006 0.000000
vt -0.007750 0.000000 0.000000
vt 0.007750 0.000000 0.000000
vt -0.007486 0.002006 0.000000
vt 0.007486 0.002006 0.000000
vt -0.006712 0.003875 0.000000
vt 0.006712 0.003875 0.000000
vt -0.005480 0.005480 0.000000
vt 0.005480 0.005480 0.000000
vt -0.003875 0.006712 0.000000
vt 0.003875 0.006712 0.000000
vt -0.002006 0.007486 0.000000
vt 0.002006 0.007486 0.000000
vt 0.000000 0.007750 0.000000
vt 0.006712 -0.003875 0.000000
vt -0.006712 -0.003875 0.000000
vt 0.005480 -0.005480 0.000000
vt -0.005480 -0.005480 0.000000
vt 0.003875 -0.006712 0.000000
vt -0.003875 -0.006712 0.000000
vt 0.002006 -0.007486 0.000000
vt -0.002006 -0.007486 0.000000
vt 0.000000 -0.007750 0.000000
vt 0.000000 -0.022318 0.000000
vt -0.038000 -0.022318 0.000000
vt -0.000000 -0.024347 0.000000
vt -0.038000 -0.024347 0.000000
vt -0.000000 0.024347 0.000000
vt -0.038000 0.024347 0.000000
vt -0.000000 0.022318 0.000000
vt -0.038000 0.022318 0.000000
vt -0.000000 0.020289 0.000000
vt -0.038000 0.020289 0.000000
vt -0.000000 0.018261 0.000000
vt -0.038000 0.018261 0.000000
vt -0.000000 0.016232 0.000000
vt -0.038000 0.016232 0.000000
vt -0.000000 0.014203 0.000000
vt -0.038000 0.014203 0.000000
vt -0.000000 0.012174 0.000000
vt -0.038000 0.012174 0.000000
vt -0.000000 0.010145 0.000000
vt -0.038000 0.010145 0.000000
vt -0.000000 0.008116 0.000000
vt -0.038000 0.008116 0.000000
vt -0.000000 0.006087 0.000000
vt -0.038000 0.006087 0.000000
vt -0.000000 0.004058 0.000000
vt -0.038000 0.004058 0.000000
vt -0.000000 0.002029 0.000000
vt -0.038000 0.002029 0.000000
vt -0.000000 0.000000 0.000000
vt -0.038000 -0.000000 0.000000
vt 0.000000 -0.002029 0.000000
vt -0.038000 -0.002029 0.000000
vt 0.000000 -0.004058 0.000000
vt -0.038000 -0.004058 0.000000
vt 0.000000 -0.006087 0.000000
vt -0.038000 -0.006087 0.000000
vt 0.000000 -0.008116 0.000000
vt -0.038000 -0.008116 0.000000
vt 0.000000 -0.010145 0.000000
vt -0.038000 -0.010145 0.000000
vt 0.000000 -0.012174 0.000000
vt -0.038000 -0.012174 0.000000
vt 0.000000 -0.014203 0.000000
vt -0.038000 -0.014203 0.000000
vt 0.000000 -0.016232 0.000000
vt -0.038000 -0.016232 0.000000
vt 0.000000 -0.018261 0.000000
vt -0.038000 -0.018261 0.000000
vt 0.000000 -0.020289 0.000000
vt -0.038000 -0.020289 0.000000
vt -0.190000 0.022318 0.000000
vt -0.152000 0.022318 0.000000
vt -0.190000 0.024347 0.000000
vt -0.152000 0.024347 0.000000
vt -0.190000 -0.024347 0.000000
vt -0.152000 -0.024347 0.000000
vt -0.190000 -0.022318 0.000000
vt -0.152000 -0.022318 0.000000
vt -0.190000 -0.020289 0.000000
vt -0.152000 -0.020289 0.000000
vt -0.190000 -0.018261 0.000000
vt -0.152000 -0.018261 0.000000
vt -0.190000 -0.016232 0.000000
vt -0.152000 -0.016232 0.000000
vt -0.190000 -0.014203 0.000000
vt -0.152000 -0.014203 0.000000
vt -0.190000 -0.012174 0.000000
vt -0.152000 -0.012174 0.000000
vt -0.190000 -0.010145 0.000000
vt -0.152000 -0.010145 0.000000
vt -0.190000 -0.008116 0.000000
vt -0.152000 -0.008116 0.000000
vt -0.190000 -0.006087 0.000000
vt -0.152000 -0.006087 0.000000
vt -0.190000 -0.004058 0.000000
vt -0.152000 -0.004058 0.000000
vt -0.190000 -0.002029 0.000000
vt -0.152000 -0.002029 0.000000
vt -0.190000 -0.000000 0.000000
vt -0.152000 -0.000000 0.000000
vt -0.190000 0.002029 0.000000
vt -0.152000 0.002029 0.000000
vt -0.190000 0.004058 0.000000
vt -0.152000 0.004058 0.000000
vt -0.190000 0.006087 0.000000
vt -0.152000 0.006087 0.000000
vt -0.190000 0.008116 0.000000
vt -0.152000 0.008116 0.000000
vt -0.190000 0.010145 0.000000
vt -0.152000 0.010145 0.000000
vt -0.190000 0.012174 0.000000
vt -0.152000 0.012174 0.000000
vt -0.190000 0.014203 0.000000
vt -0.152000 0.014203 0.000000
vt -0.190000 0.016232 0.000000
vt -0.152000 0.016232 0.000000
vt -0.190000 0.018261 0.000000
vt -0.152000 0.018261 0.000000
vt -0.190000 0.020289 0.000000
vt -0.152000 0.020289 0.000000
vt -0.076000 0.024347 0.000000
vt -0.076000 0.022318 0.000000
vt -0.076000 0.020289 0.000000
vt -0.076000 0.018261 0.000000
vt -0.076000 0.016232 0.000000
vt -0.076000 0.014203 0.000000
vt -0.076000 0.012174 0.000000
vt -0.076000 0.010145 0.000000
vt -0.076000 0.008116 0.000000
vt -0.076000 0.006087 0.000000
vt -0.076000 0.004058 0.000000
vt -0.076000 0.002029 0.000000
vt -0.076000 -0.000000 0.000000
vt -0.076000 -0.002029 0.000000
vt -0.076000 -0.004058 0.000000
vt -0.076000 -0.006087 0.000000
vt -0.076000 -0.008116 0.000000
vt -0.076000 -0.010145 0.000000
vt -0.076000 -0.012174 0.000000
vt -0.076000 -0.014203 0.000000
vt -0.076000 -0.016232 0.000000
vt -0.076000 -0.018261 0.000000
vt -0.076000 -0.020289 0.000000
vt -0.076000 -0.022318 0.000000
vt -0.076000 -0.024347 0.000000
vt -0.114000 0.024347 0.000000
vt -0.114000 0.022318 0.000000
vt -0.114000 0.020289 0.000000
vt -0.114000 0.018261 0.000000
vt -0.114000 0.016232 0.000000
vt -0.114000 0.014203 0.000000
vt -0.114000 0.012174 0.000000
vt -0.114000 0.010145 0.000000
vt -0.114000 0.008116 0.000000
vt -0.114000 0.006087 0.000000
vt -0.114000 0.004058 0.000000
vt -0.114000 0.002029 0.000000
vt -0.114000 -0.000000 0.000000
vt -0.114000 -0.002029 0.000000
vt -0.114000 -0.004058 0.000000
vt -0.114000 -0.006087 0.000000
vt -0.114000 -0.008116 0.000000
vt -0.114000 -0.010145 0.000000
vt -0.114000 -0.012174 0.000000
vt -0.114000 -0.014203 0.000000
vt -0.114000 -0.016232 0.000000
vt -0.114000 -0.018261 0.000000
vt -0.114000 -0.020289 0.000000
vt -0.114000 -0.022318 0.000000
vt -0.114000 -0.024347 0.000000
vt -0.007486 -0.002006 0.000000
vt 0.007486 -0.002006 0.000000
vt -0.007750 0.000000 0.000000
vt 0.007750 0.000000 0.000000
vt -0.007486 0.002006 0.000000
vt 0.007486 0.002006 0.000000
vt -0.006712 0.003875 0.000000
vt 0.006712 0.003875 0.000000
vt -0.005480 0.005480 0.000000
vt 0.005480 0.005480 0.000000
vt -0.003875 0.006712 0.000000
vt 0.003875 0.006712 0.000000
vt -0.002006 0.007486 0.000000
vt 0.002006 0.007486 0.000000
vt 0.000000 0.007750 0.000000
vt 0.006712 -0.003875 0.000000
vt -0.006712 -0.003875 0.000000
vt 0.005480 -0.005480 0.000000
vt -0.005480 -0.005480 0.000000
vt 0.003875 -0.006712 0.000000
vt -0.003875 -0.006712 0.000000
vt 0.002006 -0.007486 0.000000
vt -0.002006 -0.007486 0.000000
vt 0.000000 -0.007750 0.000000
vt 0.000000 -0.022318 0.000000
vt -0.038000 -0.022318 0.000000
vt -0.000000 -0.024347 0.000000
vt -0.038000 -0.024347 0.000000
vt -0.000000 0.024347 0.000000
vt -0.038000 0.024347 0.000000
vt -0.000000 0.022318 0.000000
vt -0.038000 0.022318 0.000000
vt -0.000000 0.020289 0.000000
vt -0.038000 0.020289 0.000000
vt -0.000000 0.018261 0.000000
vt -0.038000 0.018261 0.000000
vt -0.000000 0.016232 0.000000
vt -0.038000 0.016232 0.000000
vt -0.000000 0.014203 0.000000
vt -0.038000 0.014203 0.000000
vt -0.000000 0.012174 0.000000
vt -0.038000 0.012174 0.000000
vt -0.000000 0.010145 0.000000
vt -0.038000 0.010145 0.000000
vt -0.000000 0.008116 0.000000
vt -0.038000 0.008116 0.000000
vt -0.000000 0.006087 0.000000
vt -0.038000 0.006087 0.000000
vt -0.000000 0.004058 0.000000
vt -0.038000 0.004058 0.000000
vt -0.000000 0.002029 0.000000
vt -0.038000 0.002029 0.000000
vt -0.000000 0.000000 0.000000
vt -0.038000 -0.000000 0.000000
vt 0.000000 -0.002029 0.000000
vt -0.038000 -0.002029 0.000000
vt 0.000000 -0.004058 0.000000
vt -0.038000 -0.004058 0.000000
vt 0.000000 -0.006087 0.000000
vt -0.038000 -0.006087 0.000000
vt 0.000000 -0.008116 0.000000
vt -0.038000 -0.008116 0.000000
vt 0.000000 -0.010145 0.000000
vt -0.038000 -0.010145 0.000000
vt 0.000000 -0.012174 0.000000
vt -0.038000 -0.012174 0.000000
vt 0.000000 -0.014203 0.000000
vt -0.038000 -0.014203 0.000000
vt 0.000000 -0.016232 0.000000
vt -0.038000 -0.016232 0.000000
vt 0.000000 -0.018261 0.000000
vt -0.038000 -0.018261 0.000000
vt 0.000000 -0.020289 0.000000
vt -0.038000 -0.020289 0.000000
vt -0.190000 0.022318 0.000000
vt -0.152000 0.022318 0.000000
vt -0.190000 0.024347 0.000000
vt -0.152000 0.024347 0.000000
vt -0.190000 -0.024347 0.000000
vt -0.152000 -0.024347 0.000000
vt -0.190000 -0.022318 0.000000
vt -0.152000 -0.022318 0.000000
vt -0.190000 -0.020289 0.000000
vt -0.152000 -0.020289 0.000000
vt -0.190000 -0.018261 0.000000
vt -0.152000 -0.018261 0.000000
vt -0.190000 -0.016232 0.000000
vt -0.152000 -0.016232 0.000000
vt -0.190000 -0.014203 0.000000
vt -0.152000 -0.014203 0.000000
vt -0.190000 -0.012174 0.000000
vt -0.152000 -0.012174 0.000000
vt -0.190000 -0.010145 0.000000
vt -0.152000 -0.010145 0.000000
vt -0.190000 -0.008116 0.000000
vt -0.152000 -0.008116 0.000000
vt -0.190000 -0.006087 0.000000
vt -0.152000 -0.006087 0.000000
vt -0.190000 -0.004058 0.000000
vt -0.152000 -0.004058 0.000000
vt -0.190000 -0.002029 0.000000
vt -0.152000 -0.002029 0.000000
vt -0.190000 -0.000000 0.000000
vt -0.152000 -0.000000 0.000000
vt -0.190000 0.002029 0.000000
vt -0.152000 0.002029 0.000000
vt -0.190000 0.004058 0.000000
vt -0.152000 0.004058 0.000000
vt -0.190000 0.006087 0.000000
vt -0.152000 0.006087 0.000000
vt -0.190000 0.008116 0.000000
vt -0.152000 0.008116 0.000000
vt -0.190000 0.010145 0.000000
vt -0.152000 0.010145 0.000000
vt -0.190000 0.012174 0.000000
vt -0.152000 0.012174 0.000000
vt -0.190000 0.014203 0.000000
vt -0.152000 0.014203 0.000000
vt -0.190000 0.016232 0.000000
vt -0.152000 0.016232 0.000000
vt -0.190000 0.018261 0.000000
vt -0.152000 0.018261 0.000000
vt -0.190000 0.020289 0.000000
vt -0.152000 0.020289 0.000000
vt -0.076000 0.024347 0.000000
vt -0.076000 0.022318 0.000000
vt -0.076000 0.020289 0.000000
vt -0.076000 0.018261 0.000000
vt -0.076000 0.016232 0.000000
vt -0.076000 0.014203 0.000000
vt -0.076000 0.012174 0.000000
vt -0.076000 0.010145 0.000000
vt -0.076000 0.008116 0.000000
vt -0.076000 0.006087 0.000000
vt -0.076000 0.004058 0.000000
vt -0.076000 0.002029 0.000000
vt -0.076000 -0.000000 0.000000
vt -0.076000 -0.002029 0.000000
vt -0.076000 -0.004058 0.000000
vt -0.076000 -0.006087 0.000000
vt -0.076000 -0.008116 0.000000
vt -0.076000 -0.010145 0.000000
vt -0.076000 -0.012174 0.000000
vt -0.076000 -0.014203 0.000000
vt -0.076000 -0.016232 0.000000
vt -0.076000 -0.018261 0.000000
vt -0.076000 -0.020289 0.000000
vt -0.076000 -0.022318 0.000000
vt -0.076000 -0.024347 0.000000
vt -0.114000 0.024347 0.000000
vt -0.114000 0.022318 0.000000
vt -0.114000 0.020289 0.000000
vt -0.114000 0.018261 0.000000
vt -0.114000 0.016232 0.000000
vt -0.114000 0.014203 0.000000
vt -0.114000 0.012174 0.000000
vt -0.114000 0.010145 0.000000
vt -0.114000 0.008116 0.000000
vt -0.114000 0.006087 0.000000
vt -0.114000 0.004058 0.000000
vt -0.114000 0.002029 0.000000
vt -0.114000 -0.000000 0.000000
vt -0.114000 -0.002029 0.000000
vt -0.114000 -0.004058 0.000000
vt -0.114000 -0.006087 0.000000
vt -0.114000 -0.008116 0.000000
vt -0.114000 -0.010145 0.000000
vt -0.114000 -0.012174 0.000000
vt -0.114000 -0.014203 0.000000
vt -0.114000 -0.016232 0.000000
vt -0.114000 -0.018261 0.000000
vt -0.114000 -0.020289 0.000000
vt -0.114000 -0.022318 0.000000
vt -0.114000 -0.024347 0.000000
vt -0.007486 -0.002006 0.000000
vt 0.007486 -0.002006 0.000000
vt -0.007750 0.000000 0.000000
vt 0.007750 0.000000 0.000000
vt -0.007486 0.002006 0.000000
vt 0.007486 0.002006 0.000000
vt -0.006712 0.003875 0.000000
vt 0.006712 0.003875 0.000000
vt -0.005480 0.005480 0.000000
vt 0.005480 0.005480 0.000000
vt -0.003875 0.006712 0.000000
vt 0.003875 0.006712 0.000000
vt -0.002006 0.007486 0.000000
vt 0.002006 0.007486 0.000000
vt 0.000000 0.007750 0.000000
vt 0.006712 -0.003875 0.000000
vt -0.006712 -0.003875 0.000000
vt 0.005480 -0.005480 0.000000
vt -0.005480 -0.005480 0.000000
vt 0.003875 -0.006712 0.000000
vt -0.003875 -0.006712 0.000000
vt 0.002006 -0.007486 0.000000
vt -0.002006 -0.007486 0.000000
vt 0.000000 -0.007750 0.000000
vt 0.000000 -0.022318 0.000000
vt -0.038000 -0.022318 0.000000
vt -0.000000 -0.024347 0.000000
vt -0.038000 -0.024347 0.000000
vt -0.000000 0.024347 0.000000
vt -0.038000 0.024347 0.000000
vt -0.000000 0.022318 0.000000
vt -0.038000 0.022318 0.000000
vt -0.000000 0.020289 0.000000
vt -0.038000 0.020289 0.000000
vt -0.000000 0.018261 0.000000
vt -0.038000 0.018261 0.000000
vt -0.000000 0.016232 0.000000
vt -0.038000 0.016232 0.000000
vt -0.000000 0.014203 0.000000
vt -0.038000 0.014203 0.000000
vt -0.000000 0.012174 0.000000
vt -0.038000 0.012174 0.000000
vt -0.000000 0.010145 0.000000
vt -0.038000 0.010145 0.000000
vt -0.000000 0.008116 0.000000
vt -0.038000 0.008116 0.000000
vt -0.000000 0.006087 0.000000
vt -0.038000 0.006087 0.000000
vt -0.000000 0.004058 0.000000
vt -0.038000 0.004058 0.000000
vt -0.000000 0.002029 0.000000
vt -0.038000 0.002029 0.000000
vt -0.000000 0.000000 0.000000
vt -0.038000 -0.000000 0.000000
vt 0.000000 -0.002029 0.000000
vt -0.038000 -0.002029 0.000000
vt 0.000000 -0.004058 0.000000
vt -0.038000 -0.004058 0.000000
vt 0.000000 -0.006087 0.000000
vt -0.038000 -0.006087 0.000000
vt 0.000000 -0.008116 0.000000
vt -0.038000 -0.008116 0.000000
vt 0.000000 -0.010145 0.000000
vt -0.038000 -0.010145 0.000000
vt 0.000000 -0.012174 0.000000
vt -0.038000 -0.012174 0.000000
vt 0.000000 -0.014203 0.000000
vt -0.038000 -0.014203 0.000000
vt 0.000000 -0.016232 0.000000
vt -0.038000 -0.016232 0.000000
vt 0.000000 -0.018261 0.000000
vt -0.038000 -0.018261 0.000000
vt 0.000000 -0.020289 0.000000
vt -0.038000 -0.020289 0.000000
vt -0.190000 0.022318 0.000000
vt -0.152000 0.022318 0.000000
vt -0.190000 0.024347 0.000000
vt -0.152000 0.024347 0.000000
vt -0.190000 -0.024347 0.000000
vt -0.152000 -0.024347 0.000000
vt -0.190000 -0.022318 0.000000
vt -0.152000 -0.022318 0.000000
vt -0.190000 -0.020289 0.000000
vt -0.152000 -0.020289 0.000000
vt -0.190000 -0.018261 0.000000
vt -0.152000 -0.018261 0.000000
vt -0.190000 -0.016232 0.000000
vt -0.152000 -0.016232 0.000000
vt -0.190000 -0.014203 0.000000
vt -0.152000 -0.014203 0.000000
vt -0.190000 -0.012174 0.000000
vt -0.152000 -0.012174 0.000000
vt -0.190000 -0.010145 0.000000
vt -0.152000 -0.010145 0.000000
vt -0.190000 -0.008116 0.000000
vt -0.152000 -0.008116 0.000000
vt -0.190000 -0.006087 0.000000
vt -0.152000 -0.006087 0.000000
vt -0.190000 -0.004058 0.000000
vt -0.152000 -0.004058 0.000000
vt -0.190000 -0.002029 0.000000
vt -0.152000 -0.002029 0.000000
vt -0.190000 -0.000000 0.000000
vt -0.152000 -0.000000 0.000000
vt -0.190000 0.002029 0.000000
vt -0.152000 0.002029 0.000000
vt -0.190000 0.004058 0.000000
vt -0.152000 0.004058 0.000000
vt -0.190000 0.006087 0.000000
vt -0.152000 0.006087 0.000000
vt -0.190000 0.008116 0.000000
vt -0.152000 0.008116 0.000000
vt -0.190000 0.010145 0.000000
vt -0.152000 0.010145 0.000000
vt -0.190000 0.012174 0.000000
vt -0.152000 0.012174 0.000000
vt -0.190000 0.014203 0.000000
vt -0.152000 0.014203 0.000000
vt -0.190000 0.016232 0.000000
vt -0.152000 0.016232 0.000000
vt -0.190000 0.018261 0.000000
vt -0.152000 0.018261 0.000000
vt -0.190000 0.020289 0.000000
vt -0.152000 0.020289 0.000000
vt -0.076000 0.024347 0.000000
vt -0.076000 0.022318 0.000000
vt -0.076000 0.020289 0.000000
vt -0.076000 0.018261 0.000000
vt -0.076000 0.016232 0.000000
vt -0.076000 0.014203 0.000000
vt -0.076000 0.012174 0.000000
vt -0.076000 0.010145 0.000000
vt -0.076000 0.008116 0.000000
vt -0.076000 0.006087 0.000000
vt -0.076000 0.004058 0.000000
vt -0.076000 0.002029 0.000000
vt -0.076000 -0.000000 0.000000
vt -0.076000 -0.002029 0.000000
vt -0.076000 -0.004058 0.000000
vt -0.076000 -0.006087 0.000000
vt -0.076000 -0.008116 0.000000
vt -0.076000 -0.010145 0.000000
vt -0.076000 -0.012174 0.000000
vt -0.076000 -0.014203 0.000000
vt -0.076000 -0.016232 0.000000
vt -0.076000 -0.018261 0.000000
vt -0.076000 -0.020289 0.000000
vt -0.076000 -0.022318 0.000000
vt -0.076000 -0.024347 0.000000
vt -0.114000 0.024347 0.000000
vt -0.114000 0.022318 0.000000
vt -0.114000 0.020289 0.000000
vt -0.114000 0.018261 0.000000
vt -0.114000 0.016232 0.000000
vt -0.114000 0.014203 0.000000
vt -0.114000 0.012174 0.000000
vt -0.114000 0.010145 0.000000
vt -0.114000 0.008116 0.000000
vt -0.114000 0.006087 0.000000
vt -0.114000 0.004058 0.000000
vt -0.114000 0.002029 0.000000
vt -0.114000 -0.000000 0.000000
vt -0.114000 -0.002029 0.000000
vt -0.114000 -0.004058 0.000000
vt -0.114000 -0.006087 0.000000
vt -0.114000 -0.008116 0.000000
vt -0.114000 -0.010145 0.000000
vt -0.114000 -0.012174 0.000000
vt -0.114000 -0.014203 0.000000
vt -0.114000 -0.016232 0.000000
vt -0.114000 -0.018261 0.000000
vt -0.114000 -0.020289 0.000000
vt -0.114000 -0.022318 0.000000
vt -0.114000 -0.024347 0.000000
vt -0.007486 -0.002006 0.000000
vt 0.007486 -0.002006 0.000000
vt -0.007750 0.000000 0.000000
vt 0.007750 0.000000 0.000000
vt -0.007486 0.002006 0.000000
vt 0.007486 0.002006 0.000000
vt -0.006712 0.003875 0.000000
vt 0.006712 0.003875 0.000000
vt -0.005480 0.005480 0.000000
vt 0.005480 0.005480 0.000000
vt -0.003875 0.006712 0.000000
vt 0.003875 0.006712 0.000000
vt -0.002006 0.007486 0.000000
vt 0.002006 0.007486 0.000000
vt 0.000000 0.007750 0.000000
vt 0.006712 -0.003875 0.000000
vt -0.006712 -0.003875 0.000000
vt 0.005480 -0.005480 0.000000
vt -0.005480 -0.005480 0.000000
vt 0.003875 -0.006712 0.000000
vt -0.003875 -0.006712 0.000000
vt 0.002006 -0.007486 0.000000
vt -0.002006 -0.007486 0.000000
vt 0.000000 -0.007750 0.000000
vt 0.000000 -0.022318 0.000000
vt -0.038000 -0.022318 0.000000
vt -0.000000 -0.024347 0.000000
vt -0.038000 -0.024347 0.000000
vt -0.000000 0.024347 0.000000
vt -0.038000 0.024347 0.000000
vt -0.000000 0.022318 0.000000
vt -0.038000 0.022318 0.000000
vt -0.000000 0.020289 0.000000
vt -0.038000 0.020289 0.000000
vt -0.000000 0.018261 0.000000
vt -0.038000 0.018261 0.000000
vt -0.000000 0.016232 0.000000
vt -0.038000 0.016232 0.000000
vt -0.000000 0.014203 0.000000
vt -0.038000 0.014203 0.000000
vt -0.000000 0.012174 0.000000
vt -0.038000 0.012174 0.000000
vt -0.000000 0.010145 0.000000
vt -0.038000 0.010145 0.000000
vt -0.000000 0.008116 0.000000
vt -0.038000 0.008116 0.000000
vt -0.000000 0.006087 0.000000
vt -0.038000 0.006087 0.000000
vt -0.000000 0.004058 0.000000
vt -0.038000 0.004058 0.000000
vt -0.000000 0.002029 0.000000
vt -0.038000 0.002029 0.000000
vt -0.000000 0.000000 0.000000
vt -0.038000 -0.000000 0.000000
vt 0.000000 -0.002029 0.000000
vt -0.038000 -0.002029 0.000000
vt 0.000000 -0.004058 0.000000
vt -0.038000 -0.004058 0.000000
vt 0.000000 -0.006087 0.000000
vt -0.038000 -0.006087 0.000000
vt 0.000000 -0.008116 0.000000
vt -0.038000 -0.008116 0.000000
vt 0.000000 -0.010145 0.000000
vt -0.038000 -0.010145 0.000000
vt 0.000000 -0.012174 0.000000
vt -0.038000 -0.012174 0.000000
vt 0.000000 -0.014203 0.000000
vt -0.038000 -0.014203 0.000000
vt 0.000000 -0.016232 0.000000
vt -0.038000 -0.016232 0.000000
vt 0.000000 -0.018261 0.000000
vt -0.038000 -0.018261 0.000000
vt 0.000000 -0.020289 0.000000
vt -0.038000 -0.020289 0.000000
vt -0.190000 0.022318 0.000000
vt -0.152000 0.022318 0.000000
vt -0.190000 0.024347 0.000000
vt -0.152000 0.024347 0.000000
vt -0.190000 -0.024347 0.000000
vt -0.152000 -0.024347 0.000000
vt -0.190000 -0.022318 0.000000
vt -0.152000 -0.022318 0.000000
vt -0.190000 -0.020289 0.000000
vt -0.152000 -0.020289 0.000000
vt -0.190000 -0.018261 0.000000
vt -0.152000 -0.018261 0.000000
vt -0.190000 -0.016232 0.000000
vt -0.152000 -0.016232 0.000000
vt -0.190000 -0.014203 0.000000
vt -0.152000 -0.014203 0.000000
vt -0.190000 -0.012174 0.000000
vt -0.152000 -0.012174 0.000000
vt -0.190000 -0.010145 0.000000
vt -0.152000 -0.010145 0.000000
vt -0.190000 -0.008116 0.000000
vt -0.152000 -0.008116 0.000000
vt -0.190000 -0.006087 0.000000
vt -0.152000 -0.006087 0.000000
vt -0.190000 -0.004058 0.000000
vt -0.152000 -0.004058 0.000000
vt -0.190000 -0.002029 0.000000
vt -0.152000 -0.002029 0.000000
vt -0.190000 -0.000000 0.000000
vt -0.152000 -0.000000 0.000000
vt -0.190000 0.002029 0.000000
vt -0.152000 0.002029 0.000000
vt -0.190000 0.004058 0.000000
vt -0.152000 0.004058 0.000000
vt -0.190000 0.006087 0.000000
vt -0.152000 0.006087 0.000000
vt -0.190000 0.008116 0.000000
vt -0.152000 0.008116 0.000000
vt -0.190000 0.010145 0.000000
vt -0.152000 0.010145 0.000000
vt -0.190000 0.012174 0.000000
vt -0.152000 0.012174 0.000000
vt -0.190000 0.014203 0.000000
vt -0.152000 0.014203 0.000000
vt -0.190000 0.016232 0.000000
vt -0.152000 0.016232 0.000000
vt -0.190000 0.018261 0.000000
vt -0.152000 0.018261 0.000000
vt -0.190000 0.020289 0.000000
vt -0.152000 0.020289 0.000000
vt -0.076000 0.024347 0.000000
vt -0.076000 0.022318 0.000000
vt -0.076000 0.020289 0.000000
vt -0.076000 0.018261 0.000000
vt -0.076000 0.016232 0.000000
vt -0.076000 0.014203 0.000000
vt -0.076000 0.012174 0.000000
vt -0.076000 0.010145 0.000000
vt -0.076000 0.008116 0.000000
vt -0.076000 0.006087 0.000000
vt -0.076000 0.004058 0.000000
vt -0.076000 0.002029 0.000000
vt -0.076000 -0.000000 0.000000
vt -0.076000 -0.002029 0.000000
vt -0.076000 -0.004058 0.000000
vt -0.076000 -0.006087 0.000000
vt -0.076000 -0.008116 0.000000
vt -0.076000 -0.010145 0.000000
vt -0.076000 -0.012174 0.000000
vt -0.076000 -0.014203 0.000000
vt -0.076000 -0.016232 0.000000
vt -0.076000 -0.018261 0.000000
vt -0.076000 -0.020289 0.000000
vt -0.076000 -0.022318 0.000000
vt -0.076000 -0.024347 0.000000
vt -0.114000 0.024347 0.000000
vt -0.114000 0.022318 0.000000
vt -0.114000 0.020289 0.000000
vt -0.114000 0.018261 0.000000
vt -0.114000 0.016232 0.000000
vt -0.114000 0.014203 0.000000
vt -0.114000 0.012174 0.000000
vt -0.114000 0.010145 0.000000
vt -0.114000 0.008116 0.000000
vt -0.114000 0.006087 0.000000
vt -0.114000 0.004058 0.000000
vt -0.114000 0.002029 0.000000
vt -0.114000 -0.000000 0.000000
vt -0.114000 -0.002029 0.000000
vt -0.114000 -0.004058 0.000000
vt -0.114000 -0.006087 0.000000
vt -0.114000 -0.008116 0.000000
vt -0.114000 -0.010145 0.000000
vt -0.114000 -0.012174 0.000000
vt -0.114000 -0.014203 0.000000
vt -0.114000 -0.016232 0.000000
vt -0.114000 -0.018261 0.000000
vt -0.114000 -0.020289 0.000000
vt -0.114000 -0.022318 0.000000
vt -0.114000 -0.024347 0.000000
vt -0.007486 -0.002006 0.000000
vt 0.007486 -0.002006 0.000000
vt -0.007750 0.000000 0.000000
vt 0.007750 0.000000 0.000000
vt -0.007486 0.002006 0.000000
vt 0.007486 0.002006 0.000000
vt -0.006712 0.003875 0.000000
vt 0.006712 0.003875 0.000000
vt -0.005480 0.005480 0.000000
vt 0.005480 0.005480 0.000000
vt -0.003875 0.006712 0.000000
vt 0.003875 0.006712 0.000000
vt -0.002006 0.007486 0.000000
vt 0.002006 0.007486 0.000000
vt 0.000000 0.007750 0.000000
vt 0.006712 -0.003875 0.000000
vt -0.006712 -0.003875 0.000000
vt 0.005480 -0.005480 0.000000
vt -0.005480 -0.005480 0.000000
vt 0.003875 -0.006712 0.000000
vt -0.003875 -0.006712 0.000000
vt 0.002006 -0.007486 0.000000
vt -0.002006 -0.007486 0.000000
vt 0.000000 -0.007750 0.000000
vt 0.000000 -0.022318 0.000000
vt -0.038000 -0.022318 0.000000
vt -0.000000 -0.024347 0.000000
vt -0.038000 -0.024347 0.000000
vt -0.000000 0.024347 0.000000
vt -0.038000 0.024347 0.000000
vt -0.000000 0.022318 0.000000
vt -0.038000 0.022318 0.000000
vt -0.000000 0.020289 0.000000
vt -0.038000 0.020289 0.000000
vt -0.000000 0.018261 0.000000
vt -0.038000 0.018261 0.000000
vt -0.000000 0.016232 0.000000
vt -0.038000 0.016232 0.000000
vt -0.000000 0.014203 0.000000
vt -0.038000 0.014203 0.000000
vt -0.000000 0.012174 0.000000
vt -0.038000 0.012174 0.000000
vt -0.000000 0.010145 0.000000
vt -0.038000 0.010145 0.000000
vt -0.000000 0.008116 0.000000
vt -0.038000 0.008116 0.000000
vt -0.000000 0.006087 0.000000
vt -0.038000 0.006087 0.000000
vt -0.000000 0.004058 0.000000
vt -0.038000 0.004058 0.000000
vt -0.000000 0.002029 0.000000
vt -0.038000 0.002029 0.000000
vt -0.000000 0.000000 0.000000
vt -0.038000 -0.000000 0.000000
vt 0.000000 -0.002029 0.000000
vt -0.038000 -0.002029 0.000000
vt 0.000000 -0.004058 0.000000
vt -0.038000 -0.004058 0.000000
vt 0.000000 -0.006087 0.000000
vt -0.038000 -0.006087 0.000000
vt 0.000000 -0.008116 0.000000
vt -0.038000 -0.008116 0.000000
vt 0.000000 -0.010145 0.000000
vt -0.038000 -0.010145 0.000000
vt 0.000000 -0.012174 0.000000
vt -0.038000 -0.012174 0.000000
vt 0.000000 -0.014203 0.000000
vt -0.038000 -0.014203 0.000000
vt 0.000000 -0.016232 0.000000
vt -0.038000 -0.016232 0.000000
vt 0.000000 -0.018261 0.000000
vt -0.038000 -0.018261 0.000000
vt 0.000000 -0.020289 0.000000
vt -0.038000 -0.020289 0.000000
vt -0.190000 0.022318 0.000000
vt -0.152000 0.022318 0.000000
vt -0.190000 0.024347 0.000000
vt -0.152000 0.024347 0.000000
vt -0.190000 -0.024347 0.000000
vt -0.152000 -0.024347 0.000000
vt -0.190000 -0.022318 0.000000
vt -0.152000 -0.022318 0.000000
vt -0.190000 -0.020289 0.000000
vt -0.152000 -0.020289 0.000000
vt -0.190000 -0.018261 0.000000
vt -0.152000 -0.018261 0.000000
vt -0.190000 -0.016232 0.000000
vt -0.152000 -0.016232 0.000000
vt -0.190000 -0.014203 0.000000
vt -0.152000 -0.014203 0.000000
vt -0.190000 -0.012174 0.000000
vt -0.152000 -0.012174 0.000000
vt -0.190000 -0.010145 0.000000
vt -0.152000 -0.010145 0.000000
vt -0.190000 -0.008116 0.000000
vt -0.152000 -0.008116 0.000000
vt -0.190000 -0.006087 0.000000
vt -0.152000 -0.006087 0.000000
vt -0.190000 -0.004058 0.000000
vt -0.152000 -0.004058 0.000000
vt -0.190000 -0.002029 0.000000
vt -0.152000 -0.002029 0.000000
vt -0.190000 -0.000000 0.000000
vt -0.152000 -0.000000 0.000000
vt -0.190000 0.002029 0.000000
vt -0.152000 0.002029 0.000000
vt -0.190000 0.004058 0.000000
vt -0.152000 0.004058 0.000000
vt -0.190000 0.006087 0.000000
vt -0.152000 0.006087 0.000000
vt -0.190000 0.008116 0.000000
vt -0.152000 0.008116 0.000000
vt -0.190000 0.010145 0.000000
vt -0.152000 0.010145 0.000000
vt -0.190000 0.012174 0.000000
vt -0.152000 0.012174 0.000000
vt -0.190000 0.014203 0.000000
vt -0.152000 0.014203 0.000000
vt -0.190000 0.016232 0.000000
vt -0.152000 0.016232 0.000000
vt -0.190000 0.018261 0.000000
vt -0.152000 0.018261 0.000000
vt -0.190000 0.020289 0.000000
vt -0.152000 0.020289 0.000000
vt -0.076000 0.024347 0.000000
vt -0.076000 0.022318 0.000000
vt -0.076000 0.020289 0.000000
vt -0.076000 0.018261 0.000000
vt -0.076000 0.016232 0.000000
vt -0.076000 0.014203 0.000000
vt -0.076000 0.012174 0.000000
vt -0.076000 0.010145 0.000000
vt -0.076000 0.008116 0.000000
vt -0.076000 0.006087 0.000000
vt -0.076000 0.004058 0.000000
vt -0.076000 0.002029 0.000000
vt -0.076000 -0.000000 0.000000
vt -0.076000 -0.002029 0.000000
vt -0.076000 -0.004058 0.000000
vt -0.076000 -0.006087 0.000000
vt -0.076000 -0.008116 0.000000
vt -0.076000 -0.010145 0.000000
vt -0.076000 -0.012174 0.000000
vt -0.076000 -0.014203 0.000000
vt -0.076000 -0.016232 0.000000
vt -0.076000 -0.018261 0.000000
vt -0.076000 -0.020289 0.000000
vt -0.076000 -0.022318 0.000000
vt -0.076000 -0.024347 0.000000
vt -0.114000 0.024347 0.000000
vt -0.114000 0.022318 0.000000
vt -0.114000 0.020289 0.000000
vt -0.114000 0.018261 0.000000
vt -0.114000 0.016232 0.000000
vt -0.114000 0.014203 0.000000
vt -0.114000 0.012174 0.000000
vt -0.114000 0.010145 0.000000
vt -0.114000 0.008116 0.000000
vt -0.114000 0.006087 0.000000
vt -0.114000 0.004058 0.000000
vt -0.114000 0.002029 0.000000
vt -0.114000 -0.000000 0.000000
vt -0.114000 -0.002029 0.000000
vt -0.114000 -0.004058 0.000000
vt -0.114000 -0.006087 0.000000
vt -0.114000 -0.008116 0.000000
vt -0.114000 -0.010145 0.000000
vt -0.114000 -0.012174 0.000000
vt -0.114000 -0.014203 0.000000
vt -0.114000 -0.016232 0.000000
vt -0.114000 -0.018261 0.000000
vt -0.114000 -0.020289 0.000000
vt -0.114000 -0.022318 0.000000
vt -0.114000 -0.024347 0.000000
vt -0.007486 -0.002006 0.000000
vt 0.007486 -0.002006 0.000000
vt -0.007750 0.000000 0.000000
vt 0.007750 0.000000 0.000000
vt -0.007486 0.002006 0.000000
vt 0.007486 0.002006 0.000000
vt -0.006712 0.003875 0.000000
vt 0.006712 0.003875 0.000000
vt -0.005480 0.005480 0.000000
vt 0.005480 0.005480 0.000000
vt -0.003875 0.006712 0.000000
vt 0.003875 0.006712 0.000000
vt -0.002006 0.007486 0.000000
vt 0.002006 0.007486 0.000000
vt 0.000000 0.007750 0.000000
vt 0.006712 -0.003875 0.000000
vt -0.006712 -0.003875 0.000000
vt 0.005480 -0.005480 0.000000
vt -0.005480 -0.005480 0.000000
vt 0.003875 -0.006712 0.000000
vt -0.003875 -0.006712 0.000000
vt 0.002006 -0.007486 0.000000
vt -0.002006 -0.007486 0.000000
vt 0.000000 -0.007750 0.000000
vt 0.000000 -0.022318 0.000000
vt -0.038000 -0.022318 0.000000
vt -0.000000 -0.024347 0.000000
vt -0.038000 -0.024347 0.000000
vt -0.000000 0.024347 0.000000
vt -0.038000 0.024347 0.000000
vt -0.000000 0.022318 0.000000
vt -0.038000 0.022318 0.000000
vt -0.000000 0.020289 0.000000
vt -0.038000 0.020289 0.000000
vt -0.000000 0.018261 0.000000
vt -0.038000 0.018261 0.000000
vt -0.000000 0.016232 0.000000
vt -0.038000 0.016232 0.000000
vt -0.000000 0.014203 0.000000
vt -0.038000 0.014203 0.000000
vt -0.000000 0.012174 0.000000
vt -0.038000 0.012174 0.000000
vt -0.000000 0.010145 0.000000
vt -0.038000 0.010145 0.000000
vt -0.000000 0.008116 0.000000
vt -0.038000 0.008116 0.000000
vt -0.000000 0.006087 0.000000
vt -0.038000 0.006087 0.000000
vt -0.000000 0.004058 0.000000
vt -0.038000 0.004058 0.000000
vt -0.000000 0.002029 0.000000
vt -0.038000 0.002029 0.000000
vt -0.000000 0.000000 0.000000
vt -0.038000 -0.000000 0.000000
vt 0.000000 -0.002029 0.000000
vt -0.038000 -0.002029 0.000000
vt 0.000000 -0.004058 0.000000
vt -0.038000 -0.004058 0.000000
vt 0.000000 -0.006087 0.000000
vt -0.038000 -0.006087 0.000000
vt 0.000000 -0.008116 0.000000
vt -0.038000 -0.008116 0.000000
vt 0.000000 -0.010145 0.000000
vt -0.038000 -0.010145 0.000000
vt 0.000000 -0.012174 0.000000
vt -0.038000 -0.012174 0.000000
vt 0.000000 -0.014203 0.000000
vt -0.038000 -0.014203 0.000000
vt 0.000000 -0.016232 0.000000
vt -0.038000 -0.016232 0.000000
vt 0.000000 -0.018261 0.000000
vt -0.038000 -0.018261 0.000000
vt 0.000000 -0.020289 0.000000
vt -0.038000 -0.020289 0.000000
vt -0.190000 0.022318 0.000000
vt -0.152000 0.022318 0.000000
vt -0.190000 0.024347 0.000000
vt -0.152000 0.024347 0.000000
vt -0.190000 -0.024347 0.000000
vt -0.152000 -0.024347 0.000000
vt -0.190000 -0.022318 0.000000
vt -0.152000 -0.022318 0.000000
vt -0.190000 -0.020289 0.000000
vt -0.152000 -0.020289 0.000000
vt -0.190000 -0.018261 0.000000
vt -0.152000 -0.018261 0.000000
vt -0.190000 -0.016232 0.000000
vt -0.152000 -0.016232 0.000000
vt -0.190000 -0.014203 0.000000
vt -0.152000 -0.014203 0.000000
vt -0.190000 -0.012174 0.000000
vt -0.152000 -0.012174 0.000000
vt -0.190000 -0.010145 0.000000
vt -0.152000 -0.010145 0.000000
vt -0.190000 -0.008116 0.000000
vt -0.152000 -0.008116 0.000000
vt -0.190000 -0.006087 0.000000
vt -0.152000 -0.006087 0.000000
vt -0.190000 -0.004058 0.000000
vt -0.152000 -0.004058 0.000000
vt -0.190000 -0.002029 0.000000
vt -0.152000 -0.002029 0.000000
vt -0.190000 -0.000000 0.000000
vt -0.152000 -0.000000 0.000000
vt -0.190000 0.002029 0.000000
vt -0.152000 0.002029 0.000000
vt -0.190000 0.004058 0.000000
vt -0.152000 0.004058 0.000000
vt -0.190000 0.006087 0.000000
vt -0.152000 0.006087 0.000000
vt -0.190000 0.008116 0.000000
vt -0.152000 0.008116 0.000000
vt -0.190000 0.010145 0.000000
vt -0.152000 0.010145 0.000000
vt -0.190000 0.012174 0.000000
vt -0.152000 0.012174 0.000000
vt -0.190000 0.014203 0.000000
vt -0.152000 0.014203 0.000000
vt -0.190000 0.016232 0.000000
vt -0.152000 0.016232 0.000000
vt -0.190000 0.018261 0.000000
vt -0.152000 0.018261 0.000000
vt -0.190000 0.020289 0.000000
vt -0.152000 0.020289 0.000000
vt -0.076000 0.024347 0.000000
vt -0.076000 0.022318 0.000000
vt -0.076000 0.020289 0.000000
vt -0.076000 0.018261 0.000000
vt -0.076000 0.016232 0.000000
vt -0.076000 0.014203 0.000000
vt -0.076000 0.012174 0.000000
vt -0.076000 0.010145 0.000000
vt -0.076000 0.008116 0.000000
vt -0.076000 0.006087 0.000000
vt -0.076000 0.004058 0.000000
vt -0.076000 0.002029 0.000000
vt -0.076000 -0.000000 0.000000
vt -0.076000 -0.002029 0.000000
vt -0.076000 -0.004058 0.000000
vt -0.076000 -0.006087 0.000000
vt -0.076000 -0.008116 0.000000
vt -0.076000 -0.010145 0.000000
vt -0.076000 -0.012174 0.000000
vt -0.076000 -0.014203 0.000000
vt -0.076000 -0.016232 0.000000
vt -0.076000 -0.018261 0.000000
vt -0.076000 -0.020289 0.000000
vt -0.076000 -0.022318 0.000000
vt -0.076000 -0.024347 0.000000
vt -0.114000 0.024347 0.000000
vt -0.114000 0.022318 0.000000
vt -0.114000 0.020289 0.000000
vt -0.114000 0.018261 0.000000
vt -0.114000 0.016232 0.000000
vt -0.114000 0.014203 0.000000
vt -0.114000 0.012174 0.000000
vt -0.114000 0.010145 0.000000
vt -0.114000 0.008116 0.000000
vt -0.114000 0.006087 0.000000
vt -0.114000 0.004058 0.000000
vt -0.114000 0.002029 0.000000
vt -0.114000 -0.000000 0.000000
vt -0.114000 -0.002029 0.000000
vt -0.114000 -0.004058 0.000000
vt -0.114000 -0.006087 0.000000
vt -0.114000 -0.008116 0.000000
vt -0.114000 -0.010145 0.000000
vt -0.114000 -0.012174 0.000000
vt -0.114000 -0.014203 0.000000
vt -0.114000 -0.016232 0.000000
vt -0.114000 -0.018261 0.000000
vt -0.114000 -0.020289 0.000000
vt -0.114000 -0.022318 0.000000
vt -0.114000 -0.024347 0.000000
vt -0.007486 -0.002006 0.000000
vt 0.007486 -0.002006 0.000000
vt -0.007750 0.000000 0.000000
vt 0.007750 0.000000 0.000000
vt -0.007486 0.002006 0.000000
vt 0.007486 0.002006 0.000000
vt -0.006712 0.003875 0.000000
vt 0.006712 0.003875 0.000000
vt -0.005480 0.005480 0.000000
vt 0.005480 0.005480 0.000000
vt -0.003875 0.006712 0.000000
vt 0.003875 0.006712 0.000000
vt -0.002006 0.007486 0.000000
vt 0.002006 0.007486 0.000000
vt 0.000000 0.007750 0.000000
vt 0.006712 -0.003875 0.000000
vt -0.006712 -0.003875 0.000000
vt 0.005480 -0.005480 0.000000
vt -0.005480 -0.005480 0.000000
vt 0.003875 -0.006712 0.000000
vt -0.003875 -0.006712 0.000000
vt 0.002006 -0.007486 0.000000
vt -0.002006 -0.007486 0.000000
vt 0.000000 -0.007750 0.000000
vt 0.000000 -0.022318 0.000000
vt -0.038000 -0.022318 0.000000
vt -0.000000 -0.024347 0.000000
vt -0.038000 -0.024347 0.000000
vt -0.000000 0.024347 0.000000
vt -0.038000 0.024347 0.000000
vt -0.000000 0.022318 0.000000
vt -0.038000 0.022318 0.000000
vt -0.000000 0.020289 0.000000
vt -0.038000 0.020289 0.000000
vt -0.000000 0.018261 0.000000
vt -0.038000 0.018261 0.000000
vt -0.000000 0.016232 0.000000
vt -0.038000 0.016232 0.000000
vt -0.000000 0.014203 0.000000
vt -0.038000 0.014203 0.000000
vt -0.000000 0.012174 0.000000
vt -0.038000 0.012174 0.000000
vt -0.000000 0.010145 0.000000
vt -0.038000 0.010145 0.000000
vt -0.000000 0.008116 0.000000
vt -0.038000 0.008116 0.000000
vt -0.000000 0.006087 0.000000
vt -0.038000 0.006087 0.000000
vt -0.000000 0.004058 0.000000
vt -0.038000 0.004058 0.000000
vt -0.000000 0.002029 0.000000
vt -0.038000 0.002029 0.000000
vt -0.000000 0.000000 0.000000
vt -0.038000 -0.000000 0.000000
vt 0.000000 -0.002029 0.000000
vt -0.038000 -0.002029 0.000000
vt 0.000000 -0.004058 0.000000
vt -0.038000 -0.004058 0.000000
vt 0.000000 -0.006087 0.000000
vt -0.038000 -0.006087 0.000000
vt 0.000000 -0.008116 0.000000
vt -0.038000 -0.008116 0.000000
vt 0.000000 -0.010145 0.000000
vt -0.038000 -0.010145 0.000000
vt 0.000000 -0.012174 0.000000
vt -0.038000 -0.012174 0.000000
vt 0.000000 -0.014203 0.000000
vt -0.038000 -0.014203 0.000000
vt 0.000000 -0.016232 0.000000
vt -0.038000 -0.016232 0.000000
vt 0.000000 -0.018261 0.000000
vt -0.038000 -0.018261 0.000000
vt 0.000000 -0.020289 0.000000
vt -0.038000 -0.020289 0.000000
vt -0.190000 0.022318 0.000000
vt -0.152000 0.022318 0.000000
vt -0.190000 0.024347 0.000000
vt -0.152000 0.024347 0.000000
vt -0.190000 -0.024347 0.000000
vt -0.152000 -0.024347 0.000000
vt -0.190000 -0.022318 0.000000
vt -0.152000 -0.022318 0.000000
vt -0.190000 -0.020289 0.000000
vt -0.152000 -0.020289 0.000000
vt -0.190000 -0.018261 0.000000
vt -0.152000 -0.018261 0.000000
vt -0.190000 -0.016232 0.000000
vt -0.152000 -0.016232 0.000000
vt -0.190000 -0.014203 0.000000
vt -0.152000 -0.014203 0.000000
vt -0.190000 -0.012174 0.000000
vt -0.152000 -0.012174 0.000000
vt -0.190000 -0.010145 0.000000
vt -0.152000 -0.010145 0.000000
vt -0.190000 -0.008116 0.000000
vt -0.152000 -0.008116 0.000000
vt -0.190000 -0.006087 0.000000
vt -0.152000 -0.006087 0.000000
vt -0.190000 -0.004058 0.000000
vt -0.152000 -0.004058 0.000000
vt -0.190000 -0.002029 0.000000
vt -0.152000 -0.002029 0.000000
vt -0.190000 -0.000000 0.000000
vt -0.152000 -0.000000 0.000000
vt -0.190000 0.002029 0.000000
vt -0.152000 0.002029 0.000000
vt -0.190000 0.004058 0.000000
vt -0.152000 0.004058 0.000000
vt -0.190000 0.006087 0.000000
vt -0.152000 0.006087 0.000000
vt -0.190000 0.008116 0.000000
vt -0.152000 0.008116 0.000000
vt -0.190000 0.010145 0.000000
vt -0.152000 0.010145 0.000000
vt -0.190000 0.012174 0.000000
vt -0.152000 0.012174 0.000000
vt -0.190000 0.014203 0.000000
vt -0.152000 0.014203 0.000000
vt -0.190000 0.016232 0.000000
vt -0.152000 0.016232 0.000000
vt -0.190000 0.018261 0.000000
vt -0.152000 0.018261 0.000000
vt -0.190000 0.020289 0.000000
vt -0.152000 0.020289 0.000000
vt -0.076000 0.024347 0.000000
vt -0.076000 0.022318 0.000000
vt -0.076000 0.020289 0.000000
vt -0.076000 0.018261 0.000000
vt -0.076000 0.016232 0.000000
vt -0.076000 0.014203 0.000000
vt -0.076000 0.012174 0.000000
vt -0.076000 0.010145 0.000000
vt -0.076000 0.008116 0.000000
vt -0.076000 0.006087 0.000000
vt -0.076000 0.004058 0.000000
vt -0.076000 0.002029 0.000000
vt -0.076000 -0.000000 0.000000
vt -0.076000 -0.002029 0.000000
vt -0.076000 -0.004058 0.000000
vt -0.076000 -0.006087 0.000000
vt -0.076000 -0.008116 0.000000
vt -0.076000 -0.010145 0.000000
vt -0.076000 -0.012174 0.000000
vt -0.076000 -0.014203 0.000000
vt -0.076000 -0.016232 0.000000
vt -0.076000 -0.018261 0.000000
vt -0.076000 -0.020289 0.000000
vt -0.076000 -0.022318 0.000000
vt -0.076000 -0.024347 0.000000
vt -0.114000 0.024347 0.000000
vt -0.114000 0.022318 0.000000
vt -0.114000 0.020289 0.000000
vt -0.114000 0.018261 0.000000
vt -0.114000 0.016232 0.000000
vt -0.114000 0.014203 0.000000
vt -0.114000 0.012174 0.000000
vt -0.114000 0.010145 0.000000
vt -0.114000 0.008116 0.000000
vt -0.114000 0.006087 0.000000
vt -0.114000 0.004058 0.000000
vt -0.114000 0.002029 0.000000
vt -0.114000 -0.000000 0.000000
vt -0.114000 -0.002029 0.000000
vt -0.114000 -0.004058 0.000000
vt -0.114000 -0.006087 0.000000
vt -0.114000 -0.008116 0.000000
vt -0.114000 -0.010145 0.000000
vt -0.114000 -0.012174 0.000000
vt -0.114000 -0.014203 0.000000
vt -0.114000 -0.016232 0.000000
vt -0.114000 -0.018261 0.000000
vt -0.114000 -0.020289 0.000000
vt -0.114000 -0.022318 0.000000
vt -0.114000 -0.024347 0.000000
vt -0.007486 -0.002006 0.000000
vt 0.007486 -0.002006 0.000000
vt -0.007750 0.000000 0.000000
vt 0.007750 0.000000 0.000000
vt -0.007486 0.002006 0.000000
vt 0.007486 0.002006 0.000000
vt -0.006712 0.003875 0.000000
vt 0.006712 0.003875 0.000000
vt -0.005480 0.005480 0.000000
vt 0.005480 0.005480 0.000000
vt -0.003875 0.006712 0.000000
vt 0.003875 0.006712 0.000000
vt -0.002006 0.007486 0.000000
vt 0.002006 0.007486 0.000000
vt 0.000000 0.007750 0.000000
vt 0.006712 -0.003875 0.000000
vt -0.006712 -0.003875 0.000000
vt 0.005480 -0.005480 0.000000
vt -0.005480 -0.005480 0.000000
vt 0.003875 -0.006712 0.000000
vt -0.003875 -0.006712 0.000000
vt 0.002006 -0.007486 0.000000
vt -0.002006 -0.007486 0.000000
vt 0.000000 -0.007750 0.000000
vt 0.000000 -0.022318 0.000000
vt -0.038000 -0.022318 0.000000
vt 0.000000 -0.024347 0.000000
vt -0.038000 -0.024347 0.000000
vt 0.000000 0.024347 0.000000
vt -0.038000 0.024347 0.000000
vt -0.000000 0.022318 0.000000
vt -0.038000 0.022318 0.000000
vt -0.000000 0.020289 0.000000
vt -0.038000 0.020289 0.000000
vt -0.000000 0.018261 0.000000
vt -0.038000 0.018261 0.000000
vt -0.000000 0.016232 0.000000
vt -0.038000 0.016232 0.000000
vt -0.000000 0.014203 0.000000
vt -0.038000 0.014203 0.000000
vt -0.000000 0.012174 0.000000
vt -0.038000 0.012174 0.000000
vt -0.000000 0.010145 0.000000
vt -0.038000 0.010145 0.000000
vt -0.000000 0.008116 0.000000
vt -0.038000 0.008116 0.000000
vt -0.000000 0.006087 0.000000
vt -0.038000 0.006087 0.000000
vt -0.000000 0.004058 0.000000
vt -0.038000 0.004058 0.000000
vt -0.000000 0.002029 0.000000
vt -0.038000 0.002029 0.000000
vt -0.000000 0.000000 0.000000
vt -0.038000 -0.000000 0.000000
vt 0.000000 -0.002029 0.000000
vt -0.038000 -0.002029 0.000000
vt 0.000000 -0.004058 0.000000
vt -0.038000 -0.004058 0.000000
vt 0.000000 -0.006087 0.000000
vt -0.038000 -0.006087 0.000000
vt 0.000000 -0.008116 0.000000
vt -0.038000 -0.008116 0.000000
vt 0.000000 -0.010145 0.000000
vt -0.038000 -0.010145 0.000000
vt 0.000000 -0.012174 0.000000
vt -0.038000 -0.012174 0.000000
vt 0.000000 -0.014203 0.000000
vt -0.038000 -0.014203 0.000000
vt 0.000000 -0.016232 0.000000
vt -0.038000 -0.016232 0.000000
vt 0.000000 -0.018261 0.000000
vt -0.038000 -0.018261 0.000000
vt 0.000000 -0.020289 0.000000
vt -0.038000 -0.020289 0.000000
vt -0.190000 0.022318 0.000000
vt -0.152000 0.022318 0.000000
vt -0.190000 0.024347 0.000000
vt -0.152000 0.024347 0.000000
vt -0.190000 -0.024347 0.000000
vt -0.152000 -0.024347 0.000000
vt -0.190000 -0.022318 0.000000
vt -0.152000 -0.022318 0.000000
vt -0.190000 -0.020289 0.000000
vt -0.152000 -0.020289 0.000000
vt -0.190000 -0.018261 0.000000
vt -0.152000 -0.018261 0.000000
vt -0.190000 -0.016232 0.000000
vt -0.152000 -0.016232 0.000000
vt -0.190000 -0.014203 0.000000
vt -0.152000 -0.014203 0.000000
vt -0.190000 -0.012174 0.000000
vt -0.152000 -0.012174 0.000000
vt -0.190000 -0.010145 0.000000
vt -0.152000 -0.010145 0.000000
vt -0.190000 -0.008116 0.000000
vt -0.152000 -0.008116 0.000000
vt -0.190000 -0.006087 0.000000
vt -0.152000 -0.006087 0.000000
vt -0.190000 -0.004058 0.000000
vt -0.152000 -0.004058 0.000000
vt -0.190000 -0.002029 0.000000
vt -0.152000 -0.002029 0.000000
vt -0.190000 -0.000000 0.000000
vt -0.152000 -0.000000 0.000000
vt -0.190000 0.002029 0.000000
vt -0.152000 0.002029 0.000000
vt -0.190000 0.004058 0.000000
vt -0.152000 0.004058 0.000000
vt -0.190000 0.006087 0.000000
vt -0.152000 0.006087 0.000000
vt -0.190000 0.008116 0.000000
vt -0.152000 0.008116 0.000000
vt -0.190000 0.010145 0.000000
vt -0.152000 0.010145 0.000000
vt -0.190000 0.012174 0.000000
vt -0.152000 0.012174 0.000000
vt -0.190000 0.014203 0.000000
vt -0.152000 0.014203 0.000000
vt -0.190000 0.016232 0.000000
vt -0.152000 0.016232 0.000000
vt -0.190000 0.018261 0.000000
vt -0.152000 0.018261 0.000000
vt -0.190000 0.020289 0.000000
vt -0.152000 0.020289 0.000000
vt -0.076000 0.024347 0.000000
vt -0.076000 0.022318 0.000000
vt -0.076000 0.020289 0.000000
vt -0.076000 0.018261 0.000000
vt -0.076000 0.016232 0.000000
vt -0.076000 0.014203 0.000000
vt -0.076000 0.012174 0.000000
vt -0.076000 0.010145 0.000000
vt -0.076000 0.008116 0.000000
vt -0.076000 0.006087 0.000000
vt -0.076000 0.004058 0.000000
vt -0.076000 0.002029 0.000000
vt -0.076000 -0.000000 0.000000
vt -0.076000 -0.002029 0.000000
vt -0.076000 -0.004058 0.000000
vt -0.076000 -0.006087 0.000000
vt -0.076000 -0.008116 0.000000
vt -0.076000 -0.010145 0.000000
vt -0.076000 -0.012174 0.000000
vt -0.076000 -0.014203 0.000000
vt -0.076000 -0.016232 0.000000
vt -0.076000 -0.018261 0.000000
vt -0.076000 -0.020289 0.000000
vt -0.076000 -0.022318 0.000000
vt -0.076000 -0.024347 0.000000
vt -0.114000 0.024347 0.000000
vt -0.114000 0.022318 0.000000
vt -0.114000 0.020289 0.000000
vt -0.114000 0.018261 0.000000
vt -0.114000 0.016232 0.000000
vt -0.114000 0.014203 0.000000
vt -0.114000 0.012174 0.000000
vt -0.114000 0.010145 0.000000
vt -0.114000 0.008116 0.000000
vt -0.114000 0.006087 0.000000
vt -0.114000 0.004058 0.000000
vt -0.114000 0.002029 0.000000
vt -0.114000 -0.000000 0.000000
vt -0.114000 -0.002029 0.000000
vt -0.114000 -0.004058 0.000000
vt -0.114000 -0.006087 0.000000
vt -0.114000 -0.008116 0.000000
vt -0.114000 -0.010145 0.000000
vt -0.114000 -0.012174 0.000000
vt -0.114000 -0.014203 0.000000
vt -0.114000 -0.016232 0.000000
vt -0.114000 -0.018261 0.000000
vt -0.114000 -0.020289 0.000000
vt -0.114000 -0.022318 0.000000
vt -0.114000 -0.024347 0.000000
vt -0.007486 -0.002006 0.000000
vt 0.007486 -0.002006 0.000000
vt -0.007750 0.000000 0.000000
vt 0.007750 0.000000 0.000000
vt -0.007486 0.002006 0.000000
vt 0.007486 0.002006 0.000000
vt -0.006712 0.003875 0.000000
vt 0.006712 0.003875 0.000000
vt -0.005480 0.005480 0.000000
vt 0.005480 0.005480 0.000000
vt -0.003875 0.006712 0.000000
vt 0.003875 0.006712 0.000000
vt -0.002006 0.007486 0.000000
vt 0.002006 0.007486 0.000000
vt 0.000000 0.007750 0.000000
vt 0.006712 -0.003875 0.000000
vt -0.006712 -0.003875 0.000000
vt 0.005480 -0.005480 0.000000
vt -0.005480 -0.005480 0.000000
vt 0.003875 -0.006712 0.000000
vt -0.003875 -0.006712 0.000000
vt 0.002006 -0.007486 0.000000
vt -0.002006 -0.007486 0.000000
vt 0.000000 -0.007750 0.000000
vt 0.000000 -0.022318 0.000000
vt -0.038000 -0.022318 0.000000
vt 0.000000 -0.024347 0.000000
vt -0.038000 -0.024347 0.000000
vt 0.000000 0.024347 0.000000
vt -0.038000 0.024347 0.000000
vt -0.000000 0.022318 0.000000
vt -0.038000 0.022318 0.000000
vt -0.000000 0.020289 0.000000
vt -0.038000 0.020289 0.000000
vt -0.000000 0.018261 0.000000
vt -0.038000 0.018261 0.000000
vt -0.000000 0.016232 0.000000
vt -0.038000 0.016232 0.000000
vt -0.000000 0.014203 0.000000
vt -0.038000 0.014203 0.000000
vt -0.000000 0.012174 0.000000
vt -0.038000 0.012174 0.000000
vt -0.000000 0.010145 0.000000
vt -0.038000 0.010145 0.000000
vt -0.000000 0.008116 0.000000
vt -0.038000 0.008116 0.000000
vt -0.000000 0.006087 0.000000
vt -0.038000 0.006087 0.000000
vt -0.000000 0.004058 0.000000
vt -0.038000 0.004058 0.000000
vt -0.000000 0.002029 0.000000
vt -0.038000 0.002029 0.000000
vt -0.000000 0.000000 0.000000
vt -0.038000 -0.000000 0.000000
vt 0.000000 -0.002029 0.000000
vt -0.038000 -0.002029 0.000000
vt 0.000000 -0.004058 0.000000
vt -0.038000 -0.004058 0.000000
vt 0.000000 -0.006087 0.000000
vt -0.038000 -0.006087 0.000000
vt 0.000000 -0.008116 0.000000
vt -0.038000 -0.008116 0.000000
vt 0.000000 -0.010145 0.000000
vt -0.038000 -0.010145 0.000000
vt 0.000000 -0.012174 0.000000
vt -0.038000 -0.012174 0.000000
vt 0.000000 -0.014203 0.000000
vt -0.038000 -0.014203 0.000000
vt 0.000000 -0.016232 0.000000
vt -0.038000 -0.016232 0.000000
vt 0.000000 -0.018261 0.000000
vt -0.038000 -0.018261 0.000000
vt 0.000000 -0.020289 0.000000
vt -0.038000 -0.020289 0.000000
vt -0.190000 0.022318 0.000000
vt -0.152000 0.022318 0.000000
vt -0.190000 0.024347 0.000000
vt -0.152000 0.024347 0.000000
vt -0.190000 -0.024347 0.000000
vt -0.152000 -0.024347 0.000000
vt -0.190000 -0.022318 0.000000
vt -0.152000 -0.022318 0.000000
vt -0.190000 -0.020289 0.000000
vt -0.152000 -0.020289 0.000000
vt -0.190000 -0.018261 0.000000
vt -0.152000 -0.018261 0.000000
vt -0.190000 -0.016232 0.000000
vt -0.152000 -0.016232 0.000000
vt -0.190000 -0.014203 0.000000
vt -0.152000 -0.014203 0.000000
vt -0.190000 -0.012174 0.000000
vt -0.152000 -0.012174 0.000000
vt -0.190000 -0.010145 0.000000
vt -0.152000 -0.010145 0.000000
vt -0.190000 -0.008116 0.000000
vt -0.152000 -0.008116 0.000000
vt -0.190000 -0.006087 0.000000
vt -0.152000 -0.006087 0.000000
vt -0.190000 -0.004058 0.000000
vt -0.152000 -0.004058 0.000000
vt -0.190000 -0.002029 0.000000
vt -0.152000 -0.002029 0.000000
vt -0.190000 -0.000000 0.000000
vt -0.152000 -0.000000 0.000000
vt -0.190000 0.002029 0.000000
vt -0.152000 0.002029 0.000000
vt -0.190000 0.004058 0.000000
vt -0.152000 0.004058 0.000000
vt -0.190000 0.006087 0.000000
vt -0.152000 0.006087 0.000000
vt -0.190000 0.008116 0.000000
vt -0.152000 0.008116 0.000000
vt -0.190000 0.010145 0.000000
vt -0.152000 0.010145 0.000000
vt -0.190000 0.012174 0.000000
vt -0.152000 0.012174 0.000000
vt -0.190000 0.014203 0.000000
vt -0.152000 0.014203 0.000000
vt -0.190000 0.016232 0.000000
vt -0.152000 0.016232 0.000000
vt -0.190000 0.018261 0.000000
vt -0.152000 0.018261 0.000000
vt -0.190000 0.020289 0.000000
vt -0.152000 0.020289 0.000000
vt -0.076000 0.024347 0.000000
vt -0.076000 0.022318 0.000000
vt -0.076000 0.020289 0.000000
vt -0.076000 0.018261 0.000000
vt -0.076000 0.016232 0.000000
vt -0.076000 0.014203 0.000000
vt -0.076000 0.012174 0.000000
vt -0.076000 0.010145 0.000000
vt -0.076000 0.008116 0.000000
vt -0.076000 0.006087 0.000000
vt -0.076000 0.004058 0.000000
vt -0.076000 0.002029 0.000000
vt -0.076000 -0.000000 0.000000
vt -0.076000 -0.002029 0.000000
vt -0.076000 -0.004058 0.000000
vt -0.076000 -0.006087 0.000000
vt -0.076000 -0.008116 0.000000
vt -0.076000 -0.010145 0.000000
vt -0.076000 -0.012174 0.000000
vt -0.076000 -0.014203 0.000000
vt -0.076000 -0.016232 0.000000
vt -0.076000 -0.018261 0.000000
vt -0.076000 -0.020289 0.000000
vt -0.076000 -0.022318 0.000000
vt -0.076000 -0.024347 0.000000
vt -0.114000 0.024347 0.000000
vt -0.114000 0.022318 0.000000
vt -0.114000 0.020289 0.000000
vt -0.114000 0.018261 0.000000
vt -0.114000 0.016232 0.000000
vt -0.114000 0.014203 0.000000
vt -0.114000 0.012174 0.000000
vt -0.114000 0.010145 0.000000
vt -0.114000 0.008116 0.000000
vt -0.114000 0.006087 0.000000
vt -0.114000 0.004058 0.000000
vt -0.114000 0.002029 0.000000
vt -0.114000 -0.000000 0.000000
vt -0.114000 -0.002029 0.000000
vt -0.114000 -0.004058 0.000000
vt -0.114000 -0.006087 0.000000
vt -0.114000 -0.008116 0.000000
vt -0.114000 -0.010145 0.000000
vt -0.114000 -0.012174 0.000000
vt -0.114000 -0.014203 0.000000
vt -0.114000 -0.016232 0.000000
vt -0.114000 -0.018261 0.000000
vt -0.114000 -0.020289 0.000000
vt -0.114000 -0.022318 0.000000
vt -0.114000 -0.024347 0.000000
vt -0.007486 -0.002006 0.000000
vt 0.007486 -0.002006 0.000000
vt -0.007750 0.000000 0.000000
vt 0.007750 0.000000 0.000000
vt -0.007486 0.002006 0.000000
vt 0.007486 0.002006 0.000000
vt -0.006712 0.003875 0.000000
vt 0.006712 0.003875 0.000000
vt -0.005480 0.005480 0.000000
vt 0.005480 0.005480 0.000000
vt -0.003875 0.006712 0.000000
vt 0.003875 0.006712 0.000000
vt -0.002006 0.007486 0.000000
vt 0.002006 0.007486 0.000000
vt 0.000000 0.007750 0.000000
vt 0.006712 -0.003875 0.000000
vt -0.006712 -0.003875 0.000000
vt 0.005480 -0.005480 0.000000
vt -0.005480 -0.005480 0.000000
vt 0.003875 -0.006712 0.000000
vt -0.003875 -0.006712 0.000000
vt 0.002006 -0.007486 0.000000
vt -0.002006 -0.007486 0.000000
vt 0.000000 -0.007750 0.000000
vt 0.000000 -0.022318 0.000000
vt -0.038000 -0.022318 0.000000
vt -0.000000 -0.024347 0.000000
vt -0.038000 -0.024347 0.000000
vt -0.000000 0.024347 0.000000
vt -0.038000 0.024347 0.000000
vt -0.000000 0.022318 0.000000
vt -0.038000 0.022318 0.000000
vt -0.000000 0.020289 0.000000
vt -0.038000 0.020289 0.000000
vt -0.000000 0.018261 0.000000
vt -0.038000 0.018261 0.000000
vt -0.000000 0.016232 0.000000
vt -0.038000 0.016232 0.000000
vt -0.000000 0.014203 0.000000
vt -0.038000 0.014203 0.000000
vt -0.000000 0.012174 0.000000
vt -0.038000 0.012174 0.000000
vt -0.000000 0.010145 0.000000
vt -0.038000 0.010145 0.000000
vt -0.000000 0.008116 0.000000
vt -0.038000 0.008116 0.000000
vt -0.000000 0.006087 0.000000
vt -0.038000 0.006087 0.000000
vt -0.000000 0.004058 0.000000
vt -0.038000 0.004058 0.000000
vt -0.000000 0.002029 0.000000
vt -0.038000 0.002029 0.000000
vt -0.000000 0.000000 0.000000
vt -0.038000 -0.000000 0.000000
vt 0.000000 -0.002029 0.000000
vt -0.038000 -0.002029 0.000000
vt 0.000000 -0.004058 0.000000
vt -0.038000 -0.004058 0.000000
vt 0.000000 -0.006087 0.000000
vt -0.038000 -0.006087 0.000000
vt 0.000000 -0.008116 0.000000
vt -0.038000 -0.008116 0.000000
vt 0.000000 -0.010145 0.000000
vt -0.038000 -0.010145 0.000000
vt 0.000000 -0.012174 0.000000
vt -0.038000 -0.012174 0.000000
vt 0.000000 -0.014203 0.000000
vt -0.038000 -0.014203 0.000000
vt 0.000000 -0.016232 0.000000
vt -0.038000 -0.016232 0.000000
vt 0.000000 -0.018261 0.000000
vt -0.038000 -0.018261 0.000000
vt 0.000000 -0.020289 0.000000
vt -0.038000 -0.020289 0.000000
vt -0.190000 0.022318 0.000000
vt -0.152000 0.022318 0.000000
vt -0.190000 0.024347 0.000000
vt -0.152000 0.024347 0.000000
vt -0.190000 -0.024347 0.000000
vt -0.152000 -0.024347 0.000000
vt -0.190000 -0.022318 0.000000
vt -0.152000 -0.022318 0.000000
vt -0.190000 -0.020289 0.000000
vt -0.152000 -0.020289 0.000000
vt -0.190000 -0.018261 0.000000
vt -0.152000 -0.018261 0.000000
vt -0.190000 -0.016232 0.000000
vt -0.152000 -0.016232 0.000000
vt -0.190000 -0.014203 0.000000
vt -0.152000 -0.014203 0.000000
vt -0.190000 -0.012174 0.000000
vt -0.152000 -0.012174 0.000000
vt -0.190000 -0.010145 0.000000
vt -0.152000 -0.010145 0.000000
vt -0.190000 -0.008116 0.000000
vt -0.152000 -0.008116 0.000000
vt -0.190000 -0.006087 0.000000
vt -0.152000 -0.006087 0.000000
vt -0.190000 -0.004058 0.000000
vt -0.152000 -0.004058 0.000000
vt -0.190000 -0.002029 0.000000
vt -0.152000 -0.002029 0.000000
vt -0.190000 -0.000000 0.000000
vt -0.152000 -0.000000 0.000000
vt -0.190000 0.002029 0.000000
vt -0.152000 0.002029 0.000000
vt -0.190000 0.004058 0.000000
vt -0.152000 0.004058 0.000000
vt -0.190000 0.006087 0.000000
vt -0.152000 0.006087 0.000000
vt -0.190000 0.008116 0.000000
vt -0.152000 0.008116 0.000000
vt -0.190000 0.010145 0.000000
vt -0.152000 0.010145 0.000000
vt -0.190000 0.012174 0.000000
vt -0.152000 0.012174 0.000000
vt -0.190000 0.014203 0.000000
vt -0.152000 0.014203 0.000000
vt -0.190000 0.016232 0.000000
vt -0.152000 0.016232 0.000000
vt -0.190000 0.018261 0.000000
vt -0.152000 0.018261 0.000000
vt -0.190000 0.020289 0.000000
vt -0.152000 0.020289 0.000000
vt -0.076000 0.024347 0.000000
vt -0.076000 0.022318 0.000000
vt -0.076000 0.020289 0.000000
vt -0.076000 0.018261 0.000000
vt -0.076000 0.016232 0.000000
vt -0.076000 0.014203 0.000000
vt -0.076000 0.012174 0.000000
vt -0.076000 0.010145 0.000000
vt -0.076000 0.008116 0.000000
vt -0.076000 0.006087 0.000000
vt -0.076000 0.004058 0.000000
vt -0.076000 0.002029 0.000000
vt -0.076000 -0.000000 0.000000
vt -0.076000 -0.002029 0.000000
vt -0.076000 -0.004058 0.000000
vt -0.076000 -0.006087 0.000000
vt -0.076000 -0.008116 0.000000
vt -0.076000 -0.010145 0.000000
vt -0.076000 -0.012174 0.000000
vt -0.076000 -0.014203 0.000000
vt -0.076000 -0.016232 0.000000
vt -0.076000 -0.018261 0.000000
vt -0.076000 -0.020289 0.000000
vt -0.076000 -0.022318 0.000000
vt -0.076000 -0.024347 0.000000
vt -0.114000 0.024347 0.000000
vt -0.114000 0.022318 0.000000
vt -0.114000 0.020289 0.000000
vt -0.114000 0.018261 0.000000
vt -0.114000 0.016232 0.000000
vt -0.114000 0.014203 0.000000
vt -0.114000 0.012174 0.000000
vt -0.114000 0.010145 0.000000
vt -0.114000 0.008116 0.000000
vt -0.114000 0.006087 0.000000
vt -0.114000 0.004058 0.000000
vt -0.114000 0.002029 0.000000
vt -0.114000 -0.000000 0.000000
vt -0.114000 -0.002029 0.000000
vt -0.114000 -0.004058 0.000000
vt -0.114000 -0.006087 0.000000
vt -0.114000 -0.008116 0.000000
vt -0.114000 -0.010145 0.000000
vt -0.114000 -0.012174 0.000000
vt -0.114000 -0.014203 0.000000
vt -0.114000 -0.016232 0.000000
vt -0.114000 -0.018261 0.000000
vt -0.114000 -0.020289 0.000000
vt -0.114000 -0.022318 0.000000
vt -0.114000 -0.024347 0.000000
vt -0.007486 -0.002006 0.000000
vt 0.007486 -0.002006 0.000000
vt -0.007750 0.000000 0.000000
vt 0.007750 0.000000 0.000000
vt -0.007486 0.002006 0.000000
vt 0.007486 0.002006 0.000000
vt -0.006712 0.003875 0.000000
vt 0.006712 0.003875 0.000000
vt -0.005480 0.005480 0.000000
vt 0.005480 0.005480 0.000000
vt -0.003875 0.006712 0.000000
vt 0.003875 0.006712 0.000000
vt -0.002006 0.007486 0.000000
vt 0.002006 0.007486 0.000000
vt 0.000000 0.007750 0.000000
vt 0.006712 -0.003875 0.000000
vt -0.006712 -0.003875 0.000000
vt 0.005480 -0.005480 0.000000
vt -0.005480 -0.005480 0.000000
vt 0.003875 -0.006712 0.000000
vt -0.003875 -0.006712 0.000000
vt 0.002006 -0.007486 0.000000
vt -0.002006 -0.007486 0.000000
vt 0.000000 -0.007750 0.000000
vt 0.000000 -0.022318 0.000000
vt -0.038000 -0.022318 0.000000
vt -0.000000 -0.024347 0.000000
vt -0.038000 -0.024347 0.000000
vt -0.000000 0.024347 0.000000
vt -0.038000 0.024347 0.000000
vt -0.000000 0.022318 0.000000
vt -0.038000 0.022318 0.000000
vt -0.000000 0.020289 0.000000
vt -0.038000 0.020289 0.000000
vt -0.000000 0.018261 0.000000
vt -0.038000 0.018261 0.000000
vt -0.000000 0.016232 0.000000
vt -0.038000 0.016232 0.000000
vt -0.000000 0.014203 0.000000
vt -0.038000 0.014203 0.000000
vt -0.000000 0.012174 0.000000
vt -0.038000 0.012174 0.000000
vt -0.000000 0.010145 0.000000
vt -0.038000 0.010145 0.000000
vt -0.000000 0.008116 0.000000
vt -0.038000 0.008116 0.000000
vt -0.000000 0.006087 0.000000
vt -0.038000 0.006087 0.000000
vt -0.000000 0.004058 0.000000
vt -0.038000 0.004058 0.000000
vt -0.000000 0.002029 0.000000
vt -0.038000 0.002029 0.000000
vt -0.000000 0.000000 0.000000
vt -0.038000 -0.000000 0.000000
vt 0.000000 -0.002029 0.000000
vt -0.038000 -0.002029 0.000000
vt 0.000000 -0.004058 0.000000
vt -0.038000 -0.004058 0.000000
vt 0.000000 -0.006087 0.000000
vt -0.038000 -0.006087 0.000000
vt 0.000000 -0.008116 0.000000
vt -0.038000 -0.008116 0.000000
vt 0.000000 -0.010145 0.000000
vt -0.038000 -0.010145 0.000000
vt 0.000000 -0.012174 0.000000
vt -0.038000 -0.012174 0.000000
vt 0.000000 -0.014203 0.000000
vt -0.038000 -0.014203 0.000000
vt 0.000000 -0.016232 0.000000
vt -0.038000 -0.016232 0.000000
vt 0.000000 -0.018261 0.000000
vt -0.038000 -0.018261 0.000000
vt 0.000000 -0.020289 0.000000
vt -0.038000 -0.020289 0.000000
vt -0.190000 0.022318 0.000000
vt -0.152000 0.022318 0.000000
vt -0.190000 0.024347 0.000000
vt -0.152000 0.024347 0.000000
vt -0.190000 -0.024347 0.000000
vt -0.152000 -0.024347 0.000000
vt -0.190000 -0.022318 0.000000
vt -0.152000 -0.022318 0.000000
vt -0.190000 -0.020289 0.000000
vt -0.152000 -0.020289 0.000000
vt -0.190000 -0.018261 0.000000
vt -0.152000 -0.018261 0.000000
vt -0.190000 -0.016232 0.000000
vt -0.152000 -0.016232 0.000000
vt -0.190000 -0.014203 0.000000
vt -0.152000 -0.014203 0.000000
vt -0.190000 -0.012174 0.000000
vt -0.152000 -0.012174 0.000000
vt -0.190000 -0.010145 0.000000
vt -0.152000 -0.010145 0.000000
vt -0.190000 -0.008116 0.000000
vt -0.152000 -0.008116 0.000000
vt -0.190000 -0.006087 0.000000
vt -0.152000 -0.006087 0.000000
vt -0.190000 -0.004058 0.000000
vt -0.152000 -0.004058 0.000000
vt -0.190000 -0.002029 0.000000
vt -0.152000 -0.002029 0.000000
vt -0.190000 -0.000000 0.000000
vt -0.152000 -0.000000 0.000000
vt -0.190000 0.002029 0.000000
vt -0.152000 0.002029 0.000000
vt -0.190000 0.004058 0.000000
vt -0.152000 0.004058 0.000000
vt -0.190000 0.006087 0.000000
vt -0.152000 0.006087 0.000000
vt -0.190000 0.008116 0.000000
vt -0.152000 0.008116 0.000000
vt -0.190000 0.010145 0.000000
vt -0.152000 0.010145 0.000000
vt -0.190000 0.012174 0.000000
vt -0.152000 0.012174 0.000000
vt -0.190000 0.014203 0.000000
vt -0.152000 0.014203 0.000000
vt -0.190000 0.016232 0.000000
vt -0.152000 0.016232 0.000000
vt -0.190000 0.018261 0.000000
vt -0.152000 0.018261 0.000000
vt -0.190000 0.020289 0.000000
vt -0.152000 0.020289 0.000000
vt -0.076000 0.024347 0.000000
vt -0.076000 0.022318 0.000000
vt -0.076000 0.020289 0.000000
vt -0.076000 0.018261 0.000000
vt -0.076000 0.016232 0.000000
vt -0.076000 0.014203 0.000000
vt -0.076000 0.012174 0.000000
vt -0.076000 0.010145 0.000000
vt -0.076000 0.008116 0.000000
vt -0.076000 0.006087 0.000000
vt -0.076000 0.004058 0.000000
vt -0.076000 0.002029 0.000000
vt -0.076000 -0.000000 0.000000
vt -0.076000 -0.002029 0.000000
vt -0.076000 -0.004058 0.000000
vt -0.076000 -0.006087 0.000000
vt -0.076000 -0.008116 0.000000
vt -0.076000 -0.010145 0.000000
vt -0.076000 -0.012174 0.000000
vt -0.076000 -0.014203 0.000000
vt -0.076000 -0.016232 0.000000
vt -0.076000 -0.018261 0.000000
vt -0.076000 -0.020289 0.000000
vt -0.076000 -0.022318 0.000000
vt -0.076000 -0.024347 0.000000
vt -0.114000 0.024347 0.000000
vt -0.114000 0.022318 0.000000
vt -0.114000 0.020289 0.000000
vt -0.114000 0.018261 0.000000
vt -0.114000 0.016232 0.000000
vt -0.114000 0.014203 0.000000
vt -0.114000 0.012174 0.000000
vt -0.114000 0.010145 0.000000
vt -0.114000 0.008116 0.000000
vt -0.114000 0.006087 0.000000
vt -0.114000 0.004058 0.000000
vt -0.114000 0.002029 0.000000
vt -0.114000 -0.000000 0.000000
vt -0.114000 -0.002029 0.000000
vt -0.114000 -0.004058 0.000000
vt -0.114000 -0.006087 0.000000
vt -0.114000 -0.008116 0.000000
vt -0.114000 -0.010145 0.000000
vt -0.114000 -0.012174 0.000000
vt -0.114000 -0.014203 0.000000
vt -0.114000 -0.016232 0.000000
vt -0.114000 -0.018261 0.000000
vt -0.114000 -0.020289 0.000000
vt -0.114000 -0.022318 0.000000
vt -0.114000 -0.024347 0.000000
vt -0.007486 -0.002006 0.000000
vt 0.007486 -0.002006 0.000000
vt -0.007750 0.000000 0.000000
vt 0.007750 0.000000 0.000000
vt -0.007486 0.002006 0.000000
vt 0.007486 0.002006 0.000000
vt -0.006712 0.003875 0.000000
vt 0.006712 0.003875 0.000000
vt -0.005480 0.005480 0.000000
vt 0.005480 0.005480 0.000000
vt -0.003875 0.006712 0.000000
vt 0.003875 0.006712 0.000000
vt -0.002006 0.007486 0.000000
vt 0.002006 0.007486 0.000000
vt 0.000000 0.007750 0.000000
vt 0.006712 -0.003875 0.000000
vt -0.006712 -0.003875 0.000000
vt 0.005480 -0.005480 0.000000
vt -0.005480 -0.005480 0.000000
vt 0.003875 -0.006712 0.000000
vt -0.003875 -0.006712 0.000000
vt 0.002006 -0.007486 0.000000
vt -0.002006 -0.007486 0.000000
vt 0.000000 -0.007750 0.000000
vt 0.000000 -0.022318 0.000000
vt -0.038000 -0.022318 0.000000
vt -0.000000 -0.024347 0.000000
vt -0.038000 -0.024347 0.000000
vt -0.000000 0.024347 0.000000
vt -0.038000 0.024347 0.000000
vt -0.000000 0.022318 0.000000
vt -0.038000 0.022318 0.000000
vt -0.000000 0.020289 0.000000
vt -0.038000 0.020289 0.000000
vt -0.000000 0.018261 0.000000
vt -0.038000 0.018261 0.000000
vt -0.000000 0.016232 0.000000
vt -0.038000 0.016232 0.000000
vt -0.000000 0.014203 0.000000
vt -0.038000 0.014203 0.000000
vt -0.000000 0.012174 0.000000
vt -0.038000 0.012174 0.000000
vt -0.000000 0.010145 0.000000
vt -0.038000 0.010145 0.000000
vt -0.000000 0.008116 0.000000
vt -0.038000 0.008116 0.000000
vt -0.000000 0.006087 0.000000
vt -0.038000 0.006087 0.000000
vt -0.000000 0.004058 0.000000
vt -0.038000 0.004058 0.000000
vt -0.000000 0.002029 0.000000
vt -0.038000 0.002029 0.000000
vt -0.000000 0.000000 0.000000
vt -0.038000 -0.000000 0.000000
vt 0.000000 -0.002029 0.000000
vt -0.038000 -0.002029 0.000000
vt 0.000000 -0.004058 0.000000
vt -0.038000 -0.004058 0.000000
vt 0.000000 -0.006087 0.000000
vt -0.038000 -0.006087 0.000000
vt 0.000000 -0.008116 0.000000
vt -0.038000 -0.008116 0.000000
vt 0.000000 -0.010145 0.000000
vt -0.038000 -0.010145 0.000000
vt 0.000000 -0.012174 0.000000
vt -0.038000 -0.012174 0.000000
vt 0.000000 -0.014203 0.000000
vt -0.038000 -0.014203 0.000000
vt 0.000000 -0.016232 0.000000
vt -0.038000 -0.016232 0.000000
vt 0.000000 -0.018261 0.000000
vt -0.038000 -0.018261 0.000000
vt 0.000000 -0.020289 0.000000
vt -0.038000 -0.020289 0.000000
vt -0.190000 0.022318 0.000000
vt -0.152000 0.022318 0.000000
vt -0.190000 0.024347 0.000000
vt -0.152000 0.024347 0.000000
vt -0.190000 -0.024347 0.000000
vt -0.152000 -0.024347 0.000000
vt -0.190000 -0.022318 0.000000
vt -0.152000 -0.022318 0.000000
vt -0.190000 -0.020289 0.000000
vt -0.152000 -0.020289 0.000000
vt -0.190000 -0.018261 0.000000
vt -0.152000 -0.018261 0.000000
vt -0.190000 -0.016232 0.000000
vt -0.152000 -0.016232 0.000000
vt -0.190000 -0.014203 0.000000
vt -0.152000 -0.014203 0.000000
vt -0.190000 -0.012174 0.000000
vt -0.152000 -0.012174 0.000000
vt -0.190000 -0.010145 0.000000
vt -0.152000 -0.010145 0.000000
vt -0.190000 -0.008116 0.000000
vt -0.152000 -0.008116 0.000000
vt -0.190000 -0.006087 0.000000
vt -0.152000 -0.006087 0.000000
vt -0.190000 -0.004058 0.000000
vt -0.152000 -0.004058 0.000000
vt -0.190000 -0.002029 0.000000
vt -0.152000 -0.002029 0.000000
vt -0.190000 -0.000000 0.000000
vt -0.152000 -0.000000 0.000000
vt -0.190000 0.002029 0.000000
vt -0.152000 0.002029 0.000000
vt -0.190000 0.004058 0.000000
vt -0.152000 0.004058 0.000000
vt -0.190000 0.006087 0.000000
vt -0.152000 0.006087 0.000000
vt -0.190000 0.008116 0.000000
vt -0.152000 0.008116 0.000000
vt -0.190000 0.010145 0.000000
vt -0.152000 0.010145 0.000000
vt -0.190000 0.012174 0.000000
vt -0.152000 0.012174 0.000000
vt -0.190000 0.014203 0.000000
vt -0.152000 0.014203 0.000000
vt -0.190000 0.016232 0.000000
vt -0.152000 0.016232 0.000000
vt -0.190000 0.018261 0.000000
vt -0.152000 0.018261 0.000000
vt -0.190000 0.020289 0.000000
vt -0.152000 0.020289 0.000000
vt -0.076000 0.024347 0.000000
vt -0.076000 0.022318 0.000000
vt -0.076000 0.020289 0.000000
vt -0.076000 0.018261 0.000000
vt -0.076000 0.016232 0.000000
vt -0.076000 0.014203 0.000000
vt -0.076000 0.012174 0.000000
vt -0.076000 0.010145 0.000000
vt -0.076000 0.008116 0.000000
vt -0.076000 0.006087 0.000000
vt -0.076000 0.004058 0.000000
vt -0.076000 0.002029 0.000000
vt -0.076000 -0.000000 0.000000
vt -0.076000 -0.002029 0.000000
vt -0.076000 -0.004058 0.000000
vt -0.076000 -0.006087 0.000000
vt -0.076000 -0.008116 0.000000
vt -0.076000 -0.010145 0.000000
vt -0.076000 -0.012174 0.000000
vt -0.076000 -0.014203 0.000000
vt -0.076000 -0.016232 0.000000
vt -0.076000 -0.018261 0.000000
vt -0.076000 -0.020289 0.000000
vt -0.076000 -0.022318 0.000000
vt -0.076000 -0.024347 0.000000
vt -0.114000 0.024347 0.000000
vt -0.114000 0.022318 0.000000
vt -0.114000 0.020289 0.000000
vt -0.114000 0.018261 0.000000
vt -0.114000 0.016232 0.000000
vt -0.114000 0.014203 0.000000
vt -0.114000 0.012174 0.000000
vt -0.114000 0.010145 0.000000
vt -0.114000 0.008116 0.000000
vt -0.114000 0.006087 0.000000
vt -0.114000 0.004058 0.000000
vt -0.114000 0.002029 0.000000
vt -0.114000 -0.000000 0.000000
vt -0.114000 -0.002029 0.000000
vt -0.114000 -0.004058 0.000000
vt -0.114000 -0.006087 0.000000
vt -0.114000 -0.008116 0.000000
vt -0.114000 -0.010145 0.000000
vt -0.114000 -0.012174 0.000000
vt -0.114000 -0.014203 0.000000
vt -0.114000 -0.016232 0.000000
vt -0.114000 -0.018261 0.000000
vt -0.114000 -0.020289 0.000000
vt -0.114000 -0.022318 0.000000
vt -0.114000 -0.024347 0.000000
vt -0.007486 -0.002006 0.000000
vt 0.007486 -0.002006 0.000000
vt -0.007750 0.000000 0.000000
vt 0.007750 0.000000 0.000000
vt -0.007486 0.002006 0.000000
vt 0.007486 0.002006 0.000000
vt -0.006712 0.003875 0.000000
vt 0.006712 0.003875 0.000000
vt -0.005480 0.005480 0.000000
vt 0.005480 0.005480 0.000000
vt -0.003875 0.006712 0.000000
vt 0.003875 0.006712 0.000000
vt -0.002006 0.007486 0.000000
vt 0.002006 0.007486 0.000000
vt 0.000000 0.007750 0.000000
vt 0.006712 -0.003875 0.000000
vt -0.006712 -0.003875 0.000000
vt 0.005480 -0.005480 0.000000
vt -0.005480 -0.005480 0.000000
vt 0.003875 -0.006712 0.000000
vt -0.003875 -0.006712 0.000000
vt 0.002006 -0.007486 0.000000
vt -0.002006 -0.007486 0.000000
vt 0.000000 -0.007750 0.000000
vt 0.000000 -0.022318 0.000000
vt -0.038000 -0.022318 0.000000
vt -0.000000 -0.024347 0.000000
vt -0.038000 -0.024347 0.000000
vt -0.000000 0.024347 0.000000
vt -0.038000 0.024347 0.000000
vt -0.000000 0.022318 0.000000
vt -0.038000 0.022318 0.000000
vt -0.000000 0.020289 0.000000
vt -0.038000 0.020289 0.000000
vt -0.000000 0.018261 0.000000
vt -0.038000 0.018261 0.000000
vt -0.000000 0.016232 0.000000
vt -0.038000 0.016232 0.000000
vt -0.000000 0.014203 0.000000
vt -0.038000 0.014203 0.000000
vt -0.000000 0.012174 0.000000
vt -0.038000 0.012174 0.000000
vt -0.000000 0.010145 0.000000
vt -0.038000 0.010145 0.000000
vt -0.000000 0.008116 0.000000
vt -0.038000 0.008116 0.000000
vt -0.000000 0.006087 0.000000
vt -0.038000 0.006087 0.000000
vt -0.000000 0.004058 0.000000
vt -0.038000 0.004058 0.000000
vt -0.000000 0.002029 0.000000
vt -0.038000 0.002029 0.000000
vt -0.000000 0.000000 0.000000
vt -0.038000 -0.000000 0.000000
vt 0.000000 -0.002029 0.000000
vt -0.038000 -0.002029 0.000000
vt 0.000000 -0.004058 0.000000
vt -0.038000 -0.004058 0.000000
vt 0.000000 -0.006087 0.000000
vt -0.038000 -0.006087 0.000000
vt 0.000000 -0.008116 0.000000
vt -0.038000 -0.008116 0.000000
vt 0.000000 -0.010145 0.000000
vt -0.038000 -0.010145 0.000000
vt 0.000000 -0.012174 0.000000
vt -0.038000 -0.012174 0.000000
vt 0.000000 -0.014203 0.000000
vt -0.038000 -0.014203 0.000000
vt 0.000000 -0.016232 0.000000
vt -0.038000 -0.016232 0.000000
vt 0.000000 -0.018261 0.000000
vt -0.038000 -0.018261 0.000000
vt 0.000000 -0.020289 0.000000
vt -0.038000 -0.020289 0.000000
vt -0.190000 0.022318 0.000000
vt -0.152000 0.022318 0.000000
vt -0.190000 0.024347 0.000000
vt -0.152000 0.024347 0.000000
vt -0.190000 -0.024347 0.000000
vt -0.152000 -0.024347 0.000000
vt -0.190000 -0.022318 0.000000
vt -0.152000 -0.022318 0.000000
vt -0.190000 -0.020289 0.000000
vt -0.152000 -0.020289 0.000000
vt -0.190000 -0.018261 0.000000
vt -0.152000 -0.018261 0.000000
vt -0.190000 -0.016232 0.000000
vt -0.152000 -0.016232 0.000000
vt -0.190000 -0.014203 0.000000
vt -0.152000 -0.014203 0.000000
vt -0.190000 -0.012174 0.000000
vt -0.152000 -0.012174 0.000000
vt -0.190000 -0.010145 0.000000
vt -0.152000 -0.010145 0.000000
vt -0.190000 -0.008116 0.000000
vt -0.152000 -0.008116 0.000000
vt -0.190000 -0.006087 0.000000
vt -0.152000 -0.006087 0.000000
vt -0.190000 -0.004058 0.000000
vt -0.152000 -0.004058 0.000000
vt -0.190000 -0.002029 0.000000
vt -0.152000 -0.002029 0.000000
vt -0.190000 -0.000000 0.000000
vt -0.152000 -0.000000 0.000000
vt -0.190000 0.002029 0.000000
vt -0.152000 0.002029 0.000000
vt -0.190000 0.004058 0.000000
vt -0.152000 0.004058 0.000000
vt -0.190000 0.006087 0.000000
vt -0.152000 0.006087 0.000000
vt -0.190000 0.008116 0.000000
vt -0.152000 0.008116 0.000000
vt -0.190000 0.010145 0.000000
vt -0.152000 0.010145 0.000000
vt -0.190000 0.012174 0.000000
vt -0.152000 0.012174 0.000000
vt -0.190000 0.014203 0.000000
vt -0.152000 0.014203 0.000000
vt -0.190000 0.016232 0.000000
vt -0.152000 0.016232 0.000000
vt -0.190000 0.018261 0.000000
vt -0.152000 0.018261 0.000000
vt -0.190000 0.020289 0.000000
vt -0.152000 0.020289 0.000000
vt -0.076000 0.024347 0.000000
vt -0.076000 0.022318 0.000000
vt -0.076000 0.020289 0.000000
vt -0.076000 0.018261 0.000000
vt -0.076000 0.016232 0.000000
vt -0.076000 0.014203 0.000000
vt -0.076000 0.012174 0.000000
vt -0.076000 0.010145 0.000000
vt -0.076000 0.008116 0.000000
vt -0.076000 0.006087 0.000000
vt -0.076000 0.004058 0.000000
vt -0.076000 0.002029 0.000000
vt -0.076000 -0.000000 0.000000
vt -0.076000 -0.002029 0.000000
vt -0.076000 -0.004058 0.000000
vt -0.076000 -0.006087 0.000000
vt -0.076000 -0.008116 0.000000
vt -0.076000 -0.010145 0.000000
vt -0.076000 -0.012174 0.000000
vt -0.076000 -0.014203 0.000000
vt -0.076000 -0.016232 0.000000
vt -0.076000 -0.018261 0.000000
vt -0.076000 -0.020289 0.000000
vt -0.076000 -0.022318 0.000000
vt -0.076000 -0.024347 0.000000
vt -0.114000 0.024347 0.000000
vt -0.114000 0.022318 0.000000
vt -0.114000 0.020289 0.000000
vt -0.114000 0.018261 0.000000
vt -0.114000 0.016232 0.000000
vt -0.114000 0.014203 0.000000
vt -0.114000 0.012174 0.000000
vt -0.114000 0.010145 0.000000
vt -0.114000 0.008116 0.000000
vt -0.114000 0.006087 0.000000
vt -0.114000 0.004058 0.000000
vt -0.114000 0.002029 0.000000
vt -0.114000 -0.000000 0.000000
vt -0.114000 -0.002029 0.000000
vt -0.114000 -0.004058 0.000000
vt -0.114000 -0.006087 0.000000
vt -0.114000 -0.008116 0.000000
vt -0.114000 -0.010145 0.000000
vt -0.114000 -0.012174 0.000000
vt -0.114000 -0.014203 0.000000
vt -0.114000 -0.016232 0.000000
vt -0.114000 -0.018261 0.000000
vt -0.114000 -0.020289 0.000000
vt -0.114000 -0.022318 0.000000
vt -0.114000 -0.024347 0.000000
vt -0.024148 -0.006470 0.000000
vt 0.024148 -0.006470 0.000000
vt -0.025000 0.000000 0.000000
vt 0.025000 0.000000 0.000000
vt -0.024148 0.006470 0.000000
vt 0.024148 0.006470 0.000000
vt -0.021651 0.012500 0.000000
vt 0.021651 0.012500 0.000000
vt -0.017678 0.017678 0.000000
vt 0.017678 0.017678 0.000000
vt -0.012500 0.021651 0.000000
vt 0.012500 0.021651 0.000000
vt -0.006470 0.024148 0.000000
vt 0.006470 0.024148 0.000000
vt 0.000000 0.025000 0.000000
vt 0.021651 -0.012500 0.000000
vt -0.021651 -0.012500 0.000000
vt 0.017678 -0.017678 0.000000
vt -0.017678 -0.017678 0.000000
vt 0.012500 -0.021651 0.000000
vt -0.012500 -0.021651 0.000000
vt 0.006470 -0.024148 0.000000
vt -0.006470 -0.024148 0.000000
vt 0.000000 -0.025000 0.000000
vt 0.000000 -0.071995 0.000000
vt -0.030000 -0.071995 0.000000
vt 0.000000 -0.078540 0.000000
vt -0.030000 -0.078540 0.000000
vt 0.000000 0.078540 0.000000
vt -0.030000 0.078540 0.000000
vt -0.000000 0.071995 0.000000
vt -0.030000 0.071995 0.000000
vt -0.000000 0.065450 0.000000
vt -0.030000 0.065450 0.000000
vt -0.000000 0.058905 0.000000
vt -0.030000 0.058905 0.000000
vt -0.000000 0.052360 0.000000
vt -0.030000 0.052360 0.000000
vt -0.000000 0.045815 0.000000
vt -0.030000 0.045815 0.000000
vt -0.000000 0.039270 0.000000
vt -0.030000 0.039270 0.000000
vt -0.000000 0.032725 0.000000
vt -0.030000 0.032725 0.000000
vt -0.000000 0.026180 0.000000
vt -0.030000 0.026180 0.000000
vt -0.000000 0.019635 0.000000
vt -0.030000 0.019635 0.000000
vt -0.000000 0.013090 0.000000
vt -0.030000 0.013090 0.000000
vt -0.000000 0.006545 0.000000
vt -0.030000 0.006545 0.000000
vt -0.000000 0.000000 0.000000
vt -0.030000 -0.000000 0.000000
vt 0.000000 -0.006545 0.000000
vt -0.030000 -0.006545 0.000000
vt 0.000000 -0.013090 0.000000
vt -0.030000 -0.013090 0.000000
vt 0.000000 -0.019635 0.000000
vt -0.030000 -0.019635 0.000000
vt 0.000000 -0.026180 0.000000
vt -0.030000 -0.026180 0.000000
vt 0.000000 -0.032725 0.000000
vt -0.030000 -0.032725 0.000000
vt 0.000000 -0.039270 0.000000
vt -0.030000 -0.039270 0.000000
vt 0.000000 -0.045815 0.000000
vt -0.030000 -0.045815 0.000000
vt 0.000000 -0.052360 0.000000
vt -0.030000 -0.052360 0.000000
vt 0.000000 -0.058905 0.000000
vt -0.030000 -0.058905 0.000000
vt 0.000000 -0.065450 0.000000
vt -0.030000 -0.065450 0.000000
vt -0.024148 -0.006470 0.000000
vt 0.024148 -0.006470 0.000000
vt -0.025000 0.000000 0.000000
vt 0.025000 0.000000 0.000000
vt -0.024148 0.006470 0.000000
vt 0.024148 0.006470 0.000000
vt -0.021651 0.012500 0.000000
vt 0.021651 0.012500 0.000000
vt -0.017678 0.017678 0.000000
vt 0.017678 0.017678 0.000000
vt -0.012500 0.021651 0.000000
vt 0.012500 0.021651 0.000000
vt -0.006470 0.024148 0.000000
vt 0.006470 0.024148 0.000000
vt 0.000000 0.025000 0.000000
vt 0.021651 -0.012500 0.000000
vt -0.021651 -0.012500 0.000000
vt 0.017678 -0.017678 0.000000
vt -0.017678 -0.017678 0.000000
vt 0.012500 -0.021651 0.000000
vt -0.012500 -0.021651 0.000000
vt 0.006470 -0.024148 0.000000
vt -0.006470 -0.024148 0.000000
vt 0.000000 -0.025000 0.000000
vt 0.000000 -0.071995 0.000000
vt -0.030000 -0.071995 0.000000
vt 0.000000 -0.078540 0.000000
vt -0.030000 -0.078540 0.000000
vt 0.000000 0.078540 0.000000
vt -0.030000 0.078540 0.000000
vt -0.000000 0.071995 0.000000
vt -0.030000 0.071995 0.000000
vt -0.000000 0.065450 0.000000
vt -0.030000 0.065450 0.000000
vt -0.000000 0.058905 0.000000
vt -0.030000 0.058905 0.000000
vt -0.000000 0.052360 0.000000
vt -0.030000 0.052360 0.000000
vt -0.000000 0.045815 0.000000
vt -0.030000 0.045815 0.000000
vt -0.000000 0.039270 0.000000
vt -0.030000 0.039270 0.000000
vt -0.000000 0.032725 0.000000
vt -0.030000 0.032725 0.000000
vt -0.000000 0.026180 0.000000
vt -0.030000 0.026180 0.000000
vt -0.000000 0.019635 0.000000
vt -0.030000 0.019635 0.000000
vt -0.000000 0.013090 0.000000
vt -0.030000 0.013090 0.000000
vt -0.000000 0.006545 0.000000
vt -0.030000 0.006545 0.000000
vt -0.000000 0.000000 0.000000
vt -0.030000 -0.000000 0.000000
vt 0.000000 -0.006545 0.000000
vt -0.030000 -0.006545 0.000000
vt 0.000000 -0.013090 0.000000
vt -0.030000 -0.013090 0.000000
vt 0.000000 -0.019635 0.000000
vt -0.030000 -0.019635 0.000000
vt 0.000000 -0.026180 0.000000
vt -0.030000 -0.026180 0.000000
vt 0.000000 -0.032725 0.000000
vt -0.030000 -0.032725 0.000000
vt 0.000000 -0.039270 0.000000
vt -0.030000 -0.039270 0.000000
vt 0.000000 -0.045815 0.000000
vt -0.030000 -0.045815 0.000000
vt 0.000000 -0.052360 0.000000
vt -0.030000 -0.052360 0.000000
vt 0.000000 -0.058905 0.000000
vt -0.030000 -0.058905 0.000000
vt 0.000000 -0.065450 0.000000
vt -0.030000 -0.065450 0.000000
vt 0.155750 0.094248 0.000000
vt -0.229250 0.094248 0.000000
vt 0.155750 0.062832 0.000000
vt -0.229250 0.062832 0.000000
vt 0.155750 0.031416 0.000000
vt -0.229250 0.031416 0.000000
vt 0.155750 0.000000 0.000000
vt -0.229250 0.000000 0.000000
vt 0.155750 -0.031416 0.000000
vt -0.229250 -0.031416 0.000000
vt 0.155750 -0.062832 0.000000
vt -0.229250 -0.062832 0.000000
vt 0.155750 -0.094248 0.000000
vt -0.229250 -0.094248 0.000000
vt -0.000000 0.120000 0.000000
vt 0.385000 0.120000 0.000000
vt 0.000000 0.196000 0.000000
vt 0.917000 0.196000 0.000000
vt 0.688000 0.000000 0.000000
vt 0.838000 -0.000000 0.000000
vt 0.838000 -0.240000 0.000000
vt 0.688000 -0.240000 0.000000
vt 0.465000 0.000000 0.000000
vt 0.385000 -0.080000 0.000000
vt 0.465000 -0.080000 0.000000
vt 0.917000 -0.000000 0.000000
vt -0.687750 -0.062832 0.000000
vt -0.687750 -0.094248 0.000000
vt -0.229250 -0.062832 0.000000
vt 0.229250 -0.094248 0.000000
vt 0.229250 -0.062832 0.000000
vt -0.229250 -0.031416 0.000000
vt 0.229250 -0.031416 0.000000
vt -0.229250 -0.000000 0.000000
vt 0.229250 0.000000 0.000000
vt -0.229250 0.031416 0.000000
vt 0.229250 0.031416 0.000000
vt -0.229250 0.062832 0.000000
vt 0.229250 0.062832 0.000000
vt 0.229250 0.094248 0.000000
vt -0.687750 0.094248 0.000000
vt -0.687750 0.062832 0.000000
vt -0.687750 0.031416 0.000000
vt -0.687750 -0.000000 0.000000
vt -0.687750 -0.031416 0.000000
vt 0.458500 0.327500 0.000000
vt -0.458500 0.327500 0.000000
vt 0.458500 -0.327500 0.000000
vt -0.458500 -0.327500 0.000000
vt 0.229250 0.094248 0.000000
vt -0.687750 0.094248 0.000000
vt -0.229250 0.062832 0.000000
vt -0.687750 0.062832 0.000000
vt -0.229250 0.031416 0.000000
vt -0.687750 0.031416 0.000000
vt -0.229250 0.000000 0.000000
vt -0.687750 0.000000 0.000000
vt -0.229250 -0.031416 0.000000
vt -0.687750 -0.031416 0.000000
vt -0.229250 -0.062832 0.000000
vt -0.687750 -0.062832 0.000000
vt -0.687750 -0.094248 0.000000
vt 0.229250 -0.094248 0.000000
vt 0.229250 -0.062832 0.000000
vt 0.229250 -0.031416 0.000000
vt 0.229250 -0.000000 0.000000
vt 0.229250 0.031416 0.000000
vt 0.229250 0.062832 0.000000
vt 0.917000 0.120000 0.000000
vt 0.917000 0.196000 0.000000
vt 0.532000 0.120000 0.000000
vt 0.000000 0.196000 0.000000
vt 0.229000 0.000000 0.000000
vt 0.079000 -0.000000 0.000000
vt 0.229000 -0.240000 0.000000
vt 0.079000 -0.240000 0.000000
vt 0.000000 0.000000 0.000000
vt 0.452000 0.000000 0.000000
vt 0.532000 -0.080000 0.000000
vt 0.452000 -0.080000 0.000000
vt 0.687750 0.094248 0.000000
vt 0.302750 0.094248 0.000000
vt 0.687750 0.062832 0.000000
vt 0.302750 0.062832 0.000000
vt 0.687750 0.031416 0.000000
vt 0.302750 0.031416 0.000000
vt 0.687750 -0.000000 0.000000
vt 0.302750 0.000000 0.000000
vt 0.687750 -0.031416 0.000000
vt 0.302750 -0.031416 0.000000
vt 0.687750 -0.062832 0.000000
vt 0.302750 -0.062832 0.000000
vt 0.687750 -0.094248 0.000000
vt 0.302750 -0.094248 0.000000
vt -0.327500 -0.458500 0.000000
vt 0.327500 -0.458500 0.000000
vt -0.327500 -0.073500 0.000000
vt 0.327500 -0.073500 0.000000
vt -0.207322 0.096322 0.000000
vt 0.207322 0.096322 0.000000
vt -0.203349 0.101500 0.000000
vt 0.203349 0.101500 0.000000
vt -0.200852 0.107530 0.000000
vt 0.200852 0.107530 0.000000
vt -0.040494 0.260014 0.000000
vt 0.040494 0.260014 0.000000
vt -0.038625 0.260788 0.000000
vt 0.038625 0.260788 0.000000
vt -0.037020 0.262020 0.000000
vt 0.037020 0.262020 0.000000
vt -0.035788 0.263625 0.000000
vt 0.035788 0.263625 0.000000
vt -0.035014 0.265494 0.000000
vt 0.035014 0.265494 0.000000
vt -0.034750 0.267500 0.000000
vt 0.034750 0.267500 0.000000
vt -0.035014 0.269506 0.000000
vt 0.035014 0.269506 0.000000
vt -0.035788 0.271375 0.000000
vt 0.035788 0.271375 0.000000
vt -0.037020 0.272980 0.000000
vt 0.037020 0.272980 0.000000
vt -0.038625 0.274212 0.000000
vt 0.038625 0.274212 0.000000
vt -0.038625 0.395788 0.000000
vt 0.038625 0.395788 0.000000
vt -0.037020 0.397020 0.000000
vt 0.037020 0.397020 0.000000
vt -0.035788 0.398625 0.000000
vt 0.035788 0.398625 0.000000
vt -0.035014 0.400494 0.000000
vt 0.035014 0.400494 0.000000
vt -0.034750 0.402500 0.000000
vt 0.034750 0.402500 0.000000
vt -0.035014 0.404506 0.000000
vt 0.035014 0.404506 0.000000
vt -0.035788 0.406375 0.000000
vt 0.035788 0.406375 0.000000
vt -0.037020 0.407980 0.000000
vt 0.037020 0.407980 0.000000
vt -0.038625 0.409212 0.000000
vt 0.038625 0.409212 0.000000
vt -0.040494 0.409986 0.000000
vt 0.040494 0.409986 0.000000
vt -0.042500 0.410250 0.000000
vt 0.042500 0.410250 0.000000
vt -0.447500 0.458500 0.000000
vt 0.447500 0.458500 0.000000
vt 0.127500 0.410250 0.000000
vt 0.212500 0.410250 0.000000
vt 0.210494 0.409986 0.000000
vt 0.129506 0.409986 0.000000
vt 0.208625 0.409212 0.000000
vt 0.131375 0.409212 0.000000
vt 0.207020 0.407980 0.000000
vt 0.132980 0.407980 0.000000
vt 0.205788 0.406375 0.000000
vt 0.134212 0.406375 0.000000
vt 0.205014 0.404506 0.000000
vt 0.134986 0.404506 0.000000
vt 0.204750 0.402500 0.000000
vt 0.135250 0.402500 0.000000
vt 0.205014 0.400494 0.000000
vt 0.134986 0.400494 0.000000
vt 0.205788 0.398625 0.000000
vt 0.134212 0.398625 0.000000
vt 0.207020 0.397020 0.000000
vt 0.132980 0.397020 0.000000
vt 0.208625 0.395788 0.000000
vt 0.131375 0.395788 0.000000
vt 0.208625 0.274212 0.000000
vt 0.131375 0.274212 0.000000
vt 0.207020 0.272980 0.000000
vt 0.132980 0.272980 0.000000
vt 0.205788 0.271375 0.000000
vt 0.134212 0.271375 0.000000
vt 0.205014 0.269506 0.000000
vt 0.134986 0.269506 0.000000
vt 0.204750 0.267500 0.000000
vt 0.135250 0.267500 0.000000
vt 0.205014 0.265494 0.000000
vt 0.134986 0.265494 0.000000
vt 0.205788 0.263625 0.000000
vt 0.134212 0.263625 0.000000
vt 0.207020 0.262020 0.000000
vt 0.132980 0.262020 0.000000
vt 0.208625 0.260788 0.000000
vt 0.131375 0.260788 0.000000
vt 0.212500 0.135651 0.000000
vt 0.207322 0.131678 0.000000
vt 0.129506 0.260014 0.000000
vt 0.203349 0.126500 0.000000
vt 0.127500 0.259750 0.000000
vt 0.125494 0.260014 0.000000
vt 0.417500 -0.073500 0.000000
vt 0.417500 0.006500 0.000000
vt 0.242678 0.096322 0.000000
vt 0.237500 0.092349 0.000000
vt 0.447500 0.006500 0.000000
vt 0.447500 0.229500 0.000000
vt 0.417500 0.229500 0.000000
vt 0.250000 0.114000 0.000000
vt 0.249148 0.120470 0.000000
vt 0.246651 0.126500 0.000000
vt 0.301375 0.260788 0.000000
vt 0.299506 0.260014 0.000000
vt 0.417500 0.379500 0.000000
vt 0.304212 0.271375 0.000000
vt 0.304986 0.269506 0.000000
vt 0.305250 0.267500 0.000000
vt 0.447500 0.379500 0.000000
vt 0.304212 0.406375 0.000000
vt 0.304986 0.404506 0.000000
vt -0.447500 0.379500 0.000000
vt -0.417500 0.379500 0.000000
vt -0.304212 0.406375 0.000000
vt -0.302980 0.407980 0.000000
vt -0.417500 0.229500 0.000000
vt -0.304212 0.271375 0.000000
vt -0.302980 0.272980 0.000000
vt -0.302980 0.397020 0.000000
vt -0.301375 0.395788 0.000000
vt -0.301375 0.274212 0.000000
vt -0.299506 0.395014 0.000000
vt -0.299506 0.274986 0.000000
vt -0.297500 0.394750 0.000000
vt -0.297500 0.275250 0.000000
vt -0.295494 0.274986 0.000000
vt -0.447500 0.229500 0.000000
vt -0.447500 0.006500 0.000000
vt -0.417500 0.006500 0.000000
vt -0.250000 0.114000 0.000000
vt -0.249148 0.107530 0.000000
vt -0.246651 0.101500 0.000000
vt -0.242678 0.096322 0.000000
vt -0.237500 0.092349 0.000000
vt -0.231470 0.089852 0.000000
vt -0.225000 0.089000 0.000000
vt -0.218530 0.089852 0.000000
vt -0.212500 0.092349 0.000000
vt -0.417500 -0.073500 0.000000
vt -0.042500 0.259750 0.000000
vt -0.200000 0.114000 0.000000
vt -0.044506 0.260014 0.000000
vt -0.200852 0.120470 0.000000
vt -0.125494 0.260014 0.000000
vt -0.203349 0.126500 0.000000
vt -0.127500 0.259750 0.000000
vt -0.129506 0.260014 0.000000
vt -0.249148 0.120470 0.000000
vt -0.246651 0.126500 0.000000
vt -0.301375 0.260788 0.000000
vt -0.299506 0.260014 0.000000
vt -0.297500 0.259750 0.000000
vt -0.242678 0.131678 0.000000
vt -0.295494 0.260014 0.000000
vt -0.237500 0.135651 0.000000
vt -0.293625 0.260788 0.000000
vt -0.231470 0.138148 0.000000
vt -0.216375 0.260788 0.000000
vt -0.214506 0.260014 0.000000
vt -0.225000 0.139000 0.000000
vt -0.212500 0.259750 0.000000
vt -0.218530 0.138148 0.000000
vt -0.210494 0.260014 0.000000
vt -0.212500 0.135651 0.000000
vt -0.208625 0.260788 0.000000
vt -0.131375 0.260788 0.000000
vt -0.207020 0.262020 0.000000
vt -0.132980 0.262020 0.000000
vt -0.205788 0.263625 0.000000
vt -0.134212 0.263625 0.000000
vt -0.205014 0.265494 0.000000
vt -0.134986 0.265494 0.000000
vt -0.204750 0.267500 0.000000
vt -0.135250 0.267500 0.000000
vt -0.205014 0.269506 0.000000
vt -0.134986 0.269506 0.000000
vt -0.205788 0.271375 0.000000
vt -0.134212 0.271375 0.000000
vt -0.207020 0.272980 0.000000
vt -0.132980 0.272980 0.000000
vt -0.208625 0.274212 0.000000
vt -0.131375 0.274212 0.000000
vt -0.208625 0.395788 0.000000
vt -0.131375 0.395788 0.000000
vt -0.207020 0.397020 0.000000
vt -0.132980 0.397020 0.000000
vt -0.205788 0.398625 0.000000
vt -0.134212 0.398625 0.000000
vt -0.205014 0.400494 0.000000
vt -0.134986 0.400494 0.000000
vt -0.204750 0.402500 0.000000
vt -0.135250 0.402500 0.000000
vt -0.205014 0.404506 0.000000
vt -0.134986 0.404506 0.000000
vt -0.205788 0.406375 0.000000
vt -0.134212 0.406375 0.000000
vt -0.207020 0.407980 0.000000
vt -0.132980 0.407980 0.000000
vt -0.208625 0.409212 0.000000
vt -0.131375 0.409212 0.000000
vt -0.210494 0.409986 0.000000
vt -0.129506 0.409986 0.000000
vt -0.212500 0.410250 0.000000
vt -0.127500 0.410250 0.000000
vt -0.207322 0.131678 0.000000
vt 0.249148 0.107530 0.000000
vt 0.246651 0.101500 0.000000
vt 0.231470 0.089852 0.000000
vt 0.225000 0.089000 0.000000
vt 0.218530 0.089852 0.000000
vt 0.212500 0.092349 0.000000
vt 0.042500 0.259750 0.000000
vt 0.200000 0.114000 0.000000
vt 0.044506 0.260014 0.000000
vt 0.200852 0.120470 0.000000
vt 0.210494 0.260014 0.000000
vt 0.218530 0.138148 0.000000
vt 0.212500 0.259750 0.000000
vt 0.225000 0.139000 0.000000
vt 0.214506 0.260014 0.000000
vt 0.231470 0.138148 0.000000
vt 0.216375 0.260788 0.000000
vt 0.293625 0.260788 0.000000
vt 0.217980 0.262020 0.000000
vt 0.292020 0.262020 0.000000
vt 0.219212 0.263625 0.000000
vt 0.290788 0.263625 0.000000
vt 0.219986 0.265494 0.000000
vt 0.290014 0.265494 0.000000
vt 0.220250 0.267500 0.000000
vt 0.289750 0.267500 0.000000
vt 0.219986 0.269506 0.000000
vt 0.290014 0.269506 0.000000
vt 0.219212 0.271375 0.000000
vt 0.290788 0.271375 0.000000
vt 0.217980 0.272980 0.000000
vt 0.292020 0.272980 0.000000
vt 0.216375 0.274212 0.000000
vt 0.293625 0.274212 0.000000
vt 0.216375 0.395788 0.000000
vt 0.293625 0.395788 0.000000
vt 0.217980 0.397020 0.000000
vt 0.292020 0.397020 0.000000
vt 0.219212 0.398625 0.000000
vt 0.290788 0.398625 0.000000
vt 0.219986 0.400494 0.000000
vt 0.290014 0.400494 0.000000
vt 0.220250 0.402500 0.000000
vt 0.289750 0.402500 0.000000
vt 0.219986 0.404506 0.000000
vt 0.290014 0.404506 0.000000
vt 0.219212 0.406375 0.000000
vt 0.290788 0.406375 0.000000
vt 0.217980 0.407980 0.000000
vt 0.292020 0.407980 0.000000
vt 0.216375 0.409212 0.000000
vt 0.293625 0.409212 0.000000
vt 0.214506 0.409986 0.000000
vt 0.295494 0.409986 0.000000
vt 0.297500 0.410250 0.000000
vt 0.299506 0.409986 0.000000
vt 0.301375 0.409212 0.000000
vt 0.237500 0.135651 0.000000
vt 0.295494 0.260014 0.000000
vt 0.242678 0.131678 0.000000
vt 0.297500 0.259750 0.000000
vt -0.120014 0.265494 0.000000
vt -0.049986 0.265494 0.000000
vt -0.119750 0.267500 0.000000
vt -0.050250 0.267500 0.000000
vt -0.120014 0.269506 0.000000
vt -0.049986 0.269506 0.000000
vt -0.120788 0.271375 0.000000
vt -0.049212 0.271375 0.000000
vt -0.122020 0.272980 0.000000
vt -0.047980 0.272980 0.000000
vt -0.123625 0.274212 0.000000
vt -0.046375 0.274212 0.000000
vt -0.123625 0.395788 0.000000
vt -0.046375 0.395788 0.000000
vt -0.122020 0.397020 0.000000
vt -0.047980 0.397020 0.000000
vt -0.120788 0.398625 0.000000
vt -0.049212 0.398625 0.000000
vt -0.120014 0.400494 0.000000
vt -0.049986 0.400494 0.000000
vt -0.119750 0.402500 0.000000
vt -0.050250 0.402500 0.000000
vt -0.120014 0.404506 0.000000
vt -0.049986 0.404506 0.000000
vt -0.120788 0.406375 0.000000
vt -0.049212 0.406375 0.000000
vt -0.122020 0.407980 0.000000
vt -0.047980 0.407980 0.000000
vt -0.123625 0.409212 0.000000
vt -0.046375 0.409212 0.000000
vt -0.125494 0.409986 0.000000
vt -0.044506 0.409986 0.000000
vt -0.049212 0.263625 0.000000
vt -0.120788 0.263625 0.000000
vt -0.047980 0.262020 0.000000
vt -0.122020 0.262020 0.000000
vt -0.046375 0.260788 0.000000
vt -0.123625 0.260788 0.000000
vt -0.129506 0.395014 0.000000
vt -0.129506 0.274986 0.000000
vt -0.127500 0.394750 0.000000
vt -0.127500 0.275250 0.000000
vt -0.125494 0.274986 0.000000
vt -0.125494 0.395014 0.000000
vt 0.214506 0.395014 0.000000
vt 0.214506 0.274986 0.000000
vt 0.212500 0.394750 0.000000
vt 0.212500 0.275250 0.000000
vt 0.210494 0.274986 0.000000
vt 0.210494 0.395014 0.000000
vt 0.129506 0.395014 0.000000
vt 0.129506 0.274986 0.000000
vt 0.127500 0.394750 0.000000
vt 0.127500 0.275250 0.000000
vt 0.125494 0.274986 0.000000
vt 0.125494 0.395014 0.000000
vt 0.123625 0.274212 0.000000
vt 0.123625 0.395788 0.000000
vt 0.046375 0.395788 0.000000
vt 0.047980 0.397020 0.000000
vt 0.122020 0.397020 0.000000
vt 0.049212 0.398625 0.000000
vt 0.120788 0.398625 0.000000
vt 0.049986 0.400494 0.000000
vt 0.120014 0.400494 0.000000
vt 0.050250 0.402500 0.000000
vt 0.119750 0.402500 0.000000
vt 0.049986 0.404506 0.000000
vt 0.120014 0.404506 0.000000
vt 0.049212 0.406375 0.000000
vt 0.120788 0.406375 0.000000
vt 0.047980 0.407980 0.000000
vt 0.122020 0.407980 0.000000
vt 0.046375 0.409212 0.000000
vt 0.123625 0.409212 0.000000
vt 0.044506 0.409986 0.000000
vt 0.125494 0.409986 0.000000
vt 0.304986 0.265494 0.000000
vt 0.304212 0.263625 0.000000
vt 0.302980 0.262020 0.000000
vt 0.295494 0.395014 0.000000
vt 0.295494 0.274986 0.000000
vt 0.297500 0.394750 0.000000
vt 0.297500 0.275250 0.000000
vt 0.299506 0.395014 0.000000
vt 0.299506 0.274986 0.000000
vt 0.301375 0.395788 0.000000
vt 0.301375 0.274212 0.000000
vt 0.302980 0.397020 0.000000
vt 0.302980 0.272980 0.000000
vt -0.040494 0.395014 0.000000
vt -0.040494 0.274986 0.000000
vt -0.042500 0.394750 0.000000
vt -0.042500 0.275250 0.000000
vt -0.044506 0.274986 0.000000
vt -0.044506 0.395014 0.000000
vt 0.049986 0.265494 0.000000
vt 0.120014 0.265494 0.000000
vt 0.050250 0.267500 0.000000
vt 0.119750 0.267500 0.000000
vt 0.049986 0.269506 0.000000
vt 0.120014 0.269506 0.000000
vt 0.049212 0.271375 0.000000
vt 0.120788 0.271375 0.000000
vt 0.047980 0.272980 0.000000
vt 0.122020 0.272980 0.000000
vt 0.046375 0.274212 0.000000
vt 0.120788 0.263625 0.000000
vt 0.049212 0.263625 0.000000
vt 0.122020 0.262020 0.000000
vt 0.047980 0.262020 0.000000
vt 0.123625 0.260788 0.000000
vt 0.046375 0.260788 0.000000
vt 0.040494 0.395014 0.000000
vt 0.040494 0.274986 0.000000
vt 0.042500 0.394750 0.000000
vt 0.042500 0.275250 0.000000
vt 0.044506 0.274986 0.000000
vt 0.044506 0.395014 0.000000
vt -0.290014 0.265494 0.000000
vt -0.219986 0.265494 0.000000
vt -0.289750 0.267500 0.000000
vt -0.220250 0.267500 0.000000
vt -0.290014 0.269506 0.000000
vt -0.219986 0.269506 0.000000
vt -0.290788 0.271375 0.000000
vt -0.219212 0.271375 0.000000
vt -0.292020 0.272980 0.000000
vt -0.217980 0.272980 0.000000
vt -0.293625 0.274212 0.000000
vt -0.216375 0.274212 0.000000
vt -0.293625 0.395788 0.000000
vt -0.216375 0.395788 0.000000
vt -0.292020 0.397020 0.000000
vt -0.217980 0.397020 0.000000
vt -0.290788 0.398625 0.000000
vt -0.219212 0.398625 0.000000
vt -0.290014 0.400494 0.000000
vt -0.219986 0.400494 0.000000
vt -0.289750 0.402500 0.000000
vt -0.220250 0.402500 0.000000
vt -0.290014 0.404506 0.000000
vt -0.219986 0.404506 0.000000
vt -0.290788 0.406375 0.000000
vt -0.219212 0.406375 0.000000
vt -0.292020 0.407980 0.000000
vt -0.217980 0.407980 0.000000
vt -0.293625 0.409212 0.000000
vt -0.216375 0.409212 0.000000
vt -0.295494 0.409986 0.000000
vt -0.214506 0.409986 0.000000
vt -0.297500 0.410250 0.000000
vt -0.219212 0.263625 0.000000
vt -0.290788 0.263625 0.000000
vt -0.217980 0.262020 0.000000
vt -0.292020 0.262020 0.000000
vt -0.302980 0.262020 0.000000
vt -0.304212 0.263625 0.000000
vt -0.304986 0.265494 0.000000
vt -0.305250 0.267500 0.000000
vt -0.304986 0.269506 0.000000
vt -0.295494 0.395014 0.000000
vt -0.214506 0.395014 0.000000
vt -0.214506 0.274986 0.000000
vt -0.212500 0.394750 0.000000
vt -0.212500 0.275250 0.000000
vt -0.210494 0.274986 0.000000
vt -0.210494 0.395014 0.000000
vt -0.304212 0.398625 0.000000
vt -0.304986 0.400494 0.000000
vt -0.305250 0.402500 0.000000
vt -0.304986 0.404506 0.000000
vt -0.301375 0.409212 0.000000
vt -0.299506 0.409986 0.000000
vt 0.305250 0.402500 0.000000
vt 0.304986 0.400494 0.000000
vt 0.304212 0.398625 0.000000
vt 0.302980 0.407980 0.000000
vt 0.806058 0.004089 0.000000
vt 0.835000 0.016077 0.000000
vt 0.775000 0.000000 0.000000
vt 0.859853 0.035147 0.000000
vt 0.878923 0.060000 0.000000
vt 0.890911 0.088942 0.000000
vt 0.004089 0.088942 0.000000
vt 0.120000 0.000000 0.000000
vt 0.016077 0.060000 0.000000
vt 0.035147 0.035147 0.000000
vt 0.000000 0.120000 0.000000
vt 0.895000 0.120000 0.000000
vt 0.000000 0.196000 0.000000
vt 0.895000 0.196000 0.000000
vt 0.004089 0.227058 0.000000
vt 0.890911 0.227058 0.000000
vt 0.120000 0.316000 0.000000
vt 0.775000 0.316000 0.000000
vt 0.878923 0.256000 0.000000
vt 0.859853 0.280853 0.000000
vt 0.835000 0.299923 0.000000
vt 0.806058 0.311911 0.000000
vt 0.088942 0.311911 0.000000
vt 0.060000 0.299923 0.000000
vt 0.035147 0.280853 0.000000
vt 0.016077 0.256000 0.000000
vt 0.060000 0.016077 0.000000
vt 0.088942 0.004089 0.000000
vn 0.000000 -1.000000 0.000000
vn 0.000000 -1.000000 0.000000
vn 0.000000 -1.000000 0.000000
vn 0.000000 -1.000000 0.000000
vn 0.000000 -1.000000 0.000000
vn 0.000000 -1.000000 0.000000
vn 0.000000 -1.000000 0.000000
vn 0.000000 -1.000000 0.000000
vn 0.000000 -1.000000 0.000000
vn 0.000000 -1.000000 0.000000
vn 0.000000 -1.000000 0.000000
vn 0.000000 -1.000000 0.000000
vn 0.000000 -1.000000 0.000000
vn 0.000000 -1.000000 0.000000
vn 0.000000 -1.000000 0.000000
vn 0.000000 -1.000000 0.000000
vn 0.000000 -1.000000 0.000000
vn 0.000000 -1.000000 0.000000
vn 0.000000 -1.000000 0.000000
vn 0.000000 -1.000000 0.000000
vn 0.000000 1.000000 -0.000000
vn 0.000000 1.000000 -0.000000
vn 0.000000 1.000000 -0.000000
vn 0.000000 1.000000 -0.000000
vn 0.000000 1.000000 -0.000000
vn 0.000000 1.000000 -0.000000
vn 0.000000 1.000000 -0.000000
vn 0.000000 1.000000 -0.000000
vn 0.000000 1.000000 -0.000000
vn 0.000000 1.000000 -0.000000
vn 0.000000 1.000000 -0.000000
vn 0.000000 1.000000 -0.000000
vn 0.000000 1.000000 -0.000000
vn 0.000000 1.000000 -0.000000
vn 0.000000 1.000000 -0.000000
vn 0.000000 1.000000 -0.000000
vn 0.000000 -0.000000 -1.000000
vn 0.000000 -0.000000 -1.000000
vn 0.000000 -0.000000 -1.000000
vn 0.000000 -0.000000 -1.000000
vn 1.000000 0.000000 0.000000
vn 1.000000 0.000000 0.000000
vn 1.000000 0.000000 0.000000
vn 1.000000 0.000000 0.000000
vn 0.000000 1.000000 -0.000000
vn 0.000000 1.000000 -0.000000
vn 0.000000 1.000000 -0.000000
vn 0.000000 1.000000 -0.000000
vn 0.000000 -0.000000 -1.000000
vn 0.000000 -0.000000 -1.000000
vn 0.000000 -0.000000 -1.000000
vn 0.000000 -0.000000 -1.000000
vn -1.000000 0.000000 0.000000
vn -1.000000 0.000000 0.000000
vn -1.000000 0.000000 0.000000
vn -1.000000 0.000000 0.000000
vn 0.000000 1.000000 -0.000000
vn 0.000000 1.000000 -0.000000
vn 0.000000 1.000000 -0.000000
vn 0.000000 1.000000 -0.000000
vn 0.000000 -0.000000 -1.000000
vn 0.000000 -0.000000 -1.000000
vn 0.000000 -0.000000 -1.000000
vn 0.000000 -0.000000 -1.000000
vn 0.000000 1.000000 -0.000000
vn 0.000000 1.000000 -0.000000
vn 0.000000 1.000000 -0.000000
vn 0.000000 1.000000 -0.000000
vn 1.000000 0.000000 0.000000
vn 1.000000 0.000000 0.000000
vn 1.000000 0.000000 0.000000
vn 1.000000 0.000000 0.000000
vn 0.000000 -1.000000 0.000000
vn 0.000000 -1.000000 0.000000
vn 0.000000 -1.000000 0.000000
vn 0.000000 -1.000000 0.000000
vn 0.000000 -0.000000 -1.000000
vn 0.000000 -0.000000 -1.000000
vn 0.000000 -0.000000 -1.000000
vn 0.000000 -0.000000 -1.000000
vn 0.000000 -1.000000 0.000000
vn 0.000000 -1.000000 0.000000
vn 0.000000 -1.000000 0.000000
vn 0.000000 -1.000000 0.000000
vn -1.000000 0.000000 0.000000
vn -1.000000 0.000000 0.000000
vn -1.000000 0.000000 0.000000
vn -1.000000 0.000000 0.000000
vn 0.000000 1.000000 -0.000000
vn 0.000000 1.000000 -0.000000
vn 0.000000 1.000000 -0.000000
vn 0.000000 1.000000 -0.000000
vn 0.000000 -0.000000 -1.000000
vn 0.000000 -0.000000 -1.000000
vn 0.000000 -0.000000 -1.000000
vn 0.000000 -0.000000 -1.000000
vn 0.000000 -0.000000 -1.000000
vn 0.000000 -0.000000 -1.000000
vn 0.000000 -0.000000 -1.000000
vn 0.000000 -0.000000 -1.000000
vn 0.000000 -0.000000 -1.000000
vn 0.000000 -0.000000 -1.000000
vn 0.000000 -0.000000 -1.000000
vn 0.000000 -0.000000 -1.000000
vn 0.000000 -0.000000 -1.000000
vn 0.000000 -0.000000 -1.000000
vn 0.000000 -0.000000 -1.000000
vn 0.000000 -0.000000 -1.000000
vn 0.000000 -0.000000 -1.000000
vn 0.000000 -0.000000 -1.000000
vn 0.000000 -0.000000 -1.000000
vn 0.000000 -0.000000 -1.000000
vn 0.000000 -0.000000 -1.000000
vn 0.000000 -0.000000 -1.000000
vn 0.000000 -0.000000 -1.000000
vn 0.000000 -0.000000 -1.000000
vn -0.965926 0.258819 -0.000000
vn -0.965926 0.258819 -0.000000
vn -1.000000 0.000000 -0.000000
vn -1.000000 0.000000 -0.000000
vn -0.965926 -0.258819 0.000000
vn -0.965926 -0.258819 0.000000
vn -0.866025 -0.500000 0.000000
vn -0.866025 -0.500000 0.000000
vn -0.707107 -0.707107 0.000000
vn -0.707107 -0.707107 0.000000
vn -0.500000 -0.866025 0.000000
vn -0.500000 -0.866025 0.000000
vn -0.258819 -0.965926 0.000000
vn -0.258819 -0.965926 0.000000
vn 0.000000 -1.000000 0.000000
vn 0.000000 -1.000000 0.000000
vn 0.258819 -0.965926 0.000000
vn 0.258819 -0.965926 0.000000
vn 0.500000 -0.866025 0.000000
vn 0.500000 -0.866025 0.000000
vn 0.707107 -0.707107 0.000000
vn 0.707107 -0.707107 0.000000
vn 0.866025 -0.500000 0.000000
vn 0.866025 -0.500000 0.000000
vn 0.965926 -0.258819 0.000000
vn 0.965926 -0.258819 0.000000
vn 1.000000 0.000000 -0.000000
vn 1.000000 0.000000 -0.000000
vn 0.965926 0.258819 -0.000000
vn 0.965926 0.258819 -0.000000
vn 0.866025 0.500000 -0.000000
vn 0.866025 0.500000 -0.000000
vn 0.707107 0.707107 -0.000000
vn 0.707107 0.707107 -0.000000
vn 0.500000 0.866025 -0.000000
vn 0.500000 0.866025 -0.000000
vn 0.258819 0.965926 -0.000000
vn 0.258819 0.965926 -0.000000
vn 0.000000 1.000000 -0.000000
vn 0.000000 1.000000 -0.000000
vn -0.258819 0.965926 -0.000000
vn -0.258819 0.965926 -0.000000
vn -0.500000 0.866025 -0.000000
vn -0.500000 0.866025 -0.000000
vn -0.707107 0.707107 -0.000000
vn -0.707107 0.707107 -0.000000
vn -0.866025 0.500000 -0.000000
vn -0.866025 0.500000 -0.000000
vn -0.965926 -0.258819 0.000000
vn -0.965926 -0.258819 0.000000
vn -1.000000 -0.000000 0.000000
vn -1.000000 -0.000000 0.000000
vn -0.965926 0.258819 -0.000000
vn -0.965926 0.258819 -0.000000
vn -0.866025 0.500000 -0.000000
vn -0.866025 0.500000 -0.000000
vn -0.707107 0.707107 -0.000000
vn -0.707107 0.707107 -0.000000
vn -0.500000 0.866025 -0.000000
vn -0.500000 0.866025 -0.000000
vn -0.258819 0.965926 -0.000000
vn -0.258819 0.965926 -0.000000
vn 0.000000 1.000000 -0.000000
vn 0.000000 1.000000 -0.000000
vn 0.258819 0.965926 -0.000000
vn 0.258819 0.965926 -0.000000
vn 0.500000 0.866025 -0.000000
vn 0.500000 0.866025 -0.000000
vn 0.707107 0.707107 -0.000000
vn 0.707107 0.707107 -0.000000
vn 0.866025 0.500000 -0.000000
vn 0.866025 0.500000 -0.000000
vn 0.965926 0.258819 -0.000000
vn 0.965926 0.258819 -0.000000
vn 1.000000 0.000000 -0.000000
vn 1.000000 0.000000 -0.000000
vn 0.965926 -0.258819 0.000000
vn 0.965926 -0.258819 0.000000
vn 0.866025 -0.500000 0.000000
vn 0.866025 -0.500000 0.000000
vn 0.707107 -0.707107 0.000000
vn 0.707107 -0.707107 0.000000
vn 0.500000 -0.866025 0.000000
vn 0.500000 -0.866025 0.000000
vn 0.258819 -0.965926 0.000000
vn 0.258819 -0.965926 0.000000
vn 0.000000 -1.000000 0.000000
vn 0.000000 -1.000000 0.000000
vn -0.258819 -0.965926 0.000000
vn -0.258819 -0.965926 0.000000
vn -0.500000 -0.866025 0.000000
vn -0.500000 -0.866025 0.000000
vn -0.707107 -0.707107 0.000000
vn -0.707107 -0.707107 0.000000
vn -0.866025 -0.500000 0.000000
vn -0.866025 -0.500000 0.000000
vn -1.000000 -0.000000 0.000000
vn -0.965926 -0.258819 0.000000
vn -0.866025 -0.500000 0.000000
vn -0.707107 -0.707107 0.000000
vn -0.500000 -0.866025 0.000000
vn -0.258819 -0.965926 0.000000
vn 0.000000 -1.000000 0.000000
vn 0.258819 -0.965926 0.000000
vn 0.500000 -0.866025 0.000000
vn 0.707107 -0.707107 0.000000
vn 0.866025 -0.500000 0.000000
vn 0.965926 -0.258819 0.000000
vn 1.000000 0.000000 -0.000000
vn 0.965926 0.258819 -0.000000
vn 0.866025 0.500000 -0.000000
vn 0.707107 0.707107 -0.000000
vn 0.500000 0.866025 -0.000000
vn 0.258819 0.965926 -0.000000
vn 0.000000 1.000000 -0.000000
vn -0.258819 0.965926 -0.000000
vn -0.500000 0.866025 -0.000000
vn -0.707107 0.707107 -0.000000
vn -0.866025 0.500000 -0.000000
vn -0.965926 0.258819 -0.000000
vn -1.000000 -0.000000 0.000000
vn -0.965926 -0.258819 0.000000
vn -0.866025 -0.500000 0.000000
vn -0.707107 -0.707107 0.000000
vn -0.500000 -0.866025 0.000000
vn -0.258819 -0.965926 0.000000
vn 0.000000 -1.000000 0.000000
vn 0.258819 -0.965926 0.000000
vn 0.500000 -0.866025 0.000000
vn 0.707107 -0.707107 0.000000
vn 0.866025 -0.500000 0.000000
vn 0.965926 -0.258819 0.000000
vn 1.000000 0.000000 -0.000000
vn 0.965926 0.258819 -0.000000
vn 0.866025 0.500000 -0.000000
vn 0.707107 0.707107 -0.000000
vn 0.500000 0.866025 -0.000000
vn 0.258819 0.965926 -0.000000
vn 0.000000 1.000000 -0.000000
vn -0.258819 0.965926 -0.000000
vn -0.500000 0.866025 -0.000000
vn -0.707107 0.707107 -0.000000
vn -0.866025 0.500000 -0.000000
vn -0.965926 0.258819 -0.000000
vn 0.000000 -0.000000 -1.000000
vn 0.000000 -0.000000 -1.000000
vn 0.000000 -0.000000 -1.000000
vn 0.000000 -0.000000 -1.000000
vn 0.000000 -0.000000 -1.000000
vn 0.000000 -0.000000 -1.000000
vn 0.000000 -0.000000 -1.000000
vn 0.000000 -0.000000 -1.000000
vn 0.000000 -0.000000 -1.000000
vn 0.000000 -0.000000 -1.000000
vn 0.000000 -0.000000 -1.000000
vn 0.000000 -0.000000 -1.000000
vn 0.000000 -0.000000 -1.000000
vn 0.000000 -0.000000 -1.000000
vn 0.000000 -0.000000 -1.000000
vn 0.000000 -0.000000 -1.000000
vn 0.000000 -0.000000 -1.000000
vn 0.000000 -0.000000 -1.000000
vn 0.000000 -0.000000 -1.000000
vn 0.000000 -0.000000 -1.000000
vn 0.000000 -0.000000 -1.000000
vn 0.000000 -0.000000 -1.000000
vn 0.000000 -0.000000 -1.000000
vn 0.000000 -0.000000 -1.000000
vn -0.965926 0.258819 -0.000000
vn -0.965926 0.258819 -0.000000
vn -1.000000 0.000000 -0.000000
vn -1.000000 0.000000 -0.000000
vn -0.965926 -0.258819 0.000000
vn -0.965926 -0.258819 0.000000
vn -0.866025 -0.500000 0.000000
vn -0.866025 -0.500000 0.000000
vn -0.707107 -0.707107 0.000000
vn -0.707107 -0.707107 0.000000
vn -0.500000 -0.866025 0.000000
vn -0.500000 -0.866025 0.000000
vn -0.258819 -0.965926 0.000000
vn -0.258819 -0.965926 0.000000
vn 0.000000 -1.000000 0.000000
vn 0.000000 -1.000000 0.000000
vn 0.258819 -0.965926 0.000000
vn 0.258819 -0.965926 0.000000
vn 0.500000 -0.866025 0.000000
vn 0.500000 -0.866025 0.000000
vn 0.707107 -0.707107 0.000000
vn 0.707107 -0.707107 0.000000
vn 0.866025 -0.500000 0.000000
vn 0.866025 -0.500000 0.000000
vn 0.965926 -0.258819 0.000000
vn 0.965926 -0.258819 0.000000
vn 1.000000 0.000000 -0.000000
vn 1.000000 0.000000 -0.000000
vn 0.965926 0.258819 -0.000000
vn 0.965926 0.258819 -0.000000
vn 0.866025 0.500000 -0.000000
vn 0.866025 0.500000 -0.000000
vn 0.707107 0.707107 -0.000000
vn 0.707107 0.707107 -0.000000
vn 0.500000 0.866025 -0.000000
vn 0.500000 0.866025 -0.000000
vn 0.258819 0.965926 -0.000000
vn 0.258819 0.965926 -0.000000
vn 0.000000 1.000000 -0.000000
vn 0.000000 1.000000 -0.000000
vn -0.258819 0.965926 -0.000000
vn -0.258819 0.965926 -0.000000
vn -0.500000 0.866025 -0.000000
vn -0.500000 0.866025 -0.000000
vn -0.707107 0.707107 -0.000000
vn -0.707107 0.707107 -0.000000
vn -0.866025 0.500000 -0.000000
vn -0.866025 0.500000 -0.000000
vn -0.965926 -0.258819 0.000000
vn -0.965926 -0.258819 0.000000
vn -1.000000 -0.000000 0.000000
vn -1.000000 -0.000000 0.000000
vn -0.965926 0.258819 -0.000000
vn -0.965926 0.258819 -0.000000
vn -0.866025 0.500000 -0.000000
vn -0.866025 0.500000 -0.000000
vn -0.707107 0.707107 -0.000000
vn -0.707107 0.707107 -0.000000
vn -0.500000 0.866025 -0.000000
vn -0.500000 0.866025 -0.000000
vn -0.258819 0.965926 -0.000000
vn -0.258819 0.965926 -0.000000
vn 0.000000 1.000000 -0.000000
vn 0.000000 1.000000 -0.000000
vn 0.258819 0.965926 -0.000000
vn 0.258819 0.965926 -0.000000
vn 0.500000 0.866025 -0.000000
vn 0.500000 0.866025 -0.000000
vn 0.707107 0.707107 -0.000000
vn 0.707107 0.707107 -0.000000
vn 0.866025 0.500000 -0.000000
vn 0.866025 0.500000 -0.000000
vn 0.965926 0.258819 -0.000000
vn 0.965926 0.258819 -0.000000
vn 1.000000 0.000000 -0.000000
vn 1.000000 0.000000 -0.000000
vn 0.965926 -0.258819 0.000000
vn 0.965926 -0.258819 0.000000
vn 0.866025 -0.500000 0.000000
vn 0.866025 -0.500000 0.000000
vn 0.707107 -0.707107 0.000000
vn 0.707107 -0.707107 0.000000
vn 0.500000 -0.866025 0.000000
vn 0.500000 -0.866025 0.000000
vn 0.258819 -0.965926 0.000000
vn 0.258819 -0.965926 0.000000
vn 0.000000 -1.000000 0.000000
vn 0.000000 -1.000000 0.000000
vn -0.258819 -0.965926 0.000000
vn -0.258819 -0.965926 0.000000
vn -0.500000 -0.866025 0.000000
vn -0.500000 -0.866025 0.000000
vn -0.707107 -0.707107 0.000000
vn -0.707107 -0.707107 0.000000
vn -0.866025 -0.500000 0.000000
vn -0.866025 -0.500000 0.000000
vn -1.000000 -0.000000 0.000000
vn -0.965926 -0.258819 0.000000
vn -0.866025 -0.500000 0.000000
vn -0.707107 -0.707107 0.000000
vn -0.500000 -0.866025 0.000000
vn -0.258819 -0.965926 0.000000
vn 0.000000 -1.000000 0.000000
vn 0.258819 -0.965926 0.000000
vn 0.500000 -0.866025 0.000000
vn 0.707107 -0.707107 0.000000
vn 0.866025 -0.500000 0.000000
vn 0.965926 -0.258819 0.000000
vn 1.000000 0.000000 -0.000000
vn 0.965926 0.258819 -0.000000
vn 0.866025 0.500000 -0.000000
vn 0.707107 0.707107 -0.000000
vn 0.500000 0.866025 -0.000000
vn 0.258819 0.965926 -0.000000
vn 0.000000 1.000000 -0.000000
vn -0.258819 0.965926 -0.000000
vn -0.500000 0.866025 -0.000000
vn -0.707107 0.707107 -0.000000
vn -0.866025 0.500000 -0.000000
vn -0.965926 0.258819 -0.000000
vn -1.000000 -0.000000 0.000000
vn -0.965926 -0.258819 0.000000
vn -0.866025 -0.500000 0.000000
vn -0.707107 -0.707107 0.000000
vn -0.500000 -0.866025 0.000000
vn -0.258819 -0.965926 0.000000
vn 0.000000 -1.000000 0.000000
vn 0.258819 -0.965926 0.000000
vn 0.500000 -0.866025 0.000000
vn 0.707107 -0.707107 0.000000
vn 0.866025 -0.500000 0.000000
vn 0.965926 -0.258819 0.000000
vn 1.000000 0.000000 -0.000000
vn 0.965926 0.258819 -0.000000
vn 0.866025 0.500000 -0.000000
vn 0.707107 0.707107 -0.000000
vn 0.500000 0.866025 -0.000000
vn 0.258819 0.965926 -0.000000
vn 0.000000 1.000000 -0.000000
vn -0.258819 0.965926 -0.000000
vn -0.500000 0.866025 -0.000000
vn -0.707107 0.707107 -0.000000
vn -0.866025 0.500000 -0.000000
vn -0.965926 0.258819 -0.000000
vn 0.000000 -0.000000 -1.000000
vn 0.000000 -0.000000 -1.000000
vn 0.000000 -0.000000 -1.000000
vn 0.000000 -0.000000 -1.000000
vn 0.000000 -0.000000 -1.000000
vn 0.000000 -0.000000 -1.000000
vn 0.000000 -0.000000 -1.000000
vn 0.000000 -0.000000 -1.000000
vn 0.000000 -0.000000 -1.000000
vn 0.000000 -0.000000 -1.000000
vn 0.000000 -0.000000 -1.000000
vn 0.000000 -0.000000 -1.000000
vn 0.000000 -0.000000 -1.000000
vn 0.000000 -0.000000 -1.000000
vn 0.000000 -0.000000 -1.000000
vn 0.000000 -0.000000 -1.000000
vn 0.000000 -0.000000 -1.000000
vn 0.000000 -0.000000 -1.000000
vn 0.000000 -0.000000 -1.000000
vn 0.000000 -0.000000 -1.000000
vn 0.000000 -0.000000 -1.000000
vn 0.000000 -0.000000 -1.000000
vn 0.000000 -0.000000 -1.000000
vn 0.000000 -0.000000 -1.000000
vn -0.965926 0.258819 -0.000000
vn -0.965926 0.258819 -0.000000
vn -1.000000 0.000000 -0.000000
vn -1.000000 0.000000 -0.000000
vn -0.965926 -0.258819 0.000000
vn -0.965926 -0.258819 0.000000
vn -0.866025 -0.500000 0.000000
vn -0.866025 -0.500000 0.000000
vn -0.707107 -0.707107 0.000000
vn -0.707107 -0.707107 0.000000
vn -0.500000 -0.866025 0.000000
vn -0.500000 -0.866025 0.000000
vn -0.258819 -0.965926 0.000000
vn -0.258819 -0.965926 0.000000
vn 0.000000 -1.000000 0.000000
vn 0.000000 -1.000000 0.000000
vn 0.258819 -0.965926 0.000000
vn 0.258819 -0.965926 0.000000
vn 0.500000 -0.866025 0.000000
vn 0.500000 -0.866025 0.000000
vn 0.707107 -0.707107 0.000000
vn 0.707107 -0.707107 0.000000
vn 0.866025 -0.500000 0.000000
vn 0.866025 -0.500000 0.000000
vn 0.965926 -0.258819 0.000000
vn 0.965926 -0.258819 0.000000
vn 1.000000 0.000000 -0.000000
vn 1.000000 0.000000 -0.000000
vn 0.965926 0.258819 -0.000000
vn 0.965926 0.258819 -0.000000
vn 0.866025 0.500000 -0.000000
vn 0.866025 0.500000 -0.000000
vn 0.707107 0.707107 -0.000000
vn 0.707107 0.707107 -0.000000
vn 0.500000 0.866025 -0.000000
vn 0.500000 0.866025 -0.000000
vn 0.258819 0.965926 -0.000000
vn 0.258819 0.965926 -0.000000
vn 0.000000 1.000000 -0.000000
vn 0.000000 1.000000 -0.000000
vn -0.258819 0.965926 -0.000000
vn -0.258819 0.965926 -0.000000
vn -0.500000 0.866025 -0.000000
vn -0.500000 0.866025 -0.000000
vn -0.707107 0.707107 -0.000000
vn -0.707107 0.707107 -0.000000
vn -0.866025 0.500000 -0.000000
vn -0.866025 0.500000 -0.000000
vn -0.965926 -0.258819 0.000000
vn -0.965926 -0.258819 0.000000
vn -1.000000 -0.000000 0.000000
vn -1.000000 -0.000000 0.000000
vn -0.965926 0.258819 -0.000000
vn -0.965926 0.258819 -0.000000
vn -0.866025 0.500000 -0.000000
vn -0.866025 0.500000 -0.000000
vn -0.707107 0.707107 -0.000000
vn -0.707107 0.707107 -0.000000
vn -0.500000 0.866025 -0.000000
vn -0.500000 0.866025 -0.000000
vn -0.258819 0.965926 -0.000000
vn -0.258819 0.965926 -0.000000
vn 0.000000 1.000000 -0.000000
vn 0.000000 1.000000 -0.000000
vn 0.258819 0.965926 -0.000000
vn 0.258819 0.965926 -0.000000
vn 0.500000 0.866025 -0.000000
vn 0.500000 0.866025 -0.000000
vn 0.707107 0.707107 -0.000000
vn 0.707107 0.707107 -0.000000
vn 0.866025 0.500000 -0.000000
vn 0.866025 0.500000 -0.000000
vn 0.965926 0.258819 -0.000000
vn 0.965926 0.258819 -0.000000
vn 1.000000 0.000000 -0.000000
vn 1.000000 0.000000 -0.000000
vn 0.965926 -0.258819 0.000000
vn 0.965926 -0.258819 0.000000
vn 0.866025 -0.500000 0.000000
vn 0.866025 -0.500000 0.000000
vn 0.707107 -0.707107 0.000000
vn 0.707107 -0.707107 0.000000
vn 0.500000 -0.866025 0.000000
vn 0.500000 -0.866025 0.000000
vn 0.258819 -0.965926 0.000000
vn 0.258819 -0.965926 0.000000
vn 0.000000 -1.000000 0.000000
vn 0.000000 -1.000000 0.000000
vn -0.258819 -0.965926 0.000000
vn -0.258819 -0.965926 0.000000
vn -0.500000 -0.866025 0.000000
vn -0.500000 -0.866025 0.000000
vn -0.707107 -0.707107 0.000000
vn -0.707107 -0.707107 0.000000
vn -0.866025 -0.500000 0.000000
vn -0.866025 -0.500000 0.000000
vn -1.000000 -0.000000 0.000000
vn -0.965926 -0.258819 0.000000
vn -0.866025 -0.500000 0.000000
vn -0.707107 -0.707107 0.000000
vn -0.500000 -0.866025 0.000000
vn -0.258819 -0.965926 0.000000
vn 0.000000 -1.000000 0.000000
vn 0.258819 -0.965926 0.000000
vn 0.500000 -0.866025 0.000000
vn 0.707107 -0.707107 0.000000
vn 0.866025 -0.500000 0.000000
vn 0.965926 -0.258819 0.000000
vn 1.000000 0.000000 -0.000000
vn 0.965926 0.258819 -0.000000
vn 0.866025 0.500000 -0.000000
vn 0.707107 0.707107 -0.000000
vn 0.500000 0.866025 -0.000000
vn 0.258819 0.965926 -0.000000
vn 0.000000 1.000000 -0.000000
vn -0.258819 0.965926 -0.000000
vn -0.500000 0.866025 -0.000000
vn -0.707107 0.707107 -0.000000
vn -0.866025 0.500000 -0.000000
vn -0.965926 0.258819 -0.000000
vn -1.000000 -0.000000 0.000000
vn -0.965926 -0.258819 0.000000
vn -0.866025 -0.500000 0.000000
vn -0.707107 -0.707107 0.000000
vn -0.500000 -0.866025 0.000000
vn -0.258819 -0.965926 0.000000
vn 0.000000 -1.000000 0.000000
vn 0.258819 -0.965926 0.000000
vn 0.500000 -0.866025 0.000000
vn 0.707107 -0.707107 0.000000
vn 0.866025 -0.500000 0.000000
vn 0.965926 -0.258819 0.000000
vn 1.000000 0.000000 -0.000000
vn 0.965926 0.258819 -0.000000
vn 0.866025 0.500000 -0.000000
vn 0.707107 0.707107 -0.000000
vn 0.500000 0.866025 -0.000000
vn 0.258819 0.965926 -0.000000
vn 0.000000 1.000000 -0.000000
vn -0.258819 0.965926 -0.000000
vn -0.500000 0.866025 -0.000000
vn -0.707107 0.707107 -0.000000
vn -0.866025 0.500000 -0.000000
vn -0.965926 0.258819 -0.000000
vn 0.000000 -0.000000 -1.000000
vn 0.000000 -0.000000 -1.000000
vn 0.000000 -0.000000 -1.000000
vn 0.000000 -0.000000 -1.000000
vn 0.000000 -0.000000 -1.000000
vn 0.000000 -0.000000 -1.000000
vn 0.000000 -0.000000 -1.000000
vn 0.000000 -0.000000 -1.000000
vn 0.000000 -0.000000 -1.000000
vn 0.000000 -0.000000 -1.000000
vn 0.000000 -0.000000 -1.000000
vn 0.000000 -0.000000 -1.000000
vn 0.000000 -0.000000 -1.000000
vn 0.000000 -0.000000 -1.000000
vn 0.000000 -0.000000 -1.000000
vn 0.000000 -0.000000 -1.000000
vn 0.000000 -0.000000 -1.000000
vn 0.000000 -0.000000 -1.000000
vn 0.000000 -0.000000 -1.000000
vn 0.000000 -0.000000 -1.000000
vn 0.000000 -0.000000 -1.000000
vn 0.000000 -0.000000 -1.000000
vn 0.000000 -0.000000 -1.000000
vn 0.000000 -0.000000 -1.000000
vn -0.965926 0.258819 -0.000000
vn -0.965926 0.258819 -0.000000
vn -1.000000 0.000000 -0.000000
vn -1.000000 0.000000 -0.000000
vn -0.965926 -0.258819 0.000000
vn -0.965926 -0.258819 0.000000
vn -0.866025 -0.500000 0.000000
vn -0.866025 -0.500000 0.000000
vn -0.707107 -0.707107 0.000000
vn -0.707107 -0.707107 0.000000
vn -0.500000 -0.866025 0.000000
vn -0.500000 -0.866025 0.000000
vn -0.258819 -0.965926 0.000000
vn -0.258819 -0.965926 0.000000
vn 0.000000 -1.000000 0.000000
vn 0.000000 -1.000000 0.000000
vn 0.258819 -0.965926 0.000000
vn 0.258819 -0.965926 0.000000
vn 0.500000 -0.866025 0.000000
vn 0.500000 -0.866025 0.000000
vn 0.707107 -0.707107 0.000000
vn 0.707107 -0.707107 0.000000
vn 0.866025 -0.500000 0.000000
vn 0.866025 -0.500000 0.000000
vn 0.965926 -0.258819 0.000000
vn 0.965926 -0.258819 0.000000
vn 1.000000 0.000000 -0.000000
vn 1.000000 0.000000 -0.000000
vn 0.965926 0.258819 -0.000000
vn 0.965926 0.258819 -0.000000
vn 0.866025 0.500000 -0.000000
vn 0.866025 0.500000 -0.000000
vn 0.707107 0.707107 -0.000000
vn 0.707107 0.707107 -0.000000
vn 0.500000 0.866025 -0.000000
vn 0.500000 0.866025 -0.000000
vn 0.258819 0.965926 -0.000000
vn 0.258819 0.965926 -0.000000
vn 0.000000 1.000000 -0.000000
vn 0.000000 1.000000 -0.000000
vn -0.258819 0.965926 -0.000000
vn -0.258819 0.965926 -0.000000
vn -0.500000 0.866025 -0.000000
vn -0.500000 0.866025 -0.000000
vn -0.707107 0.707107 -0.000000
vn -0.707107 0.707107 -0.000000
vn -0.866025 0.500000 -0.000000
vn -0.866025 0.500000 -0.000000
vn -0.965926 -0.258819 0.000000
vn -0.965926 -0.258819 0.000000
vn -1.000000 -0.000000 0.000000
vn -1.000000 -0.000000 0.000000
vn -0.965926 0.258819 -0.000000
vn -0.965926 0.258819 -0.000000
vn -0.866025 0.500000 -0.000000
vn -0.866025 0.500000 -0.000000
vn -0.707107 0.707107 -0.000000
vn -0.707107 0.707107 -0.000000
vn -0.500000 0.866025 -0.000000
vn -0.500000 0.866025 -0.000000
vn -0.258819 0.965926 -0.000000
vn -0.258819 0.965926 -0.000000
vn 0.000000 1.000000 -0.000000
vn 0.000000 1.000000 -0.000000
vn 0.258819 0.965926 -0.000000
vn 0.258819 0.965926 -0.000000
vn 0.500000 0.866025 -0.000000
vn 0.500000 0.866025 -0.000000
vn 0.707107 0.707107 -0.000000
vn 0.707107 0.707107 -0.000000
vn 0.866025 0.500000 -0.000000
vn 0.866025 0.500000 -0.000000
vn 0.965926 0.258819 -0.000000
vn 0.965926 0.258819 -0.000000
vn 1.000000 0.000000 -0.000000
vn 1.000000 0.000000 -0.000000
vn 0.965926 -0.258819 0.000000
vn 0.965926 -0.258819 0.000000
vn 0.866025 -0.500000 0.000000
vn 0.866025 -0.500000 0.000000
vn 0.707107 -0.707107 0.000000
vn 0.707107 -0.707107 0.000000
vn 0.500000 -0.866025 0.000000
vn 0.500000 -0.866025 0.000000
vn 0.258819 -0.965926 0.000000
vn 0.258819 -0.965926 0.000000
vn 0.000000 -1.000000 0.000000
vn 0.000000 -1.000000 0.000000
vn -0.258819 -0.965926 0.000000
vn -0.258819 -0.965926 0.000000
vn -0.500000 -0.866025 0.000000
vn -0.500000 -0.866025 0.000000
vn -0.707107 -0.707107 0.000000
vn -0.707107 -0.707107 0.000000
vn -0.866025 -0.500000 0.000000
vn -0.866025 -0.500000 0.000000
vn -1.000000 -0.000000 0.000000
vn -0.965926 -0.258819 0.000000
vn -0.866025 -0.500000 0.000000
vn -0.707107 -0.707107 0.000000
vn -0.500000 -0.866025 0.000000
vn -0.258819 -0.965926 0.000000
vn 0.000000 -1.000000 0.000000
vn 0.258819 -0.965926 0.000000
vn 0.500000 -0.866025 0.000000
vn 0.707107 -0.707107 0.000000
vn 0.866025 -0.500000 0.000000
vn 0.965926 -0.258819 0.000000
vn 1.000000 0.000000 -0.000000
vn 0.965926 0.258819 -0.000000
vn 0.866025 0.500000 -0.000000
vn 0.707107 0.707107 -0.000000
vn 0.500000 0.866025 -0.000000
vn 0.258819 0.965926 -0.000000
vn 0.000000 1.000000 -0.000000
vn -0.258819 0.965926 -0.000000
vn -0.500000 0.866025 -0.000000
vn -0.707107 0.707107 -0.000000
vn -0.866025 0.500000 -0.000000
vn -0.965926 0.258819 -0.000000
vn -1.000000 -0.000000 0.000000
vn -0.965926 -0.258819 0.000000
vn -0.866025 -0.500000 0.000000
vn -0.707107 -0.707107 0.000000
vn -0.500000 -0.866025 0.000000
vn -0.258819 -0.965926 0.000000
vn 0.000000 -1.000000 0.000000
vn 0.258819 -0.965926 0.000000
vn 0.500000 -0.866025 0.000000
vn 0.707107 -0.707107 0.000000
vn 0.866025 -0.500000 0.000000
vn 0.965926 -0.258819 0.000000
vn 1.000000 0.000000 -0.000000
vn 0.965926 0.258819 -0.000000
vn 0.866025 0.500000 -0.000000
vn 0.707107 0.707107 -0.000000
vn 0.500000 0.866025 -0.000000
vn 0.258819 0.965926 -0.000000
vn 0.000000 1.000000 -0.000000
vn -0.258819 0.965926 -0.000000
vn -0.500000 0.866025 -0.000000
vn -0.707107 0.707107 -0.000000
vn -0.866025 0.500000 -0.000000
vn -0.965926 0.258819 -0.000000
vn 0.000000 -0.000000 -1.000000
vn 0.000000 -0.000000 -1.000000
vn 0.000000 -0.000000 -1.000000
vn 0.000000 -0.000000 -1.000000
vn 0.000000 -0.000000 -1.000000
vn 0.000000 -0.000000 -1.000000
vn 0.000000 -0.000000 -1.000000
vn 0.000000 -0.000000 -1.000000
vn 0.000000 -0.000000 -1.000000
vn 0.000000 -0.000000 -1.000000
vn 0.000000 -0.000000 -1.000000
vn 0.000000 -0.000000 -1.000000
vn 0.000000 -0.000000 -1.000000
vn 0.000000 -0.000000 -1.000000
vn 0.000000 -0.000000 -1.000000
vn 0.000000 -0.000000 -1.000000
vn 0.000000 -0.000000 -1.000000
vn 0.000000 -0.000000 -1.000000
vn 0.000000 -0.000000 -1.000000
vn 0.000000 -0.000000 -1.000000
vn 0.000000 -0.000000 -1.000000
vn 0.000000 -0.000000 -1.000000
vn 0.000000 -0.000000 -1.000000
vn 0.000000 -0.000000 -1.000000
vn -0.965926 0.258819 -0.000000
vn -0.965926 0.258819 -0.000000
vn -1.000000 0.000000 -0.000000
vn -1.000000 0.000000 -0.000000
vn -0.965926 -0.258819 0.000000
vn -0.965926 -0.258819 0.000000
vn -0.866025 -0.500000 0.000000
vn -0.866025 -0.500000 0.000000
vn -0.707107 -0.707107 0.000000
vn -0.707107 -0.707107 0.000000
vn -0.500000 -0.866025 0.000000
vn -0.500000 -0.866025 0.000000
vn -0.258819 -0.965926 0.000000
vn -0.258819 -0.965926 0.000000
vn 0.000000 -1.000000 0.000000
vn 0.000000 -1.000000 0.000000
vn 0.258819 -0.965926 0.000000
vn 0.258819 -0.965926 0.000000
vn 0.500000 -0.866025 0.000000
vn 0.500000 -0.866025 0.000000
vn 0.707107 -0.707107 0.000000
vn 0.707107 -0.707107 0.000000
vn 0.866025 -0.500000 0.000000
vn 0.866025 -0.500000 0.000000
vn 0.965926 -0.258819 0.000000
vn 0.965926 -0.258819 0.000000
vn 1.000000 0.000000 -0.000000
vn 1.000000 0.000000 -0.000000
vn 0.965926 0.258819 -0.000000
vn 0.965926 0.258819 -0.000000
vn 0.866025 0.500000 -0.000000
vn 0.866025 0.500000 -0.000000
vn 0.707107 0.707107 -0.000000
vn 0.707107 0.707107 -0.000000
vn 0.500000 0.866025 -0.000000
vn 0.500000 0.866025 -0.000000
vn 0.258819 0.965926 -0.000000
vn 0.258819 0.965926 -0.000000
vn 0.000000 1.000000 -0.000000
vn 0.000000 1.000000 -0.000000
vn -0.258819 0.965926 -0.000000
vn -0.258819 0.965926 -0.000000
vn -0.500000 0.866025 -0.000000
vn -0.500000 0.866025 -0.000000
vn -0.707107 0.707107 -0.000000
vn -0.707107 0.707107 -0.000000
vn -0.866025 0.500000 -0.000000
vn -0.866025 0.500000 -0.000000
vn -0.965926 -0.258819 0.000000
vn -0.965926 -0.258819 0.000000
vn -1.000000 -0.000000 0.000000
vn -1.000000 -0.000000 0.000000
vn -0.965926 0.258819 -0.000000
vn -0.965926 0.258819 -0.000000
vn -0.866025 0.500000 -0.000000
vn -0.866025 0.500000 -0.000000
vn -0.707107 0.707107 -0.000000
vn -0.707107 0.707107 -0.000000
vn -0.500000 0.866025 -0.000000
vn -0.500000 0.866025 -0.000000
vn -0.258819 0.965926 -0.000000
vn -0.258819 0.965926 -0.000000
vn 0.000000 1.000000 -0.000000
vn 0.000000 1.000000 -0.000000
vn 0.258819 0.965926 -0.000000
vn 0.258819 0.965926 -0.000000
vn 0.500000 0.866025 -0.000000
vn 0.500000 0.866025 -0.000000
vn 0.707107 0.707107 -0.000000
vn 0.707107 0.707107 -0.000000
vn 0.866025 0.500000 -0.000000
vn 0.866025 0.500000 -0.000000
vn 0.965926 0.258819 -0.000000
vn 0.965926 0.258819 -0.000000
vn 1.000000 0.000000 -0.000000
vn 1.000000 0.000000 -0.000000
vn 0.965926 -0.258819 0.000000
vn 0.965926 -0.258819 0.000000
vn 0.866025 -0.500000 0.000000
vn 0.866025 -0.500000 0.000000
vn 0.707107 -0.707107 0.000000
vn 0.707107 -0.707107 0.000000
vn 0.500000 -0.866025 0.000000
vn 0.500000 -0.866025 0.000000
vn 0.258819 -0.965926 0.000000
vn 0.258819 -0.965926 0.000000
vn 0.000000 -1.000000 0.000000
vn 0.000000 -1.000000 0.000000
vn -0.258819 -0.965926 0.000000
vn -0.258819 -0.965926 0.000000
vn -0.500000 -0.866025 0.000000
vn -0.500000 -0.866025 0.000000
vn -0.707107 -0.707107 0.000000
vn -0.707107 -0.707107 0.000000
vn -0.866025 -0.500000 0.000000
vn -0.866025 -0.500000 0.000000
vn -1.000000 -0.000000 0.000000
vn -0.965926 -0.258819 0.000000
vn -0.866025 -0.500000 0.000000
vn -0.707107 -0.707107 0.000000
vn -0.500000 -0.866025 0.000000
vn -0.258819 -0.965926 0.000000
vn 0.000000 -1.000000 0.000000
vn 0.258819 -0.965926 0.000000
vn 0.500000 -0.866025 0.000000
vn 0.707107 -0.707107 0.000000
vn 0.866025 -0.500000 0.000000
vn 0.965926 -0.258819 0.000000
vn 1.000000 0.000000 -0.000000
vn 0.965926 0.258819 -0.000000
vn 0.866025 0.500000 -0.000000
vn 0.707107 0.707107 -0.000000
vn 0.500000 0.866025 -0.000000
vn 0.258819 0.965926 -0.000000
vn 0.000000 1.000000 -0.000000
vn -0.258819 0.965926 -0.000000
vn -0.500000 0.866025 -0.000000
vn -0.707107 0.707107 -0.000000
vn -0.866025 0.500000 -0.000000
vn -0.965926 0.258819 -0.000000
vn -1.000000 -0.000000 0.000000
vn -0.965926 -0.258819 0.000000
vn -0.866025 -0.500000 0.000000
vn -0.707107 -0.707107 0.000000
vn -0.500000 -0.866025 0.000000
vn -0.258819 -0.965926 0.000000
vn 0.000000 -1.000000 0.000000
vn 0.258819 -0.965926 0.000000
vn 0.500000 -0.866025 0.000000
vn 0.707107 -0.707107 0.000000
vn 0.866025 -0.500000 0.000000
vn 0.965926 -0.258819 0.000000
vn 1.000000 0.000000 -0.000000
vn 0.965926 0.258819 -0.000000
vn 0.866025 0.500000 -0.000000
vn 0.707107 0.707107 -0.000000
vn 0.500000 0.866025 -0.000000
vn 0.258819 0.965926 -0.000000
vn 0.000000 1.000000 -0.000000
vn -0.258819 0.965926 -0.000000
vn -0.500000 0.866025 -0.000000
vn -0.707107 0.707107 -0.000000
vn -0.866025 0.500000 -0.000000
vn -0.965926 0.258819 -0.000000
vn 0.000000 -0.000000 -1.000000
vn 0.000000 -0.000000 -1.000000
vn 0.000000 -0.000000 -1.000000
vn 0.000000 -0.000000 -1.000000
vn 0.000000 -0.000000 -1.000000
vn 0.000000 -0.000000 -1.000000
vn 0.000000 -0.000000 -1.000000
vn 0.000000 -0.000000 -1.000000
vn 0.000000 -0.000000 -1.000000
vn 0.000000 -0.000000 -1.000000
vn 0.000000 -0.000000 -1.000000
vn 0.000000 -0.000000 -1.000000
vn 0.000000 -0.000000 -1.000000
vn 0.000000 -0.000000 -1.000000
vn 0.000000 -0.000000 -1.000000
vn 0.000000 -0.000000 -1.000000
vn 0.000000 -0.000000 -1.000000
vn 0.000000 -0.000000 -1.000000
vn 0.000000 -0.000000 -1.000000
vn 0.000000 -0.000000 -1.000000
vn 0.000000 -0.000000 -1.000000
vn 0.000000 -0.000000 -1.000000
vn 0.000000 -0.000000 -1.000000
vn 0.000000 -0.000000 -1.000000
vn -0.965926 0.258819 -0.000000
vn -0.965926 0.258819 -0.000000
vn -1.000000 0.000000 -0.000000
vn -1.000000 0.000000 -0.000000
vn -0.965926 -0.258819 0.000000
vn -0.965926 -0.258819 0.000000
vn -0.866025 -0.500000 0.000000
vn -0.866025 -0.500000 0.000000
vn -0.707107 -0.707107 0.000000
vn -0.707107 -0.707107 0.000000
vn -0.500000 -0.866025 0.000000
vn -0.500000 -0.866025 0.000000
vn -0.258819 -0.965926 0.000000
vn -0.258819 -0.965926 0.000000
vn 0.000000 -1.000000 0.000000
vn 0.000000 -1.000000 0.000000
vn 0.258819 -0.965926 0.000000
vn 0.258819 -0.965926 0.000000
vn 0.500000 -0.866025 0.000000
vn 0.500000 -0.866025 0.000000
vn 0.707107 -0.707107 0.000000
vn 0.707107 -0.707107 0.000000
vn 0.866025 -0.500000 0.000000
vn 0.866025 -0.500000 0.000000
vn 0.965926 -0.258819 0.000000
vn 0.965926 -0.258819 0.000000
vn 1.000000 0.000000 -0.000000
vn 1.000000 0.000000 -0.000000
vn 0.965926 0.258819 -0.000000
vn 0.965926 0.258819 -0.000000
vn 0.866025 0.500000 -0.000000
vn 0.866025 0.500000 -0.000000
vn 0.707107 0.707107 -0.000000
vn 0.707107 0.707107 -0.000000
vn 0.500000 0.866025 -0.000000
vn 0.500000 0.866025 -0.000000
vn 0.258819 0.965926 -0.000000
vn 0.258819 0.965926 -0.000000
vn 0.000000 1.000000 -0.000000
vn 0.000000 1.000000 -0.000000
vn -0.258819 0.965926 -0.000000
vn -0.258819 0.965926 -0.000000
vn -0.500000 0.866025 -0.000000
vn -0.500000 0.866025 -0.000000
vn -0.707107 0.707107 -0.000000
vn -0.707107 0.707107 -0.000000
vn -0.866025 0.500000 -0.000000
vn -0.866025 0.500000 -0.000000
vn -0.965926 -0.258819 0.000000
vn -0.965926 -0.258819 0.000000
vn -1.000000 -0.000000 0.000000
vn -1.000000 -0.000000 0.000000
vn -0.965926 0.258819 -0.000000
vn -0.965926 0.258819 -0.000000
vn -0.866025 0.500000 -0.000000
vn -0.866025 0.500000 -0.000000
vn -0.707107 0.707107 -0.000000
vn -0.707107 0.707107 -0.000000
vn -0.500000 0.866025 -0.000000
vn -0.500000 0.866025 -0.000000
vn -0.258819 0.965926 -0.000000
vn -0.258819 0.965926 -0.000000
vn 0.000000 1.000000 -0.000000
vn 0.000000 1.000000 -0.000000
vn 0.258819 0.965926 -0.000000
vn 0.258819 0.965926 -0.000000
vn 0.500000 0.866025 -0.000000
vn 0.500000 0.866025 -0.000000
vn 0.707107 0.707107 -0.000000
vn 0.707107 0.707107 -0.000000
vn 0.866025 0.500000 -0.000000
vn 0.866025 0.500000 -0.000000
vn 0.965926 0.258819 -0.000000
vn 0.965926 0.258819 -0.000000
vn 1.000000 0.000000 -0.000000
vn 1.000000 0.000000 -0.000000
vn 0.965926 -0.258819 0.000000
vn 0.965926 -0.258819 0.000000
vn 0.866025 -0.500000 0.000000
vn 0.866025 -0.500000 0.000000
vn 0.707107 -0.707107 0.000000
vn 0.707107 -0.707107 0.000000
vn 0.500000 -0.866025 0.000000
vn 0.500000 -0.866025 0.000000
vn 0.258819 -0.965926 0.000000
vn 0.258819 -0.965926 0.000000
vn 0.000000 -1.000000 0.000000
vn 0.000000 -1.000000 0.000000
vn -0.258819 -0.965926 0.000000
vn -0.258819 -0.965926 0.000000
vn -0.500000 -0.866025 0.000000
vn -0.500000 -0.866025 0.000000
vn -0.707107 -0.707107 0.000000
vn -0.707107 -0.707107 0.000000
vn -0.866025 -0.500000 0.000000
vn -0.866025 -0.500000 0.000000
vn -1.000000 -0.000000 0.000000
vn -0.965926 -0.258819 0.000000
vn -0.866025 -0.500000 0.000000
vn -0.707107 -0.707107 0.000000
vn -0.500000 -0.866025 0.000000
vn -0.258819 -0.965926 0.000000
vn 0.000000 -1.000000 0.000000
vn 0.258819 -0.965926 0.000000
vn 0.500000 -0.866025 0.000000
vn 0.707107 -0.707107 0.000000
vn 0.866025 -0.500000 0.000000
vn 0.965926 -0.258819 0.000000
vn 1.000000 0.000000 -0.000000
vn 0.965926 0.258819 -0.000000
vn 0.866025 0.500000 -0.000000
vn 0.707107 0.707107 -0.000000
vn 0.500000 0.866025 -0.000000
vn 0.258819 0.965926 -0.000000
vn 0.000000 1.000000 -0.000000
vn -0.258819 0.965926 -0.000000
vn -0.500000 0.866025 -0.000000
vn -0.707107 0.707107 -0.000000
vn -0.866025 0.500000 -0.000000
vn -0.965926 0.258819 -0.000000
vn -1.000000 -0.000000 0.000000
vn -0.965926 -0.258819 0.000000
vn -0.866025 -0.500000 0.000000
vn -0.707107 -0.707107 0.000000
vn -0.500000 -0.866025 0.000000
vn -0.258819 -0.965926 0.000000
vn 0.000000 -1.000000 0.000000
vn 0.258819 -0.965926 0.000000
vn 0.500000 -0.866025 0.000000
vn 0.707107 -0.707107 0.000000
vn 0.866025 -0.500000 0.000000
vn 0.965926 -0.258819 0.000000
vn 1.000000 0.000000 -0.000000
vn 0.965926 0.258819 -0.000000
vn 0.866025 0.500000 -0.000000
vn 0.707107 0.707107 -0.000000
vn 0.500000 0.866025 -0.000000
vn 0.258819 0.965926 -0.000000
vn 0.000000 1.000000 -0.000000
vn -0.258819 0.965926 -0.000000
vn -0.500000 0.866025 -0.000000
vn -0.707107 0.707107 -0.000000
vn -0.866025 0.500000 -0.000000
vn -0.965926 0.258819 -0.000000
vn 0.000000 -0.000000 -1.000000
vn 0.000000 -0.000000 -1.000000
vn 0.000000 -0.000000 -1.000000
vn 0.000000 -0.000000 -1.000000
vn 0.000000 -0.000000 -1.000000
vn 0.000000 -0.000000 -1.000000
vn 0.000000 -0.000000 -1.000000
vn 0.000000 -0.000000 -1.000000
vn 0.000000 -0.000000 -1.000000
vn 0.000000 -0.000000 -1.000000
vn 0.000000 -0.000000 -1.000000
vn 0.000000 -0.000000 -1.000000
vn 0.000000 -0.000000 -1.000000
vn 0.000000 -0.000000 -1.000000
vn 0.000000 -0.000000 -1.000000
vn 0.000000 -0.000000 -1.000000
vn 0.000000 -0.000000 -1.000000
vn 0.000000 -0.000000 -1.000000
vn 0.000000 -0.000000 -1.000000
vn 0.000000 -0.000000 -1.000000
vn 0.000000 -0.000000 -1.000000
vn 0.000000 -0.000000 -1.000000
vn 0.000000 -0.000000 -1.000000
vn 0.000000 -0.000000 -1.000000
vn -0.965926 0.258819 -0.000000
vn -0.965926 0.258819 -0.000000
vn -1.000000 0.000000 -0.000000
vn -1.000000 0.000000 -0.000000
vn -0.965926 -0.258819 0.000000
vn -0.965926 -0.258819 0.000000
vn -0.866025 -0.500000 0.000000
vn -0.866025 -0.500000 0.000000
vn -0.707107 -0.707107 0.000000
vn -0.707107 -0.707107 0.000000
vn -0.500000 -0.866025 0.000000
vn -0.500000 -0.866025 0.000000
vn -0.258819 -0.965926 0.000000
vn -0.258819 -0.965926 0.000000
vn 0.000000 -1.000000 0.000000
vn 0.000000 -1.000000 0.000000
vn 0.258819 -0.965926 0.000000
vn 0.258819 -0.965926 0.000000
vn 0.500000 -0.866025 0.000000
vn 0.500000 -0.866025 0.000000
vn 0.707107 -0.707107 0.000000
vn 0.707107 -0.707107 0.000000
vn 0.866025 -0.500000 0.000000
vn 0.866025 -0.500000 0.000000
vn 0.965926 -0.258819 0.000000
vn 0.965926 -0.258819 0.000000
vn 1.000000 0.000000 -0.000000
vn 1.000000 0.000000 -0.000000
vn 0.965926 0.258819 -0.000000
vn 0.965926 0.258819 -0.000000
vn 0.866025 0.500000 -0.000000
vn 0.866025 0.500000 -0.000000
vn 0.707107 0.707107 -0.000000
vn 0.707107 0.707107 -0.000000
vn 0.500000 0.866025 -0.000000
vn 0.500000 0.866025 -0.000000
vn 0.258819 0.965926 -0.000000
vn 0.258819 0.965926 -0.000000
vn 0.000000 1.000000 -0.000000
vn 0.000000 1.000000 -0.000000
vn -0.258819 0.965926 -0.000000
vn -0.258819 0.965926 -0.000000
vn -0.500000 0.866025 -0.000000
vn -0.500000 0.866025 -0.000000
vn -0.707107 0.707107 -0.000000
vn -0.707107 0.707107 -0.000000
vn -0.866025 0.500000 -0.000000
vn -0.866025 0.500000 -0.000000
vn -0.965926 -0.258819 0.000000
vn -0.965926 -0.258819 0.000000
vn -1.000000 -0.000000 0.000000
vn -1.000000 -0.000000 0.000000
vn -0.965926 0.258819 -0.000000
vn -0.965926 0.258819 -0.000000
vn -0.866025 0.500000 -0.000000
vn -0.866025 0.500000 -0.000000
vn -0.707107 0.707107 -0.000000
vn -0.707107 0.707107 -0.000000
vn -0.500000 0.866025 -0.000000
vn -0.500000 0.866025 -0.000000
vn -0.258819 0.965926 -0.000000
vn -0.258819 0.965926 -0.000000
vn 0.000000 1.000000 -0.000000
vn 0.000000 1.000000 -0.000000
vn 0.258819 0.965926 -0.000000
vn 0.258819 0.965926 -0.000000
vn 0.500000 0.866025 -0.000000
vn 0.500000 0.866025 -0.000000
vn 0.707107 0.707107 -0.000000
vn 0.707107 0.707107 -0.000000
vn 0.866025 0.500000 -0.000000
vn 0.866025 0.500000 -0.000000
vn 0.965926 0.258819 -0.000000
vn 0.965926 0.258819 -0.000000
vn 1.000000 0.000000 -0.000000
vn 1.000000 0.000000 -0.000000
vn 0.965926 -0.258819 0.000000
vn 0.965926 -0.258819 0.000000
vn 0.866025 -0.500000 0.000000
vn 0.866025 -0.500000 0.000000
vn 0.707107 -0.707107 0.000000
vn 0.707107 -0.707107 0.000000
vn 0.500000 -0.866025 0.000000
vn 0.500000 -0.866025 0.000000
vn 0.258819 -0.965926 0.000000
vn 0.258819 -0.965926 0.000000
vn 0.000000 -1.000000 0.000000
vn 0.000000 -1.000000 0.000000
vn -0.258819 -0.965926 0.000000
vn -0.258819 -0.965926 0.000000
vn -0.500000 -0.866025 0.000000
vn -0.500000 -0.866025 0.000000
vn -0.707107 -0.707107 0.000000
vn -0.707107 -0.707107 0.000000
vn -0.866025 -0.500000 0.000000
vn -0.866025 -0.500000 0.000000
vn -1.000000 -0.000000 0.000000
vn -0.965926 -0.258819 0.000000
vn -0.866025 -0.500000 0.000000
vn -0.707107 -0.707107 0.000000
vn -0.500000 -0.866025 0.000000
vn -0.258819 -0.965926 0.000000
vn 0.000000 -1.000000 0.000000
vn 0.258819 -0.965926 0.000000
vn 0.500000 -0.866025 0.000000
vn 0.707107 -0.707107 0.000000
vn 0.866025 -0.500000 0.000000
vn 0.965926 -0.258819 0.000000
vn 1.000000 0.000000 -0.000000
vn 0.965926 0.258819 -0.000000
vn 0.866025 0.500000 -0.000000
vn 0.707107 0.707107 -0.000000
vn 0.500000 0.866025 -0.000000
vn 0.258819 0.965926 -0.000000
vn 0.000000 1.000000 -0.000000
vn -0.258819 0.965926 -0.000000
vn -0.500000 0.866025 -0.000000
vn -0.707107 0.707107 -0.000000
vn -0.866025 0.500000 -0.000000
vn -0.965926 0.258819 -0.000000
vn -1.000000 -0.000000 0.000000
vn -0.965926 -0.258819 0.000000
vn -0.866025 -0.500000 0.000000
vn -0.707107 -0.707107 0.000000
vn -0.500000 -0.866025 0.000000
vn -0.258819 -0.965926 0.000000
vn 0.000000 -1.000000 0.000000
vn 0.258819 -0.965926 0.000000
vn 0.500000 -0.866025 0.000000
vn 0.707107 -0.707107 0.000000
vn 0.866025 -0.500000 0.000000
vn 0.965926 -0.258819 0.000000
vn 1.000000 0.000000 -0.000000
vn 0.965926 0.258819 -0.000000
vn 0.866025 0.500000 -0.000000
vn 0.707107 0.707107 -0.000000
vn 0.500000 0.866025 -0.000000
vn 0.258819 0.965926 -0.000000
vn 0.000000 1.000000 -0.000000
vn -0.258819 0.965926 -0.000000
vn -0.500000 0.866025 -0.000000
vn -0.707107 0.707107 -0.000000
vn -0.866025 0.500000 -0.000000
vn -0.965926 0.258819 -0.000000
vn 0.000000 -0.000000 -1.000000
vn 0.000000 -0.000000 -1.000000
vn 0.000000 -0.000000 -1.000000
vn 0.000000 -0.000000 -1.000000
vn 0.000000 -0.000000 -1.000000
vn 0.000000 -0.000000 -1.000000
vn 0.000000 -0.000000 -1.000000
vn 0.000000 -0.000000 -1.000000
vn 0.000000 -0.000000 -1.000000
vn 0.000000 -0.000000 -1.000000
vn 0.000000 -0.000000 -1.000000
vn 0.000000 -0.000000 -1.000000
vn 0.000000 -0.000000 -1.000000
vn 0.000000 -0.000000 -1.000000
vn 0.000000 -0.000000 -1.000000
vn 0.000000 -0.000000 -1.000000
vn 0.000000 -0.000000 -1.000000
vn 0.000000 -0.000000 -1.000000
vn 0.000000 -0.000000 -1.000000
vn 0.000000 -0.000000 -1.000000
vn 0.000000 -0.000000 -1.000000
vn 0.000000 -0.000000 -1.000000
vn 0.000000 -0.000000 -1.000000
vn 0.000000 -0.000000 -1.000000
vn -0.965926 0.258819 -0.000000
vn -0.965926 0.258819 -0.000000
vn -1.000000 0.000000 -0.000000
vn -1.000000 0.000000 -0.000000
vn -0.965926 -0.258819 0.000000
vn -0.965926 -0.258819 0.000000
vn -0.866025 -0.500000 0.000000
vn -0.866025 -0.500000 0.000000
vn -0.707107 -0.707107 0.000000
vn -0.707107 -0.707107 0.000000
vn -0.500000 -0.866025 0.000000
vn -0.500000 -0.866025 0.000000
vn -0.258819 -0.965926 0.000000
vn -0.258819 -0.965926 0.000000
vn 0.000000 -1.000000 0.000000
vn 0.000000 -1.000000 0.000000
vn 0.258819 -0.965926 0.000000
vn 0.258819 -0.965926 0.000000
vn 0.500000 -0.866025 0.000000
vn 0.500000 -0.866025 0.000000
vn 0.707107 -0.707107 0.000000
vn 0.707107 -0.707107 0.000000
vn 0.866025 -0.500000 0.000000
vn 0.866025 -0.500000 0.000000
vn 0.965926 -0.258819 0.000000
vn 0.965926 -0.258819 0.000000
vn 1.000000 0.000000 -0.000000
vn 1.000000 0.000000 -0.000000
vn 0.965926 0.258819 -0.000000
vn 0.965926 0.258819 -0.000000
vn 0.866025 0.500000 -0.000000
vn 0.866025 0.500000 -0.000000
vn 0.707107 0.707107 -0.000000
vn 0.707107 0.707107 -0.000000
vn 0.500000 0.866025 -0.000000
vn 0.500000 0.866025 -0.000000
vn 0.258819 0.965926 -0.000000
vn 0.258819 0.965926 -0.000000
vn 0.000000 1.000000 -0.000000
vn 0.000000 1.000000 -0.000000
vn -0.258819 0.965926 -0.000000
vn -0.258819 0.965926 -0.000000
vn -0.500000 0.866025 -0.000000
vn -0.500000 0.866025 -0.000000
vn -0.707107 0.707107 -0.000000
vn -0.707107 0.707107 -0.000000
vn -0.866025 0.500000 -0.000000
vn -0.866025 0.500000 -0.000000
vn -0.965926 -0.258819 0.000000
vn -0.965926 -0.258819 0.000000
vn -1.000000 -0.000000 0.000000
vn -1.000000 -0.000000 0.000000
vn -0.965926 0.258819 -0.000000
vn -0.965926 0.258819 -0.000000
vn -0.866025 0.500000 -0.000000
vn -0.866025 0.500000 -0.000000
vn -0.707107 0.707107 -0.000000
vn -0.707107 0.707107 -0.000000
vn -0.500000 0.866025 -0.000000
vn -0.500000 0.866025 -0.000000
vn -0.258819 0.965926 -0.000000
vn -0.258819 0.965926 -0.000000
vn 0.000000 1.000000 -0.000000
vn 0.000000 1.000000 -0.000000
vn 0.258819 0.965926 -0.000000
vn 0.258819 0.965926 -0.000000
vn 0.500000 0.866025 -0.000000
vn 0.500000 0.866025 -0.000000
vn 0.707107 0.707107 -0.000000
vn 0.707107 0.707107 -0.000000
vn 0.866025 0.500000 -0.000000
vn 0.866025 0.500000 -0.000000
vn 0.965926 0.258819 -0.000000
vn 0.965926 0.258819 -0.000000
vn 1.000000 0.000000 -0.000000
vn 1.000000 0.000000 -0.000000
vn 0.965926 -0.258819 0.000000
vn 0.965926 -0.258819 0.000000
vn 0.866025 -0.500000 0.000000
vn 0.866025 -0.500000 0.000000
vn 0.707107 -0.707107 0.000000
vn 0.707107 -0.707107 0.000000
vn 0.500000 -0.866025 0.000000
vn 0.500000 -0.866025 0.000000
vn 0.258819 -0.965926 0.000000
vn 0.258819 -0.965926 0.000000
vn 0.000000 -1.000000 0.000000
vn 0.000000 -1.000000 0.000000
vn -0.258819 -0.965926 0.000000
vn -0.258819 -0.965926 0.000000
vn -0.500000 -0.866025 0.000000
vn -0.500000 -0.866025 0.000000
vn -0.707107 -0.707107 0.000000
vn -0.707107 -0.707107 0.000000
vn -0.866025 -0.500000 0.000000
vn -0.866025 -0.500000 0.000000
vn -1.000000 -0.000000 0.000000
vn -0.965926 -0.258819 0.000000
vn -0.866025 -0.500000 0.000000
vn -0.707107 -0.707107 0.000000
vn -0.500000 -0.866025 0.000000
vn -0.258819 -0.965926 0.000000
vn 0.000000 -1.000000 0.000000
vn 0.258819 -0.965926 0.000000
vn 0.500000 -0.866025 0.000000
vn 0.707107 -0.707107 0.000000
vn 0.866025 -0.500000 0.000000
vn 0.965926 -0.258819 0.000000
vn 1.000000 0.000000 -0.000000
vn 0.965926 0.258819 -0.000000
vn 0.866025 0.500000 -0.000000
vn 0.707107 0.707107 -0.000000
vn 0.500000 0.866025 -0.000000
vn 0.258819 0.965926 -0.000000
vn 0.000000 1.000000 -0.000000
vn -0.258819 0.965926 -0.000000
vn -0.500000 0.866025 -0.000000
vn -0.707107 0.707107 -0.000000
vn -0.866025 0.500000 -0.000000
vn -0.965926 0.258819 -0.000000
vn -1.000000 -0.000000 0.000000
vn -0.965926 -0.258819 0.000000
vn -0.866025 -0.500000 0.000000
vn -0.707107 -0.707107 0.000000
vn -0.500000 -0.866025 0.000000
vn -0.258819 -0.965926 0.000000
vn 0.000000 -1.000000 0.000000
vn 0.258819 -0.965926 0.000000
vn 0.500000 -0.866025 0.000000
vn 0.707107 -0.707107 0.000000
vn 0.866025 -0.500000 0.000000
vn 0.965926 -0.258819 0.000000
vn 1.000000 0.000000 -0.000000
vn 0.965926 0.258819 -0.000000
vn 0.866025 0.500000 -0.000000
vn 0.707107 0.707107 -0.000000
vn 0.500000 0.866025 -0.000000
vn 0.258819 0.965926 -0.000000
vn 0.000000 1.000000 -0.000000
vn -0.258819 0.965926 -0.000000
vn -0.500000 0.866025 -0.000000
vn -0.707107 0.707107 -0.000000
vn -0.866025 0.500000 -0.000000
vn -0.965926 0.258819 -0.000000
vn 0.000000 -0.000000 -1.000000
vn 0.000000 -0.000000 -1.000000
vn 0.000000 -0.000000 -1.000000
vn 0.000000 -0.000000 -1.000000
vn 0.000000 -0.000000 -1.000000
vn 0.000000 -0.000000 -1.000000
vn 0.000000 -0.000000 -1.000000
vn 0.000000 -0.000000 -1.000000
vn 0.000000 -0.000000 -1.000000
vn 0.000000 -0.000000 -1.000000
vn 0.000000 -0.000000 -1.000000
vn 0.000000 -0.000000 -1.000000
vn 0.000000 -0.000000 -1.000000
vn 0.000000 -0.000000 -1.000000
vn 0.000000 -0.000000 -1.000000
vn 0.000000 -0.000000 -1.000000
vn 0.000000 -0.000000 -1.000000
vn 0.000000 -0.000000 -1.000000
vn 0.000000 -0.000000 -1.000000
vn 0.000000 -0.000000 -1.000000
vn 0.000000 -0.000000 -1.000000
vn 0.000000 -0.000000 -1.000000
vn 0.000000 -0.000000 -1.000000
vn 0.000000 -0.000000 -1.000000
vn -0.965926 0.258819 -0.000000
vn -0.965926 0.258819 -0.000000
vn -1.000000 0.000000 -0.000000
vn -1.000000 0.000000 -0.000000
vn -0.965926 -0.258819 0.000000
vn -0.965926 -0.258819 0.000000
vn -0.866025 -0.500000 0.000000
vn -0.866025 -0.500000 0.000000
vn -0.707107 -0.707107 0.000000
vn -0.707107 -0.707107 0.000000
vn -0.500000 -0.866025 0.000000
vn -0.500000 -0.866025 0.000000
vn -0.258819 -0.965926 0.000000
vn -0.258819 -0.965926 0.000000
vn 0.000000 -1.000000 0.000000
vn 0.000000 -1.000000 0.000000
vn 0.258819 -0.965926 0.000000
vn 0.258819 -0.965926 0.000000
vn 0.500000 -0.866025 0.000000
vn 0.500000 -0.866025 0.000000
vn 0.707107 -0.707107 0.000000
vn 0.707107 -0.707107 0.000000
vn 0.866025 -0.500000 0.000000
vn 0.866025 -0.500000 0.000000
vn 0.965926 -0.258819 0.000000
vn 0.965926 -0.258819 0.000000
vn 1.000000 0.000000 -0.000000
vn 1.000000 0.000000 -0.000000
vn 0.965926 0.258819 -0.000000
vn 0.965926 0.258819 -0.000000
vn 0.866025 0.500000 -0.000000
vn 0.866025 0.500000 -0.000000
vn 0.707107 0.707107 -0.000000
vn 0.707107 0.707107 -0.000000
vn 0.500000 0.866025 -0.000000
vn 0.500000 0.866025 -0.000000
vn 0.258819 0.965926 -0.000000
vn 0.258819 0.965926 -0.000000
vn 0.000000 1.000000 -0.000000
vn 0.000000 1.000000 -0.000000
vn -0.258819 0.965926 -0.000000
vn -0.258819 0.965926 -0.000000
vn -0.500000 0.866025 -0.000000
vn -0.500000 0.866025 -0.000000
vn -0.707107 0.707107 -0.000000
vn -0.707107 0.707107 -0.000000
vn -0.866025 0.500000 -0.000000
vn -0.866025 0.500000 -0.000000
vn -0.965926 -0.258819 0.000000
vn -0.965926 -0.258819 0.000000
vn -1.000000 -0.000000 0.000000
vn -1.000000 -0.000000 0.000000
vn -0.965926 0.258819 -0.000000
vn -0.965926 0.258819 -0.000000
vn -0.866025 0.500000 -0.000000
vn -0.866025 0.500000 -0.000000
vn -0.707107 0.707107 -0.000000
vn -0.707107 0.707107 -0.000000
vn -0.500000 0.866025 -0.000000
vn -0.500000 0.866025 -0.000000
vn -0.258819 0.965926 -0.000000
vn -0.258819 0.965926 -0.000000
vn 0.000000 1.000000 -0.000000
vn 0.000000 1.000000 -0.000000
vn 0.258819 0.965926 -0.000000
vn 0.258819 0.965926 -0.000000
vn 0.500000 0.866025 -0.000000
vn 0.500000 0.866025 -0.000000
vn 0.707107 0.707107 -0.000000
vn 0.707107 0.707107 -0.000000
vn 0.866025 0.500000 -0.000000
vn 0.866025 0.500000 -0.000000
vn 0.965926 0.258819 -0.000000
vn 0.965926 0.258819 -0.000000
vn 1.000000 0.000000 -0.000000
vn 1.000000 0.000000 -0.000000
vn 0.965926 -0.258819 0.000000
vn 0.965926 -0.258819 0.000000
vn 0.866025 -0.500000 0.000000
vn 0.866025 -0.500000 0.000000
vn 0.707107 -0.707107 0.000000
vn 0.707107 -0.707107 0.000000
vn 0.500000 -0.866025 0.000000
vn 0.500000 -0.866025 0.000000
vn 0.258819 -0.965926 0.000000
vn 0.258819 -0.965926 0.000000
vn 0.000000 -1.000000 0.000000
vn 0.000000 -1.000000 0.000000
vn -0.258819 -0.965926 0.000000
vn -0.258819 -0.965926 0.000000
vn -0.500000 -0.866025 0.000000
vn -0.500000 -0.866025 0.000000
vn -0.707107 -0.707107 0.000000
vn -0.707107 -0.707107 0.000000
vn -0.866025 -0.500000 0.000000
vn -0.866025 -0.500000 0.000000
vn -1.000000 -0.000000 0.000000
vn -0.965926 -0.258819 0.000000
vn -0.866025 -0.500000 0.000000
vn -0.707107 -0.707107 0.000000
vn -0.500000 -0.866025 0.000000
vn -0.258819 -0.965926 0.000000
vn 0.000000 -1.000000 0.000000
vn 0.258819 -0.965926 0.000000
vn 0.500000 -0.866025 0.000000
vn 0.707107 -0.707107 0.000000
vn 0.866025 -0.500000 0.000000
vn 0.965926 -0.258819 0.000000
vn 1.000000 0.000000 -0.000000
vn 0.965926 0.258819 -0.000000
vn 0.866025 0.500000 -0.000000
vn 0.707107 0.707107 -0.000000
vn 0.500000 0.866025 -0.000000
vn 0.258819 0.965926 -0.000000
vn 0.000000 1.000000 -0.000000
vn -0.258819 0.965926 -0.000000
vn -0.500000 0.866025 -0.000000
vn -0.707107 0.707107 -0.000000
vn -0.866025 0.500000 -0.000000
vn -0.965926 0.258819 -0.000000
vn -1.000000 -0.000000 0.000000
vn -0.965926 -0.258819 0.000000
vn -0.866025 -0.500000 0.000000
vn -0.707107 -0.707107 0.000000
vn -0.500000 -0.866025 0.000000
vn -0.258819 -0.965926 0.000000
vn 0.000000 -1.000000 0.000000
vn 0.258819 -0.965926 0.000000
vn 0.500000 -0.866025 0.000000
vn 0.707107 -0.707107 0.000000
vn 0.866025 -0.500000 0.000000
vn 0.965926 -0.258819 0.000000
vn 1.000000 0.000000 -0.000000
vn 0.965926 0.258819 -0.000000
vn 0.866025 0.500000 -0.000000
vn 0.707107 0.707107 -0.000000
vn 0.500000 0.866025 -0.000000
vn 0.258819 0.965926 -0.000000
vn 0.000000 1.000000 -0.000000
vn -0.258819 0.965926 -0.000000
vn -0.500000 0.866025 -0.000000
vn -0.707107 0.707107 -0.000000
vn -0.866025 0.500000 -0.000000
vn -0.965926 0.258819 -0.000000
vn 0.000000 -0.000000 -1.000000
vn 0.000000 -0.000000 -1.000000
vn 0.000000 -0.000000 -1.000000
vn 0.000000 -0.000000 -1.000000
vn 0.000000 -0.000000 -1.000000
vn 0.000000 -0.000000 -1.000000
vn 0.000000 -0.000000 -1.000000
vn 0.000000 -0.000000 -1.000000
vn 0.000000 -0.000000 -1.000000
vn 0.000000 -0.000000 -1.000000
vn 0.000000 -0.000000 -1.000000
vn 0.000000 -0.000000 -1.000000
vn 0.000000 -0.000000 -1.000000
vn 0.000000 -0.000000 -1.000000
vn 0.000000 -0.000000 -1.000000
vn 0.000000 -0.000000 -1.000000
vn 0.000000 -0.000000 -1.000000
vn 0.000000 -0.000000 -1.000000
vn 0.000000 -0.000000 -1.000000
vn 0.000000 -0.000000 -1.000000
vn 0.000000 -0.000000 -1.000000
vn 0.000000 -0.000000 -1.000000
vn 0.000000 -0.000000 -1.000000
vn 0.000000 -0.000000 -1.000000
vn -0.965926 0.258819 -0.000000
vn -0.965926 0.258819 -0.000000
vn -1.000000 0.000000 -0.000000
vn -1.000000 0.000000 -0.000000
vn -0.965926 -0.258819 0.000000
vn -0.965926 -0.258819 0.000000
vn -0.866025 -0.500000 0.000000
vn -0.866025 -0.500000 0.000000
vn -0.707107 -0.707107 0.000000
vn -0.707107 -0.707107 0.000000
vn -0.500000 -0.866025 0.000000
vn -0.500000 -0.866025 0.000000
vn -0.258819 -0.965926 0.000000
vn -0.258819 -0.965926 0.000000
vn 0.000000 -1.000000 0.000000
vn 0.000000 -1.000000 0.000000
vn 0.258819 -0.965926 0.000000
vn 0.258819 -0.965926 0.000000
vn 0.500000 -0.866025 0.000000
vn 0.500000 -0.866025 0.000000
vn 0.707107 -0.707107 0.000000
vn 0.707107 -0.707107 0.000000
vn 0.866025 -0.500000 0.000000
vn 0.866025 -0.500000 0.000000
vn 0.965926 -0.258819 0.000000
vn 0.965926 -0.258819 0.000000
vn 1.000000 0.000000 -0.000000
vn 1.000000 0.000000 -0.000000
vn 0.965926 0.258819 -0.000000
vn 0.965926 0.258819 -0.000000
vn 0.866025 0.500000 -0.000000
vn 0.866025 0.500000 -0.000000
vn 0.707107 0.707107 -0.000000
vn 0.707107 0.707107 -0.000000
vn 0.500000 0.866025 -0.000000
vn 0.500000 0.866025 -0.000000
vn 0.258819 0.965926 -0.000000
vn 0.258819 0.965926 -0.000000
vn 0.000000 1.000000 -0.000000
vn 0.000000 1.000000 -0.000000
vn -0.258819 0.965926 -0.000000
vn -0.258819 0.965926 -0.000000
vn -0.500000 0.866025 -0.000000
vn -0.500000 0.866025 -0.000000
vn -0.707107 0.707107 -0.000000
vn -0.707107 0.707107 -0.000000
vn -0.866025 0.500000 -0.000000
vn -0.866025 0.500000 -0.000000
vn -0.965926 -0.258819 0.000000
vn -0.965926 -0.258819 0.000000
vn -1.000000 -0.000000 0.000000
vn -1.000000 -0.000000 0.000000
vn -0.965926 0.258819 -0.000000
vn -0.965926 0.258819 -0.000000
vn -0.866025 0.500000 -0.000000
vn -0.866025 0.500000 -0.000000
vn -0.707107 0.707107 -0.000000
vn -0.707107 0.707107 -0.000000
vn -0.500000 0.866025 -0.000000
vn -0.500000 0.866025 -0.000000
vn -0.258819 0.965926 -0.000000
vn -0.258819 0.965926 -0.000000
vn 0.000000 1.000000 -0.000000
vn 0.000000 1.000000 -0.000000
vn 0.258819 0.965926 -0.000000
vn 0.258819 0.965926 -0.000000
vn 0.500000 0.866025 -0.000000
vn 0.500000 0.866025 -0.000000
vn 0.707107 0.707107 -0.000000
vn 0.707107 0.707107 -0.000000
vn 0.866025 0.500000 -0.000000
vn 0.866025 0.500000 -0.000000
vn 0.965926 0.258819 -0.000000
vn 0.965926 0.258819 -0.000000
vn 1.000000 0.000000 -0.000000
vn 1.000000 0.000000 -0.000000
vn 0.965926 -0.258819 0.000000
vn 0.965926 -0.258819 0.000000
vn 0.866025 -0.500000 0.000000
vn 0.866025 -0.500000 0.000000
vn 0.707107 -0.707107 0.000000
vn 0.707107 -0.707107 0.000000
vn 0.500000 -0.866025 0.000000
vn 0.500000 -0.866025 0.000000
vn 0.258819 -0.965926 0.000000
vn 0.258819 -0.965926 0.000000
vn 0.000000 -1.000000 0.000000
vn 0.000000 -1.000000 0.000000
vn -0.258819 -0.965926 0.000000
vn -0.258819 -0.965926 0.000000
vn -0.500000 -0.866025 0.000000
vn -0.500000 -0.866025 0.000000
vn -0.707107 -0.707107 0.000000
vn -0.707107 -0.707107 0.000000
vn -0.866025 -0.500000 0.000000
vn -0.866025 -0.500000 0.000000
vn -1.000000 -0.000000 0.000000
vn -0.965926 -0.258819 0.000000
vn -0.866025 -0.500000 0.000000
vn -0.707107 -0.707107 0.000000
vn -0.500000 -0.866025 0.000000
vn -0.258819 -0.965926 0.000000
vn 0.000000 -1.000000 0.000000
vn 0.258819 -0.965926 0.000000
vn 0.500000 -0.866025 0.000000
vn 0.707107 -0.707107 0.000000
vn 0.866025 -0.500000 0.000000
vn 0.965926 -0.258819 0.000000
vn 1.000000 0.000000 -0.000000
vn 0.965926 0.258819 -0.000000
vn 0.866025 0.500000 -0.000000
vn 0.707107 0.707107 -0.000000
vn 0.500000 0.866025 -0.000000
vn 0.258819 0.965926 -0.000000
vn 0.000000 1.000000 -0.000000
vn -0.258819 0.965926 -0.000000
vn -0.500000 0.866025 -0.000000
vn -0.707107 0.707107 -0.000000
vn -0.866025 0.500000 -0.000000
vn -0.965926 0.258819 -0.000000
vn -1.000000 -0.000000 0.000000
vn -0.965926 -0.258819 0.000000
vn -0.866025 -0.500000 0.000000
vn -0.707107 -0.707107 0.000000
vn -0.500000 -0.866025 0.000000
vn -0.258819 -0.965926 0.000000
vn 0.000000 -1.000000 0.000000
vn 0.258819 -0.965926 0.000000
vn 0.500000 -0.866025 0.000000
vn 0.707107 -0.707107 0.000000
vn 0.866025 -0.500000 0.000000
vn 0.965926 -0.258819 0.000000
vn 1.000000 0.000000 -0.000000
vn 0.965926 0.258819 -0.000000
vn 0.866025 0.500000 -0.000000
vn 0.707107 0.707107 -0.000000
vn 0.500000 0.866025 -0.000000
vn 0.258819 0.965926 -0.000000
vn 0.000000 1.000000 -0.000000
vn -0.258819 0.965926 -0.000000
vn -0.500000 0.866025 -0.000000
vn -0.707107 0.707107 -0.000000
vn -0.866025 0.500000 -0.000000
vn -0.965926 0.258819 -0.000000
vn 0.000000 -0.000000 -1.000000
vn 0.000000 -0.000000 -1.000000
vn 0.000000 -0.000000 -1.000000
vn 0.000000 -0.000000 -1.000000
vn 0.000000 -0.000000 -1.000000
vn 0.000000 -0.000000 -1.000000
vn 0.000000 -0.000000 -1.000000
vn 0.000000 -0.000000 -1.000000
vn 0.000000 -0.000000 -1.000000
vn 0.000000 -0.000000 -1.000000
vn 0.000000 -0.000000 -1.000000
vn 0.000000 -0.000000 -1.000000
vn 0.000000 -0.000000 -1.000000
vn 0.000000 -0.000000 -1.000000
vn 0.000000 -0.000000 -1.000000
vn 0.000000 -0.000000 -1.000000
vn 0.000000 -0.000000 -1.000000
vn 0.000000 -0.000000 -1.000000
vn 0.000000 -0.000000 -1.000000
vn 0.000000 -0.000000 -1.000000
vn 0.000000 -0.000000 -1.000000
vn 0.000000 -0.000000 -1.000000
vn 0.000000 -0.000000 -1.000000
vn 0.000000 -0.000000 -1.000000
vn -0.965926 0.258819 -0.000000
vn -0.965926 0.258819 -0.000000
vn -1.000000 0.000000 -0.000000
vn -1.000000 0.000000 -0.000000
vn -0.965926 -0.258819 0.000000
vn -0.965926 -0.258819 0.000000
vn -0.866025 -0.500000 0.000000
vn -0.866025 -0.500000 0.000000
vn -0.707107 -0.707107 0.000000
vn -0.707107 -0.707107 0.000000
vn -0.500000 -0.866025 0.000000
vn -0.500000 -0.866025 0.000000
vn -0.258819 -0.965926 0.000000
vn -0.258819 -0.965926 0.000000
vn 0.000000 -1.000000 0.000000
vn 0.000000 -1.000000 0.000000
vn 0.258819 -0.965926 0.000000
vn 0.258819 -0.965926 0.000000
vn 0.500000 -0.866025 0.000000
vn 0.500000 -0.866025 0.000000
vn 0.707107 -0.707107 0.000000
vn 0.707107 -0.707107 0.000000
vn 0.866025 -0.500000 0.000000
vn 0.866025 -0.500000 0.000000
vn 0.965926 -0.258819 0.000000
vn 0.965926 -0.258819 0.000000
vn 1.000000 0.000000 -0.000000
vn 1.000000 0.000000 -0.000000
vn 0.965926 0.258819 -0.000000
vn 0.965926 0.258819 -0.000000
vn 0.866025 0.500000 -0.000000
vn 0.866025 0.500000 -0.000000
vn 0.707107 0.707107 -0.000000
vn 0.707107 0.707107 -0.000000
vn 0.500000 0.866025 -0.000000
vn 0.500000 0.866025 -0.000000
vn 0.258819 0.965926 -0.000000
vn 0.258819 0.965926 -0.000000
vn 0.000000 1.000000 -0.000000
vn 0.000000 1.000000 -0.000000
vn -0.258819 0.965926 -0.000000
vn -0.258819 0.965926 -0.000000
vn -0.500000 0.866025 -0.000000
vn -0.500000 0.866025 -0.000000
vn -0.707107 0.707107 -0.000000
vn -0.707107 0.707107 -0.000000
vn -0.866025 0.500000 -0.000000
vn -0.866025 0.500000 -0.000000
vn -0.965926 -0.258819 0.000000
vn -0.965926 -0.258819 0.000000
vn -1.000000 -0.000000 0.000000
vn -1.000000 -0.000000 0.000000
vn -0.965926 0.258819 -0.000000
vn -0.965926 0.258819 -0.000000
vn -0.866025 0.500000 -0.000000
vn -0.866025 0.500000 -0.000000
vn -0.707107 0.707107 -0.000000
vn -0.707107 0.707107 -0.000000
vn -0.500000 0.866025 -0.000000
vn -0.500000 0.866025 -0.000000
vn -0.258819 0.965926 -0.000000
vn -0.258819 0.965926 -0.000000
vn 0.000000 1.000000 -0.000000
vn 0.000000 1.000000 -0.000000
vn 0.258819 0.965926 -0.000000
vn 0.258819 0.965926 -0.000000
vn 0.500000 0.866025 -0.000000
vn 0.500000 0.866025 -0.000000
vn 0.707107 0.707107 -0.000000
vn 0.707107 0.707107 -0.000000
vn 0.866025 0.500000 -0.000000
vn 0.866025 0.500000 -0.000000
vn 0.965926 0.258819 -0.000000
vn 0.965926 0.258819 -0.000000
vn 1.000000 0.000000 -0.000000
vn 1.000000 0.000000 -0.000000
vn 0.965926 -0.258819 0.000000
vn 0.965926 -0.258819 0.000000
vn 0.866025 -0.500000 0.000000
vn 0.866025 -0.500000 0.000000
vn 0.707107 -0.707107 0.000000
vn 0.707107 -0.707107 0.000000
vn 0.500000 -0.866025 0.000000
vn 0.500000 -0.866025 0.000000
vn 0.258819 -0.965926 0.000000
vn 0.258819 -0.965926 0.000000
vn 0.000000 -1.000000 0.000000
vn 0.000000 -1.000000 0.000000
vn -0.258819 -0.965926 0.000000
vn -0.258819 -0.965926 0.000000
vn -0.500000 -0.866025 0.000000
vn -0.500000 -0.866025 0.000000
vn -0.707107 -0.707107 0.000000
vn -0.707107 -0.707107 0.000000
vn -0.866025 -0.500000 0.000000
vn -0.866025 -0.500000 0.000000
vn -1.000000 -0.000000 0.000000
vn -0.965926 -0.258819 0.000000
vn -0.866025 -0.500000 0.000000
vn -0.707107 -0.707107 0.000000
vn -0.500000 -0.866025 0.000000
vn -0.258819 -0.965926 0.000000
vn 0.000000 -1.000000 0.000000
vn 0.258819 -0.965926 0.000000
vn 0.500000 -0.866025 0.000000
vn 0.707107 -0.707107 0.000000
vn 0.866025 -0.500000 0.000000
vn 0.965926 -0.258819 0.000000
vn 1.000000 0.000000 -0.000000
vn 0.965926 0.258819 -0.000000
vn 0.866025 0.500000 -0.000000
vn 0.707107 0.707107 -0.000000
vn 0.500000 0.866025 -0.000000
vn 0.258819 0.965926 -0.000000
vn 0.000000 1.000000 -0.000000
vn -0.258819 0.965926 -0.000000
vn -0.500000 0.866025 -0.000000
vn -0.707107 0.707107 -0.000000
vn -0.866025 0.500000 -0.000000
vn -0.965926 0.258819 -0.000000
vn -1.000000 -0.000000 0.000000
vn -0.965926 -0.258819 0.000000
vn -0.866025 -0.500000 0.000000
vn -0.707107 -0.707107 0.000000
vn -0.500000 -0.866025 0.000000
vn -0.258819 -0.965926 0.000000
vn 0.000000 -1.000000 0.000000
vn 0.258819 -0.965926 0.000000
vn 0.500000 -0.866025 0.000000
vn 0.707107 -0.707107 0.000000
vn 0.866025 -0.500000 0.000000
vn 0.965926 -0.258819 0.000000
vn 1.000000 0.000000 -0.000000
vn 0.965926 0.258819 -0.000000
vn 0.866025 0.500000 -0.000000
vn 0.707107 0.707107 -0.000000
vn 0.500000 0.866025 -0.000000
vn 0.258819 0.965926 -0.000000
vn 0.000000 1.000000 -0.000000
vn -0.258819 0.965926 -0.000000
vn -0.500000 0.866025 -0.000000
vn -0.707107 0.707107 -0.000000
vn -0.866025 0.500000 -0.000000
vn -0.965926 0.258819 -0.000000
vn 0.000000 -0.000000 -1.000000
vn 0.000000 -0.000000 -1.000000
vn 0.000000 -0.000000 -1.000000
vn 0.000000 -0.000000 -1.000000
vn 0.000000 -0.000000 -1.000000
vn 0.000000 -0.000000 -1.000000
vn 0.000000 -0.000000 -1.000000
vn 0.000000 -0.000000 -1.000000
vn 0.000000 -0.000000 -1.000000
vn 0.000000 -0.000000 -1.000000
vn 0.000000 -0.000000 -1.000000
vn 0.000000 -0.000000 -1.000000
vn 0.000000 -0.000000 -1.000000
vn 0.000000 -0.000000 -1.000000
vn 0.000000 -0.000000 -1.000000
vn 0.000000 -0.000000 -1.000000
vn 0.000000 -0.000000 -1.000000
vn 0.000000 -0.000000 -1.000000
vn 0.000000 -0.000000 -1.000000
vn 0.000000 -0.000000 -1.000000
vn 0.000000 -0.000000 -1.000000
vn 0.000000 -0.000000 -1.000000
vn 0.000000 -0.000000 -1.000000
vn 0.000000 -0.000000 -1.000000
vn -0.965926 0.258819 -0.000000
vn -0.965926 0.258819 -0.000000
vn -1.000000 0.000000 -0.000000
vn -1.000000 0.000000 -0.000000
vn -0.965926 -0.258819 0.000000
vn -0.965926 -0.258819 0.000000
vn -0.866025 -0.500000 0.000000
vn -0.866025 -0.500000 0.000000
vn -0.707107 -0.707107 0.000000
vn -0.707107 -0.707107 0.000000
vn -0.500000 -0.866025 0.000000
vn -0.500000 -0.866025 0.000000
vn -0.258819 -0.965926 0.000000
vn -0.258819 -0.965926 0.000000
vn 0.000000 -1.000000 0.000000
vn 0.000000 -1.000000 0.000000
vn 0.258819 -0.965926 0.000000
vn 0.258819 -0.965926 0.000000
vn 0.500000 -0.866025 0.000000
vn 0.500000 -0.866025 0.000000
vn 0.707107 -0.707107 0.000000
vn 0.707107 -0.707107 0.000000
vn 0.866025 -0.500000 0.000000
vn 0.866025 -0.500000 0.000000
vn 0.965926 -0.258819 0.000000
vn 0.965926 -0.258819 0.000000
vn 1.000000 0.000000 -0.000000
vn 1.000000 0.000000 -0.000000
vn 0.965926 0.258819 -0.000000
vn 0.965926 0.258819 -0.000000
vn 0.866025 0.500000 -0.000000
vn 0.866025 0.500000 -0.000000
vn 0.707107 0.707107 -0.000000
vn 0.707107 0.707107 -0.000000
vn 0.500000 0.866025 -0.000000
vn 0.500000 0.866025 -0.000000
vn 0.258819 0.965926 -0.000000
vn 0.258819 0.965926 -0.000000
vn 0.000000 1.000000 -0.000000
vn 0.000000 1.000000 -0.000000
vn -0.258819 0.965926 -0.000000
vn -0.258819 0.965926 -0.000000
vn -0.500000 0.866025 -0.000000
vn -0.500000 0.866025 -0.000000
vn -0.707107 0.707107 -0.000000
vn -0.707107 0.707107 -0.000000
vn -0.866025 0.500000 -0.000000
vn -0.866025 0.500000 -0.000000
vn -0.965926 -0.258819 0.000000
vn -0.965926 -0.258819 0.000000
vn -1.000000 -0.000000 0.000000
vn -1.000000 -0.000000 0.000000
vn -0.965926 0.258819 -0.000000
vn -0.965926 0.258819 -0.000000
vn -0.866025 0.500000 -0.000000
vn -0.866025 0.500000 -0.000000
vn -0.707107 0.707107 -0.000000
vn -0.707107 0.707107 -0.000000
vn -0.500000 0.866025 -0.000000
vn -0.500000 0.866025 -0.000000
vn -0.258819 0.965926 -0.000000
vn -0.258819 0.965926 -0.000000
vn 0.000000 1.000000 -0.000000
vn 0.000000 1.000000 -0.000000
vn 0.258819 0.965926 -0.000000
vn 0.258819 0.965926 -0.000000
vn 0.500000 0.866025 -0.000000
vn 0.500000 0.866025 -0.000000
vn 0.707107 0.707107 -0.000000
vn 0.707107 0.707107 -0.000000
vn 0.866025 0.500000 -0.000000
vn 0.866025 0.500000 -0.000000
vn 0.965926 0.258819 -0.000000
vn 0.965926 0.258819 -0.000000
vn 1.000000 0.000000 -0.000000
vn 1.000000 0.000000 -0.000000
vn 0.965926 -0.258819 0.000000
vn 0.965926 -0.258819 0.000000
vn 0.866025 -0.500000 0.000000
vn 0.866025 -0.500000 0.000000
vn 0.707107 -0.707107 0.000000
vn 0.707107 -0.707107 0.000000
vn 0.500000 -0.866025 0.000000
vn 0.500000 -0.866025 0.000000
vn 0.258819 -0.965926 0.000000
vn 0.258819 -0.965926 0.000000
vn 0.000000 -1.000000 0.000000
vn 0.000000 -1.000000 0.000000
vn -0.258819 -0.965926 0.000000
vn -0.258819 -0.965926 0.000000
vn -0.500000 -0.866025 0.000000
vn -0.500000 -0.866025 0.000000
vn -0.707107 -0.707107 0.000000
vn -0.707107 -0.707107 0.000000
vn -0.866025 -0.500000 0.000000
vn -0.866025 -0.500000 0.000000
vn -1.000000 -0.000000 0.000000
vn -0.965926 -0.258819 0.000000
vn -0.866025 -0.500000 0.000000
vn -0.707107 -0.707107 0.000000
vn -0.500000 -0.866025 0.000000
vn -0.258819 -0.965926 0.000000
vn 0.000000 -1.000000 0.000000
vn 0.258819 -0.965926 0.000000
vn 0.500000 -0.866025 0.000000
vn 0.707107 -0.707107 0.000000
vn 0.866025 -0.500000 0.000000
vn 0.965926 -0.258819 0.000000
vn 1.000000 0.000000 -0.000000
vn 0.965926 0.258819 -0.000000
vn 0.866025 0.500000 -0.000000
vn 0.707107 0.707107 -0.000000
vn 0.500000 0.866025 -0.000000
vn 0.258819 0.965926 -0.000000
vn 0.000000 1.000000 -0.000000
vn -0.258819 0.965926 -0.000000
vn -0.500000 0.866025 -0.000000
vn -0.707107 0.707107 -0.000000
vn -0.866025 0.500000 -0.000000
vn -0.965926 0.258819 -0.000000
vn -1.000000 -0.000000 0.000000
vn -0.965926 -0.258819 0.000000
vn -0.866025 -0.500000 0.000000
vn -0.707107 -0.707107 0.000000
vn -0.500000 -0.866025 0.000000
vn -0.258819 -0.965926 0.000000
vn 0.000000 -1.000000 0.000000
vn 0.258819 -0.965926 0.000000
vn 0.500000 -0.866025 0.000000
vn 0.707107 -0.707107 0.000000
vn 0.866025 -0.500000 0.000000
vn 0.965926 -0.258819 0.000000
vn 1.000000 0.000000 -0.000000
vn 0.965926 0.258819 -0.000000
vn 0.866025 0.500000 -0.000000
vn 0.707107 0.707107 -0.000000
vn 0.500000 0.866025 -0.000000
vn 0.258819 0.965926 -0.000000
vn 0.000000 1.000000 -0.000000
vn -0.258819 0.965926 -0.000000
vn -0.500000 0.866025 -0.000000
vn -0.707107 0.707107 -0.000000
vn -0.866025 0.500000 -0.000000
vn -0.965926 0.258819 -0.000000
vn 0.000000 -0.000000 -1.000000
vn 0.000000 -0.000000 -1.000000
vn 0.000000 -0.000000 -1.000000
vn 0.000000 -0.000000 -1.000000
vn 0.000000 -0.000000 -1.000000
vn 0.000000 -0.000000 -1.000000
vn 0.000000 -0.000000 -1.000000
vn 0.000000 -0.000000 -1.000000
vn 0.000000 -0.000000 -1.000000
vn 0.000000 -0.000000 -1.000000
vn 0.000000 -0.000000 -1.000000
vn 0.000000 -0.000000 -1.000000
vn 0.000000 -0.000000 -1.000000
vn 0.000000 -0.000000 -1.000000
vn 0.000000 -0.000000 -1.000000
vn 0.000000 -0.000000 -1.000000
vn 0.000000 -0.000000 -1.000000
vn 0.000000 -0.000000 -1.000000
vn 0.000000 -0.000000 -1.000000
vn 0.000000 -0.000000 -1.000000
vn 0.000000 -0.000000 -1.000000
vn 0.000000 -0.000000 -1.000000
vn 0.000000 -0.000000 -1.000000
vn 0.000000 -0.000000 -1.000000
vn -0.965926 0.258819 -0.000000
vn -0.965926 0.258819 -0.000000
vn -1.000000 0.000000 -0.000000
vn -1.000000 0.000000 -0.000000
vn -0.965926 -0.258819 0.000000
vn -0.965926 -0.258819 0.000000
vn -0.866025 -0.500000 0.000000
vn -0.866025 -0.500000 0.000000
vn -0.707107 -0.707107 0.000000
vn -0.707107 -0.707107 0.000000
vn -0.500000 -0.866025 0.000000
vn -0.500000 -0.866025 0.000000
vn -0.258819 -0.965926 0.000000
vn -0.258819 -0.965926 0.000000
vn 0.000000 -1.000000 0.000000
vn 0.000000 -1.000000 0.000000
vn 0.258819 -0.965926 0.000000
vn 0.258819 -0.965926 0.000000
vn 0.500000 -0.866025 0.000000
vn 0.500000 -0.866025 0.000000
vn 0.707107 -0.707107 0.000000
vn 0.707107 -0.707107 0.000000
vn 0.866025 -0.500000 0.000000
vn 0.866025 -0.500000 0.000000
vn 0.965926 -0.258819 0.000000
vn 0.965926 -0.258819 0.000000
vn 1.000000 0.000000 -0.000000
vn 1.000000 0.000000 -0.000000
vn 0.965926 0.258819 -0.000000
vn 0.965926 0.258819 -0.000000
vn 0.866025 0.500000 -0.000000
vn 0.866025 0.500000 -0.000000
vn 0.707107 0.707107 -0.000000
vn 0.707107 0.707107 -0.000000
vn 0.500000 0.866025 -0.000000
vn 0.500000 0.866025 -0.000000
vn 0.258819 0.965926 -0.000000
vn 0.258819 0.965926 -0.000000
vn 0.000000 1.000000 -0.000000
vn 0.000000 1.000000 -0.000000
vn -0.258819 0.965926 -0.000000
vn -0.258819 0.965926 -0.000000
vn -0.500000 0.866025 -0.000000
vn -0.500000 0.866025 -0.000000
vn -0.707107 0.707107 -0.000000
vn -0.707107 0.707107 -0.000000
vn -0.866025 0.500000 -0.000000
vn -0.866025 0.500000 -0.000000
vn -0.965926 -0.258819 0.000000
vn -0.965926 -0.258819 0.000000
vn -1.000000 -0.000000 0.000000
vn -1.000000 -0.000000 0.000000
vn -0.965926 0.258819 -0.000000
vn -0.965926 0.258819 -0.000000
vn -0.866025 0.500000 -0.000000
vn -0.866025 0.500000 -0.000000
vn -0.707107 0.707107 -0.000000
vn -0.707107 0.707107 -0.000000
vn -0.500000 0.866025 -0.000000
vn -0.500000 0.866025 -0.000000
vn -0.258819 0.965926 -0.000000
vn -0.258819 0.965926 -0.000000
vn 0.000000 1.000000 -0.000000
vn 0.000000 1.000000 -0.000000
vn 0.258819 0.965926 -0.000000
vn 0.258819 0.965926 -0.000000
vn 0.500000 0.866025 -0.000000
vn 0.500000 0.866025 -0.000000
vn 0.707107 0.707107 -0.000000
vn 0.707107 0.707107 -0.000000
vn 0.866025 0.500000 -0.000000
vn 0.866025 0.500000 -0.000000
vn 0.965926 0.258819 -0.000000
vn 0.965926 0.258819 -0.000000
vn 1.000000 0.000000 -0.000000
vn 1.000000 0.000000 -0.000000
vn 0.965926 -0.258819 0.000000
vn 0.965926 -0.258819 0.000000
vn 0.866025 -0.500000 0.000000
vn 0.866025 -0.500000 0.000000
vn 0.707107 -0.707107 0.000000
vn 0.707107 -0.707107 0.000000
vn 0.500000 -0.866025 0.000000
vn 0.500000 -0.866025 0.000000
vn 0.258819 -0.965926 0.000000
vn 0.258819 -0.965926 0.000000
vn 0.000000 -1.000000 0.000000
vn 0.000000 -1.000000 0.000000
vn -0.258819 -0.965926 0.000000
vn -0.258819 -0.965926 0.000000
vn -0.500000 -0.866025 0.000000
vn -0.500000 -0.866025 0.000000
vn -0.707107 -0.707107 0.000000
vn -0.707107 -0.707107 0.000000
vn -0.866025 -0.500000 0.000000
vn -0.866025 -0.500000 0.000000
vn -1.000000 -0.000000 0.000000
vn -0.965926 -0.258819 0.000000
vn -0.866025 -0.500000 0.000000
vn -0.707107 -0.707107 0.000000
vn -0.500000 -0.866025 0.000000
vn -0.258819 -0.965926 0.000000
vn 0.000000 -1.000000 0.000000
vn 0.258819 -0.965926 0.000000
vn 0.500000 -0.866025 0.000000
vn 0.707107 -0.707107 0.000000
vn 0.866025 -0.500000 0.000000
vn 0.965926 -0.258819 0.000000
vn 1.000000 0.000000 -0.000000
vn 0.965926 0.258819 -0.000000
vn 0.866025 0.500000 -0.000000
vn 0.707107 0.707107 -0.000000
vn 0.500000 0.866025 -0.000000
vn 0.258819 0.965926 -0.000000
vn 0.000000 1.000000 -0.000000
vn -0.258819 0.965926 -0.000000
vn -0.500000 0.866025 -0.000000
vn -0.707107 0.707107 -0.000000
vn -0.866025 0.500000 -0.000000
vn -0.965926 0.258819 -0.000000
vn -1.000000 -0.000000 0.000000
vn -0.965926 -0.258819 0.000000
vn -0.866025 -0.500000 0.000000
vn -0.707107 -0.707107 0.000000
vn -0.500000 -0.866025 0.000000
vn -0.258819 -0.965926 0.000000
vn 0.000000 -1.000000 0.000000
vn 0.258819 -0.965926 0.000000
vn 0.500000 -0.866025 0.000000
vn 0.707107 -0.707107 0.000000
vn 0.866025 -0.500000 0.000000
vn 0.965926 -0.258819 0.000000
vn 1.000000 0.000000 -0.000000
vn 0.965926 0.258819 -0.000000
vn 0.866025 0.500000 -0.000000
vn 0.707107 0.707107 -0.000000
vn 0.500000 0.866025 -0.000000
vn 0.258819 0.965926 -0.000000
vn 0.000000 1.000000 -0.000000
vn -0.258819 0.965926 -0.000000
vn -0.500000 0.866025 -0.000000
vn -0.707107 0.707107 -0.000000
vn -0.866025 0.500000 -0.000000
vn -0.965926 0.258819 -0.000000
vn 0.000000 -0.000000 -1.000000
vn 0.000000 -0.000000 -1.000000
vn 0.000000 -0.000000 -1.000000
vn 0.000000 -0.000000 -1.000000
vn 0.000000 -0.000000 -1.000000
vn 0.000000 -0.000000 -1.000000
vn 0.000000 -0.000000 -1.000000
vn 0.000000 -0.000000 -1.000000
vn 0.000000 -0.000000 -1.000000
vn 0.000000 -0.000000 -1.000000
vn 0.000000 -0.000000 -1.000000
vn 0.000000 -0.000000 -1.000000
vn 0.000000 -0.000000 -1.000000
vn 0.000000 -0.000000 -1.000000
vn 0.000000 -0.000000 -1.000000
vn 0.000000 -0.000000 -1.000000
vn 0.000000 -0.000000 -1.000000
vn 0.000000 -0.000000 -1.000000
vn 0.000000 -0.000000 -1.000000
vn 0.000000 -0.000000 -1.000000
vn 0.000000 -0.000000 -1.000000
vn 0.000000 -0.000000 -1.000000
vn 0.000000 -0.000000 -1.000000
vn 0.000000 -0.000000 -1.000000
vn -0.965926 0.258819 -0.000000
vn -0.965926 0.258819 -0.000000
vn -1.000000 0.000000 -0.000000
vn -1.000000 0.000000 -0.000000
vn -0.965926 -0.258819 0.000000
vn -0.965926 -0.258819 0.000000
vn -0.866025 -0.500000 0.000000
vn -0.866025 -0.500000 0.000000
vn -0.707107 -0.707107 0.000000
vn -0.707107 -0.707107 0.000000
vn -0.500000 -0.866025 0.000000
vn -0.500000 -0.866025 0.000000
vn -0.258819 -0.965926 0.000000
vn -0.258819 -0.965926 0.000000
vn 0.000000 -1.000000 0.000000
vn 0.000000 -1.000000 0.000000
vn 0.258819 -0.965926 0.000000
vn 0.258819 -0.965926 0.000000
vn 0.500000 -0.866025 0.000000
vn 0.500000 -0.866025 0.000000
vn 0.707107 -0.707107 0.000000
vn 0.707107 -0.707107 0.000000
vn 0.866025 -0.500000 0.000000
vn 0.866025 -0.500000 0.000000
vn 0.965926 -0.258819 0.000000
vn 0.965926 -0.258819 0.000000
vn 1.000000 0.000000 -0.000000
vn 1.000000 0.000000 -0.000000
vn 0.965926 0.258819 -0.000000
vn 0.965926 0.258819 -0.000000
vn 0.866025 0.500000 -0.000000
vn 0.866025 0.500000 -0.000000
vn 0.707107 0.707107 -0.000000
vn 0.707107 0.707107 -0.000000
vn 0.500000 0.866025 -0.000000
vn 0.500000 0.866025 -0.000000
vn 0.258819 0.965926 -0.000000
vn 0.258819 0.965926 -0.000000
vn 0.000000 1.000000 -0.000000
vn 0.000000 1.000000 -0.000000
vn -0.258819 0.965926 -0.000000
vn -0.258819 0.965926 -0.000000
vn -0.500000 0.866025 -0.000000
vn -0.500000 0.866025 -0.000000
vn -0.707107 0.707107 -0.000000
vn -0.707107 0.707107 -0.000000
vn -0.866025 0.500000 -0.000000
vn -0.866025 0.500000 -0.000000
vn -0.965926 -0.258819 0.000000
vn -0.965926 -0.258819 0.000000
vn -1.000000 -0.000000 0.000000
vn -1.000000 -0.000000 0.000000
vn -0.965926 0.258819 -0.000000
vn -0.965926 0.258819 -0.000000
vn -0.866025 0.500000 -0.000000
vn -0.866025 0.500000 -0.000000
vn -0.707107 0.707107 -0.000000
vn -0.707107 0.707107 -0.000000
vn -0.500000 0.866025 -0.000000
vn -0.500000 0.866025 -0.000000
vn -0.258819 0.965926 -0.000000
vn -0.258819 0.965926 -0.000000
vn 0.000000 1.000000 -0.000000
vn 0.000000 1.000000 -0.000000
vn 0.258819 0.965926 -0.000000
vn 0.258819 0.965926 -0.000000
vn 0.500000 0.866025 -0.000000
vn 0.500000 0.866025 -0.000000
vn 0.707107 0.707107 -0.000000
vn 0.707107 0.707107 -0.000000
vn 0.866025 0.500000 -0.000000
vn 0.866025 0.500000 -0.000000
vn 0.965926 0.258819 -0.000000
vn 0.965926 0.258819 -0.000000
vn 1.000000 0.000000 -0.000000
vn 1.000000 0.000000 -0.000000
vn 0.965926 -0.258819 0.000000
vn 0.965926 -0.258819 0.000000
vn 0.866025 -0.500000 0.000000
vn 0.866025 -0.500000 0.000000
vn 0.707107 -0.707107 0.000000
vn 0.707107 -0.707107 0.000000
vn 0.500000 -0.866025 0.000000
vn 0.500000 -0.866025 0.000000
vn 0.258819 -0.965926 0.000000
vn 0.258819 -0.965926 0.000000
vn 0.000000 -1.000000 0.000000
vn 0.000000 -1.000000 0.000000
vn -0.258819 -0.965926 0.000000
vn -0.258819 -0.965926 0.000000
vn -0.500000 -0.866025 0.000000
vn -0.500000 -0.866025 0.000000
vn -0.707107 -0.707107 0.000000
vn -0.707107 -0.707107 0.000000
vn -0.866025 -0.500000 0.000000
vn -0.866025 -0.500000 0.000000
vn -1.000000 -0.000000 0.000000
vn -0.965926 -0.258819 0.000000
vn -0.866025 -0.500000 0.000000
vn -0.707107 -0.707107 0.000000
vn -0.500000 -0.866025 0.000000
vn -0.258819 -0.965926 0.000000
vn 0.000000 -1.000000 0.000000
vn 0.258819 -0.965926 0.000000
vn 0.500000 -0.866025 0.000000
vn 0.707107 -0.707107 0.000000
vn 0.866025 -0.500000 0.000000
vn 0.965926 -0.258819 0.000000
vn 1.000000 0.000000 -0.000000
vn 0.965926 0.258819 -0.000000
vn 0.866025 0.500000 -0.000000
vn 0.707107 0.707107 -0.000000
vn 0.500000 0.866025 -0.000000
vn 0.258819 0.965926 -0.000000
vn 0.000000 1.000000 -0.000000
vn -0.258819 0.965926 -0.000000
vn -0.500000 0.866025 -0.000000
vn -0.707107 0.707107 -0.000000
vn -0.866025 0.500000 -0.000000
vn -0.965926 0.258819 -0.000000
vn -1.000000 -0.000000 0.000000
vn -0.965926 -0.258819 0.000000
vn -0.866025 -0.500000 0.000000
vn -0.707107 -0.707107 0.000000
vn -0.500000 -0.866025 0.000000
vn -0.258819 -0.965926 0.000000
vn 0.000000 -1.000000 0.000000
vn 0.258819 -0.965926 0.000000
vn 0.500000 -0.866025 0.000000
vn 0.707107 -0.707107 0.000000
vn 0.866025 -0.500000 0.000000
vn 0.965926 -0.258819 0.000000
vn 1.000000 0.000000 -0.000000
vn 0.965926 0.258819 -0.000000
vn 0.866025 0.500000 -0.000000
vn 0.707107 0.707107 -0.000000
vn 0.500000 0.866025 -0.000000
vn 0.258819 0.965926 -0.000000
vn 0.000000 1.000000 -0.000000
vn -0.258819 0.965926 -0.000000
vn -0.500000 0.866025 -0.000000
vn -0.707107 0.707107 -0.000000
vn -0.866025 0.500000 -0.000000
vn -0.965926 0.258819 -0.000000
vn 0.000000 -0.000000 -1.000000
vn 0.000000 -0.000000 -1.000000
vn 0.000000 -0.000000 -1.000000
vn 0.000000 -0.000000 -1.000000
vn 0.000000 -0.000000 -1.000000
vn 0.000000 -0.000000 -1.000000
vn 0.000000 -0.000000 -1.000000
vn 0.000000 -0.000000 -1.000000
vn 0.000000 -0.000000 -1.000000
vn 0.000000 -0.000000 -1.000000
vn 0.000000 -0.000000 -1.000000
vn 0.000000 -0.000000 -1.000000
vn 0.000000 -0.000000 -1.000000
vn 0.000000 -0.000000 -1.000000
vn 0.000000 -0.000000 -1.000000
vn 0.000000 -0.000000 -1.000000
vn 0.000000 -0.000000 -1.000000
vn 0.000000 -0.000000 -1.000000
vn 0.000000 -0.000000 -1.000000
vn 0.000000 -0.000000 -1.000000
vn 0.000000 -0.000000 -1.000000
vn 0.000000 -0.000000 -1.000000
vn 0.000000 -0.000000 -1.000000
vn 0.000000 -0.000000 -1.000000
vn -0.965926 0.258819 -0.000000
vn -0.965926 0.258819 -0.000000
vn -1.000000 0.000000 -0.000000
vn -1.000000 0.000000 -0.000000
vn -0.965926 -0.258819 0.000000
vn -0.965926 -0.258819 0.000000
vn -0.866025 -0.500000 0.000000
vn -0.866025 -0.500000 0.000000
vn -0.707107 -0.707107 0.000000
vn -0.707107 -0.707107 0.000000
vn -0.500000 -0.866025 0.000000
vn -0.500000 -0.866025 0.000000
vn -0.258819 -0.965926 0.000000
vn -0.258819 -0.965926 0.000000
vn 0.000000 -1.000000 0.000000
vn 0.000000 -1.000000 0.000000
vn 0.258819 -0.965926 0.000000
vn 0.258819 -0.965926 0.000000
vn 0.500000 -0.866025 0.000000
vn 0.500000 -0.866025 0.000000
vn 0.707107 -0.707107 0.000000
vn 0.707107 -0.707107 0.000000
vn 0.866025 -0.500000 0.000000
vn 0.866025 -0.500000 0.000000
vn 0.965926 -0.258819 0.000000
vn 0.965926 -0.258819 0.000000
vn 1.000000 0.000000 -0.000000
vn 1.000000 0.000000 -0.000000
vn 0.965926 0.258819 -0.000000
vn 0.965926 0.258819 -0.000000
vn 0.866025 0.500000 -0.000000
vn 0.866025 0.500000 -0.000000
vn 0.707107 0.707107 -0.000000
vn 0.707107 0.707107 -0.000000
vn 0.500000 0.866025 -0.000000
vn 0.500000 0.866025 -0.000000
vn 0.258819 0.965926 -0.000000
vn 0.258819 0.965926 -0.000000
vn 0.000000 1.000000 -0.000000
vn 0.000000 1.000000 -0.000000
vn -0.258819 0.965926 -0.000000
vn -0.258819 0.965926 -0.000000
vn -0.500000 0.866025 -0.000000
vn -0.500000 0.866025 -0.000000
vn -0.707107 0.707107 -0.000000
vn -0.707107 0.707107 -0.000000
vn -0.866025 0.500000 -0.000000
vn -0.866025 0.500000 -0.000000
vn -0.965926 -0.258819 0.000000
vn -0.965926 -0.258819 0.000000
vn -1.000000 -0.000000 0.000000
vn -1.000000 -0.000000 0.000000
vn -0.965926 0.258819 -0.000000
vn -0.965926 0.258819 -0.000000
vn -0.866025 0.500000 -0.000000
vn -0.866025 0.500000 -0.000000
vn -0.707107 0.707107 -0.000000
vn -0.707107 0.707107 -0.000000
vn -0.500000 0.866025 -0.000000
vn -0.500000 0.866025 -0.000000
vn -0.258819 0.965926 -0.000000
vn -0.258819 0.965926 -0.000000
vn 0.000000 1.000000 -0.000000
vn 0.000000 1.000000 -0.000000
vn 0.258819 0.965926 -0.000000
vn 0.258819 0.965926 -0.000000
vn 0.500000 0.866025 -0.000000
vn 0.500000 0.866025 -0.000000
vn 0.707107 0.707107 -0.000000
vn 0.707107 0.707107 -0.000000
vn 0.866025 0.500000 -0.000000
vn 0.866025 0.500000 -0.000000
vn 0.965926 0.258819 -0.000000
vn 0.965926 0.258819 -0.000000
vn 1.000000 0.000000 -0.000000
vn 1.000000 0.000000 -0.000000
vn 0.965926 -0.258819 0.000000
vn 0.965926 -0.258819 0.000000
vn 0.866025 -0.500000 0.000000
vn 0.866025 -0.500000 0.000000
vn 0.707107 -0.707107 0.000000
vn 0.707107 -0.707107 0.000000
vn 0.500000 -0.866025 0.000000
vn 0.500000 -0.866025 0.000000
vn 0.258819 -0.965926 0.000000
vn 0.258819 -0.965926 0.000000
vn 0.000000 -1.000000 0.000000
vn 0.000000 -1.000000 0.000000
vn -0.258819 -0.965926 0.000000
vn -0.258819 -0.965926 0.000000
vn -0.500000 -0.866025 0.000000
vn -0.500000 -0.866025 0.000000
vn -0.707107 -0.707107 0.000000
vn -0.707107 -0.707107 0.000000
vn -0.866025 -0.500000 0.000000
vn -0.866025 -0.500000 0.000000
vn -1.000000 -0.000000 0.000000
vn -0.965926 -0.258819 0.000000
vn -0.866025 -0.500000 0.000000
vn -0.707107 -0.707107 0.000000
vn -0.500000 -0.866025 0.000000
vn -0.258819 -0.965926 0.000000
vn 0.000000 -1.000000 0.000000
vn 0.258819 -0.965926 0.000000
vn 0.500000 -0.866025 0.000000
vn 0.707107 -0.707107 0.000000
vn 0.866025 -0.500000 0.000000
vn 0.965926 -0.258819 0.000000
vn 1.000000 0.000000 -0.000000
vn 0.965926 0.258819 -0.000000
vn 0.866025 0.500000 -0.000000
vn 0.707107 0.707107 -0.000000
vn 0.500000 0.866025 -0.000000
vn 0.258819 0.965926 -0.000000
vn 0.000000 1.000000 -0.000000
vn -0.258819 0.965926 -0.000000
vn -0.500000 0.866025 -0.000000
vn -0.707107 0.707107 -0.000000
vn -0.866025 0.500000 -0.000000
vn -0.965926 0.258819 -0.000000
vn -1.000000 -0.000000 0.000000
vn -0.965926 -0.258819 0.000000
vn -0.866025 -0.500000 0.000000
vn -0.707107 -0.707107 0.000000
vn -0.500000 -0.866025 0.000000
vn -0.258819 -0.965926 0.000000
vn 0.000000 -1.000000 0.000000
vn 0.258819 -0.965926 0.000000
vn 0.500000 -0.866025 0.000000
vn 0.707107 -0.707107 0.000000
vn 0.866025 -0.500000 0.000000
vn 0.965926 -0.258819 0.000000
vn 1.000000 0.000000 -0.000000
vn 0.965926 0.258819 -0.000000
vn 0.866025 0.500000 -0.000000
vn 0.707107 0.707107 -0.000000
vn 0.500000 0.866025 -0.000000
vn 0.258819 0.965926 -0.000000
vn 0.000000 1.000000 -0.000000
vn -0.258819 0.965926 -0.000000
vn -0.500000 0.866025 -0.000000
vn -0.707107 0.707107 -0.000000
vn -0.866025 0.500000 -0.000000
vn -0.965926 0.258819 -0.000000
vn 0.000000 -0.000000 -1.000000
vn 0.000000 -0.000000 -1.000000
vn 0.000000 -0.000000 -1.000000
vn 0.000000 -0.000000 -1.000000
vn 0.000000 -0.000000 -1.000000
vn 0.000000 -0.000000 -1.000000
vn 0.000000 -0.000000 -1.000000
vn 0.000000 -0.000000 -1.000000
vn 0.000000 -0.000000 -1.000000
vn 0.000000 -0.000000 -1.000000
vn 0.000000 -0.000000 -1.000000
vn 0.000000 -0.000000 -1.000000
vn 0.000000 -0.000000 -1.000000
vn 0.000000 -0.000000 -1.000000
vn 0.000000 -0.000000 -1.000000
vn 0.000000 -0.000000 -1.000000
vn 0.000000 -0.000000 -1.000000
vn 0.000000 -0.000000 -1.000000
vn 0.000000 -0.000000 -1.000000
vn 0.000000 -0.000000 -1.000000
vn 0.000000 -0.000000 -1.000000
vn 0.000000 -0.000000 -1.000000
vn 0.000000 -0.000000 -1.000000
vn 0.000000 -0.000000 -1.000000
vn -0.965926 0.258819 -0.000000
vn -0.965926 0.258819 -0.000000
vn -1.000000 0.000000 -0.000000
vn -1.000000 0.000000 -0.000000
vn -0.965926 -0.258819 0.000000
vn -0.965926 -0.258819 0.000000
vn -0.866025 -0.500000 0.000000
vn -0.866025 -0.500000 0.000000
vn -0.707107 -0.707107 0.000000
vn -0.707107 -0.707107 0.000000
vn -0.500000 -0.866025 0.000000
vn -0.500000 -0.866025 0.000000
vn -0.258819 -0.965926 0.000000
vn -0.258819 -0.965926 0.000000
vn 0.000000 -1.000000 0.000000
vn 0.000000 -1.000000 0.000000
vn 0.258819 -0.965926 0.000000
vn 0.258819 -0.965926 0.000000
vn 0.500000 -0.866025 0.000000
vn 0.500000 -0.866025 0.000000
vn 0.707107 -0.707107 0.000000
vn 0.707107 -0.707107 0.000000
vn 0.866025 -0.500000 0.000000
vn 0.866025 -0.500000 0.000000
vn 0.965926 -0.258819 0.000000
vn 0.965926 -0.258819 0.000000
vn 1.000000 0.000000 -0.000000
vn 1.000000 0.000000 -0.000000
vn 0.965926 0.258819 -0.000000
vn 0.965926 0.258819 -0.000000
vn 0.866025 0.500000 -0.000000
vn 0.866025 0.500000 -0.000000
vn 0.707107 0.707107 -0.000000
vn 0.707107 0.707107 -0.000000
vn 0.500000 0.866025 -0.000000
vn 0.500000 0.866025 -0.000000
vn 0.258819 0.965926 -0.000000
vn 0.258819 0.965926 -0.000000
vn 0.000000 1.000000 -0.000000
vn 0.000000 1.000000 -0.000000
vn -0.258819 0.965926 -0.000000
vn -0.258819 0.965926 -0.000000
vn -0.500000 0.866025 -0.000000
vn -0.500000 0.866025 -0.000000
vn -0.707107 0.707107 -0.000000
vn -0.707107 0.707107 -0.000000
vn -0.866025 0.500000 -0.000000
vn -0.866025 0.500000 -0.000000
vn -0.965926 -0.258819 0.000000
vn -0.965926 -0.258819 0.000000
vn -1.000000 -0.000000 0.000000
vn -1.000000 -0.000000 0.000000
vn -0.965926 0.258819 -0.000000
vn -0.965926 0.258819 -0.000000
vn -0.866025 0.500000 -0.000000
vn -0.866025 0.500000 -0.000000
vn -0.707107 0.707107 -0.000000
vn -0.707107 0.707107 -0.000000
vn -0.500000 0.866025 -0.000000
vn -0.500000 0.866025 -0.000000
vn -0.258819 0.965926 -0.000000
vn -0.258819 0.965926 -0.000000
vn 0.000000 1.000000 -0.000000
vn 0.000000 1.000000 -0.000000
vn 0.258819 0.965926 -0.000000
vn 0.258819 0.965926 -0.000000
vn 0.500000 0.866025 -0.000000
vn 0.500000 0.866025 -0.000000
vn 0.707107 0.707107 -0.000000
vn 0.707107 0.707107 -0.000000
vn 0.866025 0.500000 -0.000000
vn 0.866025 0.500000 -0.000000
vn 0.965926 0.258819 -0.000000
vn 0.965926 0.258819 -0.000000
vn 1.000000 0.000000 -0.000000
vn 1.000000 0.000000 -0.000000
vn 0.965926 -0.258819 0.000000
vn 0.965926 -0.258819 0.000000
vn 0.866025 -0.500000 0.000000
vn 0.866025 -0.500000 0.000000
vn 0.707107 -0.707107 0.000000
vn 0.707107 -0.707107 0.000000
vn 0.500000 -0.866025 0.000000
vn 0.500000 -0.866025 0.000000
vn 0.258819 -0.965926 0.000000
vn 0.258819 -0.965926 0.000000
vn 0.000000 -1.000000 0.000000
vn 0.000000 -1.000000 0.000000
vn -0.258819 -0.965926 0.000000
vn -0.258819 -0.965926 0.000000
vn -0.500000 -0.866025 0.000000
vn -0.500000 -0.866025 0.000000
vn -0.707107 -0.707107 0.000000
vn -0.707107 -0.707107 0.000000
vn -0.866025 -0.500000 0.000000
vn -0.866025 -0.500000 0.000000
vn -1.000000 -0.000000 0.000000
vn -0.965926 -0.258819 0.000000
vn -0.866025 -0.500000 0.000000
vn -0.707107 -0.707107 0.000000
vn -0.500000 -0.866025 0.000000
vn -0.258819 -0.965926 0.000000
vn 0.000000 -1.000000 0.000000
vn 0.258819 -0.965926 0.000000
vn 0.500000 -0.866025 0.000000
vn 0.707107 -0.707107 0.000000
vn 0.866025 -0.500000 0.000000
vn 0.965926 -0.258819 0.000000
vn 1.000000 0.000000 -0.000000
vn 0.965926 0.258819 -0.000000
vn 0.866025 0.500000 -0.000000
vn 0.707107 0.707107 -0.000000
vn 0.500000 0.866025 -0.000000
vn 0.258819 0.965926 -0.000000
vn 0.000000 1.000000 -0.000000
vn -0.258819 0.965926 -0.000000
vn -0.500000 0.866025 -0.000000
vn -0.707107 0.707107 -0.000000
vn -0.866025 0.500000 -0.000000
vn -0.965926 0.258819 -0.000000
vn -1.000000 -0.000000 0.000000
vn -0.965926 -0.258819 0.000000
vn -0.866025 -0.500000 0.000000
vn -0.707107 -0.707107 0.000000
vn -0.500000 -0.866025 0.000000
vn -0.258819 -0.965926 0.000000
vn 0.000000 -1.000000 0.000000
vn 0.258819 -0.965926 0.000000
vn 0.500000 -0.866025 0.000000
vn 0.707107 -0.707107 0.000000
vn 0.866025 -0.500000 0.000000
vn 0.965926 -0.258819 0.000000
vn 1.000000 0.000000 -0.000000
vn 0.965926 0.258819 -0.000000
vn 0.866025 0.500000 -0.000000
vn 0.707107 0.707107 -0.000000
vn 0.500000 0.866025 -0.000000
vn 0.258819 0.965926 -0.000000
vn 0.000000 1.000000 -0.000000
vn -0.258819 0.965926 -0.000000
vn -0.500000 0.866025 -0.000000
vn -0.707107 0.707107 -0.000000
vn -0.866025 0.500000 -0.000000
vn -0.965926 0.258819 -0.000000
vn 0.000000 -0.000000 -1.000000
vn 0.000000 -0.000000 -1.000000
vn 0.000000 -0.000000 -1.000000
vn 0.000000 -0.000000 -1.000000
vn 0.000000 -0.000000 -1.000000
vn 0.000000 -0.000000 -1.000000
vn 0.000000 -0.000000 -1.000000
vn 0.000000 -0.000000 -1.000000
vn 0.000000 -0.000000 -1.000000
vn 0.000000 -0.000000 -1.000000
vn 0.000000 -0.000000 -1.000000
vn 0.000000 -0.000000 -1.000000
vn 0.000000 -0.000000 -1.000000
vn 0.000000 -0.000000 -1.000000
vn 0.000000 -0.000000 -1.000000
vn 0.000000 -0.000000 -1.000000
vn 0.000000 -0.000000 -1.000000
vn 0.000000 -0.000000 -1.000000
vn 0.000000 -0.000000 -1.000000
vn 0.000000 -0.000000 -1.000000
vn 0.000000 -0.000000 -1.000000
vn 0.000000 -0.000000 -1.000000
vn 0.000000 -0.000000 -1.000000
vn 0.000000 -0.000000 -1.000000
vn -0.965926 0.258819 -0.000000
vn -0.965926 0.258819 -0.000000
vn -1.000000 0.000000 -0.000000
vn -1.000000 0.000000 -0.000000
vn -0.965926 -0.258819 0.000000
vn -0.965926 -0.258819 0.000000
vn -0.866025 -0.500000 0.000000
vn -0.866025 -0.500000 0.000000
vn -0.707107 -0.707107 0.000000
vn -0.707107 -0.707107 0.000000
vn -0.500000 -0.866025 0.000000
vn -0.500000 -0.866025 0.000000
vn -0.258819 -0.965926 0.000000
vn -0.258819 -0.965926 0.000000
vn 0.000000 -1.000000 0.000000
vn 0.000000 -1.000000 0.000000
vn 0.258819 -0.965926 0.000000
vn 0.258819 -0.965926 0.000000
vn 0.500000 -0.866025 0.000000
vn 0.500000 -0.866025 0.000000
vn 0.707107 -0.707107 0.000000
vn 0.707107 -0.707107 0.000000
vn 0.866025 -0.500000 0.000000
vn 0.866025 -0.500000 0.000000
vn 0.965926 -0.258819 0.000000
vn 0.965926 -0.258819 0.000000
vn 1.000000 0.000000 -0.000000
vn 1.000000 0.000000 -0.000000
vn 0.965926 0.258819 -0.000000
vn 0.965926 0.258819 -0.000000
vn 0.866025 0.500000 -0.000000
vn 0.866025 0.500000 -0.000000
vn 0.707107 0.707107 -0.000000
vn 0.707107 0.707107 -0.000000
vn 0.500000 0.866025 -0.000000
vn 0.500000 0.866025 -0.000000
vn 0.258819 0.965926 -0.000000
vn 0.258819 0.965926 -0.000000
vn 0.000000 1.000000 -0.000000
vn 0.000000 1.000000 -0.000000
vn -0.258819 0.965926 -0.000000
vn -0.258819 0.965926 -0.000000
vn -0.500000 0.866025 -0.000000
vn -0.500000 0.866025 -0.000000
vn -0.707107 0.707107 -0.000000
vn -0.707107 0.707107 -0.000000
vn -0.866025 0.500000 -0.000000
vn -0.866025 0.500000 -0.000000
vn 0.000000 -0.000000 -1.000000
vn 0.000000 -0.000000 -1.000000
vn 0.000000 -0.000000 -1.000000
vn 0.000000 -0.000000 -1.000000
vn 0.000000 -0.000000 -1.000000
vn 0.000000 -0.000000 -1.000000
vn 0.000000 -0.000000 -1.000000
vn 0.000000 -0.000000 -1.000000
vn 0.000000 -0.000000 -1.000000
vn 0.000000 -0.000000 -1.000000
vn 0.000000 -0.000000 -1.000000
vn 0.000000 -0.000000 -1.000000
vn 0.000000 -0.000000 -1.000000
vn 0.000000 -0.000000 -1.000000
vn 0.000000 -0.000000 -1.000000
vn 0.000000 -0.000000 -1.000000
vn 0.000000 -0.000000 -1.000000
vn 0.000000 -0.000000 -1.000000
vn 0.000000 -0.000000 -1.000000
vn 0.000000 -0.000000 -1.000000
vn 0.000000 -0.000000 -1.000000
vn 0.000000 -0.000000 -1.000000
vn 0.000000 -0.000000 -1.000000
vn 0.000000 -0.000000 -1.000000
vn -0.965926 0.258819 -0.000000
vn -0.965926 0.258819 -0.000000
vn -1.000000 0.000000 -0.000000
vn -1.000000 0.000000 -0.000000
vn -0.965926 -0.258819 0.000000
vn -0.965926 -0.258819 0.000000
vn -0.866025 -0.500000 0.000000
vn -0.866025 -0.500000 0.000000
vn -0.707107 -0.707107 0.000000
vn -0.707107 -0.707107 0.000000
vn -0.500000 -0.866025 0.000000
vn -0.500000 -0.866025 0.000000
vn -0.258819 -0.965926 0.000000
vn -0.258819 -0.965926 0.000000
vn 0.000000 -1.000000 0.000000
vn 0.000000 -1.000000 0.000000
vn 0.258819 -0.965926 0.000000
vn 0.258819 -0.965926 0.000000
vn 0.500000 -0.866025 0.000000
vn 0.500000 -0.866025 0.000000
vn 0.707107 -0.707107 0.000000
vn 0.707107 -0.707107 0.000000
vn 0.866025 -0.500000 0.000000
vn 0.866025 -0.500000 0.000000
vn 0.965926 -0.258819 0.000000
vn 0.965926 -0.258819 0.000000
vn 1.000000 0.000000 -0.000000
vn 1.000000 0.000000 -0.000000
vn 0.965926 0.258819 -0.000000
vn 0.965926 0.258819 -0.000000
vn 0.866025 0.500000 -0.000000
vn 0.866025 0.500000 -0.000000
vn 0.707107 0.707107 -0.000000
vn 0.707107 0.707107 -0.000000
vn 0.500000 0.866025 -0.000000
vn 0.500000 0.866025 -0.000000
vn 0.258819 0.965926 -0.000000
vn 0.258819 0.965926 -0.000000
vn 0.000000 1.000000 -0.000000
vn 0.000000 1.000000 -0.000000
vn -0.258819 0.965926 -0.000000
vn -0.258819 0.965926 -0.000000
vn -0.500000 0.866025 -0.000000
vn -0.500000 0.866025 -0.000000
vn -0.707107 0.707107 -0.000000
vn -0.707107 0.707107 -0.000000
vn -0.866025 0.500000 -0.000000
vn -0.866025 0.500000 -0.000000
vn 1.000000 -0.000000 -0.000000
vn 1.000000 -0.000000 -0.000000
vn 0.965926 -0.000000 -0.258819
vn 0.965926 -0.000000 -0.258819
vn 0.866025 -0.000000 -0.500000
vn 0.866025 -0.000000 -0.500000
vn 0.707107 -0.000000 -0.707107
vn 0.707107 -0.000000 -0.707107
vn 0.500000 -0.000000 -0.866025
vn 0.500000 -0.000000 -0.866025
vn 0.258819 -0.000000 -0.965926
vn 0.258819 -0.000000 -0.965926
vn 0.000000 -0.000000 -1.000000
vn 0.000000 -0.000000 -1.000000
vn 1.000000 0.000000 0.000000
vn 1.000000 0.000000 0.000000
vn 1.000000 0.000000 0.000000
vn 1.000000 0.000000 0.000000
vn 1.000000 0.000000 0.000000
vn 1.000000 0.000000 0.000000
vn 1.000000 0.000000 0.000000
vn 1.000000 0.000000 0.000000
vn 1.000000 0.000000 0.000000
vn 1.000000 0.000000 0.000000
vn 0.258819 0.000000 0.965926
vn 0.000000 0.000000 1.000000
vn 0.258819 0.000000 0.965926
vn 0.000000 0.000000 1.000000
vn 0.258819 0.000000 0.965926
vn 0.500000 0.000000 0.866025
vn 0.500000 0.000000 0.866025
vn 0.707107 0.000000 0.707107
vn 0.707107 0.000000 0.707107
vn 0.866025 0.000000 0.500000
vn 0.866025 0.000000 0.500000
vn 0.965926 0.000000 0.258819
vn 0.965926 0.000000 0.258819
vn 0.965926 0.000000 0.258819
vn 0.866025 0.000000 0.500000
vn 0.707107 0.000000 0.707107
vn 0.500000 0.000000 0.866025
vn 0.000000 0.000000 1.000000
vn 0.000000 0.000000 1.000000
vn -1.000000 0.000000 0.000000
vn -1.000000 -0.000000 -0.000000
vn -0.965926 0.000000 0.258819
vn -0.965926 0.000000 0.258819
vn -0.866025 0.000000 0.500000
vn -0.866025 0.000000 0.500000
vn -0.707107 0.000000 0.707107
vn -0.707107 0.000000 0.707107
vn -0.500000 0.000000 0.866025
vn -0.500000 0.000000 0.866025
vn -0.258819 0.000000 0.965926
vn -0.258819 0.000000 0.965926
vn -0.258819 0.000000 0.965926
vn -0.500000 0.000000 0.866025
vn -0.707107 0.000000 0.707107
vn -0.866025 0.000000 0.500000
vn -0.965926 0.000000 0.258819
vn -1.000000 0.000000 0.000000
vn -1.000000 0.000000 0.000000
vn -1.000000 0.000000 0.000000
vn -1.000000 0.000000 0.000000
vn -1.000000 0.000000 0.000000
vn -1.000000 0.000000 0.000000
vn -1.000000 0.000000 0.000000
vn -1.000000 0.000000 0.000000
vn -1.000000 0.000000 0.000000
vn -1.000000 0.000000 0.000000
vn -0.965926 -0.000000 -0.258819
vn -0.965926 -0.000000 -0.258819
vn -0.866025 -0.000000 -0.500000
vn -0.866025 -0.000000 -0.500000
vn -0.707107 -0.000000 -0.707107
vn -0.707107 -0.000000 -0.707107
vn -0.500000 -0.000000 -0.866025
vn -0.500000 -0.000000 -0.866025
vn -0.258819 -0.000000 -0.965926
vn -0.258819 -0.000000 -0.965926
vn -0.000000 -0.000000 -1.000000
vn -0.000000 -0.000000 -1.000000
vn -0.000000 -0.000000 -1.000000
vn -0.000000 -0.000000 -1.000000
vn -0.000000 -0.000000 -1.000000
vn -0.000000 -0.000000 -1.000000
vn -0.000000 -0.000000 -1.000000
vn -0.000000 -0.000000 -1.000000
vn -0.000000 -0.000000 -1.000000
vn -0.000000 -0.000000 -1.000000
vn -0.000000 -0.000000 -1.000000
vn -0.000000 -0.000000 -1.000000
vn -0.000000 -0.000000 -1.000000
vn -0.000000 -0.000000 -1.000000
vn -0.000000 -0.000000 -1.000000
vn -0.000000 -0.000000 -1.000000
vn -0.000000 -0.000000 -1.000000
vn -0.000000 -0.000000 -1.000000
vn -0.000000 -0.000000 -1.000000
vn -0.000000 -0.000000 -1.000000
vn -0.000000 -0.000000 -1.000000
vn -0.000000 -0.000000 -1.000000
vn -0.000000 -0.000000 -1.000000
vn -0.000000 -0.000000 -1.000000
vn -0.000000 -0.000000 -1.000000
vn -0.000000 -0.000000 -1.000000
vn -0.000000 -0.000000 -1.000000
vn -0.000000 -0.000000 -1.000000
vn -0.000000 -0.000000 -1.000000
vn -0.000000 -0.000000 -1.000000
vn -0.000000 -0.000000 -1.000000
vn -0.000000 -0.000000 -1.000000
vn -0.000000 -0.000000 -1.000000
vn -0.000000 -0.000000 -1.000000
vn -0.000000 -0.000000 -1.000000
vn -0.000000 -0.000000 -1.000000
vn -0.000000 -0.000000 -1.000000
vn -0.000000 -0.000000 -1.000000
vn -0.000000 -0.000000 -1.000000
vn -0.000000 -0.000000 -1.000000
vn -0.000000 -0.000000 -1.000000
vn -0.000000 -0.000000 -1.000000
vn -0.000000 -0.000000 -1.000000
vn -0.000000 -0.000000 -1.000000
vn -0.000000 -0.000000 -1.000000
vn -0.000000 -0.000000 -1.000000
vn -0.000000 -0.000000 -1.000000
vn -0.000000 -0.000000 -1.000000
vn -0.000000 -0.000000 -1.000000
vn -0.000000 -0.000000 -1.000000
vn -0.000000 -0.000000 -1.000000
vn -0.000000 -0.000000 -1.000000
vn -0.000000 -0.000000 -1.000000
vn -0.000000 -0.000000 -1.000000
vn -0.000000 -0.000000 -1.000000
vn -0.000000 -0.000000 -1.000000
vn -0.000000 -0.000000 -1.000000
vn -0.000000 -0.000000 -1.000000
vn -0.000000 -0.000000 -1.000000
vn -0.000000 -0.000000 -1.000000
vn -0.000000 -0.000000 -1.000000
vn -0.000000 -0.000000 -1.000000
vn -0.000000 -0.000000 -1.000000
vn -0.000000 -0.000000 -1.000000
vn -0.000000 -0.000000 -1.000000
vn -0.000000 -0.000000 -1.000000
vn -0.000000 -0.000000 -1.000000
vn -0.000000 -0.000000 -1.000000
vn -0.000000 -0.000000 -1.000000
vn -0.000000 -0.000000 -1.000000
vn -0.000000 -0.000000 -1.000000
vn -0.000000 -0.000000 -1.000000
vn -0.000000 -0.000000 -1.000000
vn -0.000000 -0.000000 -1.000000
vn -0.000000 -0.000000 -1.000000
vn -0.000000 -0.000000 -1.000000
vn -0.000000 -0.000000 -1.000000
vn -0.000000 -0.000000 -1.000000
vn -0.000000 -0.000000 -1.000000
vn -0.000000 -0.000000 -1.000000
vn -0.000000 -0.000000 -1.000000
vn -0.000000 -0.000000 -1.000000
vn -0.000000 -0.000000 -1.000000
vn -0.000000 -0.000000 -1.000000
vn -0.000000 -0.000000 -1.000000
vn -0.000000 -0.000000 -1.000000
vn -0.000000 -0.000000 -1.000000
vn -0.000000 -0.000000 -1.000000
vn -0.000000 -0.000000 -1.000000
vn -0.000000 -0.000000 -1.000000
vn -0.000000 -0.000000 -1.000000
vn -0.000000 -0.000000 -1.000000
vn -0.000000 -0.000000 -1.000000
vn -0.000000 -0.000000 -1.000000
vn -0.000000 -0.000000 -1.000000
vn -0.000000 -0.000000 -1.000000
vn -0.000000 -0.000000 -1.000000
vn -0.000000 -0.000000 -1.000000
vn -0.000000 -0.000000 -1.000000
vn -0.000000 -0.000000 -1.000000
vn -0.000000 -0.000000 -1.000000
vn -0.000000 -0.000000 -1.000000
vn -0.000000 -0.000000 -1.000000
vn -0.000000 -0.000000 -1.000000
vn -0.000000 -0.000000 -1.000000
vn -0.000000 -0.000000 -1.000000
vn -0.000000 -0.000000 -1.000000
vn -0.000000 -0.000000 -1.000000
vn -0.000000 -0.000000 -1.000000
vn -0.000000 -0.000000 -1.000000
vn -0.000000 -0.000000 -1.000000
vn -0.000000 -0.000000 -1.000000
vn -0.000000 -0.000000 -1.000000
vn -0.000000 -0.000000 -1.000000
vn -0.000000 -0.000000 -1.000000
vn -0.000000 -0.000000 -1.000000
vn -0.000000 -0.000000 -1.000000
vn -0.000000 -0.000000 -1.000000
vn -0.000000 -0.000000 -1.000000
vn -0.000000 -0.000000 -1.000000
vn -0.000000 -0.000000 -1.000000
vn -0.000000 -0.000000 -1.000000
vn -0.000000 -0.000000 -1.000000
vn -0.000000 -0.000000 -1.000000
vn -0.000000 -0.000000 -1.000000
vn -0.000000 -0.000000 -1.000000
vn -0.000000 -0.000000 -1.000000
vn -0.000000 -0.000000 -1.000000
vn -0.000000 -0.000000 -1.000000
vn -0.000000 -0.000000 -1.000000
vn -0.000000 -0.000000 -1.000000
vn -0.000000 -0.000000 -1.000000
vn -0.000000 -0.000000 -1.000000
vn -0.000000 -0.000000 -1.000000
vn -0.000000 -0.000000 -1.000000
vn -0.000000 -0.000000 -1.000000
vn -0.000000 -0.000000 -1.000000
vn -0.000000 -0.000000 -1.000000
vn -0.000000 -0.000000 -1.000000
vn -0.000000 -0.000000 -1.000000
vn -0.000000 -0.000000 -1.000000
vn -0.000000 -0.000000 -1.000000
vn -0.000000 -0.000000 -1.000000
vn -0.000000 -0.000000 -1.000000
vn -0.000000 -0.000000 -1.000000
vn -0.000000 -0.000000 -1.000000
vn -0.000000 -0.000000 -1.000000
vn -0.000000 -0.000000 -1.000000
vn -0.000000 -0.000000 -1.000000
vn -0.000000 -0.000000 -1.000000
vn -0.000000 -0.000000 -1.000000
vn -0.000000 -0.000000 -1.000000
vn -0.000000 -0.000000 -1.000000
vn -0.000000 -0.000000 -1.000000
vn -0.000000 -0.000000 -1.000000
vn -0.000000 -0.000000 -1.000000
vn -0.000000 -0.000000 -1.000000
vn -0.000000 -0.000000 -1.000000
vn -0.000000 -0.000000 -1.000000
vn -0.000000 -0.000000 -1.000000
vn -0.000000 -0.000000 -1.000000
vn -0.000000 -0.000000 -1.000000
vn -0.000000 -0.000000 -1.000000
vn -0.000000 -0.000000 -1.000000
vn -0.000000 -0.000000 -1.000000
vn -0.000000 -0.000000 -1.000000
vn -0.000000 -0.000000 -1.000000
vn -0.000000 -0.000000 -1.000000
vn -0.000000 -0.000000 -1.000000
vn -0.000000 -0.000000 -1.000000
vn -0.000000 -0.000000 -1.000000
vn -0.000000 -0.000000 -1.000000
vn -0.000000 -0.000000 -1.000000
vn -0.000000 -0.000000 -1.000000
vn -0.000000 -0.000000 -1.000000
vn -0.000000 -0.000000 -1.000000
vn -0.000000 -0.000000 -1.000000
vn -0.000000 -0.000000 -1.000000
vn -0.000000 -0.000000 -1.000000
vn -0.000000 -0.000000 -1.000000
vn -0.000000 -0.000000 -1.000000
vn -0.000000 -0.000000 -1.000000
vn -0.000000 -0.000000 -1.000000
vn -0.000000 -0.000000 -1.000000
vn -0.000000 -0.000000 -1.000000
vn -0.000000 -0.000000 -1.000000
vn -0.000000 -0.000000 -1.000000
vn -0.000000 -0.000000 -1.000000
vn -0.000000 -0.000000 -1.000000
vn -0.000000 -0.000000 -1.000000
vn -0.000000 -0.000000 -1.000000
vn -0.000000 -0.000000 -1.000000
vn -0.000000 -0.000000 -1.000000
vn -0.000000 -0.000000 -1.000000
vn -0.000000 -0.000000 -1.000000
vn -0.000000 -0.000000 -1.000000
vn -0.000000 -0.000000 -1.000000
vn -0.000000 -0.000000 -1.000000
vn -0.000000 -0.000000 -1.000000
vn -0.000000 -0.000000 -1.000000
vn -0.000000 -0.000000 -1.000000
vn -0.000000 -0.000000 -1.000000
vn -0.000000 -0.000000 -1.000000
vn -0.000000 -0.000000 -1.000000
vn -0.000000 -0.000000 -1.000000
vn -0.000000 -0.000000 -1.000000
vn -0.000000 -0.000000 -1.000000
vn -0.000000 -0.000000 -1.000000
vn -0.000000 -0.000000 -1.000000
vn -0.000000 -0.000000 -1.000000
vn -0.000000 -0.000000 -1.000000
vn -0.000000 -0.000000 -1.000000
vn -0.000000 -0.000000 -1.000000
vn -0.000000 -0.000000 -1.000000
vn -0.000000 -0.000000 -1.000000
vn -0.000000 -0.000000 -1.000000
vn -0.000000 -0.000000 -1.000000
vn -0.000000 -0.000000 -1.000000
vn -0.000000 -0.000000 -1.000000
vn -0.000000 -0.000000 -1.000000
vn -0.000000 -0.000000 -1.000000
vn -0.000000 -0.000000 -1.000000
vn -0.000000 -0.000000 -1.000000
vn -0.000000 -0.000000 -1.000000
vn -0.000000 -0.000000 -1.000000
vn -0.000000 -0.000000 -1.000000
vn -0.000000 -0.000000 -1.000000
vn -0.000000 -0.000000 -1.000000
vn -0.000000 -0.000000 -1.000000
vn -0.000000 -0.000000 -1.000000
vn -0.000000 -0.000000 -1.000000
vn -0.000000 -0.000000 -1.000000
vn -0.000000 -0.000000 -1.000000
vn -0.000000 -0.000000 -1.000000
vn -0.000000 -0.000000 -1.000000
vn -0.000000 -0.000000 -1.000000
vn -0.000000 -0.000000 -1.000000
vn -0.000000 -0.000000 -1.000000
vn -0.000000 -0.000000 -1.000000
vn -0.000000 -0.000000 -1.000000
vn -0.000000 -0.000000 -1.000000
vn -0.000000 -0.000000 -1.000000
vn -0.000000 -0.000000 -1.000000
vn -0.000000 -0.000000 -1.000000
vn -0.000000 -0.000000 -1.000000
vn -0.000000 -0.000000 -1.000000
vn -0.000000 -0.000000 -1.000000
vn -0.000000 -0.000000 -1.000000
vn -0.000000 -0.000000 -1.000000
vn -0.000000 -0.000000 -1.000000
vn -0.000000 -0.000000 -1.000000
vn -0.000000 -0.000000 -1.000000
vn -0.000000 -0.000000 -1.000000
vn -0.000000 -0.000000 -1.000000
vn -0.000000 -0.000000 -1.000000
vn -0.000000 -0.000000 -1.000000
vn -0.000000 -0.000000 -1.000000
vn -0.000000 -0.000000 -1.000000
vn -0.000000 -0.000000 -1.000000
vn -0.000000 -0.000000 -1.000000
vn -0.000000 -0.000000 -1.000000
vn -0.000000 -0.000000 -1.000000
vn -0.000000 -0.000000 -1.000000
vn -0.000000 -0.000000 -1.000000
vn -0.000000 -0.000000 -1.000000
vn -0.000000 -0.000000 -1.000000
vn -0.000000 -0.000000 -1.000000
vn -0.000000 -0.000000 -1.000000
vn -0.000000 -0.000000 -1.000000
vn -0.000000 -0.000000 -1.000000
vn -0.000000 -0.000000 -1.000000
vn -0.000000 -0.000000 -1.000000
vn -0.000000 -0.000000 -1.000000
vn -0.000000 -0.000000 -1.000000
vn -0.000000 -0.000000 -1.000000
vn -0.000000 -0.000000 -1.000000
vn -0.000000 -0.000000 -1.000000
vn -0.000000 -0.000000 -1.000000
vn -0.000000 -0.000000 -1.000000
vn -0.000000 -0.000000 -1.000000
vn -0.000000 -0.000000 -1.000000
vn -0.000000 -0.000000 -1.000000
vn -0.000000 -0.000000 -1.000000
vn -0.000000 -0.000000 -1.000000
vn -0.000000 -0.000000 -1.000000
vn -0.000000 -0.000000 -1.000000
vn -0.000000 -0.000000 -1.000000
vn -0.000000 -0.000000 -1.000000
vn -0.000000 -0.000000 -1.000000
vn -0.000000 -0.000000 -1.000000
vn -0.000000 -0.000000 -1.000000
vn -0.000000 -0.000000 -1.000000
vn -0.000000 -0.000000 -1.000000
vn -0.000000 -0.000000 -1.000000
vn -0.000000 -0.000000 -1.000000
vn -0.000000 -0.000000 -1.000000
vn -0.000000 -0.000000 -1.000000
vn -0.000000 -0.000000 -1.000000
vn -0.000000 -0.000000 -1.000000
vn -0.000000 -0.000000 -1.000000
vn -0.000000 -0.000000 -1.000000
vn -0.000000 -0.000000 -1.000000
vn -0.000000 -0.000000 -1.000000
vn -0.000000 -0.000000 -1.000000
vn -0.000000 -0.000000 -1.000000
vn -0.000000 -0.000000 -1.000000
vn -0.000000 -0.000000 -1.000000
vn -0.000000 -0.000000 -1.000000
vn -0.000000 -0.000000 -1.000000
vn -0.000000 -0.000000 -1.000000
vn -0.000000 -0.000000 -1.000000
vn -0.000000 -0.000000 -1.000000
vn -0.000000 -0.000000 -1.000000
vn -0.000000 -0.000000 -1.000000
vn -0.000000 -0.000000 -1.000000
vn -0.000000 -0.000000 -1.000000
vn -0.000000 -0.000000 -1.000000
vn -0.000000 -0.000000 -1.000000
vn -0.000000 -0.000000 -1.000000
vn -0.000000 -0.000000 -1.000000
vn -0.000000 -0.000000 -1.000000
vn -0.000000 -0.000000 -1.000000
vn -0.000000 -0.000000 -1.000000
vn -0.000000 -0.000000 -1.000000
vn -0.000000 -0.000000 -1.000000
vn -0.000000 -0.000000 -1.000000
vn -0.000000 -0.000000 -1.000000
vn -0.000000 -0.000000 -1.000000
vn -0.000000 -0.000000 -1.000000
vn -0.000000 -0.000000 -1.000000
vn -0.000000 -0.000000 -1.000000
vn -0.000000 -0.000000 -1.000000
vn -0.000000 -0.000000 -1.000000
vn -0.000000 -0.000000 -1.000000
vn -0.000000 -0.000000 -1.000000
vn -0.000000 -0.000000 -1.000000
vn -0.000000 -0.000000 -1.000000
vn -0.000000 -0.000000 -1.000000
vn -0.000000 -0.000000 -1.000000
vn -0.000000 -0.000000 -1.000000
vn -0.000000 -0.000000 -1.000000
vn -0.000000 -0.000000 -1.000000
vn -0.000000 -0.000000 -1.000000
vn -0.000000 -0.000000 -1.000000
vn -0.000000 -0.000000 -1.000000
vn -0.000000 -0.000000 -1.000000
vn -0.000000 -0.000000 -1.000000
vn -0.000000 -0.000000 -1.000000
vn -0.000000 -0.000000 -1.000000
vn -0.000000 -0.000000 -1.000000
vn -0.000000 -0.000000 -1.000000
vn -0.000000 -0.000000 -1.000000
vn -0.000000 -0.000000 -1.000000
vn -0.000000 -0.000000 -1.000000
vn -0.000000 -0.000000 -1.000000
vn -0.000000 -0.000000 -1.000000
vn -0.000000 -0.000000 -1.000000
vn -0.000000 -0.000000 -1.000000
vn -0.000000 -0.000000 -1.000000
vn -0.000000 -0.000000 -1.000000
vn -0.000000 -0.000000 -1.000000
vn -0.000000 -0.000000 -1.000000
vn -0.000000 -0.000000 -1.000000
vn -0.000000 -0.000000 -1.000000
vn -0.000000 -0.000000 -1.000000
vn -0.000000 -0.000000 -1.000000
vn -0.000000 -0.000000 -1.000000
vn -0.000000 -0.000000 -1.000000
vn -0.000000 -0.000000 -1.000000
vn -0.000000 -0.000000 -1.000000
vn -0.000000 -0.000000 -1.000000
vn -0.000000 -0.000000 -1.000000
vn -0.000000 -0.000000 -1.000000
vn -0.000000 -0.000000 -1.000000
vn -0.000000 -0.000000 -1.000000
vn -0.000000 -0.000000 -1.000000
vn -0.000000 -0.000000 -1.000000
vn -0.000000 -0.000000 -1.000000
vn -0.000000 -0.000000 -1.000000
vn -0.000000 -0.000000 -1.000000
vn -0.000000 -0.000000 -1.000000
vn -0.000000 -0.000000 -1.000000
vn -0.000000 -0.000000 -1.000000
vn -0.000000 -0.000000 -1.000000
vn -0.000000 -0.000000 -1.000000
vn -0.000000 -0.000000 -1.000000
vn -0.000000 -0.000000 -1.000000
vn -0.000000 -0.000000 -1.000000
vn -0.000000 -0.000000 -1.000000
vn -0.000000 -0.000000 -1.000000
vn -0.000000 -0.000000 -1.000000
vn -0.000000 -0.000000 -1.000000
vn -0.000000 -0.000000 -1.000000
vn -0.000000 -0.000000 -1.000000
vn -0.000000 -0.000000 -1.000000
vn -0.000000 -0.000000 -1.000000
vn -0.000000 -0.000000 -1.000000
vn -0.000000 -0.000000 -1.000000
vn -0.000000 -0.000000 -1.000000
vn -0.000000 -0.000000 -1.000000
vn -0.000000 -0.000000 -1.000000
vn -0.000000 -0.000000 -1.000000
vn -0.000000 -0.000000 -1.000000
vn -0.000000 -0.000000 -1.000000
vn -0.000000 -0.000000 -1.000000
vn -0.000000 -0.000000 -1.000000
vn -0.000000 -0.000000 -1.000000
vn -0.000000 -0.000000 -1.000000
vn -0.000000 -0.000000 -1.000000
vn -0.000000 -0.000000 -1.000000
vn -0.000000 -0.000000 -1.000000
vn -0.000000 -0.000000 -1.000000
vn -0.000000 -0.000000 -1.000000
vn -0.000000 -0.000000 -1.000000
vn -0.000000 -0.000000 -1.000000
vn -0.000000 -0.000000 -1.000000
vn -0.000000 -0.000000 -1.000000
vn -0.000000 -0.000000 -1.000000
vn -0.000000 -0.000000 -1.000000
vn -0.000000 -0.000000 -1.000000
vn -0.000000 -0.000000 -1.000000
vn -0.000000 -0.000000 -1.000000
vn -0.000000 -0.000000 -1.000000
vn -0.000000 -0.000000 -1.000000
vn -0.000000 -0.000000 -1.000000
vn -0.000000 -0.000000 -1.000000
vn -0.000000 -0.000000 -1.000000
vn -0.000000 -0.000000 -1.000000
vn -0.000000 -0.000000 -1.000000
vn -0.000000 -0.000000 -1.000000
vn -0.000000 -0.000000 -1.000000
vn -0.000000 -0.000000 -1.000000
vn -0.000000 -0.000000 -1.000000
vn -0.000000 -0.000000 -1.000000
vn -0.000000 -0.000000 -1.000000
vn -0.000000 -0.000000 -1.000000
vn -0.000000 -0.000000 -1.000000
vn -0.000000 -0.000000 -1.000000
vn -0.000000 -0.000000 -1.000000
vn -0.000000 -0.000000 -1.000000
vn -0.000000 -0.000000 -1.000000
vn -0.000000 -0.000000 -1.000000
vn -0.000000 -0.000000 -1.000000
vn -0.000000 -0.000000 -1.000000
vn -0.000000 -0.000000 -1.000000
vn -0.000000 -0.000000 -1.000000
vn -0.000000 -0.000000 -1.000000
vn -0.000000 -0.000000 -1.000000
vn -0.000000 -0.000000 -1.000000
vn -0.000000 -0.000000 -1.000000
vn 0.000000 -1.000000 0.000000
vn 0.000000 -1.000000 0.000000
vn 0.000000 -1.000000 0.000000
vn 0.000000 -1.000000 0.000000
vn 0.000000 -1.000000 0.000000
vn 0.000000 -1.000000 0.000000
vn 0.000000 -1.000000 0.000000
vn 0.000000 -1.000000 0.000000
vn 0.000000 -1.000000 0.000000
vn 0.000000 -1.000000 0.000000
vn 0.000000 -1.000000 0.000000
vn 0.000000 -1.000000 0.000000
vn 0.000000 -1.000000 0.000000
vn 0.000000 -1.000000 0.000000
vn 0.000000 -1.000000 0.000000
vn 0.000000 -1.000000 0.000000
vn 0.000000 -1.000000 0.000000
vn 0.000000 -1.000000 0.000000
vn 0.000000 -1.000000 0.000000
vn 0.000000 -1.000000 0.000000
vn 0.000000 -1.000000 0.000000
vn 0.000000 -1.000000 0.000000
vn 0.000000 -1.000000 0.000000
vn 0.000000 -1.000000 0.000000
vn 0.000000 -1.000000 0.000000
vn 0.000000 -1.000000 0.000000
vn 0.000000 -1.000000 0.000000
vn 0.000000 -1.000000 0.000000
usemtl Opaque(160,160,160)
f 545/1761/1761 546/1762/1762 554/1763/1763
f 554/1763/1763 546/1762/1762 547/1764/1764
f 554/1763/1763 547/1764/1764 552/1765/1765
f 552/1765/1765 547/1764/1764 548/1766/1766
f 552/1765/1765 548/1766/1766 549/1767/1767
f 549/1767/1767 550/1768/1768 552/1765/1765
f 552/1765/1765 550/1768/1768 551/1769/1769
f 552/1765/1765 553/1770/1770 554/1763/1763
f 555/1771/1771 556/1772/1772 564/1773/1773
f 564/1773/1773 556/1772/1772 557/1774/1774
f 564/1773/1773 557/1774/1774 558/1775/1775
f 558/1775/1775 559/1776/1776 564/1773/1773
f 564/1773/1773 559/1776/1776 562/1777/1777
f 564/1773/1773 562/1777/1777 563/1778/1778
f 559/1776/1776 560/1779/1779 562/1777/1777
f 562/1777/1777 560/1779/1779 561/1780/1780
f 566/1781/1781 567/1782/1782 565/1783/1783
f 565/1783/1783 567/1782/1782 568/1784/1784
f 565/1783/1783 568/1784/1784 569/1785/1785
f 569/1785/1785 570/1786/1786 565/1783/1783
f 565/1783/1783 570/1786/1786 575/1787/1787
f 565/1783/1783 575/1787/1787 580/1788/1788
f 580/1788/1788 575/1787/1787 576/1789/1789
f 580/1788/1788 576/1789/1789 577/1790/1790
f 575/1787/1787 570/1786/1786 574/1791/1791
f 574/1791/1791 570/1786/1786 571/1792/1792
f 574/1791/1791 571/1792/1792 573/1793/1793
f 573/1793/1793 571/1792/1792 572/1794/1794
f 577/1790/1790 578/1795/1795 580/1788/1788
f 580/1788/1788 578/1795/1795 579/1796/1796
f 581/1797/1797 563/1798/1798 582/1799/1799
f 582/1799/1799 563/1798/1798 562/1800/1800
f 583/1801/1801 564/1802/1802 581/1803/1803
f 581/1803/1803 564/1802/1802 563/1804/1804
f 584/1805/1805 583/1806/1806 582/1807/1807
f 582/1807/1807 583/1806/1806 581/1808/1808
f 553/1809/1809 585/1810/1810 554/1811/1811
f 554/1811/1811 585/1810/1810 586/1812/1812
f 552/1813/1813 587/1814/1814 553/1815/1815
f 553/1815/1815 587/1814/1814 585/1816/1816
f 587/1817/1817 588/1818/1818 585/1819/1819
f 585/1819/1819 588/1818/1818 586/1820/1820
f 590/1821/1821 591/1822/1822 589/1823/1823
f 589/1823/1823 591/1822/1822 592/1824/1824
f 593/1825/1825 594/1826/1826 589/1827/1827
f 589/1827/1827 594/1826/1826 590/1828/1828
f 594/1829/1829 595/1830/1830 590/1831/1831
f 590/1831/1831 595/1830/1830 591/1832/1832
f 595/1833/1833 596/1834/1834 591/1835/1835
f 591/1835/1835 596/1834/1834 592/1836/1836
f 598/1837/1837 599/1838/1838 597/1839/1839
f 597/1839/1839 599/1838/1838 600/1840/1840
f 601/1841/1841 602/1842/1842 597/1843/1843
f 597/1843/1843 602/1842/1842 598/1844/1844
f 602/1845/1845 603/1846/1846 598/1847/1847
f 598/1847/1847 603/1846/1846 599/1848/1848
f 603/1849/1849 604/1850/1850 599/1851/1851
f 599/1851/1851 604/1850/1850 600/1852/1852
f 606/1853/1853 616/1854/1854 605/1855/1855
f 605/1855/1855 616/1854/1854 617/1856/1856
f 605/1855/1855 617/1856/1856 628/1857/1857
f 628/1857/1857 617/1856/1856 618/1858/1858
f 628/1857/1857 618/1858/1858 627/1859/1859
f 627/1859/1859 618/1858/1858 619/1860/1860
f 627/1859/1859 619/1860/1860 626/1861/1861
f 626/1861/1861 619/1860/1860 620/1862/1862
f 626/1861/1861 620/1862/1862 625/1863/1863
f 625/1863/1863 620/1862/1862 621/1864/1864
f 625/1863/1863 621/1864/1864 624/1865/1865
f 624/1865/1865 621/1864/1864 622/1866/1866
f 624/1865/1865 622/1866/1866 623/1867/1867
f 616/1854/1854 606/1853/1853 615/1868/1868
f 615/1868/1868 606/1853/1853 607/1869/1869
f 615/1868/1868 607/1869/1869 614/1870/1870
f 614/1870/1870 607/1869/1869 608/1871/1871
f 614/1870/1870 608/1871/1871 613/1872/1872
f 613/1872/1872 608/1871/1871 609/1873/1873
f 613/1872/1872 609/1873/1873 612/1874/1874
f 612/1874/1874 609/1873/1873 610/1875/1875
f 612/1874/1874 610/1875/1875 611/1876/1876
f 630/1877/1877 657/1878/1878 629/1879/1879
f 629/1879/1879 657/1878/1878 653/1880/1880
f 629/1881/1879 653/1882/1880 652/1883/1881
f 652/1883/1881 653/1882/1880 745/1884/1882
f 652/1883/1881 745/1884/1882 651/1885/1883
f 651/1885/1883 745/1884/1882 741/1886/1884
f 651/1885/1883 741/1886/1884 650/1887/1885
f 650/1887/1885 741/1886/1884 737/1888/1886
f 650/1887/1885 737/1888/1886 649/1889/1887
f 649/1889/1887 737/1888/1886 733/1890/1888
f 649/1889/1887 733/1890/1888 648/1891/1889
f 648/1891/1889 733/1890/1888 729/1892/1890
f 648/1891/1889 729/1892/1890 647/1893/1891
f 647/1893/1891 729/1892/1890 725/1894/1892
f 647/1893/1891 725/1894/1892 646/1895/1893
f 646/1895/1893 725/1894/1892 721/1896/1894
f 646/1895/1893 721/1896/1894 645/1897/1895
f 645/1897/1895 721/1896/1894 717/1898/1896
f 645/1897/1895 717/1898/1896 644/1899/1897
f 644/1899/1897 717/1898/1896 713/1900/1898
f 644/1899/1897 713/1900/1898 643/1901/1899
f 643/1901/1899 713/1900/1898 709/1902/1900
f 643/1901/1899 709/1902/1900 642/1903/1901
f 642/1903/1901 709/1902/1900 705/1904/1902
f 642/1903/1901 705/1904/1902 641/1905/1903
f 641/1905/1903 705/1904/1902 701/1906/1904
f 641/1905/1903 701/1906/1904 640/1907/1905
f 640/1907/1905 701/1906/1904 697/1908/1906
f 640/1907/1905 697/1908/1906 639/1909/1907
f 639/1909/1907 697/1908/1906 693/1910/1908
f 639/1909/1907 693/1910/1908 638/1911/1909
f 638/1911/1909 693/1910/1908 689/1912/1910
f 638/1911/1909 689/1912/1910 637/1913/1911
f 637/1913/1911 689/1912/1910 685/1914/1912
f 637/1913/1911 685/1914/1912 636/1915/1913
f 636/1915/1913 685/1914/1912 681/1916/1914
f 636/1915/1913 681/1916/1914 635/1917/1915
f 635/1917/1915 681/1916/1914 677/1918/1916
f 635/1917/1915 677/1918/1916 634/1919/1917
f 634/1919/1917 677/1918/1916 673/1920/1918
f 634/1919/1917 673/1920/1918 633/1921/1919
f 633/1921/1919 673/1920/1918 669/1922/1920
f 633/1921/1919 669/1922/1920 632/1923/1921
f 632/1923/1921 669/1922/1920 665/1924/1922
f 632/1923/1921 665/1924/1922 631/1925/1923
f 631/1925/1923 665/1924/1922 661/1926/1924
f 631/1925/1923 661/1926/1924 630/1877/1877
f 630/1877/1877 661/1926/1924 657/1878/1878
f 628/1927/1925 748/1928/1926 605/1929/1927
f 605/1929/1927 748/1928/1926 656/1930/1928
f 605/1931/1927 656/1932/1928 606/1933/1929
f 606/1933/1929 656/1932/1928 660/1934/1930
f 606/1933/1929 660/1934/1930 607/1935/1931
f 607/1935/1931 660/1934/1930 664/1936/1932
f 607/1935/1931 664/1936/1932 608/1937/1933
f 608/1937/1933 664/1936/1932 668/1938/1934
f 608/1937/1933 668/1938/1934 609/1939/1935
f 609/1939/1935 668/1938/1934 672/1940/1936
f 609/1939/1935 672/1940/1936 610/1941/1937
f 610/1941/1937 672/1940/1936 676/1942/1938
f 610/1941/1937 676/1942/1938 611/1943/1939
f 611/1943/1939 676/1942/1938 680/1944/1940
f 611/1943/1939 680/1944/1940 612/1945/1941
f 612/1945/1941 680/1944/1940 684/1946/1942
f 612/1945/1941 684/1946/1942 613/1947/1943
f 613/1947/1943 684/1946/1942 688/1948/1944
f 613/1947/1943 688/1948/1944 614/1949/1945
f 614/1949/1945 688/1948/1944 692/1950/1946
f 614/1949/1945 692/1950/1946 615/1951/1947
f 615/1951/1947 692/1950/1946 696/1952/1948
f 615/1951/1947 696/1952/1948 616/1953/1949
f 616/1953/1949 696/1952/1948 700/1954/1950
f 616/1953/1949 700/1954/1950 617/1955/1951
f 617/1955/1951 700/1954/1950 704/1956/1952
f 617/1955/1951 704/1956/1952 618/1957/1953
f 618/1957/1953 704/1956/1952 708/1958/1954
f 618/1957/1953 708/1958/1954 619/1959/1955
f 619/1959/1955 708/1958/1954 712/1960/1956
f 619/1959/1955 712/1960/1956 620/1961/1957
f 620/1961/1957 712/1960/1956 716/1962/1958
f 620/1961/1957 716/1962/1958 621/1963/1959
f 621/1963/1959 716/1962/1958 720/1964/1960
f 621/1963/1959 720/1964/1960 622/1965/1961
f 622/1965/1961 720/1964/1960 724/1966/1962
f 622/1965/1961 724/1966/1962 623/1967/1963
f 623/1967/1963 724/1966/1962 728/1968/1964
f 623/1967/1963 728/1968/1964 624/1969/1965
f 624/1969/1965 728/1968/1964 732/1970/1966
f 624/1969/1965 732/1970/1966 625/1971/1967
f 625/1971/1967 732/1970/1966 736/1972/1968
f 625/1971/1967 736/1972/1968 626/1973/1969
f 626/1973/1969 736/1972/1968 740/1974/1970
f 626/1973/1969 740/1974/1970 627/1975/1971
f 627/1975/1971 740/1974/1970 744/1976/1972
f 627/1975/1971 744/1976/1972 628/1927/1925
f 628/1927/1925 744/1976/1972 748/1928/1926
f 653/1882/1880 654/1977/1973 745/1884/1882
f 745/1884/1882 654/1977/1973 746/1978/1974
f 745/1884/1882 746/1978/1974 741/1886/1884
f 741/1886/1884 746/1978/1974 742/1979/1975
f 741/1886/1884 742/1979/1975 737/1888/1886
f 737/1888/1886 742/1979/1975 738/1980/1976
f 737/1888/1886 738/1980/1976 733/1890/1888
f 733/1890/1888 738/1980/1976 734/1981/1977
f 733/1890/1888 734/1981/1977 729/1892/1890
f 729/1892/1890 734/1981/1977 730/1982/1978
f 729/1892/1890 730/1982/1978 725/1894/1892
f 725/1894/1892 730/1982/1978 726/1983/1979
f 725/1894/1892 726/1983/1979 721/1896/1894
f 721/1896/1894 726/1983/1979 722/1984/1980
f 721/1896/1894 722/1984/1980 717/1898/1896
f 717/1898/1896 722/1984/1980 718/1985/1981
f 717/1898/1896 718/1985/1981 713/1900/1898
f 713/1900/1898 718/1985/1981 714/1986/1982
f 713/1900/1898 714/1986/1982 709/1902/1900
f 709/1902/1900 714/1986/1982 710/1987/1983
f 709/1902/1900 710/1987/1983 705/1904/1902
f 705/1904/1902 710/1987/1983 706/1988/1984
f 705/1904/1902 706/1988/1984 701/1906/1904
f 701/1906/1904 706/1988/1984 702/1989/1985
f 701/1906/1904 702/1989/1985 697/1908/1906
f 697/1908/1906 702/1989/1985 698/1990/1986
f 697/1908/1906 698/1990/1986 693/1910/1908
f 693/1910/1908 698/1990/1986 694/1991/1987
f 693/1910/1908 694/1991/1987 689/1912/1910
f 689/1912/1910 694/1991/1987 690/1992/1988
f 689/1912/1910 690/1992/1988 685/1914/1912
f 685/1914/1912 690/1992/1988 686/1993/1989
f 685/1914/1912 686/1993/1989 681/1916/1914
f 681/1916/1914 686/1993/1989 682/1994/1990
f 681/1916/1914 682/1994/1990 677/1918/1916
f 677/1918/1916 682/1994/1990 678/1995/1991
f 677/1918/1916 678/1995/1991 673/1920/1918
f 673/1920/1918 678/1995/1991 674/1996/1992
f 673/1920/1918 674/1996/1992 669/1922/1920
f 669/1922/1920 674/1996/1992 670/1997/1993
f 669/1922/1920 670/1997/1993 665/1924/1922
f 665/1924/1922 670/1997/1993 666/1998/1994
f 665/1924/1922 666/1998/1994 661/1926/1924
f 661/1926/1924 666/1998/1994 662/1999/1995
f 661/1926/1924 662/1999/1995 657/1878/1878
f 657/1878/1878 662/1999/1995 658/2000/1996
f 657/1878/1878 658/2000/1996 653/1880/1880
f 653/1880/1880 658/2000/1996 654/2001/1973
f 654/1977/1973 655/2002/1997 746/1978/1974
f 746/1978/1974 655/2002/1997 747/2003/1998
f 746/1978/1974 747/2003/1998 742/1979/1975
f 742/1979/1975 747/2003/1998 743/2004/1999
f 742/1979/1975 743/2004/1999 738/1980/1976
f 738/1980/1976 743/2004/1999 739/2005/2000
f 738/1980/1976 739/2005/2000 734/1981/1977
f 734/1981/1977 739/2005/2000 735/2006/2001
f 734/1981/1977 735/2006/2001 730/1982/1978
f 730/1982/1978 735/2006/2001 731/2007/2002
f 730/1982/1978 731/2007/2002 726/1983/1979
f 726/1983/1979 731/2007/2002 727/2008/2003
f 726/1983/1979 727/2008/2003 722/1984/1980
f 722/1984/1980 727/2008/2003 723/2009/2004
f 722/1984/1980 723/2009/2004 718/1985/1981
f 718/1985/1981 723/2009/2004 719/2010/2005
f 718/1985/1981 719/2010/2005 714/1986/1982
f 714/1986/1982 719/2010/2005 715/2011/2006
f 714/1986/1982 715/2011/2006 710/1987/1983
f 710/1987/1983 715/2011/2006 711/2012/2007
f 710/1987/1983 711/2012/2007 706/1988/1984
f 706/1988/1984 711/2012/2007 707/2013/2008
f 706/1988/1984 707/2013/2008 702/1989/1985
f 702/1989/1985 707/2013/2008 703/2014/2009
f 702/1989/1985 703/2014/2009 698/1990/1986
f 698/1990/1986 703/2014/2009 699/2015/2010
f 698/1990/1986 699/2015/2010 694/1991/1987
f 694/1991/1987 699/2015/2010 695/2016/2011
f 694/1991/1987 695/2016/2011 690/1992/1988
f 690/1992/1988 695/2016/2011 691/2017/2012
f 690/1992/1988 691/2017/2012 686/1993/1989
f 686/1993/1989 691/2017/2012 687/2018/2013
f 686/1993/1989 687/2018/2013 682/1994/1990
f 682/1994/1990 687/2018/2013 683/2019/2014
f 682/1994/1990 683/2019/2014 678/1995/1991
f 678/1995/1991 683/2019/2014 679/2020/2015
f 678/1995/1991 679/2020/2015 674/1996/1992
f 674/1996/1992 679/2020/2015 675/2021/2016
f 674/1996/1992 675/2021/2016 670/1997/1993
f 670/1997/1993 675/2021/2016 671/2022/2017
f 670/1997/1993 671/2022/2017 666/1998/1994
f 666/1998/1994 671/2022/2017 667/2023/2018
f 666/1998/1994 667/2023/2018 662/1999/1995
f 662/1999/1995 667/2023/2018 663/2024/2019
f 662/1999/1995 663/2024/2019 658/2000/1996
f 658/2000/1996 663/2024/2019 659/2025/2020
f 658/2000/1996 659/2025/2020 654/2001/1973
f 654/2001/1973 659/2025/2020 655/2026/1997
f 655/2002/1997 656/1930/1928 747/2003/1998
f 747/2003/1998 656/1930/1928 748/1928/1926
f 747/2003/1998 748/1928/1926 743/2004/1999
f 743/2004/1999 748/1928/1926 744/1976/1972
f 743/2004/1999 744/1976/1972 739/2005/2000
f 739/2005/2000 744/1976/1972 740/1974/1970
f 739/2005/2000 740/1974/1970 735/2006/2001
f 735/2006/2001 740/1974/1970 736/1972/1968
f 735/2006/2001 736/1972/1968 731/2007/2002
f 731/2007/2002 736/1972/1968 732/1970/1966
f 731/2007/2002 732/1970/1966 727/2008/2003
f 727/2008/2003 732/1970/1966 728/1968/1964
f 727/2008/2003 728/1968/1964 723/2009/2004
f 723/2009/2004 728/1968/1964 724/1966/1962
f 723/2009/2004 724/1966/1962 719/2010/2005
f 719/2010/2005 724/1966/1962 720/1964/1960
f 719/2010/2005 720/1964/1960 715/2011/2006
f 715/2011/2006 720/1964/1960 716/1962/1958
f 715/2011/2006 716/1962/1958 711/2012/2007
f 711/2012/2007 716/1962/1958 712/1960/1956
f 711/2012/2007 712/1960/1956 707/2013/2008
f 707/2013/2008 712/1960/1956 708/1958/1954
f 707/2013/2008 708/1958/1954 703/2014/2009
f 703/2014/2009 708/1958/1954 704/1956/1952
f 703/2014/2009 704/1956/1952 699/2015/2010
f 699/2015/2010 704/1956/1952 700/1954/1950
f 699/2015/2010 700/1954/1950 695/2016/2011
f 695/2016/2011 700/1954/1950 696/1952/1948
f 695/2016/2011 696/1952/1948 691/2017/2012
f 691/2017/2012 696/1952/1948 692/1950/1946
f 691/2017/2012 692/1950/1946 687/2018/2013
f 687/2018/2013 692/1950/1946 688/1948/1944
f 687/2018/2013 688/1948/1944 683/2019/2014
f 683/2019/2014 688/1948/1944 684/1946/1942
f 683/2019/2014 684/1946/1942 679/2020/2015
f 679/2020/2015 684/1946/1942 680/1944/1940
f 679/2020/2015 680/1944/1940 675/2021/2016
f 675/2021/2016 680/1944/1940 676/1942/1938
f 675/2021/2016 676/1942/1938 671/2022/2017
f 671/2022/2017 676/1942/1938 672/1940/1936
f 671/2022/2017 672/1940/1936 667/2023/2018
f 667/2023/2018 672/1940/1936 668/1938/1934
f 667/2023/2018 668/1938/1934 663/2024/2019
f 663/2024/2019 668/1938/1934 664/1936/1932
f 663/2024/2019 664/1936/1932 659/2025/2020
f 659/2025/2020 664/1936/1932 660/1934/1930
f 659/2025/2020 660/1934/1930 655/2026/1997
f 655/2026/1997 660/1934/1930 656/1932/1928
f 750/2027/2021 760/2028/2022 749/2029/2023
f 749/2029/2023 760/2028/2022 761/2030/2024
f 749/2029/2023 761/2030/2024 772/2031/2025
f 772/2031/2025 761/2030/2024 762/2032/2026
f 772/2031/2025 762/2032/2026 771/2033/2027
f 771/2033/2027 762/2032/2026 763/2034/2028
f 771/2033/2027 763/2034/2028 770/2035/2029
f 770/2035/2029 763/2034/2028 764/2036/2030
f 770/2035/2029 764/2036/2030 769/2037/2031
f 769/2037/2031 764/2036/2030 765/2038/2032
f 769/2037/2031 765/2038/2032 768/2039/2033
f 768/2039/2033 765/2038/2032 766/2040/2034
f 768/2039/2033 766/2040/2034 767/2041/2035
f 760/2028/2022 750/2027/2021 759/2042/2036
f 759/2042/2036 750/2027/2021 751/2043/2037
f 759/2042/2036 751/2043/2037 758/2044/2038
f 758/2044/2038 751/2043/2037 752/2045/2039
f 758/2044/2038 752/2045/2039 757/2046/2040
f 757/2046/2040 752/2045/2039 753/2047/2041
f 757/2046/2040 753/2047/2041 756/2048/2042
f 756/2048/2042 753/2047/2041 754/2049/2043
f 756/2048/2042 754/2049/2043 755/2050/2044
f 774/2051/2045 801/2052/2046 773/2053/2047
f 773/2053/2047 801/2052/2046 797/2054/2048
f 773/2055/2047 797/2056/2048 796/2057/2049
f 796/2057/2049 797/2056/2048 889/2058/2050
f 796/2057/2049 889/2058/2050 795/2059/2051
f 795/2059/2051 889/2058/2050 885/2060/2052
f 795/2059/2051 885/2060/2052 794/2061/2053
f 794/2061/2053 885/2060/2052 881/2062/2054
f 794/2061/2053 881/2062/2054 793/2063/2055
f 793/2063/2055 881/2062/2054 877/2064/2056
f 793/2063/2055 877/2064/2056 792/2065/2057
f 792/2065/2057 877/2064/2056 873/2066/2058
f 792/2065/2057 873/2066/2058 791/2067/2059
f 791/2067/2059 873/2066/2058 869/2068/2060
f 791/2067/2059 869/2068/2060 790/2069/2061
f 790/2069/2061 869/2068/2060 865/2070/2062
f 790/2069/2061 865/2070/2062 789/2071/2063
f 789/2071/2063 865/2070/2062 861/2072/2064
f 789/2071/2063 861/2072/2064 788/2073/2065
f 788/2073/2065 861/2072/2064 857/2074/2066
f 788/2073/2065 857/2074/2066 787/2075/2067
f 787/2075/2067 857/2074/2066 853/2076/2068
f 787/2075/2067 853/2076/2068 786/2077/2069
f 786/2077/2069 853/2076/2068 849/2078/2070
f 786/2077/2069 849/2078/2070 785/2079/2071
f 785/2079/2071 849/2078/2070 845/2080/2072
f 785/2079/2071 845/2080/2072 784/2081/2073
f 784/2081/2073 845/2080/2072 841/2082/2074
f 784/2081/2073 841/2082/2074 783/2083/2075
f 783/2083/2075 841/2082/2074 837/2084/2076
f 783/2083/2075 837/2084/2076 782/2085/2077
f 782/2085/2077 837/2084/2076 833/2086/2078
f 782/2085/2077 833/2086/2078 781/2087/2079
f 781/2087/2079 833/2086/2078 829/2088/2080
f 781/2087/2079 829/2088/2080 780/2089/2081
f 780/2089/2081 829/2088/2080 825/2090/2082
f 780/2089/2081 825/2090/2082 779/2091/2083
f 779/2091/2083 825/2090/2082 821/2092/2084
f 779/2091/2083 821/2092/2084 778/2093/2085
f 778/2093/2085 821/2092/2084 817/2094/2086
f 778/2093/2085 817/2094/2086 777/2095/2087
f 777/2095/2087 817/2094/2086 813/2096/2088
f 777/2095/2087 813/2096/2088 776/2097/2089
f 776/2097/2089 813/2096/2088 809/2098/2090
f 776/2097/2089 809/2098/2090 775/2099/2091
f 775/2099/2091 809/2098/2090 805/2100/2092
f 775/2099/2091 805/2100/2092 774/2051/2045
f 774/2051/2045 805/2100/2092 801/2052/2046
f 772/2101/2093 892/2102/2094 749/2103/2095
f 749/2103/2095 892/2102/2094 800/2104/2096
f 749/2105/2095 800/2106/2096 750/2107/2097
f 750/2107/2097 800/2106/2096 804/2108/2098
f 750/2107/2097 804/2108/2098 751/2109/2099
f 751/2109/2099 804/2108/2098 808/2110/2100
f 751/2109/2099 808/2110/2100 752/2111/2101
f 752/2111/2101 808/2110/2100 812/2112/2102
f 752/2111/2101 812/2112/2102 753/2113/2103
f 753/2113/2103 812/2112/2102 816/2114/2104
f 753/2113/2103 816/2114/2104 754/2115/2105
f 754/2115/2105 816/2114/2104 820/2116/2106
f 754/2115/2105 820/2116/2106 755/2117/2107
f 755/2117/2107 820/2116/2106 824/2118/2108
f 755/2117/2107 824/2118/2108 756/2119/2109
f 756/2119/2109 824/2118/2108 828/2120/2110
f 756/2119/2109 828/2120/2110 757/2121/2111
f 757/2121/2111 828/2120/2110 832/2122/2112
f 757/2121/2111 832/2122/2112 758/2123/2113
f 758/2123/2113 832/2122/2112 836/2124/2114
f 758/2123/2113 836/2124/2114 759/2125/2115
f 759/2125/2115 836/2124/2114 840/2126/2116
f 759/2125/2115 840/2126/2116 760/2127/2117
f 760/2127/2117 840/2126/2116 844/2128/2118
f 760/2127/2117 844/2128/2118 761/2129/2119
f 761/2129/2119 844/2128/2118 848/2130/2120
f 761/2129/2119 848/2130/2120 762/2131/2121
f 762/2131/2121 848/2130/2120 852/2132/2122
f 762/2131/2121 852/2132/2122 763/2133/2123
f 763/2133/2123 852/2132/2122 856/2134/2124
f 763/2133/2123 856/2134/2124 764/2135/2125
f 764/2135/2125 856/2134/2124 860/2136/2126
f 764/2135/2125 860/2136/2126 765/2137/2127
f 765/2137/2127 860/2136/2126 864/2138/2128
f 765/2137/2127 864/2138/2128 766/2139/2129
f 766/2139/2129 864/2138/2128 868/2140/2130
f 766/2139/2129 868/2140/2130 767/2141/2131
f 767/2141/2131 868/2140/2130 872/2142/2132
f 767/2141/2131 872/2142/2132 768/2143/2133
f 768/2143/2133 872/2142/2132 876/2144/2134
f 768/2143/2133 876/2144/2134 769/2145/2135
f 769/2145/2135 876/2144/2134 880/2146/2136
f 769/2145/2135 880/2146/2136 770/2147/2137
f 770/2147/2137 880/2146/2136 884/2148/2138
f 770/2147/2137 884/2148/2138 771/2149/2139
f 771/2149/2139 884/2148/2138 888/2150/2140
f 771/2149/2139 888/2150/2140 772/2101/2093
f 772/2101/2093 888/2150/2140 892/2102/2094
f 797/2056/2048 798/2151/2141 889/2058/2050
f 889/2058/2050 798/2151/2141 890/2152/2142
f 889/2058/2050 890/2152/2142 885/2060/2052
f 885/2060/2052 890/2152/2142 886/2153/2143
f 885/2060/2052 886/2153/2143 881/2062/2054
f 881/2062/2054 886/2153/2143 882/2154/2144
f 881/2062/2054 882/2154/2144 877/2064/2056
f 877/2064/2056 882/2154/2144 878/2155/2145
f 877/2064/2056 878/2155/2145 873/2066/2058
f 873/2066/2058 878/2155/2145 874/2156/2146
f 873/2066/2058 874/2156/2146 869/2068/2060
f 869/2068/2060 874/2156/2146 870/2157/2147
f 869/2068/2060 870/2157/2147 865/2070/2062
f 865/2070/2062 870/2157/2147 866/2158/2148
f 865/2070/2062 866/2158/2148 861/2072/2064
f 861/2072/2064 866/2158/2148 862/2159/2149
f 861/2072/2064 862/2159/2149 857/2074/2066
f 857/2074/2066 862/2159/2149 858/2160/2150
f 857/2074/2066 858/2160/2150 853/2076/2068
f 853/2076/2068 858/2160/2150 854/2161/2151
f 853/2076/2068 854/2161/2151 849/2078/2070
f 849/2078/2070 854/2161/2151 850/2162/2152
f 849/2078/2070 850/2162/2152 845/2080/2072
f 845/2080/2072 850/2162/2152 846/2163/2153
f 845/2080/2072 846/2163/2153 841/2082/2074
f 841/2082/2074 846/2163/2153 842/2164/2154
f 841/2082/2074 842/2164/2154 837/2084/2076
f 837/2084/2076 842/2164/2154 838/2165/2155
f 837/2084/2076 838/2165/2155 833/2086/2078
f 833/2086/2078 838/2165/2155 834/2166/2156
f 833/2086/2078 834/2166/2156 829/2088/2080
f 829/2088/2080 834/2166/2156 830/2167/2157
f 829/2088/2080 830/2167/2157 825/2090/2082
f 825/2090/2082 830/2167/2157 826/2168/2158
f 825/2090/2082 826/2168/2158 821/2092/2084
f 821/2092/2084 826/2168/2158 822/2169/2159
f 821/2092/2084 822/2169/2159 817/2094/2086
f 817/2094/2086 822/2169/2159 818/2170/2160
f 817/2094/2086 818/2170/2160 813/2096/2088
f 813/2096/2088 818/2170/2160 814/2171/2161
f 813/2096/2088 814/2171/2161 809/2098/2090
f 809/2098/2090 814/2171/2161 810/2172/2162
f 809/2098/2090 810/2172/2162 805/2100/2092
f 805/2100/2092 810/2172/2162 806/2173/2163
f 805/2100/2092 806/2173/2163 801/2052/2046
f 801/2052/2046 806/2173/2163 802/2174/2164
f 801/2052/2046 802/2174/2164 797/2054/2048
f 797/2054/2048 802/2174/2164 798/2175/2141
f 798/2151/2141 799/2176/2165 890/2152/2142
f 890/2152/2142 799/2176/2165 891/2177/2166
f 890/2152/2142 891/2177/2166 886/2153/2143
f 886/2153/2143 891/2177/2166 887/2178/2167
f 886/2153/2143 887/2178/2167 882/2154/2144
f 882/2154/2144 887/2178/2167 883/2179/2168
f 882/2154/2144 883/2179/2168 878/2155/2145
f 878/2155/2145 883/2179/2168 879/2180/2169
f 878/2155/2145 879/2180/2169 874/2156/2146
f 874/2156/2146 879/2180/2169 875/2181/2170
f 874/2156/2146 875/2181/2170 870/2157/2147
f 870/2157/2147 875/2181/2170 871/2182/2171
f 870/2157/2147 871/2182/2171 866/2158/2148
f 866/2158/2148 871/2182/2171 867/2183/2172
f 866/2158/2148 867/2183/2172 862/2159/2149
f 862/2159/2149 867/2183/2172 863/2184/2173
f 862/2159/2149 863/2184/2173 858/2160/2150
f 858/2160/2150 863/2184/2173 859/2185/2174
f 858/2160/2150 859/2185/2174 854/2161/2151
f 854/2161/2151 859/2185/2174 855/2186/2175
f 854/2161/2151 855/2186/2175 850/2162/2152
f 850/2162/2152 855/2186/2175 851/2187/2176
f 850/2162/2152 851/2187/2176 846/2163/2153
f 846/2163/2153 851/2187/2176 847/2188/2177
f 846/2163/2153 847/2188/2177 842/2164/2154
f 842/2164/2154 847/2188/2177 843/2189/2178
f 842/2164/2154 843/2189/2178 838/2165/2155
f 838/2165/2155 843/2189/2178 839/2190/2179
f 838/2165/2155 839/2190/2179 834/2166/2156
f 834/2166/2156 839/2190/2179 835/2191/2180
f 834/2166/2156 835/2191/2180 830/2167/2157
f 830/2167/2157 835/2191/2180 831/2192/2181
f 830/2167/2157 831/2192/2181 826/2168/2158
f 826/2168/2158 831/2192/2181 827/2193/2182
f 826/2168/2158 827/2193/2182 822/2169/2159
f 822/2169/2159 827/2193/2182 823/2194/2183
f 822/2169/2159 823/2194/2183 818/2170/2160
f 818/2170/2160 823/2194/2183 819/2195/2184
f 818/2170/2160 819/2195/2184 814/2171/2161
f 814/2171/2161 819/2195/2184 815/2196/2185
f 814/2171/2161 815/2196/2185 810/2172/2162
f 810/2172/2162 815/2196/2185 811/2197/2186
f 810/2172/2162 811/2197/2186 806/2173/2163
f 806/2173/2163 811/2197/2186 807/2198/2187
f 806/2173/2163 807/2198/2187 802/2174/2164
f 802/2174/2164 807/2198/2187 803/2199/2188
f 802/2174/2164 803/2199/2188 798/2175/2141
f 798/2175/2141 803/2199/2188 799/2200/2165
f 799/2176/2165 800/2104/2096 891/2177/2166
f 891/2177/2166 800/2104/2096 892/2102/2094
f 891/2177/2166 892/2102/2094 887/2178/2167
f 887/2178/2167 892/2102/2094 888/2150/2140
f 887/2178/2167 888/2150/2140 883/2179/2168
f 883/2179/2168 888/2150/2140 884/2148/2138
f 883/2179/2168 884/2148/2138 879/2180/2169
f 879/2180/2169 884/2148/2138 880/2146/2136
f 879/2180/2169 880/2146/2136 875/2181/2170
f 875/2181/2170 880/2146/2136 876/2144/2134
f 875/2181/2170 876/2144/2134 871/2182/2171
f 871/2182/2171 876/2144/2134 872/2142/2132
f 871/2182/2171 872/2142/2132 867/2183/2172
f 867/2183/2172 872/2142/2132 868/2140/2130
f 867/2183/2172 868/2140/2130 863/2184/2173
f 863/2184/2173 868/2140/2130 864/2138/2128
f 863/2184/2173 864/2138/2128 859/2185/2174
f 859/2185/2174 864/2138/2128 860/2136/2126
f 859/2185/2174 860/2136/2126 855/2186/2175
f 855/2186/2175 860/2136/2126 856/2134/2124
f 855/2186/2175 856/2134/2124 851/2187/2176
f 851/2187/2176 856/2134/2124 852/2132/2122
f 851/2187/2176 852/2132/2122 847/2188/2177
f 847/2188/2177 852/2132/2122 848/2130/2120
f 847/2188/2177 848/2130/2120 843/2189/2178
f 843/2189/2178 848/2130/2120 844/2128/2118
f 843/2189/2178 844/2128/2118 839/2190/2179
f 839/2190/2179 844/2128/2118 840/2126/2116
f 839/2190/2179 840/2126/2116 835/2191/2180
f 835/2191/2180 840/2126/2116 836/2124/2114
f 835/2191/2180 836/2124/2114 831/2192/2181
f 831/2192/2181 836/2124/2114 832/2122/2112
f 831/2192/2181 832/2122/2112 827/2193/2182
f 827/2193/2182 832/2122/2112 828/2120/2110
f 827/2193/2182 828/2120/2110 823/2194/2183
f 823/2194/2183 828/2120/2110 824/2118/2108
f 823/2194/2183 824/2118/2108 819/2195/2184
f 819/2195/2184 824/2118/2108 820/2116/2106
f 819/2195/2184 820/2116/2106 815/2196/2185
f 815/2196/2185 820/2116/2106 816/2114/2104
f 815/2196/2185 816/2114/2104 811/2197/2186
f 811/2197/2186 816/2114/2104 812/2112/2102
f 811/2197/2186 812/2112/2102 807/2198/2187
f 807/2198/2187 812/2112/2102 808/2110/2100
f 807/2198/2187 808/2110/2100 803/2199/2188
f 803/2199/2188 808/2110/2100 804/2108/2098
f 803/2199/2188 804/2108/2098 799/2200/2165
f 799/2200/2165 804/2108/2098 800/2106/2096
f 894/2201/2189 904/2202/2190 893/2203/2191
f 893/2203/2191 904/2202/2190 905/2204/2192
f 893/2203/2191 905/2204/2192 916/2205/2193
f 916/2205/2193 905/2204/2192 906/2206/2194
f 916/2205/2193 906/2206/2194 915/2207/2195
f 915/2207/2195 906/2206/2194 907/2208/2196
f 915/2207/2195 907/2208/2196 914/2209/2197
f 914/2209/2197 907/2208/2196 908/2210/2198
f 914/2209/2197 908/2210/2198 913/2211/2199
f 913/2211/2199 908/2210/2198 909/2212/2200
f 913/2211/2199 909/2212/2200 912/2213/2201
f 912/2213/2201 909/2212/2200 910/2214/2202
f 912/2213/2201 910/2214/2202 911/2215/2203
f 904/2202/2190 894/2201/2189 903/2216/2204
f 903/2216/2204 894/2201/2189 895/2217/2205
f 903/2216/2204 895/2217/2205 902/2218/2206
f 902/2218/2206 895/2217/2205 896/2219/2207
f 902/2218/2206 896/2219/2207 901/2220/2208
f 901/2220/2208 896/2219/2207 897/2221/2209
f 901/2220/2208 897/2221/2209 900/2222/2210
f 900/2222/2210 897/2221/2209 898/2223/2211
f 900/2222/2210 898/2223/2211 899/2224/2212
f 918/2225/2213 945/2226/2214 917/2227/2215
f 917/2227/2215 945/2226/2214 941/2228/2216
f 917/2229/2215 941/2230/2216 940/2231/2217
f 940/2231/2217 941/2230/2216 1033/2232/2218
f 940/2231/2217 1033/2232/2218 939/2233/2219
f 939/2233/2219 1033/2232/2218 1029/2234/2220
f 939/2233/2219 1029/2234/2220 938/2235/2221
f 938/2235/2221 1029/2234/2220 1025/2236/2222
f 938/2235/2221 1025/2236/2222 937/2237/2223
f 937/2237/2223 1025/2236/2222 1021/2238/2224
f 937/2237/2223 1021/2238/2224 936/2239/2225
f 936/2239/2225 1021/2238/2224 1017/2240/2226
f 936/2239/2225 1017/2240/2226 935/2241/2227
f 935/2241/2227 1017/2240/2226 1013/2242/2228
f 935/2241/2227 1013/2242/2228 934/2243/2229
f 934/2243/2229 1013/2242/2228 1009/2244/2230
f 934/2243/2229 1009/2244/2230 933/2245/2231
f 933/2245/2231 1009/2244/2230 1005/2246/2232
f 933/2245/2231 1005/2246/2232 932/2247/2233
f 932/2247/2233 1005/2246/2232 1001/2248/2234
f 932/2247/2233 1001/2248/2234 931/2249/2235
f 931/2249/2235 1001/2248/2234 997/2250/2236
f 931/2249/2235 997/2250/2236 930/2251/2237
f 930/2251/2237 997/2250/2236 993/2252/2238
f 930/2251/2237 993/2252/2238 929/2253/2239
f 929/2253/2239 993/2252/2238 989/2254/2240
f 929/2253/2239 989/2254/2240 928/2255/2241
f 928/2255/2241 989/2254/2240 985/2256/2242
f 928/2255/2241 985/2256/2242 927/2257/2243
f 927/2257/2243 985/2256/2242 981/2258/2244
f 927/2257/2243 981/2258/2244 926/2259/2245
f 926/2259/2245 981/2258/2244 977/2260/2246
f 926/2259/2245 977/2260/2246 925/2261/2247
f 925/2261/2247 977/2260/2246 973/2262/2248
f 925/2261/2247 973/2262/2248 924/2263/2249
f 924/2263/2249 973/2262/2248 969/2264/2250
f 924/2263/2249 969/2264/2250 923/2265/2251
f 923/2265/2251 969/2264/2250 965/2266/2252
f 923/2265/2251 965/2266/2252 922/2267/2253
f 922/2267/2253 965/2266/2252 961/2268/2254
f 922/2267/2253 961/2268/2254 921/2269/2255
f 921/2269/2255 961/2268/2254 957/2270/2256
f 921/2269/2255 957/2270/2256 920/2271/2257
f 920/2271/2257 957/2270/2256 953/2272/2258
f 920/2271/2257 953/2272/2258 919/2273/2259
f 919/2273/2259 953/2272/2258 949/2274/2260
f 919/2273/2259 949/2274/2260 918/2225/2213
f 918/2225/2213 949/2274/2260 945/2226/2214
f 916/2275/2261 1036/2276/2262 893/2277/2263
f 893/2277/2263 1036/2276/2262 944/2278/2264
f 893/2279/2263 944/2280/2264 894/2281/2265
f 894/2281/2265 944/2280/2264 948/2282/2266
f 894/2281/2265 948/2282/2266 895/2283/2267
f 895/2283/2267 948/2282/2266 952/2284/2268
f 895/2283/2267 952/2284/2268 896/2285/2269
f 896/2285/2269 952/2284/2268 956/2286/2270
f 896/2285/2269 956/2286/2270 897/2287/2271
f 897/2287/2271 956/2286/2270 960/2288/2272
f 897/2287/2271 960/2288/2272 898/2289/2273
f 898/2289/2273 960/2288/2272 964/2290/2274
f 898/2289/2273 964/2290/2274 899/2291/2275
f 899/2291/2275 964/2290/2274 968/2292/2276
f 899/2291/2275 968/2292/2276 900/2293/2277
f 900/2293/2277 968/2292/2276 972/2294/2278
f 900/2293/2277 972/2294/2278 901/2295/2279
f 901/2295/2279 972/2294/2278 976/2296/2280
f 901/2295/2279 976/2296/2280 902/2297/2281
f 902/2297/2281 976/2296/2280 980/2298/2282
f 902/2297/2281 980/2298/2282 903/2299/2283
f 903/2299/2283 980/2298/2282 984/2300/2284
f 903/2299/2283 984/2300/2284 904/2301/2285
f 904/2301/2285 984/2300/2284 988/2302/2286
f 904/2301/2285 988/2302/2286 905/2303/2287
f 905/2303/2287 988/2302/2286 992/2304/2288
f 905/2303/2287 992/2304/2288 906/2305/2289
f 906/2305/2289 992/2304/2288 996/2306/2290
f 906/2305/2289 996/2306/2290 907/2307/2291
f 907/2307/2291 996/2306/2290 1000/2308/2292
f 907/2307/2291 1000/2308/2292 908/2309/2293
f 908/2309/2293 1000/2308/2292 1004/2310/2294
f 908/2309/2293 1004/2310/2294 909/2311/2295
f 909/2311/2295 1004/2310/2294 1008/2312/2296
f 909/2311/2295 1008/2312/2296 910/2313/2297
f 910/2313/2297 1008/2312/2296 1012/2314/2298
f 910/2313/2297 1012/2314/2298 911/2315/2299
f 911/2315/2299 1012/2314/2298 1016/2316/2300
f 911/2315/2299 1016/2316/2300 912/2317/2301
f 912/2317/2301 1016/2316/2300 1020/2318/2302
f 912/2317/2301 1020/2318/2302 913/2319/2303
f 913/2319/2303 1020/2318/2302 1024/2320/2304
f 913/2319/2303 1024/2320/2304 914/2321/2305
f 914/2321/2305 1024/2320/2304 1028/2322/2306
f 914/2321/2305 1028/2322/2306 915/2323/2307
f 915/2323/2307 1028/2322/2306 1032/2324/2308
f 915/2323/2307 1032/2324/2308 916/2275/2261
f 916/2275/2261 1032/2324/2308 1036/2276/2262
f 941/2230/2216 942/2325/2309 1033/2232/2218
f 1033/2232/2218 942/2325/2309 1034/2326/2310
f 1033/2232/2218 1034/2326/2310 1029/2234/2220
f 1029/2234/2220 1034/2326/2310 1030/2327/2311
f 1029/2234/2220 1030/2327/2311 1025/2236/2222
f 1025/2236/2222 1030/2327/2311 1026/2328/2312
f 1025/2236/2222 1026/2328/2312 1021/2238/2224
f 1021/2238/2224 1026/2328/2312 1022/2329/2313
f 1021/2238/2224 1022/2329/2313 1017/2240/2226
f 1017/2240/2226 1022/2329/2313 1018/2330/2314
f 1017/2240/2226 1018/2330/2314 1013/2242/2228
f 1013/2242/2228 1018/2330/2314 1014/2331/2315
f 1013/2242/2228 1014/2331/2315 1009/2244/2230
f 1009/2244/2230 1014/2331/2315 1010/2332/2316
f 1009/2244/2230 1010/2332/2316 1005/2246/2232
f 1005/2246/2232 1010/2332/2316 1006/2333/2317
f 1005/2246/2232 1006/2333/2317 1001/2248/2234
f 1001/2248/2234 1006/2333/2317 1002/2334/2318
f 1001/2248/2234 1002/2334/2318 997/2250/2236
f 997/2250/2236 1002/2334/2318 998/2335/2319
f 997/2250/2236 998/2335/2319 993/2252/2238
f 993/2252/2238 998/2335/2319 994/2336/2320
f 993/2252/2238 994/2336/2320 989/2254/2240
f 989/2254/2240 994/2336/2320 990/2337/2321
f 989/2254/2240 990/2337/2321 985/2256/2242
f 985/2256/2242 990/2337/2321 986/2338/2322
f 985/2256/2242 986/2338/2322 981/2258/2244
f 981/2258/2244 986/2338/2322 982/2339/2323
f 981/2258/2244 982/2339/2323 977/2260/2246
f 977/2260/2246 982/2339/2323 978/2340/2324
f 977/2260/2246 978/2340/2324 973/2262/2248
f 973/2262/2248 978/2340/2324 974/2341/2325
f 973/2262/2248 974/2341/2325 969/2264/2250
f 969/2264/2250 974/2341/2325 970/2342/2326
f 969/2264/2250 970/2342/2326 965/2266/2252
f 965/2266/2252 970/2342/2326 966/2343/2327
f 965/2266/2252 966/2343/2327 961/2268/2254
f 961/2268/2254 966/2343/2327 962/2344/2328
f 961/2268/2254 962/2344/2328 957/2270/2256
f 957/2270/2256 962/2344/2328 958/2345/2329
f 957/2270/2256 958/2345/2329 953/2272/2258
f 953/2272/2258 958/2345/2329 954/2346/2330
f 953/2272/2258 954/2346/2330 949/2274/2260
f 949/2274/2260 954/2346/2330 950/2347/2331
f 949/2274/2260 950/2347/2331 945/2226/2214
f 945/2226/2214 950/2347/2331 946/2348/2332
f 945/2226/2214 946/2348/2332 941/2228/2216
f 941/2228/2216 946/2348/2332 942/2349/2309
f 942/2325/2309 943/2350/2333 1034/2326/2310
f 1034/2326/2310 943/2350/2333 1035/2351/2334
f 1034/2326/2310 1035/2351/2334 1030/2327/2311
f 1030/2327/2311 1035/2351/2334 1031/2352/2335
f 1030/2327/2311 1031/2352/2335 1026/2328/2312
f 1026/2328/2312 1031/2352/2335 1027/2353/2336
f 1026/2328/2312 1027/2353/2336 1022/2329/2313
f 1022/2329/2313 1027/2353/2336 1023/2354/2337
f 1022/2329/2313 1023/2354/2337 1018/2330/2314
f 1018/2330/2314 1023/2354/2337 1019/2355/2338
f 1018/2330/2314 1019/2355/2338 1014/2331/2315
f 1014/2331/2315 1019/2355/2338 1015/2356/2339
f 1014/2331/2315 1015/2356/2339 1010/2332/2316
f 1010/2332/2316 1015/2356/2339 1011/2357/2340
f 1010/2332/2316 1011/2357/2340 1006/2333/2317
f 1006/2333/2317 1011/2357/2340 1007/2358/2341
f 1006/2333/2317 1007/2358/2341 1002/2334/2318
f 1002/2334/2318 1007/2358/2341 1003/2359/2342
f 1002/2334/2318 1003/2359/2342 998/2335/2319
f 998/2335/2319 1003/2359/2342 999/2360/2343
f 998/2335/2319 999/2360/2343 994/2336/2320
f 994/2336/2320 999/2360/2343 995/2361/2344
f 994/2336/2320 995/2361/2344 990/2337/2321
f 990/2337/2321 995/2361/2344 991/2362/2345
f 990/2337/2321 991/2362/2345 986/2338/2322
f 986/2338/2322 991/2362/2345 987/2363/2346
f 986/2338/2322 987/2363/2346 982/2339/2323
f 982/2339/2323 987/2363/2346 983/2364/2347
f 982/2339/2323 983/2364/2347 978/2340/2324
f 978/2340/2324 983/2364/2347 979/2365/2348
f 978/2340/2324 979/2365/2348 974/2341/2325
f 974/2341/2325 979/2365/2348 975/2366/2349
f 974/2341/2325 975/2366/2349 970/2342/2326
f 970/2342/2326 975/2366/2349 971/2367/2350
f 970/2342/2326 971/2367/2350 966/2343/2327
f 966/2343/2327 971/2367/2350 967/2368/2351
f 966/2343/2327 967/2368/2351 962/2344/2328
f 962/2344/2328 967/2368/2351 963/2369/2352
f 962/2344/2328 963/2369/2352 958/2345/2329
f 958/2345/2329 963/2369/2352 959/2370/2353
f 958/2345/2329 959/2370/2353 954/2346/2330
f 954/2346/2330 959/2370/2353 955/2371/2354
f 954/2346/2330 955/2371/2354 950/2347/2331
f 950/2347/2331 955/2371/2354 951/2372/2355
f 950/2347/2331 951/2372/2355 946/2348/2332
f 946/2348/2332 951/2372/2355 947/2373/2356
f 946/2348/2332 947/2373/2356 942/2349/2309
f 942/2349/2309 947/2373/2356 943/2374/2333
f 943/2350/2333 944/2278/2264 1035/2351/2334
f 1035/2351/2334 944/2278/2264 1036/2276/2262
f 1035/2351/2334 1036/2276/2262 1031/2352/2335
f 1031/2352/2335 1036/2276/2262 1032/2324/2308
f 1031/2352/2335 1032/2324/2308 1027/2353/2336
f 1027/2353/2336 1032/2324/2308 1028/2322/2306
f 1027/2353/2336 1028/2322/2306 1023/2354/2337
f 1023/2354/2337 1028/2322/2306 1024/2320/2304
f 1023/2354/2337 1024/2320/2304 1019/2355/2338
f 1019/2355/2338 1024/2320/2304 1020/2318/2302
f 1019/2355/2338 1020/2318/2302 1015/2356/2339
f 1015/2356/2339 1020/2318/2302 1016/2316/2300
f 1015/2356/2339 1016/2316/2300 1011/2357/2340
f 1011/2357/2340 1016/2316/2300 1012/2314/2298
f 1011/2357/2340 1012/2314/2298 1007/2358/2341
f 1007/2358/2341 1012/2314/2298 1008/2312/2296
f 1007/2358/2341 1008/2312/2296 1003/2359/2342
f 1003/2359/2342 1008/2312/2296 1004/2310/2294
f 1003/2359/2342 1004/2310/2294 999/2360/2343
f 999/2360/2343 1004/2310/2294 1000/2308/2292
f 999/2360/2343 1000/2308/2292 995/2361/2344
f 995/2361/2344 1000/2308/2292 996/2306/2290
f 995/2361/2344 996/2306/2290 991/2362/2345
f 991/2362/2345 996/2306/2290 992/2304/2288
f 991/2362/2345 992/2304/2288 987/2363/2346
f 987/2363/2346 992/2304/2288 988/2302/2286
f 987/2363/2346 988/2302/2286 983/2364/2347
f 983/2364/2347 988/2302/2286 984/2300/2284
f 983/2364/2347 984/2300/2284 979/2365/2348
f 979/2365/2348 984/2300/2284 980/2298/2282
f 979/2365/2348 980/2298/2282 975/2366/2349
f 975/2366/2349 980/2298/2282 976/2296/2280
f 975/2366/2349 976/2296/2280 971/2367/2350
f 971/2367/2350 976/2296/2280 972/2294/2278
f 971/2367/2350 972/2294/2278 967/2368/2351
f 967/2368/2351 972/2294/2278 968/2292/2276
f 967/2368/2351 968/2292/2276 963/2369/2352
f 963/2369/2352 968/2292/2276 964/2290/2274
f 963/2369/2352 964/2290/2274 959/2370/2353
f 959/2370/2353 964/2290/2274 960/2288/2272
f 959/2370/2353 960/2288/2272 955/2371/2354
f 955/2371/2354 960/2288/2272 956/2286/2270
f 955/2371/2354 956/2286/2270 951/2372/2355
f 951/2372/2355 956/2286/2270 952/2284/2268
f 951/2372/2355 952/2284/2268 947/2373/2356
f 947/2373/2356 952/2284/2268 948/2282/2266
f 947/2373/2356 948/2282/2266 943/2374/2333
f 943/2374/2333 948/2282/2266 944/2280/2264
f 1038/2375/2357 1048/2376/2358 1037/2377/2359
f 1037/2377/2359 1048/2376/2358 1049/2378/2360
f 1037/2377/2359 1049/2378/2360 1060/2379/2361
f 1060/2379/2361 1049/2378/2360 1050/2380/2362
f 1060/2379/2361 1050/2380/2362 1059/2381/2363
f 1059/2381/2363 1050/2380/2362 1051/2382/2364
f 1059/2381/2363 1051/2382/2364 1058/2383/2365
f 1058/2383/2365 1051/2382/2364 1052/2384/2366
f 1058/2383/2365 1052/2384/2366 1057/2385/2367
f 1057/2385/2367 1052/2384/2366 1053/2386/2368
f 1057/2385/2367 1053/2386/2368 1056/2387/2369
f 1056/2387/2369 1053/2386/2368 1054/2388/2370
f 1056/2387/2369 1054/2388/2370 1055/2389/2371
f 1048/2376/2358 1038/2375/2357 1047/2390/2372
f 1047/2390/2372 1038/2375/2357 1039/2391/2373
f 1047/2390/2372 1039/2391/2373 1046/2392/2374
f 1046/2392/2374 1039/2391/2373 1040/2393/2375
f 1046/2392/2374 1040/2393/2375 1045/2394/2376
f 1045/2394/2376 1040/2393/2375 1041/2395/2377
f 1045/2394/2376 1041/2395/2377 1044/2396/2378
f 1044/2396/2378 1041/2395/2377 1042/2397/2379
f 1044/2396/2378 1042/2397/2379 1043/2398/2380
f 1062/2399/2381 1089/2400/2382 1061/2401/2383
f 1061/2401/2383 1089/2400/2382 1085/2402/2384
f 1061/2403/2383 1085/2404/2384 1084/2405/2385
f 1084/2405/2385 1085/2404/2384 1177/2406/2386
f 1084/2405/2385 1177/2406/2386 1083/2407/2387
f 1083/2407/2387 1177/2406/2386 1173/2408/2388
f 1083/2407/2387 1173/2408/2388 1082/2409/2389
f 1082/2409/2389 1173/2408/2388 1169/2410/2390
f 1082/2409/2389 1169/2410/2390 1081/2411/2391
f 1081/2411/2391 1169/2410/2390 1165/2412/2392
f 1081/2411/2391 1165/2412/2392 1080/2413/2393
f 1080/2413/2393 1165/2412/2392 1161/2414/2394
f 1080/2413/2393 1161/2414/2394 1079/2415/2395
f 1079/2415/2395 1161/2414/2394 1157/2416/2396
f 1079/2415/2395 1157/2416/2396 1078/2417/2397
f 1078/2417/2397 1157/2416/2396 1153/2418/2398
f 1078/2417/2397 1153/2418/2398 1077/2419/2399
f 1077/2419/2399 1153/2418/2398 1149/2420/2400
f 1077/2419/2399 1149/2420/2400 1076/2421/2401
f 1076/2421/2401 1149/2420/2400 1145/2422/2402
f 1076/2421/2401 1145/2422/2402 1075/2423/2403
f 1075/2423/2403 1145/2422/2402 1141/2424/2404
f 1075/2423/2403 1141/2424/2404 1074/2425/2405
f 1074/2425/2405 1141/2424/2404 1137/2426/2406
f 1074/2425/2405 1137/2426/2406 1073/2427/2407
f 1073/2427/2407 1137/2426/2406 1133/2428/2408
f 1073/2427/2407 1133/2428/2408 1072/2429/2409
f 1072/2429/2409 1133/2428/2408 1129/2430/2410
f 1072/2429/2409 1129/2430/2410 1071/2431/2411
f 1071/2431/2411 1129/2430/2410 1125/2432/2412
f 1071/2431/2411 1125/2432/2412 1070/2433/2413
f 1070/2433/2413 1125/2432/2412 1121/2434/2414
f 1070/2433/2413 1121/2434/2414 1069/2435/2415
f 1069/2435/2415 1121/2434/2414 1117/2436/2416
f 1069/2435/2415 1117/2436/2416 1068/2437/2417
f 1068/2437/2417 1117/2436/2416 1113/2438/2418
f 1068/2437/2417 1113/2438/2418 1067/2439/2419
f 1067/2439/2419 1113/2438/2418 1109/2440/2420
f 1067/2439/2419 1109/2440/2420 1066/2441/2421
f 1066/2441/2421 1109/2440/2420 1105/2442/2422
f 1066/2441/2421 1105/2442/2422 1065/2443/2423
f 1065/2443/2423 1105/2442/2422 1101/2444/2424
f 1065/2443/2423 1101/2444/2424 1064/2445/2425
f 1064/2445/2425 1101/2444/2424 1097/2446/2426
f 1064/2445/2425 1097/2446/2426 1063/2447/2427
f 1063/2447/2427 1097/2446/2426 1093/2448/2428
f 1063/2447/2427 1093/2448/2428 1062/2399/2381
f 1062/2399/2381 1093/2448/2428 1089/2400/2382
f 1060/2449/2429 1180/2450/2430 1037/2451/2431
f 1037/2451/2431 1180/2450/2430 1088/2452/2432
f 1037/2453/2431 1088/2454/2432 1038/2455/2433
f 1038/2455/2433 1088/2454/2432 1092/2456/2434
f 1038/2455/2433 1092/2456/2434 1039/2457/2435
f 1039/2457/2435 1092/2456/2434 1096/2458/2436
f 1039/2457/2435 1096/2458/2436 1040/2459/2437
f 1040/2459/2437 1096/2458/2436 1100/2460/2438
f 1040/2459/2437 1100/2460/2438 1041/2461/2439
f 1041/2461/2439 1100/2460/2438 1104/2462/2440
f 1041/2461/2439 1104/2462/2440 1042/2463/2441
f 1042/2463/2441 1104/2462/2440 1108/2464/2442
f 1042/2463/2441 1108/2464/2442 1043/2465/2443
f 1043/2465/2443 1108/2464/2442 1112/2466/2444
f 1043/2465/2443 1112/2466/2444 1044/2467/2445
f 1044/2467/2445 1112/2466/2444 1116/2468/2446
f 1044/2467/2445 1116/2468/2446 1045/2469/2447
f 1045/2469/2447 1116/2468/2446 1120/2470/2448
f 1045/2469/2447 1120/2470/2448 1046/2471/2449
f 1046/2471/2449 1120/2470/2448 1124/2472/2450
f 1046/2471/2449 1124/2472/2450 1047/2473/2451
f 1047/2473/2451 1124/2472/2450 1128/2474/2452
f 1047/2473/2451 1128/2474/2452 1048/2475/2453
f 1048/2475/2453 1128/2474/2452 1132/2476/2454
f 1048/2475/2453 1132/2476/2454 1049/2477/2455
f 1049/2477/2455 1132/2476/2454 1136/2478/2456
f 1049/2477/2455 1136/2478/2456 1050/2479/2457
f 1050/2479/2457 1136/2478/2456 1140/2480/2458
f 1050/2479/2457 1140/2480/2458 1051/2481/2459
f 1051/2481/2459 1140/2480/2458 1144/2482/2460
f 1051/2481/2459 1144/2482/2460 1052/2483/2461
f 1052/2483/2461 1144/2482/2460 1148/2484/2462
f 1052/2483/2461 1148/2484/2462 1053/2485/2463
f 1053/2485/2463 1148/2484/2462 1152/2486/2464
f 1053/2485/2463 1152/2486/2464 1054/2487/2465
f 1054/2487/2465 1152/2486/2464 1156/2488/2466
f 1054/2487/2465 1156/2488/2466 1055/2489/2467
f 1055/2489/2467 1156/2488/2466 1160/2490/2468
f 1055/2489/2467 1160/2490/2468 1056/2491/2469
f 1056/2491/2469 1160/2490/2468 1164/2492/2470
f 1056/2491/2469 1164/2492/2470 1057/2493/2471
f 1057/2493/2471 1164/2492/2470 1168/2494/2472
f 1057/2493/2471 1168/2494/2472 1058/2495/2473
f 1058/2495/2473 1168/2494/2472 1172/2496/2474
f 1058/2495/2473 1172/2496/2474 1059/2497/2475
f 1059/2497/2475 1172/2496/2474 1176/2498/2476
f 1059/2497/2475 1176/2498/2476 1060/2449/2429
f 1060/2449/2429 1176/2498/2476 1180/2450/2430
f 1085/2404/2384 1086/2499/2477 1177/2406/2386
f 1177/2406/2386 1086/2499/2477 1178/2500/2478
f 1177/2406/2386 1178/2500/2478 1173/2408/2388
f 1173/2408/2388 1178/2500/2478 1174/2501/2479
f 1173/2408/2388 1174/2501/2479 1169/2410/2390
f 1169/2410/2390 1174/2501/2479 1170/2502/2480
f 1169/2410/2390 1170/2502/2480 1165/2412/2392
f 1165/2412/2392 1170/2502/2480 1166/2503/2481
f 1165/2412/2392 1166/2503/2481 1161/2414/2394
f 1161/2414/2394 1166/2503/2481 1162/2504/2482
f 1161/2414/2394 1162/2504/2482 1157/2416/2396
f 1157/2416/2396 1162/2504/2482 1158/2505/2483
f 1157/2416/2396 1158/2505/2483 1153/2418/2398
f 1153/2418/2398 1158/2505/2483 1154/2506/2484
f 1153/2418/2398 1154/2506/2484 1149/2420/2400
f 1149/2420/2400 1154/2506/2484 1150/2507/2485
f 1149/2420/2400 1150/2507/2485 1145/2422/2402
f 1145/2422/2402 1150/2507/2485 1146/2508/2486
f 1145/2422/2402 1146/2508/2486 1141/2424/2404
f 1141/2424/2404 1146/2508/2486 1142/2509/2487
f 1141/2424/2404 1142/2509/2487 1137/2426/2406
f 1137/2426/2406 1142/2509/2487 1138/2510/2488
f 1137/2426/2406 1138/2510/2488 1133/2428/2408
f 1133/2428/2408 1138/2510/2488 1134/2511/2489
f 1133/2428/2408 1134/2511/2489 1129/2430/2410
f 1129/2430/2410 1134/2511/2489 1130/2512/2490
f 1129/2430/2410 1130/2512/2490 1125/2432/2412
f 1125/2432/2412 1130/2512/2490 1126/2513/2491
f 1125/2432/2412 1126/2513/2491 1121/2434/2414
f 1121/2434/2414 1126/2513/2491 1122/2514/2492
f 1121/2434/2414 1122/2514/2492 1117/2436/2416
f 1117/2436/2416 1122/2514/2492 1118/2515/2493
f 1117/2436/2416 1118/2515/2493 1113/2438/2418
f 1113/2438/2418 1118/2515/2493 1114/2516/2494
f 1113/2438/2418 1114/2516/2494 1109/2440/2420
f 1109/2440/2420 1114/2516/2494 1110/2517/2495
f 1109/2440/2420 1110/2517/2495 1105/2442/2422
f 1105/2442/2422 1110/2517/2495 1106/2518/2496
f 1105/2442/2422 1106/2518/2496 1101/2444/2424
f 1101/2444/2424 1106/2518/2496 1102/2519/2497
f 1101/2444/2424 1102/2519/2497 1097/2446/2426
f 1097/2446/2426 1102/2519/2497 1098/2520/2498
f 1097/2446/2426 1098/2520/2498 1093/2448/2428
f 1093/2448/2428 1098/2520/2498 1094/2521/2499
f 1093/2448/2428 1094/2521/2499 1089/2400/2382
f 1089/2400/2382 1094/2521/2499 1090/2522/2500
f 1089/2400/2382 1090/2522/2500 1085/2402/2384
f 1085/2402/2384 1090/2522/2500 1086/2523/2477
f 1086/2499/2477 1087/2524/2501 1178/2500/2478
f 1178/2500/2478 1087/2524/2501 1179/2525/2502
f 1178/2500/2478 1179/2525/2502 1174/2501/2479
f 1174/2501/2479 1179/2525/2502 1175/2526/2503
f 1174/2501/2479 1175/2526/2503 1170/2502/2480
f 1170/2502/2480 1175/2526/2503 1171/2527/2504
f 1170/2502/2480 1171/2527/2504 1166/2503/2481
f 1166/2503/2481 1171/2527/2504 1167/2528/2505
f 1166/2503/2481 1167/2528/2505 1162/2504/2482
f 1162/2504/2482 1167/2528/2505 1163/2529/2506
f 1162/2504/2482 1163/2529/2506 1158/2505/2483
f 1158/2505/2483 1163/2529/2506 1159/2530/2507
f 1158/2505/2483 1159/2530/2507 1154/2506/2484
f 1154/2506/2484 1159/2530/2507 1155/2531/2508
f 1154/2506/2484 1155/2531/2508 1150/2507/2485
f 1150/2507/2485 1155/2531/2508 1151/2532/2509
f 1150/2507/2485 1151/2532/2509 1146/2508/2486
f 1146/2508/2486 1151/2532/2509 1147/2533/2510
f 1146/2508/2486 1147/2533/2510 1142/2509/2487
f 1142/2509/2487 1147/2533/2510 1143/2534/2511
f 1142/2509/2487 1143/2534/2511 1138/2510/2488
f 1138/2510/2488 1143/2534/2511 1139/2535/2512
f 1138/2510/2488 1139/2535/2512 1134/2511/2489
f 1134/2511/2489 1139/2535/2512 1135/2536/2513
f 1134/2511/2489 1135/2536/2513 1130/2512/2490
f 1130/2512/2490 1135/2536/2513 1131/2537/2514
f 1130/2512/2490 1131/2537/2514 1126/2513/2491
f 1126/2513/2491 1131/2537/2514 1127/2538/2515
f 1126/2513/2491 1127/2538/2515 1122/2514/2492
f 1122/2514/2492 1127/2538/2515 1123/2539/2516
f 1122/2514/2492 1123/2539/2516 1118/2515/2493
f 1118/2515/2493 1123/2539/2516 1119/2540/2517
f 1118/2515/2493 1119/2540/2517 1114/2516/2494
f 1114/2516/2494 1119/2540/2517 1115/2541/2518
f 1114/2516/2494 1115/2541/2518 1110/2517/2495
f 1110/2517/2495 1115/2541/2518 1111/2542/2519
f 1110/2517/2495 1111/2542/2519 1106/2518/2496
f 1106/2518/2496 1111/2542/2519 1107/2543/2520
f 1106/2518/2496 1107/2543/2520 1102/2519/2497
f 1102/2519/2497 1107/2543/2520 1103/2544/2521
f 1102/2519/2497 1103/2544/2521 1098/2520/2498
f 1098/2520/2498 1103/2544/2521 1099/2545/2522
f 1098/2520/2498 1099/2545/2522 1094/2521/2499
f 1094/2521/2499 1099/2545/2522 1095/2546/2523
f 1094/2521/2499 1095/2546/2523 1090/2522/2500
f 1090/2522/2500 1095/2546/2523 1091/2547/2524
f 1090/2522/2500 1091/2547/2524 1086/2523/2477
f 1086/2523/2477 1091/2547/2524 1087/2548/2501
f 1087/2524/2501 1088/2452/2432 1179/2525/2502
f 1179/2525/2502 1088/2452/2432 1180/2450/2430
f 1179/2525/2502 1180/2450/2430 1175/2526/2503
f 1175/2526/2503 1180/2450/2430 1176/2498/2476
f 1175/2526/2503 1176/2498/2476 1171/2527/2504
f 1171/2527/2504 1176/2498/2476 1172/2496/2474
f 1171/2527/2504 1172/2496/2474 1167/2528/2505
f 1167/2528/2505 1172/2496/2474 1168/2494/2472
f 1167/2528/2505 1168/2494/2472 1163/2529/2506
f 1163/2529/2506 1168/2494/2472 1164/2492/2470
f 1163/2529/2506 1164/2492/2470 1159/2530/2507
f 1159/2530/2507 1164/2492/2470 1160/2490/2468
f 1159/2530/2507 1160/2490/2468 1155/2531/2508
f 1155/2531/2508 1160/2490/2468 1156/2488/2466
f 1155/2531/2508 1156/2488/2466 1151/2532/2509
f 1151/2532/2509 1156/2488/2466 1152/2486/2464
f 1151/2532/2509 1152/2486/2464 1147/2533/2510
f 1147/2533/2510 1152/2486/2464 1148/2484/2462
f 1147/2533/2510 1148/2484/2462 1143/2534/2511
f 1143/2534/2511 1148/2484/2462 1144/2482/2460
f 1143/2534/2511 1144/2482/2460 1139/2535/2512
f 1139/2535/2512 1144/2482/2460 1140/2480/2458
f 1139/2535/2512 1140/2480/2458 1135/2536/2513
f 1135/2536/2513 1140/2480/2458 1136/2478/2456
f 1135/2536/2513 1136/2478/2456 1131/2537/2514
f 1131/2537/2514 1136/2478/2456 1132/2476/2454
f 1131/2537/2514 1132/2476/2454 1127/2538/2515
f 1127/2538/2515 1132/2476/2454 1128/2474/2452
f 1127/2538/2515 1128/2474/2452 1123/2539/2516
f 1123/2539/2516 1128/2474/2452 1124/2472/2450
f 1123/2539/2516 1124/2472/2450 1119/2540/2517
f 1119/2540/2517 1124/2472/2450 1120/2470/2448
f 1119/2540/2517 1120/2470/2448 1115/2541/2518
f 1115/2541/2518 1120/2470/2448 1116/2468/2446
f 1115/2541/2518 1116/2468/2446 1111/2542/2519
f 1111/2542/2519 1116/2468/2446 1112/2466/2444
f 1111/2542/2519 1112/2466/2444 1107/2543/2520
f 1107/2543/2520 1112/2466/2444 1108/2464/2442
f 1107/2543/2520 1108/2464/2442 1103/2544/2521
f 1103/2544/2521 1108/2464/2442 1104/2462/2440
f 1103/2544/2521 1104/2462/2440 1099/2545/2522
f 1099/2545/2522 1104/2462/2440 1100/2460/2438
f 1099/2545/2522 1100/2460/2438 1095/2546/2523
f 1095/2546/2523 1100/2460/2438 1096/2458/2436
f 1095/2546/2523 1096/2458/2436 1091/2547/2524
f 1091/2547/2524 1096/2458/2436 1092/2456/2434
f 1091/2547/2524 1092/2456/2434 1087/2548/2501
f 1087/2548/2501 1092/2456/2434 1088/2454/2432
f 1182/2549/2525 1192/2550/2526 1181/2551/2527
f 1181/2551/2527 1192/2550/2526 1193/2552/2528
f 1181/2551/2527 1193/2552/2528 1204/2553/2529
f 1204/2553/2529 1193/2552/2528 1194/2554/2530
f 1204/2553/2529 1194/2554/2530 1203/2555/2531
f 1203/2555/2531 1194/2554/2530 1195/2556/2532
f 1203/2555/2531 1195/2556/2532 1202/2557/2533
f 1202/2557/2533 1195/2556/2532 1196/2558/2534
f 1202/2557/2533 1196/2558/2534 1201/2559/2535
f 1201/2559/2535 1196/2558/2534 1197/2560/2536
f 1201/2559/2535 1197/2560/2536 1200/2561/2537
f 1200/2561/2537 1197/2560/2536 1198/2562/2538
f 1200/2561/2537 1198/2562/2538 1199/2563/2539
f 1192/2550/2526 1182/2549/2525 1191/2564/2540
f 1191/2564/2540 1182/2549/2525 1183/2565/2541
f 1191/2564/2540 1183/2565/2541 1190/2566/2542
f 1190/2566/2542 1183/2565/2541 1184/2567/2543
f 1190/2566/2542 1184/2567/2543 1189/2568/2544
f 1189/2568/2544 1184/2567/2543 1185/2569/2545
f 1189/2568/2544 1185/2569/2545 1188/2570/2546
f 1188/2570/2546 1185/2569/2545 1186/2571/2547
f 1188/2570/2546 1186/2571/2547 1187/2572/2548
f 1206/2573/2549 1233/2574/2550 1205/2575/2551
f 1205/2575/2551 1233/2574/2550 1229/2576/2552
f 1205/2577/2551 1229/2578/2552 1228/2579/2553
f 1228/2579/2553 1229/2578/2552 1321/2580/2554
f 1228/2579/2553 1321/2580/2554 1227/2581/2555
f 1227/2581/2555 1321/2580/2554 1317/2582/2556
f 1227/2581/2555 1317/2582/2556 1226/2583/2557
f 1226/2583/2557 1317/2582/2556 1313/2584/2558
f 1226/2583/2557 1313/2584/2558 1225/2585/2559
f 1225/2585/2559 1313/2584/2558 1309/2586/2560
f 1225/2585/2559 1309/2586/2560 1224/2587/2561
f 1224/2587/2561 1309/2586/2560 1305/2588/2562
f 1224/2587/2561 1305/2588/2562 1223/2589/2563
f 1223/2589/2563 1305/2588/2562 1301/2590/2564
f 1223/2589/2563 1301/2590/2564 1222/2591/2565
f 1222/2591/2565 1301/2590/2564 1297/2592/2566
f 1222/2591/2565 1297/2592/2566 1221/2593/2567
f 1221/2593/2567 1297/2592/2566 1293/2594/2568
f 1221/2593/2567 1293/2594/2568 1220/2595/2569
f 1220/2595/2569 1293/2594/2568 1289/2596/2570
f 1220/2595/2569 1289/2596/2570 1219/2597/2571
f 1219/2597/2571 1289/2596/2570 1285/2598/2572
f 1219/2597/2571 1285/2598/2572 1218/2599/2573
f 1218/2599/2573 1285/2598/2572 1281/2600/2574
f 1218/2599/2573 1281/2600/2574 1217/2601/2575
f 1217/2601/2575 1281/2600/2574 1277/2602/2576
f 1217/2601/2575 1277/2602/2576 1216/2603/2577
f 1216/2603/2577 1277/2602/2576 1273/2604/2578
f 1216/2603/2577 1273/2604/2578 1215/2605/2579
f 1215/2605/2579 1273/2604/2578 1269/2606/2580
f 1215/2605/2579 1269/2606/2580 1214/2607/2581
f 1214/2607/2581 1269/2606/2580 1265/2608/2582
f 1214/2607/2581 1265/2608/2582 1213/2609/2583
f 1213/2609/2583 1265/2608/2582 1261/2610/2584
f 1213/2609/2583 1261/2610/2584 1212/2611/2585
f 1212/2611/2585 1261/2610/2584 1257/2612/2586
f 1212/2611/2585 1257/2612/2586 1211/2613/2587
f 1211/2613/2587 1257/2612/2586 1253/2614/2588
f 1211/2613/2587 1253/2614/2588 1210/2615/2589
f 1210/2615/2589 1253/2614/2588 1249/2616/2590
f 1210/2615/2589 1249/2616/2590 1209/2617/2591
f 1209/2617/2591 1249/2616/2590 1245/2618/2592
f 1209/2617/2591 1245/2618/2592 1208/2619/2593
f 1208/2619/2593 1245/2618/2592 1241/2620/2594
f 1208/2619/2593 1241/2620/2594 1207/2621/2595
f 1207/2621/2595 1241/2620/2594 1237/2622/2596
f 1207/2621/2595 1237/2622/2596 1206/2573/2549
f 1206/2573/2549 1237/2622/2596 1233/2574/2550
f 1204/2623/2597 1324/2624/2598 1181/2625/2599
f 1181/2625/2599 1324/2624/2598 1232/2626/2600
f 1181/2627/2599 1232/2628/2600 1182/2629/2601
f 1182/2629/2601 1232/2628/2600 1236/2630/2602
f 1182/2629/2601 1236/2630/2602 1183/2631/2603
f 1183/2631/2603 1236/2630/2602 1240/2632/2604
f 1183/2631/2603 1240/2632/2604 1184/2633/2605
f 1184/2633/2605 1240/2632/2604 1244/2634/2606
f 1184/2633/2605 1244/2634/2606 1185/2635/2607
f 1185/2635/2607 1244/2634/2606 1248/2636/2608
f 1185/2635/2607 1248/2636/2608 1186/2637/2609
f 1186/2637/2609 1248/2636/2608 1252/2638/2610
f 1186/2637/2609 1252/2638/2610 1187/2639/2611
f 1187/2639/2611 1252/2638/2610 1256/2640/2612
f 1187/2639/2611 1256/2640/2612 1188/2641/2613
f 1188/2641/2613 1256/2640/2612 1260/2642/2614
f 1188/2641/2613 1260/2642/2614 1189/2643/2615
f 1189/2643/2615 1260/2642/2614 1264/2644/2616
f 1189/2643/2615 1264/2644/2616 1190/2645/2617
f 1190/2645/2617 1264/2644/2616 1268/2646/2618
f 1190/2645/2617 1268/2646/2618 1191/2647/2619
f 1191/2647/2619 1268/2646/2618 1272/2648/2620
f 1191/2647/2619 1272/2648/2620 1192/2649/2621
f 1192/2649/2621 1272/2648/2620 1276/2650/2622
f 1192/2649/2621 1276/2650/2622 1193/2651/2623
f 1193/2651/2623 1276/2650/2622 1280/2652/2624
f 1193/2651/2623 1280/2652/2624 1194/2653/2625
f 1194/2653/2625 1280/2652/2624 1284/2654/2626
f 1194/2653/2625 1284/2654/2626 1195/2655/2627
f 1195/2655/2627 1284/2654/2626 1288/2656/2628
f 1195/2655/2627 1288/2656/2628 1196/2657/2629
f 1196/2657/2629 1288/2656/2628 1292/2658/2630
f 1196/2657/2629 1292/2658/2630 1197/2659/2631
f 1197/2659/2631 1292/2658/2630 1296/2660/2632
f 1197/2659/2631 1296/2660/2632 1198/2661/2633
f 1198/2661/2633 1296/2660/2632 1300/2662/2634
f 1198/2661/2633 1300/2662/2634 1199/2663/2635
f 1199/2663/2635 1300/2662/2634 1304/2664/2636
f 1199/2663/2635 1304/2664/2636 1200/2665/2637
f 1200/2665/2637 1304/2664/2636 1308/2666/2638
f 1200/2665/2637 1308/2666/2638 1201/2667/2639
f 1201/2667/2639 1308/2666/2638 1312/2668/2640
f 1201/2667/2639 1312/2668/2640 1202/2669/2641
f 1202/2669/2641 1312/2668/2640 1316/2670/2642
f 1202/2669/2641 1316/2670/2642 1203/2671/2643
f 1203/2671/2643 1316/2670/2642 1320/2672/2644
f 1203/2671/2643 1320/2672/2644 1204/2623/2597
f 1204/2623/2597 1320/2672/2644 1324/2624/2598
f 1229/2578/2552 1230/2673/2645 1321/2580/2554
f 1321/2580/2554 1230/2673/2645 1322/2674/2646
f 1321/2580/2554 1322/2674/2646 1317/2582/2556
f 1317/2582/2556 1322/2674/2646 1318/2675/2647
f 1317/2582/2556 1318/2675/2647 1313/2584/2558
f 1313/2584/2558 1318/2675/2647 1314/2676/2648
f 1313/2584/2558 1314/2676/2648 1309/2586/2560
f 1309/2586/2560 1314/2676/2648 1310/2677/2649
f 1309/2586/2560 1310/2677/2649 1305/2588/2562
f 1305/2588/2562 1310/2677/2649 1306/2678/2650
f 1305/2588/2562 1306/2678/2650 1301/2590/2564
f 1301/2590/2564 1306/2678/2650 1302/2679/2651
f 1301/2590/2564 1302/2679/2651 1297/2592/2566
f 1297/2592/2566 1302/2679/2651 1298/2680/2652
f 1297/2592/2566 1298/2680/2652 1293/2594/2568
f 1293/2594/2568 1298/2680/2652 1294/2681/2653
f 1293/2594/2568 1294/2681/2653 1289/2596/2570
f 1289/2596/2570 1294/2681/2653 1290/2682/2654
f 1289/2596/2570 1290/2682/2654 1285/2598/2572
f 1285/2598/2572 1290/2682/2654 1286/2683/2655
f 1285/2598/2572 1286/2683/2655 1281/2600/2574
f 1281/2600/2574 1286/2683/2655 1282/2684/2656
f 1281/2600/2574 1282/2684/2656 1277/2602/2576
f 1277/2602/2576 1282/2684/2656 1278/2685/2657
f 1277/2602/2576 1278/2685/2657 1273/2604/2578
f 1273/2604/2578 1278/2685/2657 1274/2686/2658
f 1273/2604/2578 1274/2686/2658 1269/2606/2580
f 1269/2606/2580 1274/2686/2658 1270/2687/2659
f 1269/2606/2580 1270/2687/2659 1265/2608/2582
f 1265/2608/2582 1270/2687/2659 1266/2688/2660
f 1265/2608/2582 1266/2688/2660 1261/2610/2584
f 1261/2610/2584 1266/2688/2660 1262/2689/2661
f 1261/2610/2584 1262/2689/2661 1257/2612/2586
f 1257/2612/2586 1262/2689/2661 1258/2690/2662
f 1257/2612/2586 1258/2690/2662 1253/2614/2588
f 1253/2614/2588 1258/2690/2662 1254/2691/2663
f 1253/2614/2588 1254/2691/2663 1249/2616/2590
f 1249/2616/2590 1254/2691/2663 1250/2692/2664
f 1249/2616/2590 1250/2692/2664 1245/2618/2592
f 1245/2618/2592 1250/2692/2664 1246/2693/2665
f 1245/2618/2592 1246/2693/2665 1241/2620/2594
f 1241/2620/2594 1246/2693/2665 1242/2694/2666
f 1241/2620/2594 1242/2694/2666 1237/2622/2596
f 1237/2622/2596 1242/2694/2666 1238/2695/2667
f 1237/2622/2596 1238/2695/2667 1233/2574/2550
f 1233/2574/2550 1238/2695/2667 1234/2696/2668
f 1233/2574/2550 1234/2696/2668 1229/2576/2552
f 1229/2576/2552 1234/2696/2668 1230/2697/2645
f 1230/2673/2645 1231/2698/2669 1322/2674/2646
f 1322/2674/2646 1231/2698/2669 1323/2699/2670
f 1322/2674/2646 1323/2699/2670 1318/2675/2647
f 1318/2675/2647 1323/2699/2670 1319/2700/2671
f 1318/2675/2647 1319/2700/2671 1314/2676/2648
f 1314/2676/2648 1319/2700/2671 1315/2701/2672
f 1314/2676/2648 1315/2701/2672 1310/2677/2649
f 1310/2677/2649 1315/2701/2672 1311/2702/2673
f 1310/2677/2649 1311/2702/2673 1306/2678/2650
f 1306/2678/2650 1311/2702/2673 1307/2703/2674
f 1306/2678/2650 1307/2703/2674 1302/2679/2651
f 1302/2679/2651 1307/2703/2674 1303/2704/2675
f 1302/2679/2651 1303/2704/2675 1298/2680/2652
f 1298/2680/2652 1303/2704/2675 1299/2705/2676
f 1298/2680/2652 1299/2705/2676 1294/2681/2653
f 1294/2681/2653 1299/2705/2676 1295/2706/2677
f 1294/2681/2653 1295/2706/2677 1290/2682/2654
f 1290/2682/2654 1295/2706/2677 1291/2707/2678
f 1290/2682/2654 1291/2707/2678 1286/2683/2655
f 1286/2683/2655 1291/2707/2678 1287/2708/2679
f 1286/2683/2655 1287/2708/2679 1282/2684/2656
f 1282/2684/2656 1287/2708/2679 1283/2709/2680
f 1282/2684/2656 1283/2709/2680 1278/2685/2657
f 1278/2685/2657 1283/2709/2680 1279/2710/2681
f 1278/2685/2657 1279/2710/2681 1274/2686/2658
f 1274/2686/2658 1279/2710/2681 1275/2711/2682
f 1274/2686/2658 1275/2711/2682 1270/2687/2659
f 1270/2687/2659 1275/2711/2682 1271/2712/2683
f 1270/2687/2659 1271/2712/2683 1266/2688/2660
f 1266/2688/2660 1271/2712/2683 1267/2713/2684
f 1266/2688/2660 1267/2713/2684 1262/2689/2661
f 1262/2689/2661 1267/2713/2684 1263/2714/2685
f 1262/2689/2661 1263/2714/2685 1258/2690/2662
f 1258/2690/2662 1263/2714/2685 1259/2715/2686
f 1258/2690/2662 1259/2715/2686 1254/2691/2663
f 1254/2691/2663 1259/2715/2686 1255/2716/2687
f 1254/2691/2663 1255/2716/2687 1250/2692/2664
f 1250/2692/2664 1255/2716/2687 1251/2717/2688
f 1250/2692/2664 1251/2717/2688 1246/2693/2665
f 1246/2693/2665 1251/2717/2688 1247/2718/2689
f 1246/2693/2665 1247/2718/2689 1242/2694/2666
f 1242/2694/2666 1247/2718/2689 1243/2719/2690
f 1242/2694/2666 1243/2719/2690 1238/2695/2667
f 1238/2695/2667 1243/2719/2690 1239/2720/2691
f 1238/2695/2667 1239/2720/2691 1234/2696/2668
f 1234/2696/2668 1239/2720/2691 1235/2721/2692
f 1234/2696/2668 1235/2721/2692 1230/2697/2645
f 1230/2697/2645 1235/2721/2692 1231/2722/2669
f 1231/2698/2669 1232/2626/2600 1323/2699/2670
f 1323/2699/2670 1232/2626/2600 1324/2624/2598
f 1323/2699/2670 1324/2624/2598 1319/2700/2671
f 1319/2700/2671 1324/2624/2598 1320/2672/2644
f 1319/2700/2671 1320/2672/2644 1315/2701/2672
f 1315/2701/2672 1320/2672/2644 1316/2670/2642
f 1315/2701/2672 1316/2670/2642 1311/2702/2673
f 1311/2702/2673 1316/2670/2642 1312/2668/2640
f 1311/2702/2673 1312/2668/2640 1307/2703/2674
f 1307/2703/2674 1312/2668/2640 1308/2666/2638
f 1307/2703/2674 1308/2666/2638 1303/2704/2675
f 1303/2704/2675 1308/2666/2638 1304/2664/2636
f 1303/2704/2675 1304/2664/2636 1299/2705/2676
f 1299/2705/2676 1304/2664/2636 1300/2662/2634
f 1299/2705/2676 1300/2662/2634 1295/2706/2677
f 1295/2706/2677 1300/2662/2634 1296/2660/2632
f 1295/2706/2677 1296/2660/2632 1291/2707/2678
f 1291/2707/2678 1296/2660/2632 1292/2658/2630
f 1291/2707/2678 1292/2658/2630 1287/2708/2679
f 1287/2708/2679 1292/2658/2630 1288/2656/2628
f 1287/2708/2679 1288/2656/2628 1283/2709/2680
f 1283/2709/2680 1288/2656/2628 1284/2654/2626
f 1283/2709/2680 1284/2654/2626 1279/2710/2681
f 1279/2710/2681 1284/2654/2626 1280/2652/2624
f 1279/2710/2681 1280/2652/2624 1275/2711/2682
f 1275/2711/2682 1280/2652/2624 1276/2650/2622
f 1275/2711/2682 1276/2650/2622 1271/2712/2683
f 1271/2712/2683 1276/2650/2622 1272/2648/2620
f 1271/2712/2683 1272/2648/2620 1267/2713/2684
f 1267/2713/2684 1272/2648/2620 1268/2646/2618
f 1267/2713/2684 1268/2646/2618 1263/2714/2685
f 1263/2714/2685 1268/2646/2618 1264/2644/2616
f 1263/2714/2685 1264/2644/2616 1259/2715/2686
f 1259/2715/2686 1264/2644/2616 1260/2642/2614
f 1259/2715/2686 1260/2642/2614 1255/2716/2687
f 1255/2716/2687 1260/2642/2614 1256/2640/2612
f 1255/2716/2687 1256/2640/2612 1251/2717/2688
f 1251/2717/2688 1256/2640/2612 1252/2638/2610
f 1251/2717/2688 1252/2638/2610 1247/2718/2689
f 1247/2718/2689 1252/2638/2610 1248/2636/2608
f 1247/2718/2689 1248/2636/2608 1243/2719/2690
f 1243/2719/2690 1248/2636/2608 1244/2634/2606
f 1243/2719/2690 1244/2634/2606 1239/2720/2691
f 1239/2720/2691 1244/2634/2606 1240/2632/2604
f 1239/2720/2691 1240/2632/2604 1235/2721/2692
f 1235/2721/2692 1240/2632/2604 1236/2630/2602
f 1235/2721/2692 1236/2630/2602 1231/2722/2669
f 1231/2722/2669 1236/2630/2602 1232/2628/2600
f 1326/2723/2693 1336/2724/2694 1325/2725/2695
f 1325/2725/2695 1336/2724/2694 1337/2726/2696
f 1325/2725/2695 1337/2726/2696 1348/2727/2697
f 1348/2727/2697 1337/2726/2696 1338/2728/2698
f 1348/2727/2697 1338/2728/2698 1347/2729/2699
f 1347/2729/2699 1338/2728/2698 1339/2730/2700
f 1347/2729/2699 1339/2730/2700 1346/2731/2701
f 1346/2731/2701 1339/2730/2700 1340/2732/2702
f 1346/2731/2701 1340/2732/2702 1345/2733/2703
f 1345/2733/2703 1340/2732/2702 1341/2734/2704
f 1345/2733/2703 1341/2734/2704 1344/2735/2705
f 1344/2735/2705 1341/2734/2704 1342/2736/2706
f 1344/2735/2705 1342/2736/2706 1343/2737/2707
f 1336/2724/2694 1326/2723/2693 1335/2738/2708
f 1335/2738/2708 1326/2723/2693 1327/2739/2709
f 1335/2738/2708 1327/2739/2709 1334/2740/2710
f 1334/2740/2710 1327/2739/2709 1328/2741/2711
f 1334/2740/2710 1328/2741/2711 1333/2742/2712
f 1333/2742/2712 1328/2741/2711 1329/2743/2713
f 1333/2742/2712 1329/2743/2713 1332/2744/2714
f 1332/2744/2714 1329/2743/2713 1330/2745/2715
f 1332/2744/2714 1330/2745/2715 1331/2746/2716
f 1350/2747/2717 1377/2748/2718 1349/2749/2719
f 1349/2749/2719 1377/2748/2718 1373/2750/2720
f 1349/2751/2719 1373/2752/2720 1372/2753/2721
f 1372/2753/2721 1373/2752/2720 1465/2754/2722
f 1372/2753/2721 1465/2754/2722 1371/2755/2723
f 1371/2755/2723 1465/2754/2722 1461/2756/2724
f 1371/2755/2723 1461/2756/2724 1370/2757/2725
f 1370/2757/2725 1461/2756/2724 1457/2758/2726
f 1370/2757/2725 1457/2758/2726 1369/2759/2727
f 1369/2759/2727 1457/2758/2726 1453/2760/2728
f 1369/2759/2727 1453/2760/2728 1368/2761/2729
f 1368/2761/2729 1453/2760/2728 1449/2762/2730
f 1368/2761/2729 1449/2762/2730 1367/2763/2731
f 1367/2763/2731 1449/2762/2730 1445/2764/2732
f 1367/2763/2731 1445/2764/2732 1366/2765/2733
f 1366/2765/2733 1445/2764/2732 1441/2766/2734
f 1366/2765/2733 1441/2766/2734 1365/2767/2735
f 1365/2767/2735 1441/2766/2734 1437/2768/2736
f 1365/2767/2735 1437/2768/2736 1364/2769/2737
f 1364/2769/2737 1437/2768/2736 1433/2770/2738
f 1364/2769/2737 1433/2770/2738 1363/2771/2739
f 1363/2771/2739 1433/2770/2738 1429/2772/2740
f 1363/2771/2739 1429/2772/2740 1362/2773/2741
f 1362/2773/2741 1429/2772/2740 1425/2774/2742
f 1362/2773/2741 1425/2774/2742 1361/2775/2743
f 1361/2775/2743 1425/2774/2742 1421/2776/2744
f 1361/2775/2743 1421/2776/2744 1360/2777/2745
f 1360/2777/2745 1421/2776/2744 1417/2778/2746
f 1360/2777/2745 1417/2778/2746 1359/2779/2747
f 1359/2779/2747 1417/2778/2746 1413/2780/2748
f 1359/2779/2747 1413/2780/2748 1358/2781/2749
f 1358/2781/2749 1413/2780/2748 1409/2782/2750
f 1358/2781/2749 1409/2782/2750 1357/2783/2751
f 1357/2783/2751 1409/2782/2750 1405/2784/2752
f 1357/2783/2751 1405/2784/2752 1356/2785/2753
f 1356/2785/2753 1405/2784/2752 1401/2786/2754
f 1356/2785/2753 1401/2786/2754 1355/2787/2755
f 1355/2787/2755 1401/2786/2754 1397/2788/2756
f 1355/2787/2755 1397/2788/2756 1354/2789/2757
f 1354/2789/2757 1397/2788/2756 1393/2790/2758
f 1354/2789/2757 1393/2790/2758 1353/2791/2759
f 1353/2791/2759 1393/2790/2758 1389/2792/2760
f 1353/2791/2759 1389/2792/2760 1352/2793/2761
f 1352/2793/2761 1389/2792/2760 1385/2794/2762
f 1352/2793/2761 1385/2794/2762 1351/2795/2763
f 1351/2795/2763 1385/2794/2762 1381/2796/2764
f 1351/2795/2763 1381/2796/2764 1350/2747/2717
f 1350/2747/2717 1381/2796/2764 1377/2748/2718
f 1348/2797/2765 1468/2798/2766 1325/2799/2767
f 1325/2799/2767 1468/2798/2766 1376/2800/2768
f 1325/2801/2767 1376/2802/2768 1326/2803/2769
f 1326/2803/2769 1376/2802/2768 1380/2804/2770
f 1326/2803/2769 1380/2804/2770 1327/2805/2771
f 1327/2805/2771 1380/2804/2770 1384/2806/2772
f 1327/2805/2771 1384/2806/2772 1328/2807/2773
f 1328/2807/2773 1384/2806/2772 1388/2808/2774
f 1328/2807/2773 1388/2808/2774 1329/2809/2775
f 1329/2809/2775 1388/2808/2774 1392/2810/2776
f 1329/2809/2775 1392/2810/2776 1330/2811/2777
f 1330/2811/2777 1392/2810/2776 1396/2812/2778
f 1330/2811/2777 1396/2812/2778 1331/2813/2779
f 1331/2813/2779 1396/2812/2778 1400/2814/2780
f 1331/2813/2779 1400/2814/2780 1332/2815/2781
f 1332/2815/2781 1400/2814/2780 1404/2816/2782
f 1332/2815/2781 1404/2816/2782 1333/2817/2783
f 1333/2817/2783 1404/2816/2782 1408/2818/2784
f 1333/2817/2783 1408/2818/2784 1334/2819/2785
f 1334/2819/2785 1408/2818/2784 1412/2820/2786
f 1334/2819/2785 1412/2820/2786 1335/2821/2787
f 1335/2821/2787 1412/2820/2786 1416/2822/2788
f 1335/2821/2787 1416/2822/2788 1336/2823/2789
f 1336/2823/2789 1416/2822/2788 1420/2824/2790
f 1336/2823/2789 1420/2824/2790 1337/2825/2791
f 1337/2825/2791 1420/2824/2790 1424/2826/2792
f 1337/2825/2791 1424/2826/2792 1338/2827/2793
f 1338/2827/2793 1424/2826/2792 1428/2828/2794
f 1338/2827/2793 1428/2828/2794 1339/2829/2795
f 1339/2829/2795 1428/2828/2794 1432/2830/2796
f 1339/2829/2795 1432/2830/2796 1340/2831/2797
f 1340/2831/2797 1432/2830/2796 1436/2832/2798
f 1340/2831/2797 1436/2832/2798 1341/2833/2799
f 1341/2833/2799 1436/2832/2798 1440/2834/2800
f 1341/2833/2799 1440/2834/2800 1342/2835/2801
f 1342/2835/2801 1440/2834/2800 1444/2836/2802
f 1342/2835/2801 1444/2836/2802 1343/2837/2803
f 1343/2837/2803 1444/2836/2802 1448/2838/2804
f 1343/2837/2803 1448/2838/2804 1344/2839/2805
f 1344/2839/2805 1448/2838/2804 1452/2840/2806
f 1344/2839/2805 1452/2840/2806 1345/2841/2807
f 1345/2841/2807 1452/2840/2806 1456/2842/2808
f 1345/2841/2807 1456/2842/2808 1346/2843/2809
f 1346/2843/2809 1456/2842/2808 1460/2844/2810
f 1346/2843/2809 1460/2844/2810 1347/2845/2811
f 1347/2845/2811 1460/2844/2810 1464/2846/2812
f 1347/2845/2811 1464/2846/2812 1348/2797/2765
f 1348/2797/2765 1464/2846/2812 1468/2798/2766
f 1373/2752/2720 1374/2847/2813 1465/2754/2722
f 1465/2754/2722 1374/2847/2813 1466/2848/2814
f 1465/2754/2722 1466/2848/2814 1461/2756/2724
f 1461/2756/2724 1466/2848/2814 1462/2849/2815
f 1461/2756/2724 1462/2849/2815 1457/2758/2726
f 1457/2758/2726 1462/2849/2815 1458/2850/2816
f 1457/2758/2726 1458/2850/2816 1453/2760/2728
f 1453/2760/2728 1458/2850/2816 1454/2851/2817
f 1453/2760/2728 1454/2851/2817 1449/2762/2730
f 1449/2762/2730 1454/2851/2817 1450/2852/2818
f 1449/2762/2730 1450/2852/2818 1445/2764/2732
f 1445/2764/2732 1450/2852/2818 1446/2853/2819
f 1445/2764/2732 1446/2853/2819 1441/2766/2734
f 1441/2766/2734 1446/2853/2819 1442/2854/2820
f 1441/2766/2734 1442/2854/2820 1437/2768/2736
f 1437/2768/2736 1442/2854/2820 1438/2855/2821
f 1437/2768/2736 1438/2855/2821 1433/2770/2738
f 1433/2770/2738 1438/2855/2821 1434/2856/2822
f 1433/2770/2738 1434/2856/2822 1429/2772/2740
f 1429/2772/2740 1434/2856/2822 1430/2857/2823
f 1429/2772/2740 1430/2857/2823 1425/2774/2742
f 1425/2774/2742 1430/2857/2823 1426/2858/2824
f 1425/2774/2742 1426/2858/2824 1421/2776/2744
f 1421/2776/2744 1426/2858/2824 1422/2859/2825
f 1421/2776/2744 1422/2859/2825 1417/2778/2746
f 1417/2778/2746 1422/2859/2825 1418/2860/2826
f 1417/2778/2746 1418/2860/2826 1413/2780/2748
f 1413/2780/2748 1418/2860/2826 1414/2861/2827
f 1413/2780/2748 1414/2861/2827 1409/2782/2750
f 1409/2782/2750 1414/2861/2827 1410/2862/2828
f 1409/2782/2750 1410/2862/2828 1405/2784/2752
f 1405/2784/2752 1410/2862/2828 1406/2863/2829
f 1405/2784/2752 1406/2863/2829 1401/2786/2754
f 1401/2786/2754 1406/2863/2829 1402/2864/2830
f 1401/2786/2754 1402/2864/2830 1397/2788/2756
f 1397/2788/2756 1402/2864/2830 1398/2865/2831
f 1397/2788/2756 1398/2865/2831 1393/2790/2758
f 1393/2790/2758 1398/2865/2831 1394/2866/2832
f 1393/2790/2758 1394/2866/2832 1389/2792/2760
f 1389/2792/2760 1394/2866/2832 1390/2867/2833
f 1389/2792/2760 1390/2867/2833 1385/2794/2762
f 1385/2794/2762 1390/2867/2833 1386/2868/2834
f 1385/2794/2762 1386/2868/2834 1381/2796/2764
f 1381/2796/2764 1386/2868/2834 1382/2869/2835
f 1381/2796/2764 1382/2869/2835 1377/2748/2718
f 1377/2748/2718 1382/2869/2835 1378/2870/2836
f 1377/2748/2718 1378/2870/2836 1373/2750/2720
f 1373/2750/2720 1378/2870/2836 1374/2871/2813
f 1374/2847/2813 1375/2872/2837 1466/2848/2814
f 1466/2848/2814 1375/2872/2837 1467/2873/2838
f 1466/2848/2814 1467/2873/2838 1462/2849/2815
f 1462/2849/2815 1467/2873/2838 1463/2874/2839
f 1462/2849/2815 1463/2874/2839 1458/2850/2816
f 1458/2850/2816 1463/2874/2839 1459/2875/2840
f 1458/2850/2816 1459/2875/2840 1454/2851/2817
f 1454/2851/2817 1459/2875/2840 1455/2876/2841
f 1454/2851/2817 1455/2876/2841 1450/2852/2818
f 1450/2852/2818 1455/2876/2841 1451/2877/2842
f 1450/2852/2818 1451/2877/2842 1446/2853/2819
f 1446/2853/2819 1451/2877/2842 1447/2878/2843
f 1446/2853/2819 1447/2878/2843 1442/2854/2820
f 1442/2854/2820 1447/2878/2843 1443/2879/2844
f 1442/2854/2820 1443/2879/2844 1438/2855/2821
f 1438/2855/2821 1443/2879/2844 1439/2880/2845
f 1438/2855/2821 1439/2880/2845 1434/2856/2822
f 1434/2856/2822 1439/2880/2845 1435/2881/2846
f 1434/2856/2822 1435/2881/2846 1430/2857/2823
f 1430/2857/2823 1435/2881/2846 1431/2882/2847
f 1430/2857/2823 1431/2882/2847 1426/2858/2824
f 1426/2858/2824 1431/2882/2847 1427/2883/2848
f 1426/2858/2824 1427/2883/2848 1422/2859/2825
f 1422/2859/2825 1427/2883/2848 1423/2884/2849
f 1422/2859/2825 1423/2884/2849 1418/2860/2826
f 1418/2860/2826 1423/2884/2849 1419/2885/2850
f 1418/2860/2826 1419/2885/2850 1414/2861/2827
f 1414/2861/2827 1419/2885/2850 1415/2886/2851
f 1414/2861/2827 1415/2886/2851 1410/2862/2828
f 1410/2862/2828 1415/2886/2851 1411/2887/2852
f 1410/2862/2828 1411/2887/2852 1406/2863/2829
f 1406/2863/2829 1411/2887/2852 1407/2888/2853
f 1406/2863/2829 1407/2888/2853 1402/2864/2830
f 1402/2864/2830 1407/2888/2853 1403/2889/2854
f 1402/2864/2830 1403/2889/2854 1398/2865/2831
f 1398/2865/2831 1403/2889/2854 1399/2890/2855
f 1398/2865/2831 1399/2890/2855 1394/2866/2832
f 1394/2866/2832 1399/2890/2855 1395/2891/2856
f 1394/2866/2832 1395/2891/2856 1390/2867/2833
f 1390/2867/2833 1395/2891/2856 1391/2892/2857
f 1390/2867/2833 1391/2892/2857 1386/2868/2834
f 1386/2868/2834 1391/2892/2857 1387/2893/2858
f 1386/2868/2834 1387/2893/2858 1382/2869/2835
f 1382/2869/2835 1387/2893/2858 1383/2894/2859
f 1382/2869/2835 1383/2894/2859 1378/2870/2836
f 1378/2870/2836 1383/2894/2859 1379/2895/2860
f 1378/2870/2836 1379/2895/2860 1374/2871/2813
f 1374/2871/2813 1379/2895/2860 1375/2896/2837
f 1375/2872/2837 1376/2800/2768 1467/2873/2838
f 1467/2873/2838 1376/2800/2768 1468/2798/2766
f 1467/2873/2838 1468/2798/2766 1463/2874/2839
f 1463/2874/2839 1468/2798/2766 1464/2846/2812
f 1463/2874/2839 1464/2846/2812 1459/2875/2840
f 1459/2875/2840 1464/2846/2812 1460/2844/2810
f 1459/2875/2840 1460/2844/2810 1455/2876/2841
f 1455/2876/2841 1460/2844/2810 1456/2842/2808
f 1455/2876/2841 1456/2842/2808 1451/2877/2842
f 1451/2877/2842 1456/2842/2808 1452/2840/2806
f 1451/2877/2842 1452/2840/2806 1447/2878/2843
f 1447/2878/2843 1452/2840/2806 1448/2838/2804
f 1447/2878/2843 1448/2838/2804 1443/2879/2844
f 1443/2879/2844 1448/2838/2804 1444/2836/2802
f 1443/2879/2844 1444/2836/2802 1439/2880/2845
f 1439/2880/2845 1444/2836/2802 1440/2834/2800
f 1439/2880/2845 1440/2834/2800 1435/2881/2846
f 1435/2881/2846 1440/2834/2800 1436/2832/2798
f 1435/2881/2846 1436/2832/2798 1431/2882/2847
f 1431/2882/2847 1436/2832/2798 1432/2830/2796
f 1431/2882/2847 1432/2830/2796 1427/2883/2848
f 1427/2883/2848 1432/2830/2796 1428/2828/2794
f 1427/2883/2848 1428/2828/2794 1423/2884/2849
f 1423/2884/2849 1428/2828/2794 1424/2826/2792
f 1423/2884/2849 1424/2826/2792 1419/2885/2850
f 1419/2885/2850 1424/2826/2792 1420/2824/2790
f 1419/2885/2850 1420/2824/2790 1415/2886/2851
f 1415/2886/2851 1420/2824/2790 1416/2822/2788
f 1415/2886/2851 1416/2822/2788 1411/2887/2852
f 1411/2887/2852 1416/2822/2788 1412/2820/2786
f 1411/2887/2852 1412/2820/2786 1407/2888/2853
f 1407/2888/2853 1412/2820/2786 1408/2818/2784
f 1407/2888/2853 1408/2818/2784 1403/2889/2854
f 1403/2889/2854 1408/2818/2784 1404/2816/2782
f 1403/2889/2854 1404/2816/2782 1399/2890/2855
f 1399/2890/2855 1404/2816/2782 1400/2814/2780
f 1399/2890/2855 1400/2814/2780 1395/2891/2856
f 1395/2891/2856 1400/2814/2780 1396/2812/2778
f 1395/2891/2856 1396/2812/2778 1391/2892/2857
f 1391/2892/2857 1396/2812/2778 1392/2810/2776
f 1391/2892/2857 1392/2810/2776 1387/2893/2858
f 1387/2893/2858 1392/2810/2776 1388/2808/2774
f 1387/2893/2858 1388/2808/2774 1383/2894/2859
f 1383/2894/2859 1388/2808/2774 1384/2806/2772
f 1383/2894/2859 1384/2806/2772 1379/2895/2860
f 1379/2895/2860 1384/2806/2772 1380/2804/2770
f 1379/2895/2860 1380/2804/2770 1375/2896/2837
f 1375/2896/2837 1380/2804/2770 1376/2802/2768
f 1470/2897/2861 1480/2898/2862 1469/2899/2863
f 1469/2899/2863 1480/2898/2862 1481/2900/2864
f 1469/2899/2863 1481/2900/2864 1492/2901/2865
f 1492/2901/2865 1481/2900/2864 1482/2902/2866
f 1492/2901/2865 1482/2902/2866 1491/2903/2867
f 1491/2903/2867 1482/2902/2866 1483/2904/2868
f 1491/2903/2867 1483/2904/2868 1490/2905/2869
f 1490/2905/2869 1483/2904/2868 1484/2906/2870
f 1490/2905/2869 1484/2906/2870 1489/2907/2871
f 1489/2907/2871 1484/2906/2870 1485/2908/2872
f 1489/2907/2871 1485/2908/2872 1488/2909/2873
f 1488/2909/2873 1485/2908/2872 1486/2910/2874
f 1488/2909/2873 1486/2910/2874 1487/2911/2875
f 1480/2898/2862 1470/2897/2861 1479/2912/2876
f 1479/2912/2876 1470/2897/2861 1471/2913/2877
f 1479/2912/2876 1471/2913/2877 1478/2914/2878
f 1478/2914/2878 1471/2913/2877 1472/2915/2879
f 1478/2914/2878 1472/2915/2879 1477/2916/2880
f 1477/2916/2880 1472/2915/2879 1473/2917/2881
f 1477/2916/2880 1473/2917/2881 1476/2918/2882
f 1476/2918/2882 1473/2917/2881 1474/2919/2883
f 1476/2918/2882 1474/2919/2883 1475/2920/2884
f 1494/2921/2885 1521/2922/2886 1493/2923/2887
f 1493/2923/2887 1521/2922/2886 1517/2924/2888
f 1493/2925/2887 1517/2926/2888 1516/2927/2889
f 1516/2927/2889 1517/2926/2888 1609/2928/2890
f 1516/2927/2889 1609/2928/2890 1515/2929/2891
f 1515/2929/2891 1609/2928/2890 1605/2930/2892
f 1515/2929/2891 1605/2930/2892 1514/2931/2893
f 1514/2931/2893 1605/2930/2892 1601/2932/2894
f 1514/2931/2893 1601/2932/2894 1513/2933/2895
f 1513/2933/2895 1601/2932/2894 1597/2934/2896
f 1513/2933/2895 1597/2934/2896 1512/2935/2897
f 1512/2935/2897 1597/2934/2896 1593/2936/2898
f 1512/2935/2897 1593/2936/2898 1511/2937/2899
f 1511/2937/2899 1593/2936/2898 1589/2938/2900
f 1511/2937/2899 1589/2938/2900 1510/2939/2901
f 1510/2939/2901 1589/2938/2900 1585/2940/2902
f 1510/2939/2901 1585/2940/2902 1509/2941/2903
f 1509/2941/2903 1585/2940/2902 1581/2942/2904
f 1509/2941/2903 1581/2942/2904 1508/2943/2905
f 1508/2943/2905 1581/2942/2904 1577/2944/2906
f 1508/2943/2905 1577/2944/2906 1507/2945/2907
f 1507/2945/2907 1577/2944/2906 1573/2946/2908
f 1507/2945/2907 1573/2946/2908 1506/2947/2909
f 1506/2947/2909 1573/2946/2908 1569/2948/2910
f 1506/2947/2909 1569/2948/2910 1505/2949/2911
f 1505/2949/2911 1569/2948/2910 1565/2950/2912
f 1505/2949/2911 1565/2950/2912 1504/2951/2913
f 1504/2951/2913 1565/2950/2912 1561/2952/2914
f 1504/2951/2913 1561/2952/2914 1503/2953/2915
f 1503/2953/2915 1561/2952/2914 1557/2954/2916
f 1503/2953/2915 1557/2954/2916 1502/2955/2917
f 1502/2955/2917 1557/2954/2916 1553/2956/2918
f 1502/2955/2917 1553/2956/2918 1501/2957/2919
f 1501/2957/2919 1553/2956/2918 1549/2958/2920
f 1501/2957/2919 1549/2958/2920 1500/2959/2921
f 1500/2959/2921 1549/2958/2920 1545/2960/2922
f 1500/2959/2921 1545/2960/2922 1499/2961/2923
f 1499/2961/2923 1545/2960/2922 1541/2962/2924
f 1499/2961/2923 1541/2962/2924 1498/2963/2925
f 1498/2963/2925 1541/2962/2924 1537/2964/2926
f 1498/2963/2925 1537/2964/2926 1497/2965/2927
f 1497/2965/2927 1537/2964/2926 1533/2966/2928
f 1497/2965/2927 1533/2966/2928 1496/2967/2929
f 1496/2967/2929 1533/2966/2928 1529/2968/2930
f 1496/2967/2929 1529/2968/2930 1495/2969/2931
f 1495/2969/2931 1529/2968/2930 1525/2970/2932
f 1495/2969/2931 1525/2970/2932 1494/2921/2885
f 1494/2921/2885 1525/2970/2932 1521/2922/2886
f 1492/2971/2933 1612/2972/2934 1469/2973/2935
f 1469/2973/2935 1612/2972/2934 1520/2974/2936
f 1469/2975/2935 1520/2976/2936 1470/2977/2937
f 1470/2977/2937 1520/2976/2936 1524/2978/2938
f 1470/2977/2937 1524/2978/2938 1471/2979/2939
f 1471/2979/2939 1524/2978/2938 1528/2980/2940
f 1471/2979/2939 1528/2980/2940 1472/2981/2941
f 1472/2981/2941 1528/2980/2940 1532/2982/2942
f 1472/2981/2941 1532/2982/2942 1473/2983/2943
f 1473/2983/2943 1532/2982/2942 1536/2984/2944
f 1473/2983/2943 1536/2984/2944 1474/2985/2945
f 1474/2985/2945 1536/2984/2944 1540/2986/2946
f 1474/2985/2945 1540/2986/2946 1475/2987/2947
f 1475/2987/2947 1540/2986/2946 1544/2988/2948
f 1475/2987/2947 1544/2988/2948 1476/2989/2949
f 1476/2989/2949 1544/2988/2948 1548/2990/2950
f 1476/2989/2949 1548/2990/2950 1477/2991/2951
f 1477/2991/2951 1548/2990/2950 1552/2992/2952
f 1477/2991/2951 1552/2992/2952 1478/2993/2953
f 1478/2993/2953 1552/2992/2952 1556/2994/2954
f 1478/2993/2953 1556/2994/2954 1479/2995/2955
f 1479/2995/2955 1556/2994/2954 1560/2996/2956
f 1479/2995/2955 1560/2996/2956 1480/2997/2957
f 1480/2997/2957 1560/2996/2956 1564/2998/2958
f 1480/2997/2957 1564/2998/2958 1481/2999/2959
f 1481/2999/2959 1564/2998/2958 1568/3000/2960
f 1481/2999/2959 1568/3000/2960 1482/3001/2961
f 1482/3001/2961 1568/3000/2960 1572/3002/2962
f 1482/3001/2961 1572/3002/2962 1483/3003/2963
f 1483/3003/2963 1572/3002/2962 1576/3004/2964
f 1483/3003/2963 1576/3004/2964 1484/3005/2965
f 1484/3005/2965 1576/3004/2964 1580/3006/2966
f 1484/3005/2965 1580/3006/2966 1485/3007/2967
f 1485/3007/2967 1580/3006/2966 1584/3008/2968
f 1485/3007/2967 1584/3008/2968 1486/3009/2969
f 1486/3009/2969 1584/3008/2968 1588/3010/2970
f 1486/3009/2969 1588/3010/2970 1487/3011/2971
f 1487/3011/2971 1588/3010/2970 1592/3012/2972
f 1487/3011/2971 1592/3012/2972 1488/3013/2973
f 1488/3013/2973 1592/3012/2972 1596/3014/2974
f 1488/3013/2973 1596/3014/2974 1489/3015/2975
f 1489/3015/2975 1596/3014/2974 1600/3016/2976
f 1489/3015/2975 1600/3016/2976 1490/3017/2977
f 1490/3017/2977 1600/3016/2976 1604/3018/2978
f 1490/3017/2977 1604/3018/2978 1491/3019/2979
f 1491/3019/2979 1604/3018/2978 1608/3020/2980
f 1491/3019/2979 1608/3020/2980 1492/2971/2933
f 1492/2971/2933 1608/3020/2980 1612/2972/2934
f 1517/2926/2888 1518/3021/2981 1609/2928/2890
f 1609/2928/2890 1518/3021/2981 1610/3022/2982
f 1609/2928/2890 1610/3022/2982 1605/2930/2892
f 1605/2930/2892 1610/3022/2982 1606/3023/2983
f 1605/2930/2892 1606/3023/2983 1601/2932/2894
f 1601/2932/2894 1606/3023/2983 1602/3024/2984
f 1601/2932/2894 1602/3024/2984 1597/2934/2896
f 1597/2934/2896 1602/3024/2984 1598/3025/2985
f 1597/2934/2896 1598/3025/2985 1593/2936/2898
f 1593/2936/2898 1598/3025/2985 1594/3026/2986
f 1593/2936/2898 1594/3026/2986 1589/2938/2900
f 1589/2938/2900 1594/3026/2986 1590/3027/2987
f 1589/2938/2900 1590/3027/2987 1585/2940/2902
f 1585/2940/2902 1590/3027/2987 1586/3028/2988
f 1585/2940/2902 1586/3028/2988 1581/2942/2904
f 1581/2942/2904 1586/3028/2988 1582/3029/2989
f 1581/2942/2904 1582/3029/2989 1577/2944/2906
f 1577/2944/2906 1582/3029/2989 1578/3030/2990
f 1577/2944/2906 1578/3030/2990 1573/2946/2908
f 1573/2946/2908 1578/3030/2990 1574/3031/2991
f 1573/2946/2908 1574/3031/2991 1569/2948/2910
f 1569/2948/2910 1574/3031/2991 1570/3032/2992
f 1569/2948/2910 1570/3032/2992 1565/2950/2912
f 1565/2950/2912 1570/3032/2992 1566/3033/2993
f 1565/2950/2912 1566/3033/2993 1561/2952/2914
f 1561/2952/2914 1566/3033/2993 1562/3034/2994
f 1561/2952/2914 1562/3034/2994 1557/2954/2916
f 1557/2954/2916 1562/3034/2994 1558/3035/2995
f 1557/2954/2916 1558/3035/2995 1553/2956/2918
f 1553/2956/2918 1558/3035/2995 1554/3036/2996
f 1553/2956/2918 1554/3036/2996 1549/2958/2920
f 1549/2958/2920 1554/3036/2996 1550/3037/2997
f 1549/2958/2920 1550/3037/2997 1545/2960/2922
f 1545/2960/2922 1550/3037/2997 1546/3038/2998
f 1545/2960/2922 1546/3038/2998 1541/2962/2924
f 1541/2962/2924 1546/3038/2998 1542/3039/2999
f 1541/2962/2924 1542/3039/2999 1537/2964/2926
f 1537/2964/2926 1542/3039/2999 1538/3040/3000
f 1537/2964/2926 1538/3040/3000 1533/2966/2928
f 1533/2966/2928 1538/3040/3000 1534/3041/3001
f 1533/2966/2928 1534/3041/3001 1529/2968/2930
f 1529/2968/2930 1534/3041/3001 1530/3042/3002
f 1529/2968/2930 1530/3042/3002 1525/2970/2932
f 1525/2970/2932 1530/3042/3002 1526/3043/3003
f 1525/2970/2932 1526/3043/3003 1521/2922/2886
f 1521/2922/2886 1526/3043/3003 1522/3044/3004
f 1521/2922/2886 1522/3044/3004 1517/2924/2888
f 1517/2924/2888 1522/3044/3004 1518/3045/2981
f 1518/3021/2981 1519/3046/3005 1610/3022/2982
f 1610/3022/2982 1519/3046/3005 1611/3047/3006
f 1610/3022/2982 1611/3047/3006 1606/3023/2983
f 1606/3023/2983 1611/3047/3006 1607/3048/3007
f 1606/3023/2983 1607/3048/3007 1602/3024/2984
f 1602/3024/2984 1607/3048/3007 1603/3049/3008
f 1602/3024/2984 1603/3049/3008 1598/3025/2985
f 1598/3025/2985 1603/3049/3008 1599/3050/3009
f 1598/3025/2985 1599/3050/3009 1594/3026/2986
f 1594/3026/2986 1599/3050/3009 1595/3051/3010
f 1594/3026/2986 1595/3051/3010 1590/3027/2987
f 1590/3027/2987 1595/3051/3010 1591/3052/3011
f 1590/3027/2987 1591/3052/3011 1586/3028/2988
f 1586/3028/2988 1591/3052/3011 1587/3053/3012
f 1586/3028/2988 1587/3053/3012 1582/3029/2989
f 1582/3029/2989 1587/3053/3012 1583/3054/3013
f 1582/3029/2989 1583/3054/3013 1578/3030/2990
f 1578/3030/2990 1583/3054/3013 1579/3055/3014
f 1578/3030/2990 1579/3055/3014 1574/3031/2991
f 1574/3031/2991 1579/3055/3014 1575/3056/3015
f 1574/3031/2991 1575/3056/3015 1570/3032/2992
f 1570/3032/2992 1575/3056/3015 1571/3057/3016
f 1570/3032/2992 1571/3057/3016 1566/3033/2993
f 1566/3033/2993 1571/3057/3016 1567/3058/3017
f 1566/3033/2993 1567/3058/3017 1562/3034/2994
f 1562/3034/2994 1567/3058/3017 1563/3059/3018
f 1562/3034/2994 1563/3059/3018 1558/3035/2995
f 1558/3035/2995 1563/3059/3018 1559/3060/3019
f 1558/3035/2995 1559/3060/3019 1554/3036/2996
f 1554/3036/2996 1559/3060/3019 1555/3061/3020
f 1554/3036/2996 1555/3061/3020 1550/3037/2997
f 1550/3037/2997 1555/3061/3020 1551/3062/3021
f 1550/3037/2997 1551/3062/3021 1546/3038/2998
f 1546/3038/2998 1551/3062/3021 1547/3063/3022
f 1546/3038/2998 1547/3063/3022 1542/3039/2999
f 1542/3039/2999 1547/3063/3022 1543/3064/3023
f 1542/3039/2999 1543/3064/3023 1538/3040/3000
f 1538/3040/3000 1543/3064/3023 1539/3065/3024
f 1538/3040/3000 1539/3065/3024 1534/3041/3001
f 1534/3041/3001 1539/3065/3024 1535/3066/3025
f 1534/3041/3001 1535/3066/3025 1530/3042/3002
f 1530/3042/3002 1535/3066/3025 1531/3067/3026
f 1530/3042/3002 1531/3067/3026 1526/3043/3003
f 1526/3043/3003 1531/3067/3026 1527/3068/3027
f 1526/3043/3003 1527/3068/3027 1522/3044/3004
f 1522/3044/3004 1527/3068/3027 1523/3069/3028
f 1522/3044/3004 1523/3069/3028 1518/3045/2981
f 1518/3045/2981 1523/3069/3028 1519/3070/3005
f 1519/3046/3005 1520/2974/2936 1611/3047/3006
f 1611/3047/3006 1520/2974/2936 1612/2972/2934
f 1611/3047/3006 1612/2972/2934 1607/3048/3007
f 1607/3048/3007 1612/2972/2934 1608/3020/2980
f 1607/3048/3007 1608/3020/2980 1603/3049/3008
f 1603/3049/3008 1608/3020/2980 1604/3018/2978
f 1603/3049/3008 1604/3018/2978 1599/3050/3009
f 1599/3050/3009 1604/3018/2978 1600/3016/2976
f 1599/3050/3009 1600/3016/2976 1595/3051/3010
f 1595/3051/3010 1600/3016/2976 1596/3014/2974
f 1595/3051/3010 1596/3014/2974 1591/3052/3011
f 1591/3052/3011 1596/3014/2974 1592/3012/2972
f 1591/3052/3011 1592/3012/2972 1587/3053/3012
f 1587/3053/3012 1592/3012/2972 1588/3010/2970
f 1587/3053/3012 1588/3010/2970 1583/3054/3013
f 1583/3054/3013 1588/3010/2970 1584/3008/2968
f 1583/3054/3013 1584/3008/2968 1579/3055/3014
f 1579/3055/3014 1584/3008/2968 1580/3006/2966
f 1579/3055/3014 1580/3006/2966 1575/3056/3015
f 1575/3056/3015 1580/3006/2966 1576/3004/2964
f 1575/3056/3015 1576/3004/2964 1571/3057/3016
f 1571/3057/3016 1576/3004/2964 1572/3002/2962
f 1571/3057/3016 1572/3002/2962 1567/3058/3017
f 1567/3058/3017 1572/3002/2962 1568/3000/2960
f 1567/3058/3017 1568/3000/2960 1563/3059/3018
f 1563/3059/3018 1568/3000/2960 1564/2998/2958
f 1563/3059/3018 1564/2998/2958 1559/3060/3019
f 1559/3060/3019 1564/2998/2958 1560/2996/2956
f 1559/3060/3019 1560/2996/2956 1555/3061/3020
f 1555/3061/3020 1560/2996/2956 1556/2994/2954
f 1555/3061/3020 1556/2994/2954 1551/3062/3021
f 1551/3062/3021 1556/2994/2954 1552/2992/2952
f 1551/3062/3021 1552/2992/2952 1547/3063/3022
f 1547/3063/3022 1552/2992/2952 1548/2990/2950
f 1547/3063/3022 1548/2990/2950 1543/3064/3023
f 1543/3064/3023 1548/2990/2950 1544/2988/2948
f 1543/3064/3023 1544/2988/2948 1539/3065/3024
f 1539/3065/3024 1544/2988/2948 1540/2986/2946
f 1539/3065/3024 1540/2986/2946 1535/3066/3025
f 1535/3066/3025 1540/2986/2946 1536/2984/2944
f 1535/3066/3025 1536/2984/2944 1531/3067/3026
f 1531/3067/3026 1536/2984/2944 1532/2982/2942
f 1531/3067/3026 1532/2982/2942 1527/3068/3027
f 1527/3068/3027 1532/2982/2942 1528/2980/2940
f 1527/3068/3027 1528/2980/2940 1523/3069/3028
f 1523/3069/3028 1528/2980/2940 1524/2978/2938
f 1523/3069/3028 1524/2978/2938 1519/3070/3005
f 1519/3070/3005 1524/2978/2938 1520/2976/2936
f 1614/3071/3029 1624/3072/3030 1613/3073/3031
f 1613/3073/3031 1624/3072/3030 1625/3074/3032
f 1613/3073/3031 1625/3074/3032 1636/3075/3033
f 1636/3075/3033 1625/3074/3032 1626/3076/3034
f 1636/3075/3033 1626/3076/3034 1635/3077/3035
f 1635/3077/3035 1626/3076/3034 1627/3078/3036
f 1635/3077/3035 1627/3078/3036 1634/3079/3037
f 1634/3079/3037 1627/3078/3036 1628/3080/3038
f 1634/3079/3037 1628/3080/3038 1633/3081/3039
f 1633/3081/3039 1628/3080/3038 1629/3082/3040
f 1633/3081/3039 1629/3082/3040 1632/3083/3041
f 1632/3083/3041 1629/3082/3040 1630/3084/3042
f 1632/3083/3041 1630/3084/3042 1631/3085/3043
f 1624/3072/3030 1614/3071/3029 1623/3086/3044
f 1623/3086/3044 1614/3071/3029 1615/3087/3045
f 1623/3086/3044 1615/3087/3045 1622/3088/3046
f 1622/3088/3046 1615/3087/3045 1616/3089/3047
f 1622/3088/3046 1616/3089/3047 1621/3090/3048
f 1621/3090/3048 1616/3089/3047 1617/3091/3049
f 1621/3090/3048 1617/3091/3049 1620/3092/3050
f 1620/3092/3050 1617/3091/3049 1618/3093/3051
f 1620/3092/3050 1618/3093/3051 1619/3094/3052
f 1638/3095/3053 1665/3096/3054 1637/3097/3055
f 1637/3097/3055 1665/3096/3054 1661/3098/3056
f 1637/3099/3055 1661/3100/3056 1660/3101/3057
f 1660/3101/3057 1661/3100/3056 1753/3102/3058
f 1660/3101/3057 1753/3102/3058 1659/3103/3059
f 1659/3103/3059 1753/3102/3058 1749/3104/3060
f 1659/3103/3059 1749/3104/3060 1658/3105/3061
f 1658/3105/3061 1749/3104/3060 1745/3106/3062
f 1658/3105/3061 1745/3106/3062 1657/3107/3063
f 1657/3107/3063 1745/3106/3062 1741/3108/3064
f 1657/3107/3063 1741/3108/3064 1656/3109/3065
f 1656/3109/3065 1741/3108/3064 1737/3110/3066
f 1656/3109/3065 1737/3110/3066 1655/3111/3067
f 1655/3111/3067 1737/3110/3066 1733/3112/3068
f 1655/3111/3067 1733/3112/3068 1654/3113/3069
f 1654/3113/3069 1733/3112/3068 1729/3114/3070
f 1654/3113/3069 1729/3114/3070 1653/3115/3071
f 1653/3115/3071 1729/3114/3070 1725/3116/3072
f 1653/3115/3071 1725/3116/3072 1652/3117/3073
f 1652/3117/3073 1725/3116/3072 1721/3118/3074
f 1652/3117/3073 1721/3118/3074 1651/3119/3075
f 1651/3119/3075 1721/3118/3074 1717/3120/3076
f 1651/3119/3075 1717/3120/3076 1650/3121/3077
f 1650/3121/3077 1717/3120/3076 1713/3122/3078
f 1650/3121/3077 1713/3122/3078 1649/3123/3079
f 1649/3123/3079 1713/3122/3078 1709/3124/3080
f 1649/3123/3079 1709/3124/3080 1648/3125/3081
f 1648/3125/3081 1709/3124/3080 1705/3126/3082
f 1648/3125/3081 1705/3126/3082 1647/3127/3083
f 1647/3127/3083 1705/3126/3082 1701/3128/3084
f 1647/3127/3083 1701/3128/3084 1646/3129/3085
f 1646/3129/3085 1701/3128/3084 1697/3130/3086
f 1646/3129/3085 1697/3130/3086 1645/3131/3087
f 1645/3131/3087 1697/3130/3086 1693/3132/3088
f 1645/3131/3087 1693/3132/3088 1644/3133/3089
f 1644/3133/3089 1693/3132/3088 1689/3134/3090
f 1644/3133/3089 1689/3134/3090 1643/3135/3091
f 1643/3135/3091 1689/3134/3090 1685/3136/3092
f 1643/3135/3091 1685/3136/3092 1642/3137/3093
f 1642/3137/3093 1685/3136/3092 1681/3138/3094
f 1642/3137/3093 1681/3138/3094 1641/3139/3095
f 1641/3139/3095 1681/3138/3094 1677/3140/3096
f 1641/3139/3095 1677/3140/3096 1640/3141/3097
f 1640/3141/3097 1677/3140/3096 1673/3142/3098
f 1640/3141/3097 1673/3142/3098 1639/3143/3099
f 1639/3143/3099 1673/3142/3098 1669/3144/3100
f 1639/3143/3099 1669/3144/3100 1638/3095/3053
f 1638/3095/3053 1669/3144/3100 1665/3096/3054
f 1636/3145/3101 1756/3146/3102 1613/3147/3103
f 1613/3147/3103 1756/3146/3102 1664/3148/3104
f 1613/3149/3103 1664/3150/3104 1614/3151/3105
f 1614/3151/3105 1664/3150/3104 1668/3152/3106
f 1614/3151/3105 1668/3152/3106 1615/3153/3107
f 1615/3153/3107 1668/3152/3106 1672/3154/3108
f 1615/3153/3107 1672/3154/3108 1616/3155/3109
f 1616/3155/3109 1672/3154/3108 1676/3156/3110
f 1616/3155/3109 1676/3156/3110 1617/3157/3111
f 1617/3157/3111 1676/3156/3110 1680/3158/3112
f 1617/3157/3111 1680/3158/3112 1618/3159/3113
f 1618/3159/3113 1680/3158/3112 1684/3160/3114
f 1618/3159/3113 1684/3160/3114 1619/3161/3115
f 1619/3161/3115 1684/3160/3114 1688/3162/3116
f 1619/3161/3115 1688/3162/3116 1620/3163/3117
f 1620/3163/3117 1688/3162/3116 1692/3164/3118
f 1620/3163/3117 1692/3164/3118 1621/3165/3119
f 1621/3165/3119 1692/3164/3118 1696/3166/3120
f 1621/3165/3119 1696/3166/3120 1622/3167/3121
f 1622/3167/3121 1696/3166/3120 1700/3168/3122
f 1622/3167/3121 1700/3168/3122 1623/3169/3123
f 1623/3169/3123 1700/3168/3122 1704/3170/3124
f 1623/3169/3123 1704/3170/3124 1624/3171/3125
f 1624/3171/3125 1704/3170/3124 1708/3172/3126
f 1624/3171/3125 1708/3172/3126 1625/3173/3127
f 1625/3173/3127 1708/3172/3126 1712/3174/3128
f 1625/3173/3127 1712/3174/3128 1626/3175/3129
f 1626/3175/3129 1712/3174/3128 1716/3176/3130
f 1626/3175/3129 1716/3176/3130 1627/3177/3131
f 1627/3177/3131 1716/3176/3130 1720/3178/3132
f 1627/3177/3131 1720/3178/3132 1628/3179/3133
f 1628/3179/3133 1720/3178/3132 1724/3180/3134
f 1628/3179/3133 1724/3180/3134 1629/3181/3135
f 1629/3181/3135 1724/3180/3134 1728/3182/3136
f 1629/3181/3135 1728/3182/3136 1630/3183/3137
f 1630/3183/3137 1728/3182/3136 1732/3184/3138
f 1630/3183/3137 1732/3184/3138 1631/3185/3139
f 1631/3185/3139 1732/3184/3138 1736/3186/3140
f 1631/3185/3139 1736/3186/3140 1632/3187/3141
f 1632/3187/3141 1736/3186/3140 1740/3188/3142
f 1632/3187/3141 1740/3188/3142 1633/3189/3143
f 1633/3189/3143 1740/3188/3142 1744/3190/3144
f 1633/3189/3143 1744/3190/3144 1634/3191/3145
f 1634/3191/3145 1744/3190/3144 1748/3192/3146
f 1634/3191/3145 1748/3192/3146 1635/3193/3147
f 1635/3193/3147 1748/3192/3146 1752/3194/3148
f 1635/3193/3147 1752/3194/3148 1636/3145/3101
f 1636/3145/3101 1752/3194/3148 1756/3146/3102
f 1661/3100/3056 1662/3195/3149 1753/3102/3058
f 1753/3102/3058 1662/3195/3149 1754/3196/3150
f 1753/3102/3058 1754/3196/3150 1749/3104/3060
f 1749/3104/3060 1754/3196/3150 1750/3197/3151
f 1749/3104/3060 1750/3197/3151 1745/3106/3062
f 1745/3106/3062 1750/3197/3151 1746/3198/3152
f 1745/3106/3062 1746/3198/3152 1741/3108/3064
f 1741/3108/3064 1746/3198/3152 1742/3199/3153
f 1741/3108/3064 1742/3199/3153 1737/3110/3066
f 1737/3110/3066 1742/3199/3153 1738/3200/3154
f 1737/3110/3066 1738/3200/3154 1733/3112/3068
f 1733/3112/3068 1738/3200/3154 1734/3201/3155
f 1733/3112/3068 1734/3201/3155 1729/3114/3070
f 1729/3114/3070 1734/3201/3155 1730/3202/3156
f 1729/3114/3070 1730/3202/3156 1725/3116/3072
f 1725/3116/3072 1730/3202/3156 1726/3203/3157
f 1725/3116/3072 1726/3203/3157 1721/3118/3074
f 1721/3118/3074 1726/3203/3157 1722/3204/3158
f 1721/3118/3074 1722/3204/3158 1717/3120/3076
f 1717/3120/3076 1722/3204/3158 1718/3205/3159
f 1717/3120/3076 1718/3205/3159 1713/3122/3078
f 1713/3122/3078 1718/3205/3159 1714/3206/3160
f 1713/3122/3078 1714/3206/3160 1709/3124/3080
f 1709/3124/3080 1714/3206/3160 1710/3207/3161
f 1709/3124/3080 1710/3207/3161 1705/3126/3082
f 1705/3126/3082 1710/3207/3161 1706/3208/3162
f 1705/3126/3082 1706/3208/3162 1701/3128/3084
f 1701/3128/3084 1706/3208/3162 1702/3209/3163
f 1701/3128/3084 1702/3209/3163 1697/3130/3086
f 1697/3130/3086 1702/3209/3163 1698/3210/3164
f 1697/3130/3086 1698/3210/3164 1693/3132/3088
f 1693/3132/3088 1698/3210/3164 1694/3211/3165
f 1693/3132/3088 1694/3211/3165 1689/3134/3090
f 1689/3134/3090 1694/3211/3165 1690/3212/3166
f 1689/3134/3090 1690/3212/3166 1685/3136/3092
f 1685/3136/3092 1690/3212/3166 1686/3213/3167
f 1685/3136/3092 1686/3213/3167 1681/3138/3094
f 1681/3138/3094 1686/3213/3167 1682/3214/3168
f 1681/3138/3094 1682/3214/3168 1677/3140/3096
f 1677/3140/3096 1682/3214/3168 1678/3215/3169
f 1677/3140/3096 1678/3215/3169 1673/3142/3098
f 1673/3142/3098 1678/3215/3169 1674/3216/3170
f 1673/3142/3098 1674/3216/3170 1669/3144/3100
f 1669/3144/3100 1674/3216/3170 1670/3217/3171
f 1669/3144/3100 1670/3217/3171 1665/3096/3054
f 1665/3096/3054 1670/3217/3171 1666/3218/3172
f 1665/3096/3054 1666/3218/3172 1661/3098/3056
f 1661/3098/3056 1666/3218/3172 1662/3219/3149
f 1662/3195/3149 1663/3220/3173 1754/3196/3150
f 1754/3196/3150 1663/3220/3173 1755/3221/3174
f 1754/3196/3150 1755/3221/3174 1750/3197/3151
f 1750/3197/3151 1755/3221/3174 1751/3222/3175
f 1750/3197/3151 1751/3222/3175 1746/3198/3152
f 1746/3198/3152 1751/3222/3175 1747/3223/3176
f 1746/3198/3152 1747/3223/3176 1742/3199/3153
f 1742/3199/3153 1747/3223/3176 1743/3224/3177
f 1742/3199/3153 1743/3224/3177 1738/3200/3154
f 1738/3200/3154 1743/3224/3177 1739/3225/3178
f 1738/3200/3154 1739/3225/3178 1734/3201/3155
f 1734/3201/3155 1739/3225/3178 1735/3226/3179
f 1734/3201/3155 1735/3226/3179 1730/3202/3156
f 1730/3202/3156 1735/3226/3179 1731/3227/3180
f 1730/3202/3156 1731/3227/3180 1726/3203/3157
f 1726/3203/3157 1731/3227/3180 1727/3228/3181
f 1726/3203/3157 1727/3228/3181 1722/3204/3158
f 1722/3204/3158 1727/3228/3181 1723/3229/3182
f 1722/3204/3158 1723/3229/3182 1718/3205/3159
f 1718/3205/3159 1723/3229/3182 1719/3230/3183
f 1718/3205/3159 1719/3230/3183 1714/3206/3160
f 1714/3206/3160 1719/3230/3183 1715/3231/3184
f 1714/3206/3160 1715/3231/3184 1710/3207/3161
f 1710/3207/3161 1715/3231/3184 1711/3232/3185
f 1710/3207/3161 1711/3232/3185 1706/3208/3162
f 1706/3208/3162 1711/3232/3185 1707/3233/3186
f 1706/3208/3162 1707/3233/3186 1702/3209/3163
f 1702/3209/3163 1707/3233/3186 1703/3234/3187
f 1702/3209/3163 1703/3234/3187 1698/3210/3164
f 1698/3210/3164 1703/3234/3187 1699/3235/3188
f 1698/3210/3164 1699/3235/3188 1694/3211/3165
f 1694/3211/3165 1699/3235/3188 1695/3236/3189
f 1694/3211/3165 1695/3236/3189 1690/3212/3166
f 1690/3212/3166 1695/3236/3189 1691/3237/3190
f 1690/3212/3166 1691/3237/3190 1686/3213/3167
f 1686/3213/3167 1691/3237/3190 1687/3238/3191
f 1686/3213/3167 1687/3238/3191 1682/3214/3168
f 1682/3214/3168 1687/3238/3191 1683/3239/3192
f 1682/3214/3168 1683/3239/3192 1678/3215/3169
f 1678/3215/3169 1683/3239/3192 1679/3240/3193
f 1678/3215/3169 1679/3240/3193 1674/3216/3170
f 1674/3216/3170 1679/3240/3193 1675/3241/3194
f 1674/3216/3170 1675/3241/3194 1670/3217/3171
f 1670/3217/3171 1675/3241/3194 1671/3242/3195
f 1670/3217/3171 1671/3242/3195 1666/3218/3172
f 1666/3218/3172 1671/3242/3195 1667/3243/3196
f 1666/3218/3172 1667/3243/3196 1662/3219/3149
f 1662/3219/3149 1667/3243/3196 1663/3244/3173
f 1663/3220/3173 1664/3148/3104 1755/3221/3174
f 1755/3221/3174 1664/3148/3104 1756/3146/3102
f 1755/3221/3174 1756/3146/3102 1751/3222/3175
f 1751/3222/3175 1756/3146/3102 1752/3194/3148
f 1751/3222/3175 1752/3194/3148 1747/3223/3176
f 1747/3223/3176 1752/3194/3148 1748/3192/3146
f 1747/3223/3176 1748/3192/3146 1743/3224/3177
f 1743/3224/3177 1748/3192/3146 1744/3190/3144
f 1743/3224/3177 1744/3190/3144 1739/3225/3178
f 1739/3225/3178 1744/3190/3144 1740/3188/3142
f 1739/3225/3178 1740/3188/3142 1735/3226/3179
f 1735/3226/3179 1740/3188/3142 1736/3186/3140
f 1735/3226/3179 1736/3186/3140 1731/3227/3180
f 1731/3227/3180 1736/3186/3140 1732/3184/3138
f 1731/3227/3180 1732/3184/3138 1727/3228/3181
f 1727/3228/3181 1732/3184/3138 1728/3182/3136
f 1727/3228/3181 1728/3182/3136 1723/3229/3182
f 1723/3229/3182 1728/3182/3136 1724/3180/3134
f 1723/3229/3182 1724/3180/3134 1719/3230/3183
f 1719/3230/3183 1724/3180/3134 1720/3178/3132
f 1719/3230/3183 1720/3178/3132 1715/3231/3184
f 1715/3231/3184 1720/3178/3132 1716/3176/3130
f 1715/3231/3184 1716/3176/3130 1711/3232/3185
f 1711/3232/3185 1716/3176/3130 1712/3174/3128
f 1711/3232/3185 1712/3174/3128 1707/3233/3186
f 1707/3233/3186 1712/3174/3128 1708/3172/3126
f 1707/3233/3186 1708/3172/3126 1703/3234/3187
f 1703/3234/3187 1708/3172/3126 1704/3170/3124
f 1703/3234/3187 1704/3170/3124 1699/3235/3188
f 1699/3235/3188 1704/3170/3124 1700/3168/3122
f 1699/3235/3188 1700/3168/3122 1695/3236/3189
f 1695/3236/3189 1700/3168/3122 1696/3166/3120
f 1695/3236/3189 1696/3166/3120 1691/3237/3190
f 1691/3237/3190 1696/3166/3120 1692/3164/3118
f 1691/3237/3190 1692/3164/3118 1687/3238/3191
f 1687/3238/3191 1692/3164/3118 1688/3162/3116
f 1687/3238/3191 1688/3162/3116 1683/3239/3192
f 1683/3239/3192 1688/3162/3116 1684/3160/3114
f 1683/3239/3192 1684/3160/3114 1679/3240/3193
f 1679/3240/3193 1684/3160/3114 1680/3158/3112
f 1679/3240/3193 1680/3158/3112 1675/3241/3194
f 1675/3241/3194 1680/3158/3112 1676/3156/3110
f 1675/3241/3194 1676/3156/3110 1671/3242/3195
f 1671/3242/3195 1676/3156/3110 1672/3154/3108
f 1671/3242/3195 1672/3154/3108 1667/3243/3196
f 1667/3243/3196 1672/3154/3108 1668/3152/3106
f 1667/3243/3196 1668/3152/3106 1663/3244/3173
f 1663/3244/3173 1668/3152/3106 1664/3150/3104
f 1758/3245/3197 1768/3246/3198 1757/3247/3199
f 1757/3247/3199 1768/3246/3198 1769/3248/3200
f 1757/3247/3199 1769/3248/3200 1780/3249/3201
f 1780/3249/3201 1769/3248/3200 1770/3250/3202
f 1780/3249/3201 1770/3250/3202 1779/3251/3203
f 1779/3251/3203 1770/3250/3202 1771/3252/3204
f 1779/3251/3203 1771/3252/3204 1778/3253/3205
f 1778/3253/3205 1771/3252/3204 1772/3254/3206
f 1778/3253/3205 1772/3254/3206 1777/3255/3207
f 1777/3255/3207 1772/3254/3206 1773/3256/3208
f 1777/3255/3207 1773/3256/3208 1776/3257/3209
f 1776/3257/3209 1773/3256/3208 1774/3258/3210
f 1776/3257/3209 1774/3258/3210 1775/3259/3211
f 1768/3246/3198 1758/3245/3197 1767/3260/3212
f 1767/3260/3212 1758/3245/3197 1759/3261/3213
f 1767/3260/3212 1759/3261/3213 1766/3262/3214
f 1766/3262/3214 1759/3261/3213 1760/3263/3215
f 1766/3262/3214 1760/3263/3215 1765/3264/3216
f 1765/3264/3216 1760/3263/3215 1761/3265/3217
f 1765/3264/3216 1761/3265/3217 1764/3266/3218
f 1764/3266/3218 1761/3265/3217 1762/3267/3219
f 1764/3266/3218 1762/3267/3219 1763/3268/3220
f 1782/3269/3221 1809/3270/3222 1781/3271/3223
f 1781/3271/3223 1809/3270/3222 1805/3272/3224
f 1781/3273/3223 1805/3274/3224 1804/3275/3225
f 1804/3275/3225 1805/3274/3224 1897/3276/3226
f 1804/3275/3225 1897/3276/3226 1803/3277/3227
f 1803/3277/3227 1897/3276/3226 1893/3278/3228
f 1803/3277/3227 1893/3278/3228 1802/3279/3229
f 1802/3279/3229 1893/3278/3228 1889/3280/3230
f 1802/3279/3229 1889/3280/3230 1801/3281/3231
f 1801/3281/3231 1889/3280/3230 1885/3282/3232
f 1801/3281/3231 1885/3282/3232 1800/3283/3233
f 1800/3283/3233 1885/3282/3232 1881/3284/3234
f 1800/3283/3233 1881/3284/3234 1799/3285/3235
f 1799/3285/3235 1881/3284/3234 1877/3286/3236
f 1799/3285/3235 1877/3286/3236 1798/3287/3237
f 1798/3287/3237 1877/3286/3236 1873/3288/3238
f 1798/3287/3237 1873/3288/3238 1797/3289/3239
f 1797/3289/3239 1873/3288/3238 1869/3290/3240
f 1797/3289/3239 1869/3290/3240 1796/3291/3241
f 1796/3291/3241 1869/3290/3240 1865/3292/3242
f 1796/3291/3241 1865/3292/3242 1795/3293/3243
f 1795/3293/3243 1865/3292/3242 1861/3294/3244
f 1795/3293/3243 1861/3294/3244 1794/3295/3245
f 1794/3295/3245 1861/3294/3244 1857/3296/3246
f 1794/3295/3245 1857/3296/3246 1793/3297/3247
f 1793/3297/3247 1857/3296/3246 1853/3298/3248
f 1793/3297/3247 1853/3298/3248 1792/3299/3249
f 1792/3299/3249 1853/3298/3248 1849/3300/3250
f 1792/3299/3249 1849/3300/3250 1791/3301/3251
f 1791/3301/3251 1849/3300/3250 1845/3302/3252
f 1791/3301/3251 1845/3302/3252 1790/3303/3253
f 1790/3303/3253 1845/3302/3252 1841/3304/3254
f 1790/3303/3253 1841/3304/3254 1789/3305/3255
f 1789/3305/3255 1841/3304/3254 1837/3306/3256
f 1789/3305/3255 1837/3306/3256 1788/3307/3257
f 1788/3307/3257 1837/3306/3256 1833/3308/3258
f 1788/3307/3257 1833/3308/3258 1787/3309/3259
f 1787/3309/3259 1833/3308/3258 1829/3310/3260
f 1787/3309/3259 1829/3310/3260 1786/3311/3261
f 1786/3311/3261 1829/3310/3260 1825/3312/3262
f 1786/3311/3261 1825/3312/3262 1785/3313/3263
f 1785/3313/3263 1825/3312/3262 1821/3314/3264
f 1785/3313/3263 1821/3314/3264 1784/3315/3265
f 1784/3315/3265 1821/3314/3264 1817/3316/3266
f 1784/3315/3265 1817/3316/3266 1783/3317/3267
f 1783/3317/3267 1817/3316/3266 1813/3318/3268
f 1783/3317/3267 1813/3318/3268 1782/3269/3221
f 1782/3269/3221 1813/3318/3268 1809/3270/3222
f 1780/3319/3269 1900/3320/3270 1757/3321/3271
f 1757/3321/3271 1900/3320/3270 1808/3322/3272
f 1757/3323/3271 1808/3324/3272 1758/3325/3273
f 1758/3325/3273 1808/3324/3272 1812/3326/3274
f 1758/3325/3273 1812/3326/3274 1759/3327/3275
f 1759/3327/3275 1812/3326/3274 1816/3328/3276
f 1759/3327/3275 1816/3328/3276 1760/3329/3277
f 1760/3329/3277 1816/3328/3276 1820/3330/3278
f 1760/3329/3277 1820/3330/3278 1761/3331/3279
f 1761/3331/3279 1820/3330/3278 1824/3332/3280
f 1761/3331/3279 1824/3332/3280 1762/3333/3281
f 1762/3333/3281 1824/3332/3280 1828/3334/3282
f 1762/3333/3281 1828/3334/3282 1763/3335/3283
f 1763/3335/3283 1828/3334/3282 1832/3336/3284
f 1763/3335/3283 1832/3336/3284 1764/3337/3285
f 1764/3337/3285 1832/3336/3284 1836/3338/3286
f 1764/3337/3285 1836/3338/3286 1765/3339/3287
f 1765/3339/3287 1836/3338/3286 1840/3340/3288
f 1765/3339/3287 1840/3340/3288 1766/3341/3289
f 1766/3341/3289 1840/3340/3288 1844/3342/3290
f 1766/3341/3289 1844/3342/3290 1767/3343/3291
f 1767/3343/3291 1844/3342/3290 1848/3344/3292
f 1767/3343/3291 1848/3344/3292 1768/3345/3293
f 1768/3345/3293 1848/3344/3292 1852/3346/3294
f 1768/3345/3293 1852/3346/3294 1769/3347/3295
f 1769/3347/3295 1852/3346/3294 1856/3348/3296
f 1769/3347/3295 1856/3348/3296 1770/3349/3297
f 1770/3349/3297 1856/3348/3296 1860/3350/3298
f 1770/3349/3297 1860/3350/3298 1771/3351/3299
f 1771/3351/3299 1860/3350/3298 1864/3352/3300
f 1771/3351/3299 1864/3352/3300 1772/3353/3301
f 1772/3353/3301 1864/3352/3300 1868/3354/3302
f 1772/3353/3301 1868/3354/3302 1773/3355/3303
f 1773/3355/3303 1868/3354/3302 1872/3356/3304
f 1773/3355/3303 1872/3356/3304 1774/3357/3305
f 1774/3357/3305 1872/3356/3304 1876/3358/3306
f 1774/3357/3305 1876/3358/3306 1775/3359/3307
f 1775/3359/3307 1876/3358/3306 1880/3360/3308
f 1775/3359/3307 1880/3360/3308 1776/3361/3309
f 1776/3361/3309 1880/3360/3308 1884/3362/3310
f 1776/3361/3309 1884/3362/3310 1777/3363/3311
f 1777/3363/3311 1884/3362/3310 1888/3364/3312
f 1777/3363/3311 1888/3364/3312 1778/3365/3313
f 1778/3365/3313 1888/3364/3312 1892/3366/3314
f 1778/3365/3313 1892/3366/3314 1779/3367/3315
f 1779/3367/3315 1892/3366/3314 1896/3368/3316
f 1779/3367/3315 1896/3368/3316 1780/3319/3269
f 1780/3319/3269 1896/3368/3316 1900/3320/3270
f 1805/3274/3224 1806/3369/3317 1897/3276/3226
f 1897/3276/3226 1806/3369/3317 1898/3370/3318
f 1897/3276/3226 1898/3370/3318 1893/3278/3228
f 1893/3278/3228 1898/3370/3318 1894/3371/3319
f 1893/3278/3228 1894/3371/3319 1889/3280/3230
f 1889/3280/3230 1894/3371/3319 1890/3372/3320
f 1889/3280/3230 1890/3372/3320 1885/3282/3232
f 1885/3282/3232 1890/3372/3320 1886/3373/3321
f 1885/3282/3232 1886/3373/3321 1881/3284/3234
f 1881/3284/3234 1886/3373/3321 1882/3374/3322
f 1881/3284/3234 1882/3374/3322 1877/3286/3236
f 1877/3286/3236 1882/3374/3322 1878/3375/3323
f 1877/3286/3236 1878/3375/3323 1873/3288/3238
f 1873/3288/3238 1878/3375/3323 1874/3376/3324
f 1873/3288/3238 1874/3376/3324 1869/3290/3240
f 1869/3290/3240 1874/3376/3324 1870/3377/3325
f 1869/3290/3240 1870/3377/3325 1865/3292/3242
f 1865/3292/3242 1870/3377/3325 1866/3378/3326
f 1865/3292/3242 1866/3378/3326 1861/3294/3244
f 1861/3294/3244 1866/3378/3326 1862/3379/3327
f 1861/3294/3244 1862/3379/3327 1857/3296/3246
f 1857/3296/3246 1862/3379/3327 1858/3380/3328
f 1857/3296/3246 1858/3380/3328 1853/3298/3248
f 1853/3298/3248 1858/3380/3328 1854/3381/3329
f 1853/3298/3248 1854/3381/3329 1849/3300/3250
f 1849/3300/3250 1854/3381/3329 1850/3382/3330
f 1849/3300/3250 1850/3382/3330 1845/3302/3252
f 1845/3302/3252 1850/3382/3330 1846/3383/3331
f 1845/3302/3252 1846/3383/3331 1841/3304/3254
f 1841/3304/3254 1846/3383/3331 1842/3384/3332
f 1841/3304/3254 1842/3384/3332 1837/3306/3256
f 1837/3306/3256 1842/3384/3332 1838/3385/3333
f 1837/3306/3256 1838/3385/3333 1833/3308/3258
f 1833/3308/3258 1838/3385/3333 1834/3386/3334
f 1833/3308/3258 1834/3386/3334 1829/3310/3260
f 1829/3310/3260 1834/3386/3334 1830/3387/3335
f 1829/3310/3260 1830/3387/3335 1825/3312/3262
f 1825/3312/3262 1830/3387/3335 1826/3388/3336
f 1825/3312/3262 1826/3388/3336 1821/3314/3264
f 1821/3314/3264 1826/3388/3336 1822/3389/3337
f 1821/3314/3264 1822/3389/3337 1817/3316/3266
f 1817/3316/3266 1822/3389/3337 1818/3390/3338
f 1817/3316/3266 1818/3390/3338 1813/3318/3268
f 1813/3318/3268 1818/3390/3338 1814/3391/3339
f 1813/3318/3268 1814/3391/3339 1809/3270/3222
f 1809/3270/3222 1814/3391/3339 1810/3392/3340
f 1809/3270/3222 1810/3392/3340 1805/3272/3224
f 1805/3272/3224 1810/3392/3340 1806/3393/3317
f 1806/3369/3317 1807/3394/3341 1898/3370/3318
f 1898/3370/3318 1807/3394/3341 1899/3395/3342
f 1898/3370/3318 1899/3395/3342 1894/3371/3319
f 1894/3371/3319 1899/3395/3342 1895/3396/3343
f 1894/3371/3319 1895/3396/3343 1890/3372/3320
f 1890/3372/3320 1895/3396/3343 1891/3397/3344
f 1890/3372/3320 1891/3397/3344 1886/3373/3321
f 1886/3373/3321 1891/3397/3344 1887/3398/3345
f 1886/3373/3321 1887/3398/3345 1882/3374/3322
f 1882/3374/3322 1887/3398/3345 1883/3399/3346
f 1882/3374/3322 1883/3399/3346 1878/3375/3323
f 1878/3375/3323 1883/3399/3346 1879/3400/3347
f 1878/3375/3323 1879/3400/3347 1874/3376/3324
f 1874/3376/3324 1879/3400/3347 1875/3401/3348
f 1874/3376/3324 1875/3401/3348 1870/3377/3325
f 1870/3377/3325 1875/3401/3348 1871/3402/3349
f 1870/3377/3325 1871/3402/3349 1866/3378/3326
f 1866/3378/3326 1871/3402/3349 1867/3403/3350
f 1866/3378/3326 1867/3403/3350 1862/3379/3327
f 1862/3379/3327 1867/3403/3350 1863/3404/3351
f 1862/3379/3327 1863/3404/3351 1858/3380/3328
f 1858/3380/3328 1863/3404/3351 1859/3405/3352
f 1858/3380/3328 1859/3405/3352 1854/3381/3329
f 1854/3381/3329 1859/3405/3352 1855/3406/3353
f 1854/3381/3329 1855/3406/3353 1850/3382/3330
f 1850/3382/3330 1855/3406/3353 1851/3407/3354
f 1850/3382/3330 1851/3407/3354 1846/3383/3331
f 1846/3383/3331 1851/3407/3354 1847/3408/3355
f 1846/3383/3331 1847/3408/3355 1842/3384/3332
f 1842/3384/3332 1847/3408/3355 1843/3409/3356
f 1842/3384/3332 1843/3409/3356 1838/3385/3333
f 1838/3385/3333 1843/3409/3356 1839/3410/3357
f 1838/3385/3333 1839/3410/3357 1834/3386/3334
f 1834/3386/3334 1839/3410/3357 1835/3411/3358
f 1834/3386/3334 1835/3411/3358 1830/3387/3335
f 1830/3387/3335 1835/3411/3358 1831/3412/3359
f 1830/3387/3335 1831/3412/3359 1826/3388/3336
f 1826/3388/3336 1831/3412/3359 1827/3413/3360
f 1826/3388/3336 1827/3413/3360 1822/3389/3337
f 1822/3389/3337 1827/3413/3360 1823/3414/3361
f 1822/3389/3337 1823/3414/3361 1818/3390/3338
f 1818/3390/3338 1823/3414/3361 1819/3415/3362
f 1818/3390/3338 1819/3415/3362 1814/3391/3339
f 1814/3391/3339 1819/3415/3362 1815/3416/3363
f 1814/3391/3339 1815/3416/3363 1810/3392/3340
f 1810/3392/3340 1815/3416/3363 1811/3417/3364
f 1810/3392/3340 1811/3417/3364 1806/3393/3317
f 1806/3393/3317 1811/3417/3364 1807/3418/3341
f 1807/3394/3341 1808/3322/3272 1899/3395/3342
f 1899/3395/3342 1808/3322/3272 1900/3320/3270
f 1899/3395/3342 1900/3320/3270 1895/3396/3343
f 1895/3396/3343 1900/3320/3270 1896/3368/3316
f 1895/3396/3343 1896/3368/3316 1891/3397/3344
f 1891/3397/3344 1896/3368/3316 1892/3366/3314
f 1891/3397/3344 1892/3366/3314 1887/3398/3345
f 1887/3398/3345 1892/3366/3314 1888/3364/3312
f 1887/3398/3345 1888/3364/3312 1883/3399/3346
f 1883/3399/3346 1888/3364/3312 1884/3362/3310
f 1883/3399/3346 1884/3362/3310 1879/3400/3347
f 1879/3400/3347 1884/3362/3310 1880/3360/3308
f 1879/3400/3347 1880/3360/3308 1875/3401/3348
f 1875/3401/3348 1880/3360/3308 1876/3358/3306
f 1875/3401/3348 1876/3358/3306 1871/3402/3349
f 1871/3402/3349 1876/3358/3306 1872/3356/3304
f 1871/3402/3349 1872/3356/3304 1867/3403/3350
f 1867/3403/3350 1872/3356/3304 1868/3354/3302
f 1867/3403/3350 1868/3354/3302 1863/3404/3351
f 1863/3404/3351 1868/3354/3302 1864/3352/3300
f 1863/3404/3351 1864/3352/3300 1859/3405/3352
f 1859/3405/3352 1864/3352/3300 1860/3350/3298
f 1859/3405/3352 1860/3350/3298 1855/3406/3353
f 1855/3406/3353 1860/3350/3298 1856/3348/3296
f 1855/3406/3353 1856/3348/3296 1851/3407/3354
f 1851/3407/3354 1856/3348/3296 1852/3346/3294
f 1851/3407/3354 1852/3346/3294 1847/3408/3355
f 1847/3408/3355 1852/3346/3294 1848/3344/3292
f 1847/3408/3355 1848/3344/3292 1843/3409/3356
f 1843/3409/3356 1848/3344/3292 1844/3342/3290
f 1843/3409/3356 1844/3342/3290 1839/3410/3357
f 1839/3410/3357 1844/3342/3290 1840/3340/3288
f 1839/3410/3357 1840/3340/3288 1835/3411/3358
f 1835/3411/3358 1840/3340/3288 1836/3338/3286
f 1835/3411/3358 1836/3338/3286 1831/3412/3359
f 1831/3412/3359 1836/3338/3286 1832/3336/3284
f 1831/3412/3359 1832/3336/3284 1827/3413/3360
f 1827/3413/3360 1832/3336/3284 1828/3334/3282
f 1827/3413/3360 1828/3334/3282 1823/3414/3361
f 1823/3414/3361 1828/3334/3282 1824/3332/3280
f 1823/3414/3361 1824/3332/3280 1819/3415/3362
f 1819/3415/3362 1824/3332/3280 1820/3330/3278
f 1819/3415/3362 1820/3330/3278 1815/3416/3363
f 1815/3416/3363 1820/3330/3278 1816/3328/3276
f 1815/3416/3363 1816/3328/3276 1811/3417/3364
f 1811/3417/3364 1816/3328/3276 1812/3326/3274
f 1811/3417/3364 1812/3326/3274 1807/3418/3341
f 1807/3418/3341 1812/3326/3274 1808/3324/3272
f 1902/3419/3365 1912/3420/3366 1901/3421/3367
f 1901/3421/3367 1912/3420/3366 1913/3422/3368
f 1901/3421/3367 1913/3422/3368 1924/3423/3369
f 1924/3423/3369 1913/3422/3368 1914/3424/3370
f 1924/3423/3369 1914/3424/3370 1923/3425/3371
f 1923/3425/3371 1914/3424/3370 1915/3426/3372
f 1923/3425/3371 1915/3426/3372 1922/3427/3373
f 1922/3427/3373 1915/3426/3372 1916/3428/3374
f 1922/3427/3373 1916/3428/3374 1921/3429/3375
f 1921/3429/3375 1916/3428/3374 1917/3430/3376
f 1921/3429/3375 1917/3430/3376 1920/3431/3377
f 1920/3431/3377 1917/3430/3376 1918/3432/3378
f 1920/3431/3377 1918/3432/3378 1919/3433/3379
f 1912/3420/3366 1902/3419/3365 1911/3434/3380
f 1911/3434/3380 1902/3419/3365 1903/3435/3381
f 1911/3434/3380 1903/3435/3381 1910/3436/3382
f 1910/3436/3382 1903/3435/3381 1904/3437/3383
f 1910/3436/3382 1904/3437/3383 1909/3438/3384
f 1909/3438/3384 1904/3437/3383 1905/3439/3385
f 1909/3438/3384 1905/3439/3385 1908/3440/3386
f 1908/3440/3386 1905/3439/3385 1906/3441/3387
f 1908/3440/3386 1906/3441/3387 1907/3442/3388
f 1926/3443/3389 1953/3444/3390 1925/3445/3391
f 1925/3445/3391 1953/3444/3390 1949/3446/3392
f 1925/3447/3391 1949/3448/3392 1948/3449/3393
f 1948/3449/3393 1949/3448/3392 2041/3450/3394
f 1948/3449/3393 2041/3450/3394 1947/3451/3395
f 1947/3451/3395 2041/3450/3394 2037/3452/3396
f 1947/3451/3395 2037/3452/3396 1946/3453/3397
f 1946/3453/3397 2037/3452/3396 2033/3454/3398
f 1946/3453/3397 2033/3454/3398 1945/3455/3399
f 1945/3455/3399 2033/3454/3398 2029/3456/3400
f 1945/3455/3399 2029/3456/3400 1944/3457/3401
f 1944/3457/3401 2029/3456/3400 2025/3458/3402
f 1944/3457/3401 2025/3458/3402 1943/3459/3403
f 1943/3459/3403 2025/3458/3402 2021/3460/3404
f 1943/3459/3403 2021/3460/3404 1942/3461/3405
f 1942/3461/3405 2021/3460/3404 2017/3462/3406
f 1942/3461/3405 2017/3462/3406 1941/3463/3407
f 1941/3463/3407 2017/3462/3406 2013/3464/3408
f 1941/3463/3407 2013/3464/3408 1940/3465/3409
f 1940/3465/3409 2013/3464/3408 2009/3466/3410
f 1940/3465/3409 2009/3466/3410 1939/3467/3411
f 1939/3467/3411 2009/3466/3410 2005/3468/3412
f 1939/3467/3411 2005/3468/3412 1938/3469/3413
f 1938/3469/3413 2005/3468/3412 2001/3470/3414
f 1938/3469/3413 2001/3470/3414 1937/3471/3415
f 1937/3471/3415 2001/3470/3414 1997/3472/3416
f 1937/3471/3415 1997/3472/3416 1936/3473/3417
f 1936/3473/3417 1997/3472/3416 1993/3474/3418
f 1936/3473/3417 1993/3474/3418 1935/3475/3419
f 1935/3475/3419 1993/3474/3418 1989/3476/3420
f 1935/3475/3419 1989/3476/3420 1934/3477/3421
f 1934/3477/3421 1989/3476/3420 1985/3478/3422
f 1934/3477/3421 1985/3478/3422 1933/3479/3423
f 1933/3479/3423 1985/3478/3422 1981/3480/3424
f 1933/3479/3423 1981/3480/3424 1932/3481/3425
f 1932/3481/3425 1981/3480/3424 1977/3482/3426
f 1932/3481/3425 1977/3482/3426 1931/3483/3427
f 1931/3483/3427 1977/3482/3426 1973/3484/3428
f 1931/3483/3427 1973/3484/3428 1930/3485/3429
f 1930/3485/3429 1973/3484/3428 1969/3486/3430
f 1930/3485/3429 1969/3486/3430 1929/3487/3431
f 1929/3487/3431 1969/3486/3430 1965/3488/3432
f 1929/3487/3431 1965/3488/3432 1928/3489/3433
f 1928/3489/3433 1965/3488/3432 1961/3490/3434
f 1928/3489/3433 1961/3490/3434 1927/3491/3435
f 1927/3491/3435 1961/3490/3434 1957/3492/3436
f 1927/3491/3435 1957/3492/3436 1926/3443/3389
f 1926/3443/3389 1957/3492/3436 1953/3444/3390
f 1924/3493/3437 2044/3494/3438 1901/3495/3439
f 1901/3495/3439 2044/3494/3438 1952/3496/3440
f 1901/3497/3439 1952/3498/3440 1902/3499/3441
f 1902/3499/3441 1952/3498/3440 1956/3500/3442
f 1902/3499/3441 1956/3500/3442 1903/3501/3443
f 1903/3501/3443 1956/3500/3442 1960/3502/3444
f 1903/3501/3443 1960/3502/3444 1904/3503/3445
f 1904/3503/3445 1960/3502/3444 1964/3504/3446
f 1904/3503/3445 1964/3504/3446 1905/3505/3447
f 1905/3505/3447 1964/3504/3446 1968/3506/3448
f 1905/3505/3447 1968/3506/3448 1906/3507/3449
f 1906/3507/3449 1968/3506/3448 1972/3508/3450
f 1906/3507/3449 1972/3508/3450 1907/3509/3451
f 1907/3509/3451 1972/3508/3450 1976/3510/3452
f 1907/3509/3451 1976/3510/3452 1908/3511/3453
f 1908/3511/3453 1976/3510/3452 1980/3512/3454
f 1908/3511/3453 1980/3512/3454 1909/3513/3455
f 1909/3513/3455 1980/3512/3454 1984/3514/3456
f 1909/3513/3455 1984/3514/3456 1910/3515/3457
f 1910/3515/3457 1984/3514/3456 1988/3516/3458
f 1910/3515/3457 1988/3516/3458 1911/3517/3459
f 1911/3517/3459 1988/3516/3458 1992/3518/3460
f 1911/3517/3459 1992/3518/3460 1912/3519/3461
f 1912/3519/3461 1992/3518/3460 1996/3520/3462
f 1912/3519/3461 1996/3520/3462 1913/3521/3463
f 1913/3521/3463 1996/3520/3462 2000/3522/3464
f 1913/3521/3463 2000/3522/3464 1914/3523/3465
f 1914/3523/3465 2000/3522/3464 2004/3524/3466
f 1914/3523/3465 2004/3524/3466 1915/3525/3467
f 1915/3525/3467 2004/3524/3466 2008/3526/3468
f 1915/3525/3467 2008/3526/3468 1916/3527/3469
f 1916/3527/3469 2008/3526/3468 2012/3528/3470
f 1916/3527/3469 2012/3528/3470 1917/3529/3471
f 1917/3529/3471 2012/3528/3470 2016/3530/3472
f 1917/3529/3471 2016/3530/3472 1918/3531/3473
f 1918/3531/3473 2016/3530/3472 2020/3532/3474
f 1918/3531/3473 2020/3532/3474 1919/3533/3475
f 1919/3533/3475 2020/3532/3474 2024/3534/3476
f 1919/3533/3475 2024/3534/3476 1920/3535/3477
f 1920/3535/3477 2024/3534/3476 2028/3536/3478
f 1920/3535/3477 2028/3536/3478 1921/3537/3479
f 1921/3537/3479 2028/3536/3478 2032/3538/3480
f 1921/3537/3479 2032/3538/3480 1922/3539/3481
f 1922/3539/3481 2032/3538/3480 2036/3540/3482
f 1922/3539/3481 2036/3540/3482 1923/3541/3483
f 1923/3541/3483 2036/3540/3482 2040/3542/3484
f 1923/3541/3483 2040/3542/3484 1924/3493/3437
f 1924/3493/3437 2040/3542/3484 2044/3494/3438
f 1949/3448/3392 1950/3543/3485 2041/3450/3394
f 2041/3450/3394 1950/3543/3485 2042/3544/3486
f 2041/3450/3394 2042/3544/3486 2037/3452/3396
f 2037/3452/3396 2042/3544/3486 2038/3545/3487
f 2037/3452/3396 2038/3545/3487 2033/3454/3398
f 2033/3454/3398 2038/3545/3487 2034/3546/3488
f 2033/3454/3398 2034/3546/3488 2029/3456/3400
f 2029/3456/3400 2034/3546/3488 2030/3547/3489
f 2029/3456/3400 2030/3547/3489 2025/3458/3402
f 2025/3458/3402 2030/3547/3489 2026/3548/3490
f 2025/3458/3402 2026/3548/3490 2021/3460/3404
f 2021/3460/3404 2026/3548/3490 2022/3549/3491
f 2021/3460/3404 2022/3549/3491 2017/3462/3406
f 2017/3462/3406 2022/3549/3491 2018/3550/3492
f 2017/3462/3406 2018/3550/3492 2013/3464/3408
f 2013/3464/3408 2018/3550/3492 2014/3551/3493
f 2013/3464/3408 2014/3551/3493 2009/3466/3410
f 2009/3466/3410 2014/3551/3493 2010/3552/3494
f 2009/3466/3410 2010/3552/3494 2005/3468/3412
f 2005/3468/3412 2010/3552/3494 2006/3553/3495
f 2005/3468/3412 2006/3553/3495 2001/3470/3414
f 2001/3470/3414 2006/3553/3495 2002/3554/3496
f 2001/3470/3414 2002/3554/3496 1997/3472/3416
f 1997/3472/3416 2002/3554/3496 1998/3555/3497
f 1997/3472/3416 1998/3555/3497 1993/3474/3418
f 1993/3474/3418 1998/3555/3497 1994/3556/3498
f 1993/3474/3418 1994/3556/3498 1989/3476/3420
f 1989/3476/3420 1994/3556/3498 1990/3557/3499
f 1989/3476/3420 1990/3557/3499 1985/3478/3422
f 1985/3478/3422 1990/3557/3499 1986/3558/3500
f 1985/3478/3422 1986/3558/3500 1981/3480/3424
f 1981/3480/3424 1986/3558/3500 1982/3559/3501
f 1981/3480/3424 1982/3559/3501 1977/3482/3426
f 1977/3482/3426 1982/3559/3501 1978/3560/3502
f 1977/3482/3426 1978/3560/3502 1973/3484/3428
f 1973/3484/3428 1978/3560/3502 1974/3561/3503
f 1973/3484/3428 1974/3561/3503 1969/3486/3430
f 1969/3486/3430 1974/3561/3503 1970/3562/3504
f 1969/3486/3430 1970/3562/3504 1965/3488/3432
f 1965/3488/3432 1970/3562/3504 1966/3563/3505
f 1965/3488/3432 1966/3563/3505 1961/3490/3434
f 1961/3490/3434 1966/3563/3505 1962/3564/3506
f 1961/3490/3434 1962/3564/3506 1957/3492/3436
f 1957/3492/3436 1962/3564/3506 1958/3565/3507
f 1957/3492/3436 1958/3565/3507 1953/3444/3390
f 1953/3444/3390 1958/3565/3507 1954/3566/3508
f 1953/3444/3390 1954/3566/3508 1949/3446/3392
f 1949/3446/3392 1954/3566/3508 1950/3567/3485
f 1950/3543/3485 1951/3568/3509 2042/3544/3486
f 2042/3544/3486 1951/3568/3509 2043/3569/3510
f 2042/3544/3486 2043/3569/3510 2038/3545/3487
f 2038/3545/3487 2043/3569/3510 2039/3570/3511
f 2038/3545/3487 2039/3570/3511 2034/3546/3488
f 2034/3546/3488 2039/3570/3511 2035/3571/3512
f 2034/3546/3488 2035/3571/3512 2030/3547/3489
f 2030/3547/3489 2035/3571/3512 2031/3572/3513
f 2030/3547/3489 2031/3572/3513 2026/3548/3490
f 2026/3548/3490 2031/3572/3513 2027/3573/3514
f 2026/3548/3490 2027/3573/3514 2022/3549/3491
f 2022/3549/3491 2027/3573/3514 2023/3574/3515
f 2022/3549/3491 2023/3574/3515 2018/3550/3492
f 2018/3550/3492 2023/3574/3515 2019/3575/3516
f 2018/3550/3492 2019/3575/3516 2014/3551/3493
f 2014/3551/3493 2019/3575/3516 2015/3576/3517
f 2014/3551/3493 2015/3576/3517 2010/3552/3494
f 2010/3552/3494 2015/3576/3517 2011/3577/3518
f 2010/3552/3494 2011/3577/3518 2006/3553/3495
f 2006/3553/3495 2011/3577/3518 2007/3578/3519
f 2006/3553/3495 2007/3578/3519 2002/3554/3496
f 2002/3554/3496 2007/3578/3519 2003/3579/3520
f 2002/3554/3496 2003/3579/3520 1998/3555/3497
f 1998/3555/3497 2003/3579/3520 1999/3580/3521
f 1998/3555/3497 1999/3580/3521 1994/3556/3498
f 1994/3556/3498 1999/3580/3521 1995/3581/3522
f 1994/3556/3498 1995/3581/3522 1990/3557/3499
f 1990/3557/3499 1995/3581/3522 1991/3582/3523
f 1990/3557/3499 1991/3582/3523 1986/3558/3500
f 1986/3558/3500 1991/3582/3523 1987/3583/3524
f 1986/3558/3500 1987/3583/3524 1982/3559/3501
f 1982/3559/3501 1987/3583/3524 1983/3584/3525
f 1982/3559/3501 1983/3584/3525 1978/3560/3502
f 1978/3560/3502 1983/3584/3525 1979/3585/3526
f 1978/3560/3502 1979/3585/3526 1974/3561/3503
f 1974/3561/3503 1979/3585/3526 1975/3586/3527
f 1974/3561/3503 1975/3586/3527 1970/3562/3504
f 1970/3562/3504 1975/3586/3527 1971/3587/3528
f 1970/3562/3504 1971/3587/3528 1966/3563/3505
f 1966/3563/3505 1971/3587/3528 1967/3588/3529
f 1966/3563/3505 1967/3588/3529 1962/3564/3506
f 1962/3564/3506 1967/3588/3529 1963/3589/3530
f 1962/3564/3506 1963/3589/3530 1958/3565/3507
f 1958/3565/3507 1963/3589/3530 1959/3590/3531
f 1958/3565/3507 1959/3590/3531 1954/3566/3508
f 1954/3566/3508 1959/3590/3531 1955/3591/3532
f 1954/3566/3508 1955/3591/3532 1950/3567/3485
f 1950/3567/3485 1955/3591/3532 1951/3592/3509
f 1951/3568/3509 1952/3496/3440 2043/3569/3510
f 2043/3569/3510 1952/3496/3440 2044/3494/3438
f 2043/3569/3510 2044/3494/3438 2039/3570/3511
f 2039/3570/3511 2044/3494/3438 2040/3542/3484
f 2039/3570/3511 2040/3542/3484 2035/3571/3512
f 2035/3571/3512 2040/3542/3484 2036/3540/3482
f 2035/3571/3512 2036/3540/3482 2031/3572/3513
f 2031/3572/3513 2036/3540/3482 2032/3538/3480
f 2031/3572/3513 2032/3538/3480 2027/3573/3514
f 2027/3573/3514 2032/3538/3480 2028/3536/3478
f 2027/3573/3514 2028/3536/3478 2023/3574/3515
f 2023/3574/3515 2028/3536/3478 2024/3534/3476
f 2023/3574/3515 2024/3534/3476 2019/3575/3516
f 2019/3575/3516 2024/3534/3476 2020/3532/3474
f 2019/3575/3516 2020/3532/3474 2015/3576/3517
f 2015/3576/3517 2020/3532/3474 2016/3530/3472
f 2015/3576/3517 2016/3530/3472 2011/3577/3518
f 2011/3577/3518 2016/3530/3472 2012/3528/3470
f 2011/3577/3518 2012/3528/3470 2007/3578/3519
f 2007/3578/3519 2012/3528/3470 2008/3526/3468
f 2007/3578/3519 2008/3526/3468 2003/3579/3520
f 2003/3579/3520 2008/3526/3468 2004/3524/3466
f 2003/3579/3520 2004/3524/3466 1999/3580/3521
f 1999/3580/3521 2004/3524/3466 2000/3522/3464
f 1999/3580/3521 2000/3522/3464 1995/3581/3522
f 1995/3581/3522 2000/3522/3464 1996/3520/3462
f 1995/3581/3522 1996/3520/3462 1991/3582/3523
f 1991/3582/3523 1996/3520/3462 1992/3518/3460
f 1991/3582/3523 1992/3518/3460 1987/3583/3524
f 1987/3583/3524 1992/3518/3460 1988/3516/3458
f 1987/3583/3524 1988/3516/3458 1983/3584/3525
f 1983/3584/3525 1988/3516/3458 1984/3514/3456
f 1983/3584/3525 1984/3514/3456 1979/3585/3526
f 1979/3585/3526 1984/3514/3456 1980/3512/3454
f 1979/3585/3526 1980/3512/3454 1975/3586/3527
f 1975/3586/3527 1980/3512/3454 1976/3510/3452
f 1975/3586/3527 1976/3510/3452 1971/3587/3528
f 1971/3587/3528 1976/3510/3452 1972/3508/3450
f 1971/3587/3528 1972/3508/3450 1967/3588/3529
f 1967/3588/3529 1972/3508/3450 1968/3506/3448
f 1967/3588/3529 1968/3506/3448 1963/3589/3530
f 1963/3589/3530 1968/3506/3448 1964/3504/3446
f 1963/3589/3530 1964/3504/3446 1959/3590/3531
f 1959/3590/3531 1964/3504/3446 1960/3502/3444
f 1959/3590/3531 1960/3502/3444 1955/3591/3532
f 1955/3591/3532 1960/3502/3444 1956/3500/3442
f 1955/3591/3532 1956/3500/3442 1951/3592/3509
f 1951/3592/3509 1956/3500/3442 1952/3498/3440
f 2046/3593/3533 2056/3594/3534 2045/3595/3535
f 2045/3595/3535 2056/3594/3534 2057/3596/3536
f 2045/3595/3535 2057/3596/3536 2068/3597/3537
f 2068/3597/3537 2057/3596/3536 2058/3598/3538
f 2068/3597/3537 2058/3598/3538 2067/3599/3539
f 2067/3599/3539 2058/3598/3538 2059/3600/3540
f 2067/3599/3539 2059/3600/3540 2066/3601/3541
f 2066/3601/3541 2059/3600/3540 2060/3602/3542
f 2066/3601/3541 2060/3602/3542 2065/3603/3543
f 2065/3603/3543 2060/3602/3542 2061/3604/3544
f 2065/3603/3543 2061/3604/3544 2064/3605/3545
f 2064/3605/3545 2061/3604/3544 2062/3606/3546
f 2064/3605/3545 2062/3606/3546 2063/3607/3547
f 2056/3594/3534 2046/3593/3533 2055/3608/3548
f 2055/3608/3548 2046/3593/3533 2047/3609/3549
f 2055/3608/3548 2047/3609/3549 2054/3610/3550
f 2054/3610/3550 2047/3609/3549 2048/3611/3551
f 2054/3610/3550 2048/3611/3551 2053/3612/3552
f 2053/3612/3552 2048/3611/3551 2049/3613/3553
f 2053/3612/3552 2049/3613/3553 2052/3614/3554
f 2052/3614/3554 2049/3613/3553 2050/3615/3555
f 2052/3614/3554 2050/3615/3555 2051/3616/3556
f 2070/3617/3557 2097/3618/3558 2069/3619/3559
f 2069/3619/3559 2097/3618/3558 2093/3620/3560
f 2069/3621/3559 2093/3622/3560 2092/3623/3561
f 2092/3623/3561 2093/3622/3560 2185/3624/3562
f 2092/3623/3561 2185/3624/3562 2091/3625/3563
f 2091/3625/3563 2185/3624/3562 2181/3626/3564
f 2091/3625/3563 2181/3626/3564 2090/3627/3565
f 2090/3627/3565 2181/3626/3564 2177/3628/3566
f 2090/3627/3565 2177/3628/3566 2089/3629/3567
f 2089/3629/3567 2177/3628/3566 2173/3630/3568
f 2089/3629/3567 2173/3630/3568 2088/3631/3569
f 2088/3631/3569 2173/3630/3568 2169/3632/3570
f 2088/3631/3569 2169/3632/3570 2087/3633/3571
f 2087/3633/3571 2169/3632/3570 2165/3634/3572
f 2087/3633/3571 2165/3634/3572 2086/3635/3573
f 2086/3635/3573 2165/3634/3572 2161/3636/3574
f 2086/3635/3573 2161/3636/3574 2085/3637/3575
f 2085/3637/3575 2161/3636/3574 2157/3638/3576
f 2085/3637/3575 2157/3638/3576 2084/3639/3577
f 2084/3639/3577 2157/3638/3576 2153/3640/3578
f 2084/3639/3577 2153/3640/3578 2083/3641/3579
f 2083/3641/3579 2153/3640/3578 2149/3642/3580
f 2083/3641/3579 2149/3642/3580 2082/3643/3581
f 2082/3643/3581 2149/3642/3580 2145/3644/3582
f 2082/3643/3581 2145/3644/3582 2081/3645/3583
f 2081/3645/3583 2145/3644/3582 2141/3646/3584
f 2081/3645/3583 2141/3646/3584 2080/3647/3585
f 2080/3647/3585 2141/3646/3584 2137/3648/3586
f 2080/3647/3585 2137/3648/3586 2079/3649/3587
f 2079/3649/3587 2137/3648/3586 2133/3650/3588
f 2079/3649/3587 2133/3650/3588 2078/3651/3589
f 2078/3651/3589 2133/3650/3588 2129/3652/3590
f 2078/3651/3589 2129/3652/3590 2077/3653/3591
f 2077/3653/3591 2129/3652/3590 2125/3654/3592
f 2077/3653/3591 2125/3654/3592 2076/3655/3593
f 2076/3655/3593 2125/3654/3592 2121/3656/3594
f 2076/3655/3593 2121/3656/3594 2075/3657/3595
f 2075/3657/3595 2121/3656/3594 2117/3658/3596
f 2075/3657/3595 2117/3658/3596 2074/3659/3597
f 2074/3659/3597 2117/3658/3596 2113/3660/3598
f 2074/3659/3597 2113/3660/3598 2073/3661/3599
f 2073/3661/3599 2113/3660/3598 2109/3662/3600
f 2073/3661/3599 2109/3662/3600 2072/3663/3601
f 2072/3663/3601 2109/3662/3600 2105/3664/3602
f 2072/3663/3601 2105/3664/3602 2071/3665/3603
f 2071/3665/3603 2105/3664/3602 2101/3666/3604
f 2071/3665/3603 2101/3666/3604 2070/3617/3557
f 2070/3617/3557 2101/3666/3604 2097/3618/3558
f 2068/3667/3605 2188/3668/3606 2045/3669/3607
f 2045/3669/3607 2188/3668/3606 2096/3670/3608
f 2045/3671/3607 2096/3672/3608 2046/3673/3609
f 2046/3673/3609 2096/3672/3608 2100/3674/3610
f 2046/3673/3609 2100/3674/3610 2047/3675/3611
f 2047/3675/3611 2100/3674/3610 2104/3676/3612
f 2047/3675/3611 2104/3676/3612 2048/3677/3613
f 2048/3677/3613 2104/3676/3612 2108/3678/3614
f 2048/3677/3613 2108/3678/3614 2049/3679/3615
f 2049/3679/3615 2108/3678/3614 2112/3680/3616
f 2049/3679/3615 2112/3680/3616 2050/3681/3617
f 2050/3681/3617 2112/3680/3616 2116/3682/3618
f 2050/3681/3617 2116/3682/3618 2051/3683/3619
f 2051/3683/3619 2116/3682/3618 2120/3684/3620
f 2051/3683/3619 2120/3684/3620 2052/3685/3621
f 2052/3685/3621 2120/3684/3620 2124/3686/3622
f 2052/3685/3621 2124/3686/3622 2053/3687/3623
f 2053/3687/3623 2124/3686/3622 2128/3688/3624
f 2053/3687/3623 2128/3688/3624 2054/3689/3625
f 2054/3689/3625 2128/3688/3624 2132/3690/3626
f 2054/3689/3625 2132/3690/3626 2055/3691/3627
f 2055/3691/3627 2132/3690/3626 2136/3692/3628
f 2055/3691/3627 2136/3692/3628 2056/3693/3629
f 2056/3693/3629 2136/3692/3628 2140/3694/3630
f 2056/3693/3629 2140/3694/3630 2057/3695/3631
f 2057/3695/3631 2140/3694/3630 2144/3696/3632
f 2057/3695/3631 2144/3696/3632 2058/3697/3633
f 2058/3697/3633 2144/3696/3632 2148/3698/3634
f 2058/3697/3633 2148/3698/3634 2059/3699/3635
f 2059/3699/3635 2148/3698/3634 2152/3700/3636
f 2059/3699/3635 2152/3700/3636 2060/3701/3637
f 2060/3701/3637 2152/3700/3636 2156/3702/3638
f 2060/3701/3637 2156/3702/3638 2061/3703/3639
f 2061/3703/3639 2156/3702/3638 2160/3704/3640
f 2061/3703/3639 2160/3704/3640 2062/3705/3641
f 2062/3705/3641 2160/3704/3640 2164/3706/3642
f 2062/3705/3641 2164/3706/3642 2063/3707/3643
f 2063/3707/3643 2164/3706/3642 2168/3708/3644
f 2063/3707/3643 2168/3708/3644 2064/3709/3645
f 2064/3709/3645 2168/3708/3644 2172/3710/3646
f 2064/3709/3645 2172/3710/3646 2065/3711/3647
f 2065/3711/3647 2172/3710/3646 2176/3712/3648
f 2065/3711/3647 2176/3712/3648 2066/3713/3649
f 2066/3713/3649 2176/3712/3648 2180/3714/3650
f 2066/3713/3649 2180/3714/3650 2067/3715/3651
f 2067/3715/3651 2180/3714/3650 2184/3716/3652
f 2067/3715/3651 2184/3716/3652 2068/3667/3605
f 2068/3667/3605 2184/3716/3652 2188/3668/3606
f 2093/3622/3560 2094/3717/3653 2185/3624/3562
f 2185/3624/3562 2094/3717/3653 2186/3718/3654
f 2185/3624/3562 2186/3718/3654 2181/3626/3564
f 2181/3626/3564 2186/3718/3654 2182/3719/3655
f 2181/3626/3564 2182/3719/3655 2177/3628/3566
f 2177/3628/3566 2182/3719/3655 2178/3720/3656
f 2177/3628/3566 2178/3720/3656 2173/3630/3568
f 2173/3630/3568 2178/3720/3656 2174/3721/3657
f 2173/3630/3568 2174/3721/3657 2169/3632/3570
f 2169/3632/3570 2174/3721/3657 2170/3722/3658
f 2169/3632/3570 2170/3722/3658 2165/3634/3572
f 2165/3634/3572 2170/3722/3658 2166/3723/3659
f 2165/3634/3572 2166/3723/3659 2161/3636/3574
f 2161/3636/3574 2166/3723/3659 2162/3724/3660
f 2161/3636/3574 2162/3724/3660 2157/3638/3576
f 2157/3638/3576 2162/3724/3660 2158/3725/3661
f 2157/3638/3576 2158/3725/3661 2153/3640/3578
f 2153/3640/3578 2158/3725/3661 2154/3726/3662
f 2153/3640/3578 2154/3726/3662 2149/3642/3580
f 2149/3642/3580 2154/3726/3662 2150/3727/3663
f 2149/3642/3580 2150/3727/3663 2145/3644/3582
f 2145/3644/3582 2150/3727/3663 2146/3728/3664
f 2145/3644/3582 2146/3728/3664 2141/3646/3584
f 2141/3646/3584 2146/3728/3664 2142/3729/3665
f 2141/3646/3584 2142/3729/3665 2137/3648/3586
f 2137/3648/3586 2142/3729/3665 2138/3730/3666
f 2137/3648/3586 2138/3730/3666 2133/3650/3588
f 2133/3650/3588 2138/3730/3666 2134/3731/3667
f 2133/3650/3588 2134/3731/3667 2129/3652/3590
f 2129/3652/3590 2134/3731/3667 2130/3732/3668
f 2129/3652/3590 2130/3732/3668 2125/3654/3592
f 2125/3654/3592 2130/3732/3668 2126/3733/3669
f 2125/3654/3592 2126/3733/3669 2121/3656/3594
f 2121/3656/3594 2126/3733/3669 2122/3734/3670
f 2121/3656/3594 2122/3734/3670 2117/3658/3596
f 2117/3658/3596 2122/3734/3670 2118/3735/3671
f 2117/3658/3596 2118/3735/3671 2113/3660/3598
f 2113/3660/3598 2118/3735/3671 2114/3736/3672
f 2113/3660/3598 2114/3736/3672 2109/3662/3600
f 2109/3662/3600 2114/3736/3672 2110/3737/3673
f 2109/3662/3600 2110/3737/3673 2105/3664/3602
f 2105/3664/3602 2110/3737/3673 2106/3738/3674
f 2105/3664/3602 2106/3738/3674 2101/3666/3604
f 2101/3666/3604 2106/3738/3674 2102/3739/3675
f 2101/3666/3604 2102/3739/3675 2097/3618/3558
f 2097/3618/3558 2102/3739/3675 2098/3740/3676
f 2097/3618/3558 2098/3740/3676 2093/3620/3560
f 2093/3620/3560 2098/3740/3676 2094/3741/3653
f 2094/3717/3653 2095/3742/3677 2186/3718/3654
f 2186/3718/3654 2095/3742/3677 2187/3743/3678
f 2186/3718/3654 2187/3743/3678 2182/3719/3655
f 2182/3719/3655 2187/3743/3678 2183/3744/3679
f 2182/3719/3655 2183/3744/3679 2178/3720/3656
f 2178/3720/3656 2183/3744/3679 2179/3745/3680
f 2178/3720/3656 2179/3745/3680 2174/3721/3657
f 2174/3721/3657 2179/3745/3680 2175/3746/3681
f 2174/3721/3657 2175/3746/3681 2170/3722/3658
f 2170/3722/3658 2175/3746/3681 2171/3747/3682
f 2170/3722/3658 2171/3747/3682 2166/3723/3659
f 2166/3723/3659 2171/3747/3682 2167/3748/3683
f 2166/3723/3659 2167/3748/3683 2162/3724/3660
f 2162/3724/3660 2167/3748/3683 2163/3749/3684
f 2162/3724/3660 2163/3749/3684 2158/3725/3661
f 2158/3725/3661 2163/3749/3684 2159/3750/3685
f 2158/3725/3661 2159/3750/3685 2154/3726/3662
f 2154/3726/3662 2159/3750/3685 2155/3751/3686
f 2154/3726/3662 2155/3751/3686 2150/3727/3663
f 2150/3727/3663 2155/3751/3686 2151/3752/3687
f 2150/3727/3663 2151/3752/3687 2146/3728/3664
f 2146/3728/3664 2151/3752/3687 2147/3753/3688
f 2146/3728/3664 2147/3753/3688 2142/3729/3665
f 2142/3729/3665 2147/3753/3688 2143/3754/3689
f 2142/3729/3665 2143/3754/3689 2138/3730/3666
f 2138/3730/3666 2143/3754/3689 2139/3755/3690
f 2138/3730/3666 2139/3755/3690 2134/3731/3667
f 2134/3731/3667 2139/3755/3690 2135/3756/3691
f 2134/3731/3667 2135/3756/3691 2130/3732/3668
f 2130/3732/3668 2135/3756/3691 2131/3757/3692
f 2130/3732/3668 2131/3757/3692 2126/3733/3669
f 2126/3733/3669 2131/3757/3692 2127/3758/3693
f 2126/3733/3669 2127/3758/3693 2122/3734/3670
f 2122/3734/3670 2127/3758/3693 2123/3759/3694
f 2122/3734/3670 2123/3759/3694 2118/3735/3671
f 2118/3735/3671 2123/3759/3694 2119/3760/3695
f 2118/3735/3671 2119/3760/3695 2114/3736/3672
f 2114/3736/3672 2119/3760/3695 2115/3761/3696
f 2114/3736/3672 2115/3761/3696 2110/3737/3673
f 2110/3737/3673 2115/3761/3696 2111/3762/3697
f 2110/3737/3673 2111/3762/3697 2106/3738/3674
f 2106/3738/3674 2111/3762/3697 2107/3763/3698
f 2106/3738/3674 2107/3763/3698 2102/3739/3675
f 2102/3739/3675 2107/3763/3698 2103/3764/3699
f 2102/3739/3675 2103/3764/3699 2098/3740/3676
f 2098/3740/3676 2103/3764/3699 2099/3765/3700
f 2098/3740/3676 2099/3765/3700 2094/3741/3653
f 2094/3741/3653 2099/3765/3700 2095/3766/3677
f 2095/3742/3677 2096/3670/3608 2187/3743/3678
f 2187/3743/3678 2096/3670/3608 2188/3668/3606
f 2187/3743/3678 2188/3668/3606 2183/3744/3679
f 2183/3744/3679 2188/3668/3606 2184/3716/3652
f 2183/3744/3679 2184/3716/3652 2179/3745/3680
f 2179/3745/3680 2184/3716/3652 2180/3714/3650
f 2179/3745/3680 2180/3714/3650 2175/3746/3681
f 2175/3746/3681 2180/3714/3650 2176/3712/3648
f 2175/3746/3681 2176/3712/3648 2171/3747/3682
f 2171/3747/3682 2176/3712/3648 2172/3710/3646
f 2171/3747/3682 2172/3710/3646 2167/3748/3683
f 2167/3748/3683 2172/3710/3646 2168/3708/3644
f 2167/3748/3683 2168/3708/3644 2163/3749/3684
f 2163/3749/3684 2168/3708/3644 2164/3706/3642
f 2163/3749/3684 2164/3706/3642 2159/3750/3685
f 2159/3750/3685 2164/3706/3642 2160/3704/3640
f 2159/3750/3685 2160/3704/3640 2155/3751/3686
f 2155/3751/3686 2160/3704/3640 2156/3702/3638
f 2155/3751/3686 2156/3702/3638 2151/3752/3687
f 2151/3752/3687 2156/3702/3638 2152/3700/3636
f 2151/3752/3687 2152/3700/3636 2147/3753/3688
f 2147/3753/3688 2152/3700/3636 2148/3698/3634
f 2147/3753/3688 2148/3698/3634 2143/3754/3689
f 2143/3754/3689 2148/3698/3634 2144/3696/3632
f 2143/3754/3689 2144/3696/3632 2139/3755/3690
f 2139/3755/3690 2144/3696/3632 2140/3694/3630
f 2139/3755/3690 2140/3694/3630 2135/3756/3691
f 2135/3756/3691 2140/3694/3630 2136/3692/3628
f 2135/3756/3691 2136/3692/3628 2131/3757/3692
f 2131/3757/3692 2136/3692/3628 2132/3690/3626
f 2131/3757/3692 2132/3690/3626 2127/3758/3693
f 2127/3758/3693 2132/3690/3626 2128/3688/3624
f 2127/3758/3693 2128/3688/3624 2123/3759/3694
f 2123/3759/3694 2128/3688/3624 2124/3686/3622
f 2123/3759/3694 2124/3686/3622 2119/3760/3695
f 2119/3760/3695 2124/3686/3622 2120/3684/3620
f 2119/3760/3695 2120/3684/3620 2115/3761/3696
f 2115/3761/3696 2120/3684/3620 2116/3682/3618
f 2115/3761/3696 2116/3682/3618 2111/3762/3697
f 2111/3762/3697 2116/3682/3618 2112/3680/3616
f 2111/3762/3697 2112/3680/3616 2107/3763/3698
f 2107/3763/3698 2112/3680/3616 2108/3678/3614
f 2107/3763/3698 2108/3678/3614 2103/3764/3699
f 2103/3764/3699 2108/3678/3614 2104/3676/3612
f 2103/3764/3699 2104/3676/3612 2099/3765/3700
f 2099/3765/3700 2104/3676/3612 2100/3674/3610
f 2099/3765/3700 2100/3674/3610 2095/3766/3677
f 2095/3766/3677 2100/3674/3610 2096/3672/3608
f 2190/3767/3701 2200/3768/3702 2189/3769/3703
f 2189/3769/3703 2200/3768/3702 2201/3770/3704
f 2189/3769/3703 2201/3770/3704 2212/3771/3705
f 2212/3771/3705 2201/3770/3704 2202/3772/3706
f 2212/3771/3705 2202/3772/3706 2211/3773/3707
f 2211/3773/3707 2202/3772/3706 2203/3774/3708
f 2211/3773/3707 2203/3774/3708 2210/3775/3709
f 2210/3775/3709 2203/3774/3708 2204/3776/3710
f 2210/3775/3709 2204/3776/3710 2209/3777/3711
f 2209/3777/3711 2204/3776/3710 2205/3778/3712
f 2209/3777/3711 2205/3778/3712 2208/3779/3713
f 2208/3779/3713 2205/3778/3712 2206/3780/3714
f 2208/3779/3713 2206/3780/3714 2207/3781/3715
f 2200/3768/3702 2190/3767/3701 2199/3782/3716
f 2199/3782/3716 2190/3767/3701 2191/3783/3717
f 2199/3782/3716 2191/3783/3717 2198/3784/3718
f 2198/3784/3718 2191/3783/3717 2192/3785/3719
f 2198/3784/3718 2192/3785/3719 2197/3786/3720
f 2197/3786/3720 2192/3785/3719 2193/3787/3721
f 2197/3786/3720 2193/3787/3721 2196/3788/3722
f 2196/3788/3722 2193/3787/3721 2194/3789/3723
f 2196/3788/3722 2194/3789/3723 2195/3790/3724
f 2214/3791/3725 2241/3792/3726 2213/3793/3727
f 2213/3793/3727 2241/3792/3726 2237/3794/3728
f 2213/3795/3727 2237/3796/3728 2236/3797/3729
f 2236/3797/3729 2237/3796/3728 2329/3798/3730
f 2236/3797/3729 2329/3798/3730 2235/3799/3731
f 2235/3799/3731 2329/3798/3730 2325/3800/3732
f 2235/3799/3731 2325/3800/3732 2234/3801/3733
f 2234/3801/3733 2325/3800/3732 2321/3802/3734
f 2234/3801/3733 2321/3802/3734 2233/3803/3735
f 2233/3803/3735 2321/3802/3734 2317/3804/3736
f 2233/3803/3735 2317/3804/3736 2232/3805/3737
f 2232/3805/3737 2317/3804/3736 2313/3806/3738
f 2232/3805/3737 2313/3806/3738 2231/3807/3739
f 2231/3807/3739 2313/3806/3738 2309/3808/3740
f 2231/3807/3739 2309/3808/3740 2230/3809/3741
f 2230/3809/3741 2309/3808/3740 2305/3810/3742
f 2230/3809/3741 2305/3810/3742 2229/3811/3743
f 2229/3811/3743 2305/3810/3742 2301/3812/3744
f 2229/3811/3743 2301/3812/3744 2228/3813/3745
f 2228/3813/3745 2301/3812/3744 2297/3814/3746
f 2228/3813/3745 2297/3814/3746 2227/3815/3747
f 2227/3815/3747 2297/3814/3746 2293/3816/3748
f 2227/3815/3747 2293/3816/3748 2226/3817/3749
f 2226/3817/3749 2293/3816/3748 2289/3818/3750
f 2226/3817/3749 2289/3818/3750 2225/3819/3751
f 2225/3819/3751 2289/3818/3750 2285/3820/3752
f 2225/3819/3751 2285/3820/3752 2224/3821/3753
f 2224/3821/3753 2285/3820/3752 2281/3822/3754
f 2224/3821/3753 2281/3822/3754 2223/3823/3755
f 2223/3823/3755 2281/3822/3754 2277/3824/3756
f 2223/3823/3755 2277/3824/3756 2222/3825/3757
f 2222/3825/3757 2277/3824/3756 2273/3826/3758
f 2222/3825/3757 2273/3826/3758 2221/3827/3759
f 2221/3827/3759 2273/3826/3758 2269/3828/3760
f 2221/3827/3759 2269/3828/3760 2220/3829/3761
f 2220/3829/3761 2269/3828/3760 2265/3830/3762
f 2220/3829/3761 2265/3830/3762 2219/3831/3763
f 2219/3831/3763 2265/3830/3762 2261/3832/3764
f 2219/3831/3763 2261/3832/3764 2218/3833/3765
f 2218/3833/3765 2261/3832/3764 2257/3834/3766
f 2218/3833/3765 2257/3834/3766 2217/3835/3767
f 2217/3835/3767 2257/3834/3766 2253/3836/3768
f 2217/3835/3767 2253/3836/3768 2216/3837/3769
f 2216/3837/3769 2253/3836/3768 2249/3838/3770
f 2216/3837/3769 2249/3838/3770 2215/3839/3771
f 2215/3839/3771 2249/3838/3770 2245/3840/3772
f 2215/3839/3771 2245/3840/3772 2214/3791/3725
f 2214/3791/3725 2245/3840/3772 2241/3792/3726
f 2212/3841/3773 2332/3842/3774 2189/3843/3775
f 2189/3843/3775 2332/3842/3774 2240/3844/3776
f 2189/3845/3775 2240/3846/3776 2190/3847/3777
f 2190/3847/3777 2240/3846/3776 2244/3848/3778
f 2190/3847/3777 2244/3848/3778 2191/3849/3779
f 2191/3849/3779 2244/3848/3778 2248/3850/3780
f 2191/3849/3779 2248/3850/3780 2192/3851/3781
f 2192/3851/3781 2248/3850/3780 2252/3852/3782
f 2192/3851/3781 2252/3852/3782 2193/3853/3783
f 2193/3853/3783 2252/3852/3782 2256/3854/3784
f 2193/3853/3783 2256/3854/3784 2194/3855/3785
f 2194/3855/3785 2256/3854/3784 2260/3856/3786
f 2194/3855/3785 2260/3856/3786 2195/3857/3787
f 2195/3857/3787 2260/3856/3786 2264/3858/3788
f 2195/3857/3787 2264/3858/3788 2196/3859/3789
f 2196/3859/3789 2264/3858/3788 2268/3860/3790
f 2196/3859/3789 2268/3860/3790 2197/3861/3791
f 2197/3861/3791 2268/3860/3790 2272/3862/3792
f 2197/3861/3791 2272/3862/3792 2198/3863/3793
f 2198/3863/3793 2272/3862/3792 2276/3864/3794
f 2198/3863/3793 2276/3864/3794 2199/3865/3795
f 2199/3865/3795 2276/3864/3794 2280/3866/3796
f 2199/3865/3795 2280/3866/3796 2200/3867/3797
f 2200/3867/3797 2280/3866/3796 2284/3868/3798
f 2200/3867/3797 2284/3868/3798 2201/3869/3799
f 2201/3869/3799 2284/3868/3798 2288/3870/3800
f 2201/3869/3799 2288/3870/3800 2202/3871/3801
f 2202/3871/3801 2288/3870/3800 2292/3872/3802
f 2202/3871/3801 2292/3872/3802 2203/3873/3803
f 2203/3873/3803 2292/3872/3802 2296/3874/3804
f 2203/3873/3803 2296/3874/3804 2204/3875/3805
f 2204/3875/3805 2296/3874/3804 2300/3876/3806
f 2204/3875/3805 2300/3876/3806 2205/3877/3807
f 2205/3877/3807 2300/3876/3806 2304/3878/3808
f 2205/3877/3807 2304/3878/3808 2206/3879/3809
f 2206/3879/3809 2304/3878/3808 2308/3880/3810
f 2206/3879/3809 2308/3880/3810 2207/3881/3811
f 2207/3881/3811 2308/3880/3810 2312/3882/3812
f 2207/3881/3811 2312/3882/3812 2208/3883/3813
f 2208/3883/3813 2312/3882/3812 2316/3884/3814
f 2208/3883/3813 2316/3884/3814 2209/3885/3815
f 2209/3885/3815 2316/3884/3814 2320/3886/3816
f 2209/3885/3815 2320/3886/3816 2210/3887/3817
f 2210/3887/3817 2320/3886/3816 2324/3888/3818
f 2210/3887/3817 2324/3888/3818 2211/3889/3819
f 2211/3889/3819 2324/3888/3818 2328/3890/3820
f 2211/3889/3819 2328/3890/3820 2212/3841/3773
f 2212/3841/3773 2328/3890/3820 2332/3842/3774
f 2237/3796/3728 2238/3891/3821 2329/3798/3730
f 2329/3798/3730 2238/3891/3821 2330/3892/3822
f 2329/3798/3730 2330/3892/3822 2325/3800/3732
f 2325/3800/3732 2330/3892/3822 2326/3893/3823
f 2325/3800/3732 2326/3893/3823 2321/3802/3734
f 2321/3802/3734 2326/3893/3823 2322/3894/3824
f 2321/3802/3734 2322/3894/3824 2317/3804/3736
f 2317/3804/3736 2322/3894/3824 2318/3895/3825
f 2317/3804/3736 2318/3895/3825 2313/3806/3738
f 2313/3806/3738 2318/3895/3825 2314/3896/3826
f 2313/3806/3738 2314/3896/3826 2309/3808/3740
f 2309/3808/3740 2314/3896/3826 2310/3897/3827
f 2309/3808/3740 2310/3897/3827 2305/3810/3742
f 2305/3810/3742 2310/3897/3827 2306/3898/3828
f 2305/3810/3742 2306/3898/3828 2301/3812/3744
f 2301/3812/3744 2306/3898/3828 2302/3899/3829
f 2301/3812/3744 2302/3899/3829 2297/3814/3746
f 2297/3814/3746 2302/3899/3829 2298/3900/3830
f 2297/3814/3746 2298/3900/3830 2293/3816/3748
f 2293/3816/3748 2298/3900/3830 2294/3901/3831
f 2293/3816/3748 2294/3901/3831 2289/3818/3750
f 2289/3818/3750 2294/3901/3831 2290/3902/3832
f 2289/3818/3750 2290/3902/3832 2285/3820/3752
f 2285/3820/3752 2290/3902/3832 2286/3903/3833
f 2285/3820/3752 2286/3903/3833 2281/3822/3754
f 2281/3822/3754 2286/3903/3833 2282/3904/3834
f 2281/3822/3754 2282/3904/3834 2277/3824/3756
f 2277/3824/3756 2282/3904/3834 2278/3905/3835
f 2277/3824/3756 2278/3905/3835 2273/3826/3758
f 2273/3826/3758 2278/3905/3835 2274/3906/3836
f 2273/3826/3758 2274/3906/3836 2269/3828/3760
f 2269/3828/3760 2274/3906/3836 2270/3907/3837
f 2269/3828/3760 2270/3907/3837 2265/3830/3762
f 2265/3830/3762 2270/3907/3837 2266/3908/3838
f 2265/3830/3762 2266/3908/3838 2261/3832/3764
f 2261/3832/3764 2266/3908/3838 2262/3909/3839
f 2261/3832/3764 2262/3909/3839 2257/3834/3766
f 2257/3834/3766 2262/3909/3839 2258/3910/3840
f 2257/3834/3766 2258/3910/3840 2253/3836/3768
f 2253/3836/3768 2258/3910/3840 2254/3911/3841
f 2253/3836/3768 2254/3911/3841 2249/3838/3770
f 2249/3838/3770 2254/3911/3841 2250/3912/3842
f 2249/3838/3770 2250/3912/3842 2245/3840/3772
f 2245/3840/3772 2250/3912/3842 2246/3913/3843
f 2245/3840/3772 2246/3913/3843 2241/3792/3726
f 2241/3792/3726 2246/3913/3843 2242/3914/3844
f 2241/3792/3726 2242/3914/3844 2237/3794/3728
f 2237/3794/3728 2242/3914/3844 2238/3915/3821
f 2238/3891/3821 2239/3916/3845 2330/3892/3822
f 2330/3892/3822 2239/3916/3845 2331/3917/3846
f 2330/3892/3822 2331/3917/3846 2326/3893/3823
f 2326/3893/3823 2331/3917/3846 2327/3918/3847
f 2326/3893/3823 2327/3918/3847 2322/3894/3824
f 2322/3894/3824 2327/3918/3847 2323/3919/3848
f 2322/3894/3824 2323/3919/3848 2318/3895/3825
f 2318/3895/3825 2323/3919/3848 2319/3920/3849
f 2318/3895/3825 2319/3920/3849 2314/3896/3826
f 2314/3896/3826 2319/3920/3849 2315/3921/3850
f 2314/3896/3826 2315/3921/3850 2310/3897/3827
f 2310/3897/3827 2315/3921/3850 2311/3922/3851
f 2310/3897/3827 2311/3922/3851 2306/3898/3828
f 2306/3898/3828 2311/3922/3851 2307/3923/3852
f 2306/3898/3828 2307/3923/3852 2302/3899/3829
f 2302/3899/3829 2307/3923/3852 2303/3924/3853
f 2302/3899/3829 2303/3924/3853 2298/3900/3830
f 2298/3900/3830 2303/3924/3853 2299/3925/3854
f 2298/3900/3830 2299/3925/3854 2294/3901/3831
f 2294/3901/3831 2299/3925/3854 2295/3926/3855
f 2294/3901/3831 2295/3926/3855 2290/3902/3832
f 2290/3902/3832 2295/3926/3855 2291/3927/3856
f 2290/3902/3832 2291/3927/3856 2286/3903/3833
f 2286/3903/3833 2291/3927/3856 2287/3928/3857
f 2286/3903/3833 2287/3928/3857 2282/3904/3834
f 2282/3904/3834 2287/3928/3857 2283/3929/3858
f 2282/3904/3834 2283/3929/3858 2278/3905/3835
f 2278/3905/3835 2283/3929/3858 2279/3930/3859
f 2278/3905/3835 2279/3930/3859 2274/3906/3836
f 2274/3906/3836 2279/3930/3859 2275/3931/3860
f 2274/3906/3836 2275/3931/3860 2270/3907/3837
f 2270/3907/3837 2275/3931/3860 2271/3932/3861
f 2270/3907/3837 2271/3932/3861 2266/3908/3838
f 2266/3908/3838 2271/3932/3861 2267/3933/3862
f 2266/3908/3838 2267/3933/3862 2262/3909/3839
f 2262/3909/3839 2267/3933/3862 2263/3934/3863
f 2262/3909/3839 2263/3934/3863 2258/3910/3840
f 2258/3910/3840 2263/3934/3863 2259/3935/3864
f 2258/3910/3840 2259/3935/3864 2254/3911/3841
f 2254/3911/3841 2259/3935/3864 2255/3936/3865
f 2254/3911/3841 2255/3936/3865 2250/3912/3842
f 2250/3912/3842 2255/3936/3865 2251/3937/3866
f 2250/3912/3842 2251/3937/3866 2246/3913/3843
f 2246/3913/3843 2251/3937/3866 2247/3938/3867
f 2246/3913/3843 2247/3938/3867 2242/3914/3844
f 2242/3914/3844 2247/3938/3867 2243/3939/3868
f 2242/3914/3844 2243/3939/3868 2238/3915/3821
f 2238/3915/3821 2243/3939/3868 2239/3940/3845
f 2239/3916/3845 2240/3844/3776 2331/3917/3846
f 2331/3917/3846 2240/3844/3776 2332/3842/3774
f 2331/3917/3846 2332/3842/3774 2327/3918/3847
f 2327/3918/3847 2332/3842/3774 2328/3890/3820
f 2327/3918/3847 2328/3890/3820 2323/3919/3848
f 2323/3919/3848 2328/3890/3820 2324/3888/3818
f 2323/3919/3848 2324/3888/3818 2319/3920/3849
f 2319/3920/3849 2324/3888/3818 2320/3886/3816
f 2319/3920/3849 2320/3886/3816 2315/3921/3850
f 2315/3921/3850 2320/3886/3816 2316/3884/3814
f 2315/3921/3850 2316/3884/3814 2311/3922/3851
f 2311/3922/3851 2316/3884/3814 2312/3882/3812
f 2311/3922/3851 2312/3882/3812 2307/3923/3852
f 2307/3923/3852 2312/3882/3812 2308/3880/3810
f 2307/3923/3852 2308/3880/3810 2303/3924/3853
f 2303/3924/3853 2308/3880/3810 2304/3878/3808
f 2303/3924/3853 2304/3878/3808 2299/3925/3854
f 2299/3925/3854 2304/3878/3808 2300/3876/3806
f 2299/3925/3854 2300/3876/3806 2295/3926/3855
f 2295/3926/3855 2300/3876/3806 2296/3874/3804
f 2295/3926/3855 2296/3874/3804 2291/3927/3856
f 2291/3927/3856 2296/3874/3804 2292/3872/3802
f 2291/3927/3856 2292/3872/3802 2287/3928/3857
f 2287/3928/3857 2292/3872/3802 2288/3870/3800
f 2287/3928/3857 2288/3870/3800 2283/3929/3858
f 2283/3929/3858 2288/3870/3800 2284/3868/3798
f 2283/3929/3858 2284/3868/3798 2279/3930/3859
f 2279/3930/3859 2284/3868/3798 2280/3866/3796
f 2279/3930/3859 2280/3866/3796 2275/3931/3860
f 2275/3931/3860 2280/3866/3796 2276/3864/3794
f 2275/3931/3860 2276/3864/3794 2271/3932/3861
f 2271/3932/3861 2276/3864/3794 2272/3862/3792
f 2271/3932/3861 2272/3862/3792 2267/3933/3862
f 2267/3933/3862 2272/3862/3792 2268/3860/3790
f 2267/3933/3862 2268/3860/3790 2263/3934/3863
f 2263/3934/3863 2268/3860/3790 2264/3858/3788
f 2263/3934/3863 2264/3858/3788 2259/3935/3864
f 2259/3935/3864 2264/3858/3788 2260/3856/3786
f 2259/3935/3864 2260/3856/3786 2255/3936/3865
f 2255/3936/3865 2260/3856/3786 2256/3854/3784
f 2255/3936/3865 2256/3854/3784 2251/3937/3866
f 2251/3937/3866 2256/3854/3784 2252/3852/3782
f 2251/3937/3866 2252/3852/3782 2247/3938/3867
f 2247/3938/3867 2252/3852/3782 2248/3850/3780
f 2247/3938/3867 2248/3850/3780 2243/3939/3868
f 2243/3939/3868 2248/3850/3780 2244/3848/3778
f 2243/3939/3868 2244/3848/3778 2239/3940/3845
f 2239/3940/3845 2244/3848/3778 2240/3846/3776
f 2334/3941/3869 2344/3942/3870 2333/3943/3871
f 2333/3943/3871 2344/3942/3870 2345/3944/3872
f 2333/3943/3871 2345/3944/3872 2356/3945/3873
f 2356/3945/3873 2345/3944/3872 2346/3946/3874
f 2356/3945/3873 2346/3946/3874 2355/3947/3875
f 2355/3947/3875 2346/3946/3874 2347/3948/3876
f 2355/3947/3875 2347/3948/3876 2354/3949/3877
f 2354/3949/3877 2347/3948/3876 2348/3950/3878
f 2354/3949/3877 2348/3950/3878 2353/3951/3879
f 2353/3951/3879 2348/3950/3878 2349/3952/3880
f 2353/3951/3879 2349/3952/3880 2352/3953/3881
f 2352/3953/3881 2349/3952/3880 2350/3954/3882
f 2352/3953/3881 2350/3954/3882 2351/3955/3883
f 2344/3942/3870 2334/3941/3869 2343/3956/3884
f 2343/3956/3884 2334/3941/3869 2335/3957/3885
f 2343/3956/3884 2335/3957/3885 2342/3958/3886
f 2342/3958/3886 2335/3957/3885 2336/3959/3887
f 2342/3958/3886 2336/3959/3887 2341/3960/3888
f 2341/3960/3888 2336/3959/3887 2337/3961/3889
f 2341/3960/3888 2337/3961/3889 2340/3962/3890
f 2340/3962/3890 2337/3961/3889 2338/3963/3891
f 2340/3962/3890 2338/3963/3891 2339/3964/3892
f 2358/3965/3893 2385/3966/3894 2357/3967/3895
f 2357/3967/3895 2385/3966/3894 2381/3968/3896
f 2357/3969/3895 2381/3970/3896 2380/3971/3897
f 2380/3971/3897 2381/3970/3896 2473/3972/3898
f 2380/3971/3897 2473/3972/3898 2379/3973/3899
f 2379/3973/3899 2473/3972/3898 2469/3974/3900
f 2379/3973/3899 2469/3974/3900 2378/3975/3901
f 2378/3975/3901 2469/3974/3900 2465/3976/3902
f 2378/3975/3901 2465/3976/3902 2377/3977/3903
f 2377/3977/3903 2465/3976/3902 2461/3978/3904
f 2377/3977/3903 2461/3978/3904 2376/3979/3905
f 2376/3979/3905 2461/3978/3904 2457/3980/3906
f 2376/3979/3905 2457/3980/3906 2375/3981/3907
f 2375/3981/3907 2457/3980/3906 2453/3982/3908
f 2375/3981/3907 2453/3982/3908 2374/3983/3909
f 2374/3983/3909 2453/3982/3908 2449/3984/3910
f 2374/3983/3909 2449/3984/3910 2373/3985/3911
f 2373/3985/3911 2449/3984/3910 2445/3986/3912
f 2373/3985/3911 2445/3986/3912 2372/3987/3913
f 2372/3987/3913 2445/3986/3912 2441/3988/3914
f 2372/3987/3913 2441/3988/3914 2371/3989/3915
f 2371/3989/3915 2441/3988/3914 2437/3990/3916
f 2371/3989/3915 2437/3990/3916 2370/3991/3917
f 2370/3991/3917 2437/3990/3916 2433/3992/3918
f 2370/3991/3917 2433/3992/3918 2369/3993/3919
f 2369/3993/3919 2433/3992/3918 2429/3994/3920
f 2369/3993/3919 2429/3994/3920 2368/3995/3921
f 2368/3995/3921 2429/3994/3920 2425/3996/3922
f 2368/3995/3921 2425/3996/3922 2367/3997/3923
f 2367/3997/3923 2425/3996/3922 2421/3998/3924
f 2367/3997/3923 2421/3998/3924 2366/3999/3925
f 2366/3999/3925 2421/3998/3924 2417/4000/3926
f 2366/3999/3925 2417/4000/3926 2365/4001/3927
f 2365/4001/3927 2417/4000/3926 2413/4002/3928
f 2365/4001/3927 2413/4002/3928 2364/4003/3929
f 2364/4003/3929 2413/4002/3928 2409/4004/3930
f 2364/4003/3929 2409/4004/3930 2363/4005/3931
f 2363/4005/3931 2409/4004/3930 2405/4006/3932
f 2363/4005/3931 2405/4006/3932 2362/4007/3933
f 2362/4007/3933 2405/4006/3932 2401/4008/3934
f 2362/4007/3933 2401/4008/3934 2361/4009/3935
f 2361/4009/3935 2401/4008/3934 2397/4010/3936
f 2361/4009/3935 2397/4010/3936 2360/4011/3937
f 2360/4011/3937 2397/4010/3936 2393/4012/3938
f 2360/4011/3937 2393/4012/3938 2359/4013/3939
f 2359/4013/3939 2393/4012/3938 2389/4014/3940
f 2359/4013/3939 2389/4014/3940 2358/3965/3893
f 2358/3965/3893 2389/4014/3940 2385/3966/3894
f 2356/4015/3941 2476/4016/3942 2333/4017/3943
f 2333/4017/3943 2476/4016/3942 2384/4018/3944
f 2333/4019/3943 2384/4020/3944 2334/4021/3945
f 2334/4021/3945 2384/4020/3944 2388/4022/3946
f 2334/4021/3945 2388/4022/3946 2335/4023/3947
f 2335/4023/3947 2388/4022/3946 2392/4024/3948
f 2335/4023/3947 2392/4024/3948 2336/4025/3949
f 2336/4025/3949 2392/4024/3948 2396/4026/3950
f 2336/4025/3949 2396/4026/3950 2337/4027/3951
f 2337/4027/3951 2396/4026/3950 2400/4028/3952
f 2337/4027/3951 2400/4028/3952 2338/4029/3953
f 2338/4029/3953 2400/4028/3952 2404/4030/3954
f 2338/4029/3953 2404/4030/3954 2339/4031/3955
f 2339/4031/3955 2404/4030/3954 2408/4032/3956
f 2339/4031/3955 2408/4032/3956 2340/4033/3957
f 2340/4033/3957 2408/4032/3956 2412/4034/3958
f 2340/4033/3957 2412/4034/3958 2341/4035/3959
f 2341/4035/3959 2412/4034/3958 2416/4036/3960
f 2341/4035/3959 2416/4036/3960 2342/4037/3961
f 2342/4037/3961 2416/4036/3960 2420/4038/3962
f 2342/4037/3961 2420/4038/3962 2343/4039/3963
f 2343/4039/3963 2420/4038/3962 2424/4040/3964
f 2343/4039/3963 2424/4040/3964 2344/4041/3965
f 2344/4041/3965 2424/4040/3964 2428/4042/3966
f 2344/4041/3965 2428/4042/3966 2345/4043/3967
f 2345/4043/3967 2428/4042/3966 2432/4044/3968
f 2345/4043/3967 2432/4044/3968 2346/4045/3969
f 2346/4045/3969 2432/4044/3968 2436/4046/3970
f 2346/4045/3969 2436/4046/3970 2347/4047/3971
f 2347/4047/3971 2436/4046/3970 2440/4048/3972
f 2347/4047/3971 2440/4048/3972 2348/4049/3973
f 2348/4049/3973 2440/4048/3972 2444/4050/3974
f 2348/4049/3973 2444/4050/3974 2349/4051/3975
f 2349/4051/3975 2444/4050/3974 2448/4052/3976
f 2349/4051/3975 2448/4052/3976 2350/4053/3977
f 2350/4053/3977 2448/4052/3976 2452/4054/3978
f 2350/4053/3977 2452/4054/3978 2351/4055/3979
f 2351/4055/3979 2452/4054/3978 2456/4056/3980
f 2351/4055/3979 2456/4056/3980 2352/4057/3981
f 2352/4057/3981 2456/4056/3980 2460/4058/3982
f 2352/4057/3981 2460/4058/3982 2353/4059/3983
f 2353/4059/3983 2460/4058/3982 2464/4060/3984
f 2353/4059/3983 2464/4060/3984 2354/4061/3985
f 2354/4061/3985 2464/4060/3984 2468/4062/3986
f 2354/4061/3985 2468/4062/3986 2355/4063/3987
f 2355/4063/3987 2468/4062/3986 2472/4064/3988
f 2355/4063/3987 2472/4064/3988 2356/4015/3941
f 2356/4015/3941 2472/4064/3988 2476/4016/3942
f 2381/3970/3896 2382/4065/3989 2473/3972/3898
f 2473/3972/3898 2382/4065/3989 2474/4066/3990
f 2473/3972/3898 2474/4066/3990 2469/3974/3900
f 2469/3974/3900 2474/4066/3990 2470/4067/3991
f 2469/3974/3900 2470/4067/3991 2465/3976/3902
f 2465/3976/3902 2470/4067/3991 2466/4068/3992
f 2465/3976/3902 2466/4068/3992 2461/3978/3904
f 2461/3978/3904 2466/4068/3992 2462/4069/3993
f 2461/3978/3904 2462/4069/3993 2457/3980/3906
f 2457/3980/3906 2462/4069/3993 2458/4070/3994
f 2457/3980/3906 2458/4070/3994 2453/3982/3908
f 2453/3982/3908 2458/4070/3994 2454/4071/3995
f 2453/3982/3908 2454/4071/3995 2449/3984/3910
f 2449/3984/3910 2454/4071/3995 2450/4072/3996
f 2449/3984/3910 2450/4072/3996 2445/3986/3912
f 2445/3986/3912 2450/4072/3996 2446/4073/3997
f 2445/3986/3912 2446/4073/3997 2441/3988/3914
f 2441/3988/3914 2446/4073/3997 2442/4074/3998
f 2441/3988/3914 2442/4074/3998 2437/3990/3916
f 2437/3990/3916 2442/4074/3998 2438/4075/3999
f 2437/3990/3916 2438/4075/3999 2433/3992/3918
f 2433/3992/3918 2438/4075/3999 2434/4076/4000
f 2433/3992/3918 2434/4076/4000 2429/3994/3920
f 2429/3994/3920 2434/4076/4000 2430/4077/4001
f 2429/3994/3920 2430/4077/4001 2425/3996/3922
f 2425/3996/3922 2430/4077/4001 2426/4078/4002
f 2425/3996/3922 2426/4078/4002 2421/3998/3924
f 2421/3998/3924 2426/4078/4002 2422/4079/4003
f 2421/3998/3924 2422/4079/4003 2417/4000/3926
f 2417/4000/3926 2422/4079/4003 2418/4080/4004
f 2417/4000/3926 2418/4080/4004 2413/4002/3928
f 2413/4002/3928 2418/4080/4004 2414/4081/4005
f 2413/4002/3928 2414/4081/4005 2409/4004/3930
f 2409/4004/3930 2414/4081/4005 2410/4082/4006
f 2409/4004/3930 2410/4082/4006 2405/4006/3932
f 2405/4006/3932 2410/4082/4006 2406/4083/4007
f 2405/4006/3932 2406/4083/4007 2401/4008/3934
f 2401/4008/3934 2406/4083/4007 2402/4084/4008
f 2401/4008/3934 2402/4084/4008 2397/4010/3936
f 2397/4010/3936 2402/4084/4008 2398/4085/4009
f 2397/4010/3936 2398/4085/4009 2393/4012/3938
f 2393/4012/3938 2398/4085/4009 2394/4086/4010
f 2393/4012/3938 2394/4086/4010 2389/4014/3940
f 2389/4014/3940 2394/4086/4010 2390/4087/4011
f 2389/4014/3940 2390/4087/4011 2385/3966/3894
f 2385/3966/3894 2390/4087/4011 2386/4088/4012
f 2385/3966/3894 2386/4088/4012 2381/3968/3896
f 2381/3968/3896 2386/4088/4012 2382/4089/3989
f 2382/4065/3989 2383/4090/4013 2474/4066/3990
f 2474/4066/3990 2383/4090/4013 2475/4091/4014
f 2474/4066/3990 2475/4091/4014 2470/4067/3991
f 2470/4067/3991 2475/4091/4014 2471/4092/4015
f 2470/4067/3991 2471/4092/4015 2466/4068/3992
f 2466/4068/3992 2471/4092/4015 2467/4093/4016
f 2466/4068/3992 2467/4093/4016 2462/4069/3993
f 2462/4069/3993 2467/4093/4016 2463/4094/4017
f 2462/4069/3993 2463/4094/4017 2458/4070/3994
f 2458/4070/3994 2463/4094/4017 2459/4095/4018
f 2458/4070/3994 2459/4095/4018 2454/4071/3995
f 2454/4071/3995 2459/4095/4018 2455/4096/4019
f 2454/4071/3995 2455/4096/4019 2450/4072/3996
f 2450/4072/3996 2455/4096/4019 2451/4097/4020
f 2450/4072/3996 2451/4097/4020 2446/4073/3997
f 2446/4073/3997 2451/4097/4020 2447/4098/4021
f 2446/4073/3997 2447/4098/4021 2442/4074/3998
f 2442/4074/3998 2447/4098/4021 2443/4099/4022
f 2442/4074/3998 2443/4099/4022 2438/4075/3999
f 2438/4075/3999 2443/4099/4022 2439/4100/4023
f 2438/4075/3999 2439/4100/4023 2434/4076/4000
f 2434/4076/4000 2439/4100/4023 2435/4101/4024
f 2434/4076/4000 2435/4101/4024 2430/4077/4001
f 2430/4077/4001 2435/4101/4024 2431/4102/4025
f 2430/4077/4001 2431/4102/4025 2426/4078/4002
f 2426/4078/4002 2431/4102/4025 2427/4103/4026
f 2426/4078/4002 2427/4103/4026 2422/4079/4003
f 2422/4079/4003 2427/4103/4026 2423/4104/4027
f 2422/4079/4003 2423/4104/4027 2418/4080/4004
f 2418/4080/4004 2423/4104/4027 2419/4105/4028
f 2418/4080/4004 2419/4105/4028 2414/4081/4005
f 2414/4081/4005 2419/4105/4028 2415/4106/4029
f 2414/4081/4005 2415/4106/4029 2410/4082/4006
f 2410/4082/4006 2415/4106/4029 2411/4107/4030
f 2410/4082/4006 2411/4107/4030 2406/4083/4007
f 2406/4083/4007 2411/4107/4030 2407/4108/4031
f 2406/4083/4007 2407/4108/4031 2402/4084/4008
f 2402/4084/4008 2407/4108/4031 2403/4109/4032
f 2402/4084/4008 2403/4109/4032 2398/4085/4009
f 2398/4085/4009 2403/4109/4032 2399/4110/4033
f 2398/4085/4009 2399/4110/4033 2394/4086/4010
f 2394/4086/4010 2399/4110/4033 2395/4111/4034
f 2394/4086/4010 2395/4111/4034 2390/4087/4011
f 2390/4087/4011 2395/4111/4034 2391/4112/4035
f 2390/4087/4011 2391/4112/4035 2386/4088/4012
f 2386/4088/4012 2391/4112/4035 2387/4113/4036
f 2386/4088/4012 2387/4113/4036 2382/4089/3989
f 2382/4089/3989 2387/4113/4036 2383/4114/4013
f 2383/4090/4013 2384/4018/3944 2475/4091/4014
f 2475/4091/4014 2384/4018/3944 2476/4016/3942
f 2475/4091/4014 2476/4016/3942 2471/4092/4015
f 2471/4092/4015 2476/4016/3942 2472/4064/3988
f 2471/4092/4015 2472/4064/3988 2467/4093/4016
f 2467/4093/4016 2472/4064/3988 2468/4062/3986
f 2467/4093/4016 2468/4062/3986 2463/4094/4017
f 2463/4094/4017 2468/4062/3986 2464/4060/3984
f 2463/4094/4017 2464/4060/3984 2459/4095/4018
f 2459/4095/4018 2464/4060/3984 2460/4058/3982
f 2459/4095/4018 2460/4058/3982 2455/4096/4019
f 2455/4096/4019 2460/4058/3982 2456/4056/3980
f 2455/4096/4019 2456/4056/3980 2451/4097/4020
f 2451/4097/4020 2456/4056/3980 2452/4054/3978
f 2451/4097/4020 2452/4054/3978 2447/4098/4021
f 2447/4098/4021 2452/4054/3978 2448/4052/3976
f 2447/4098/4021 2448/4052/3976 2443/4099/4022
f 2443/4099/4022 2448/4052/3976 2444/4050/3974
f 2443/4099/4022 2444/4050/3974 2439/4100/4023
f 2439/4100/4023 2444/4050/3974 2440/4048/3972
f 2439/4100/4023 2440/4048/3972 2435/4101/4024
f 2435/4101/4024 2440/4048/3972 2436/4046/3970
f 2435/4101/4024 2436/4046/3970 2431/4102/4025
f 2431/4102/4025 2436/4046/3970 2432/4044/3968
f 2431/4102/4025 2432/4044/3968 2427/4103/4026
f 2427/4103/4026 2432/4044/3968 2428/4042/3966
f 2427/4103/4026 2428/4042/3966 2423/4104/4027
f 2423/4104/4027 2428/4042/3966 2424/4040/3964
f 2423/4104/4027 2424/4040/3964 2419/4105/4028
f 2419/4105/4028 2424/4040/3964 2420/4038/3962
f 2419/4105/4028 2420/4038/3962 2415/4106/4029
f 2415/4106/4029 2420/4038/3962 2416/4036/3960
f 2415/4106/4029 2416/4036/3960 2411/4107/4030
f 2411/4107/4030 2416/4036/3960 2412/4034/3958
f 2411/4107/4030 2412/4034/3958 2407/4108/4031
f 2407/4108/4031 2412/4034/3958 2408/4032/3956
f 2407/4108/4031 2408/4032/3956 2403/4109/4032
f 2403/4109/4032 2408/4032/3956 2404/4030/3954
f 2403/4109/4032 2404/4030/3954 2399/4110/4033
f 2399/4110/4033 2404/4030/3954 2400/4028/3952
f 2399/4110/4033 2400/4028/3952 2395/4111/4034
f 2395/4111/4034 2400/4028/3952 2396/4026/3950
f 2395/4111/4034 2396/4026/3950 2391/4112/4035
f 2391/4112/4035 2396/4026/3950 2392/4024/3948
f 2391/4112/4035 2392/4024/3948 2387/4113/4036
f 2387/4113/4036 2392/4024/3948 2388/4022/3946
f 2387/4113/4036 2388/4022/3946 2383/4114/4013
f 2383/4114/4013 2388/4022/3946 2384/4020/3944
f 2478/4115/4037 2488/4116/4038 2477/4117/4039
f 2477/4117/4039 2488/4116/4038 2489/4118/4040
f 2477/4117/4039 2489/4118/4040 2500/4119/4041
f 2500/4119/4041 2489/4118/4040 2490/4120/4042
f 2500/4119/4041 2490/4120/4042 2499/4121/4043
f 2499/4121/4043 2490/4120/4042 2491/4122/4044
f 2499/4121/4043 2491/4122/4044 2498/4123/4045
f 2498/4123/4045 2491/4122/4044 2492/4124/4046
f 2498/4123/4045 2492/4124/4046 2497/4125/4047
f 2497/4125/4047 2492/4124/4046 2493/4126/4048
f 2497/4125/4047 2493/4126/4048 2496/4127/4049
f 2496/4127/4049 2493/4126/4048 2494/4128/4050
f 2496/4127/4049 2494/4128/4050 2495/4129/4051
f 2488/4116/4038 2478/4115/4037 2487/4130/4052
f 2487/4130/4052 2478/4115/4037 2479/4131/4053
f 2487/4130/4052 2479/4131/4053 2486/4132/4054
f 2486/4132/4054 2479/4131/4053 2480/4133/4055
f 2486/4132/4054 2480/4133/4055 2485/4134/4056
f 2485/4134/4056 2480/4133/4055 2481/4135/4057
f 2485/4134/4056 2481/4135/4057 2484/4136/4058
f 2484/4136/4058 2481/4135/4057 2482/4137/4059
f 2484/4136/4058 2482/4137/4059 2483/4138/4060
f 2502/4139/4061 2529/4140/4062 2501/4141/4063
f 2501/4141/4063 2529/4140/4062 2525/4142/4064
f 2501/4143/4063 2525/4144/4064 2524/4145/4065
f 2524/4145/4065 2525/4144/4064 2617/4146/4066
f 2524/4145/4065 2617/4146/4066 2523/4147/4067
f 2523/4147/4067 2617/4146/4066 2613/4148/4068
f 2523/4147/4067 2613/4148/4068 2522/4149/4069
f 2522/4149/4069 2613/4148/4068 2609/4150/4070
f 2522/4149/4069 2609/4150/4070 2521/4151/4071
f 2521/4151/4071 2609/4150/4070 2605/4152/4072
f 2521/4151/4071 2605/4152/4072 2520/4153/4073
f 2520/4153/4073 2605/4152/4072 2601/4154/4074
f 2520/4153/4073 2601/4154/4074 2519/4155/4075
f 2519/4155/4075 2601/4154/4074 2597/4156/4076
f 2519/4155/4075 2597/4156/4076 2518/4157/4077
f 2518/4157/4077 2597/4156/4076 2593/4158/4078
f 2518/4157/4077 2593/4158/4078 2517/4159/4079
f 2517/4159/4079 2593/4158/4078 2589/4160/4080
f 2517/4159/4079 2589/4160/4080 2516/4161/4081
f 2516/4161/4081 2589/4160/4080 2585/4162/4082
f 2516/4161/4081 2585/4162/4082 2515/4163/4083
f 2515/4163/4083 2585/4162/4082 2581/4164/4084
f 2515/4163/4083 2581/4164/4084 2514/4165/4085
f 2514/4165/4085 2581/4164/4084 2577/4166/4086
f 2514/4165/4085 2577/4166/4086 2513/4167/4087
f 2513/4167/4087 2577/4166/4086 2573/4168/4088
f 2513/4167/4087 2573/4168/4088 2512/4169/4089
f 2512/4169/4089 2573/4168/4088 2569/4170/4090
f 2512/4169/4089 2569/4170/4090 2511/4171/4091
f 2511/4171/4091 2569/4170/4090 2565/4172/4092
f 2511/4171/4091 2565/4172/4092 2510/4173/4093
f 2510/4173/4093 2565/4172/4092 2561/4174/4094
f 2510/4173/4093 2561/4174/4094 2509/4175/4095
f 2509/4175/4095 2561/4174/4094 2557/4176/4096
f 2509/4175/4095 2557/4176/4096 2508/4177/4097
f 2508/4177/4097 2557/4176/4096 2553/4178/4098
f 2508/4177/4097 2553/4178/4098 2507/4179/4099
f 2507/4179/4099 2553/4178/4098 2549/4180/4100
f 2507/4179/4099 2549/4180/4100 2506/4181/4101
f 2506/4181/4101 2549/4180/4100 2545/4182/4102
f 2506/4181/4101 2545/4182/4102 2505/4183/4103
f 2505/4183/4103 2545/4182/4102 2541/4184/4104
f 2505/4183/4103 2541/4184/4104 2504/4185/4105
f 2504/4185/4105 2541/4184/4104 2537/4186/4106
f 2504/4185/4105 2537/4186/4106 2503/4187/4107
f 2503/4187/4107 2537/4186/4106 2533/4188/4108
f 2503/4187/4107 2533/4188/4108 2502/4139/4061
f 2502/4139/4061 2533/4188/4108 2529/4140/4062
f 2500/4189/4109 2620/4190/4110 2477/4191/4111
f 2477/4191/4111 2620/4190/4110 2528/4192/4112
f 2477/4193/4111 2528/4194/4112 2478/4195/4113
f 2478/4195/4113 2528/4194/4112 2532/4196/4114
f 2478/4195/4113 2532/4196/4114 2479/4197/4115
f 2479/4197/4115 2532/4196/4114 2536/4198/4116
f 2479/4197/4115 2536/4198/4116 2480/4199/4117
f 2480/4199/4117 2536/4198/4116 2540/4200/4118
f 2480/4199/4117 2540/4200/4118 2481/4201/4119
f 2481/4201/4119 2540/4200/4118 2544/4202/4120
f 2481/4201/4119 2544/4202/4120 2482/4203/4121
f 2482/4203/4121 2544/4202/4120 2548/4204/4122
f 2482/4203/4121 2548/4204/4122 2483/4205/4123
f 2483/4205/4123 2548/4204/4122 2552/4206/4124
f 2483/4205/4123 2552/4206/4124 2484/4207/4125
f 2484/4207/4125 2552/4206/4124 2556/4208/4126
f 2484/4207/4125 2556/4208/4126 2485/4209/4127
f 2485/4209/4127 2556/4208/4126 2560/4210/4128
f 2485/4209/4127 2560/4210/4128 2486/4211/4129
f 2486/4211/4129 2560/4210/4128 2564/4212/4130
f 2486/4211/4129 2564/4212/4130 2487/4213/4131
f 2487/4213/4131 2564/4212/4130 2568/4214/4132
f 2487/4213/4131 2568/4214/4132 2488/4215/4133
f 2488/4215/4133 2568/4214/4132 2572/4216/4134
f 2488/4215/4133 2572/4216/4134 2489/4217/4135
f 2489/4217/4135 2572/4216/4134 2576/4218/4136
f 2489/4217/4135 2576/4218/4136 2490/4219/4137
f 2490/4219/4137 2576/4218/4136 2580/4220/4138
f 2490/4219/4137 2580/4220/4138 2491/4221/4139
f 2491/4221/4139 2580/4220/4138 2584/4222/4140
f 2491/4221/4139 2584/4222/4140 2492/4223/4141
f 2492/4223/4141 2584/4222/4140 2588/4224/4142
f 2492/4223/4141 2588/4224/4142 2493/4225/4143
f 2493/4225/4143 2588/4224/4142 2592/4226/4144
f 2493/4225/4143 2592/4226/4144 2494/4227/4145
f 2494/4227/4145 2592/4226/4144 2596/4228/4146
f 2494/4227/4145 2596/4228/4146 2495/4229/4147
f 2495/4229/4147 2596/4228/4146 2600/4230/4148
f 2495/4229/4147 2600/4230/4148 2496/4231/4149
f 2496/4231/4149 2600/4230/4148 2604/4232/4150
f 2496/4231/4149 2604/4232/4150 2497/4233/4151
f 2497/4233/4151 2604/4232/4150 2608/4234/4152
f 2497/4233/4151 2608/4234/4152 2498/4235/4153
f 2498/4235/4153 2608/4234/4152 2612/4236/4154
f 2498/4235/4153 2612/4236/4154 2499/4237/4155
f 2499/4237/4155 2612/4236/4154 2616/4238/4156
f 2499/4237/4155 2616/4238/4156 2500/4189/4109
f 2500/4189/4109 2616/4238/4156 2620/4190/4110
f 2525/4144/4064 2526/4239/4157 2617/4146/4066
f 2617/4146/4066 2526/4239/4157 2618/4240/4158
f 2617/4146/4066 2618/4240/4158 2613/4148/4068
f 2613/4148/4068 2618/4240/4158 2614/4241/4159
f 2613/4148/4068 2614/4241/4159 2609/4150/4070
f 2609/4150/4070 2614/4241/4159 2610/4242/4160
f 2609/4150/4070 2610/4242/4160 2605/4152/4072
f 2605/4152/4072 2610/4242/4160 2606/4243/4161
f 2605/4152/4072 2606/4243/4161 2601/4154/4074
f 2601/4154/4074 2606/4243/4161 2602/4244/4162
f 2601/4154/4074 2602/4244/4162 2597/4156/4076
f 2597/4156/4076 2602/4244/4162 2598/4245/4163
f 2597/4156/4076 2598/4245/4163 2593/4158/4078
f 2593/4158/4078 2598/4245/4163 2594/4246/4164
f 2593/4158/4078 2594/4246/4164 2589/4160/4080
f 2589/4160/4080 2594/4246/4164 2590/4247/4165
f 2589/4160/4080 2590/4247/4165 2585/4162/4082
f 2585/4162/4082 2590/4247/4165 2586/4248/4166
f 2585/4162/4082 2586/4248/4166 2581/4164/4084
f 2581/4164/4084 2586/4248/4166 2582/4249/4167
f 2581/4164/4084 2582/4249/4167 2577/4166/4086
f 2577/4166/4086 2582/4249/4167 2578/4250/4168
f 2577/4166/4086 2578/4250/4168 2573/4168/4088
f 2573/4168/4088 2578/4250/4168 2574/4251/4169
f 2573/4168/4088 2574/4251/4169 2569/4170/4090
f 2569/4170/4090 2574/4251/4169 2570/4252/4170
f 2569/4170/4090 2570/4252/4170 2565/4172/4092
f 2565/4172/4092 2570/4252/4170 2566/4253/4171
f 2565/4172/4092 2566/4253/4171 2561/4174/4094
f 2561/4174/4094 2566/4253/4171 2562/4254/4172
f 2561/4174/4094 2562/4254/4172 2557/4176/4096
f 2557/4176/4096 2562/4254/4172 2558/4255/4173
f 2557/4176/4096 2558/4255/4173 2553/4178/4098
f 2553/4178/4098 2558/4255/4173 2554/4256/4174
f 2553/4178/4098 2554/4256/4174 2549/4180/4100
f 2549/4180/4100 2554/4256/4174 2550/4257/4175
f 2549/4180/4100 2550/4257/4175 2545/4182/4102
f 2545/4182/4102 2550/4257/4175 2546/4258/4176
f 2545/4182/4102 2546/4258/4176 2541/4184/4104
f 2541/4184/4104 2546/4258/4176 2542/4259/4177
f 2541/4184/4104 2542/4259/4177 2537/4186/4106
f 2537/4186/4106 2542/4259/4177 2538/4260/4178
f 2537/4186/4106 2538/4260/4178 2533/4188/4108
f 2533/4188/4108 2538/4260/4178 2534/4261/4179
f 2533/4188/4108 2534/4261/4179 2529/4140/4062
f 2529/4140/4062 2534/4261/4179 2530/4262/4180
f 2529/4140/4062 2530/4262/4180 2525/4142/4064
f 2525/4142/4064 2530/4262/4180 2526/4263/4157
f 2526/4239/4157 2527/4264/4181 2618/4240/4158
f 2618/4240/4158 2527/4264/4181 2619/4265/4182
f 2618/4240/4158 2619/4265/4182 2614/4241/4159
f 2614/4241/4159 2619/4265/4182 2615/4266/4183
f 2614/4241/4159 2615/4266/4183 2610/4242/4160
f 2610/4242/4160 2615/4266/4183 2611/4267/4184
f 2610/4242/4160 2611/4267/4184 2606/4243/4161
f 2606/4243/4161 2611/4267/4184 2607/4268/4185
f 2606/4243/4161 2607/4268/4185 2602/4244/4162
f 2602/4244/4162 2607/4268/4185 2603/4269/4186
f 2602/4244/4162 2603/4269/4186 2598/4245/4163
f 2598/4245/4163 2603/4269/4186 2599/4270/4187
f 2598/4245/4163 2599/4270/4187 2594/4246/4164
f 2594/4246/4164 2599/4270/4187 2595/4271/4188
f 2594/4246/4164 2595/4271/4188 2590/4247/4165
f 2590/4247/4165 2595/4271/4188 2591/4272/4189
f 2590/4247/4165 2591/4272/4189 2586/4248/4166
f 2586/4248/4166 2591/4272/4189 2587/4273/4190
f 2586/4248/4166 2587/4273/4190 2582/4249/4167
f 2582/4249/4167 2587/4273/4190 2583/4274/4191
f 2582/4249/4167 2583/4274/4191 2578/4250/4168
f 2578/4250/4168 2583/4274/4191 2579/4275/4192
f 2578/4250/4168 2579/4275/4192 2574/4251/4169
f 2574/4251/4169 2579/4275/4192 2575/4276/4193
f 2574/4251/4169 2575/4276/4193 2570/4252/4170
f 2570/4252/4170 2575/4276/4193 2571/4277/4194
f 2570/4252/4170 2571/4277/4194 2566/4253/4171
f 2566/4253/4171 2571/4277/4194 2567/4278/4195
f 2566/4253/4171 2567/4278/4195 2562/4254/4172
f 2562/4254/4172 2567/4278/4195 2563/4279/4196
f 2562/4254/4172 2563/4279/4196 2558/4255/4173
f 2558/4255/4173 2563/4279/4196 2559/4280/4197
f 2558/4255/4173 2559/4280/4197 2554/4256/4174
f 2554/4256/4174 2559/4280/4197 2555/4281/4198
f 2554/4256/4174 2555/4281/4198 2550/4257/4175
f 2550/4257/4175 2555/4281/4198 2551/4282/4199
f 2550/4257/4175 2551/4282/4199 2546/4258/4176
f 2546/4258/4176 2551/4282/4199 2547/4283/4200
f 2546/4258/4176 2547/4283/4200 2542/4259/4177
f 2542/4259/4177 2547/4283/4200 2543/4284/4201
f 2542/4259/4177 2543/4284/4201 2538/4260/4178
f 2538/4260/4178 2543/4284/4201 2539/4285/4202
f 2538/4260/4178 2539/4285/4202 2534/4261/4179
f 2534/4261/4179 2539/4285/4202 2535/4286/4203
f 2534/4261/4179 2535/4286/4203 2530/4262/4180
f 2530/4262/4180 2535/4286/4203 2531/4287/4204
f 2530/4262/4180 2531/4287/4204 2526/4263/4157
f 2526/4263/4157 2531/4287/4204 2527/4288/4181
f 2527/4264/4181 2528/4192/4112 2619/4265/4182
f 2619/4265/4182 2528/4192/4112 2620/4190/4110
f 2619/4265/4182 2620/4190/4110 2615/4266/4183
f 2615/4266/4183 2620/4190/4110 2616/4238/4156
f 2615/4266/4183 2616/4238/4156 2611/4267/4184
f 2611/4267/4184 2616/4238/4156 2612/4236/4154
f 2611/4267/4184 2612/4236/4154 2607/4268/4185
f 2607/4268/4185 2612/4236/4154 2608/4234/4152
f 2607/4268/4185 2608/4234/4152 2603/4269/4186
f 2603/4269/4186 2608/4234/4152 2604/4232/4150
f 2603/4269/4186 2604/4232/4150 2599/4270/4187
f 2599/4270/4187 2604/4232/4150 2600/4230/4148
f 2599/4270/4187 2600/4230/4148 2595/4271/4188
f 2595/4271/4188 2600/4230/4148 2596/4228/4146
f 2595/4271/4188 2596/4228/4146 2591/4272/4189
f 2591/4272/4189 2596/4228/4146 2592/4226/4144
f 2591/4272/4189 2592/4226/4144 2587/4273/4190
f 2587/4273/4190 2592/4226/4144 2588/4224/4142
f 2587/4273/4190 2588/4224/4142 2583/4274/4191
f 2583/4274/4191 2588/4224/4142 2584/4222/4140
f 2583/4274/4191 2584/4222/4140 2579/4275/4192
f 2579/4275/4192 2584/4222/4140 2580/4220/4138
f 2579/4275/4192 2580/4220/4138 2575/4276/4193
f 2575/4276/4193 2580/4220/4138 2576/4218/4136
f 2575/4276/4193 2576/4218/4136 2571/4277/4194
f 2571/4277/4194 2576/4218/4136 2572/4216/4134
f 2571/4277/4194 2572/4216/4134 2567/4278/4195
f 2567/4278/4195 2572/4216/4134 2568/4214/4132
f 2567/4278/4195 2568/4214/4132 2563/4279/4196
f 2563/4279/4196 2568/4214/4132 2564/4212/4130
f 2563/4279/4196 2564/4212/4130 2559/4280/4197
f 2559/4280/4197 2564/4212/4130 2560/4210/4128
f 2559/4280/4197 2560/4210/4128 2555/4281/4198
f 2555/4281/4198 2560/4210/4128 2556/4208/4126
f 2555/4281/4198 2556/4208/4126 2551/4282/4199
f 2551/4282/4199 2556/4208/4126 2552/4206/4124
f 2551/4282/4199 2552/4206/4124 2547/4283/4200
f 2547/4283/4200 2552/4206/4124 2548/4204/4122
f 2547/4283/4200 2548/4204/4122 2543/4284/4201
f 2543/4284/4201 2548/4204/4122 2544/4202/4120
f 2543/4284/4201 2544/4202/4120 2539/4285/4202
f 2539/4285/4202 2544/4202/4120 2540/4200/4118
f 2539/4285/4202 2540/4200/4118 2535/4286/4203
f 2535/4286/4203 2540/4200/4118 2536/4198/4116
f 2535/4286/4203 2536/4198/4116 2531/4287/4204
f 2531/4287/4204 2536/4198/4116 2532/4196/4114
f 2531/4287/4204 2532/4196/4114 2527/4288/4181
f 2527/4288/4181 2532/4196/4114 2528/4194/4112
f 2622/4289/4205 2632/4290/4206 2621/4291/4207
f 2621/4291/4207 2632/4290/4206 2633/4292/4208
f 2621/4291/4207 2633/4292/4208 2644/4293/4209
f 2644/4293/4209 2633/4292/4208 2634/4294/4210
f 2644/4293/4209 2634/4294/4210 2643/4295/4211
f 2643/4295/4211 2634/4294/4210 2635/4296/4212
f 2643/4295/4211 2635/4296/4212 2642/4297/4213
f 2642/4297/4213 2635/4296/4212 2636/4298/4214
f 2642/4297/4213 2636/4298/4214 2641/4299/4215
f 2641/4299/4215 2636/4298/4214 2637/4300/4216
f 2641/4299/4215 2637/4300/4216 2640/4301/4217
f 2640/4301/4217 2637/4300/4216 2638/4302/4218
f 2640/4301/4217 2638/4302/4218 2639/4303/4219
f 2632/4290/4206 2622/4289/4205 2631/4304/4220
f 2631/4304/4220 2622/4289/4205 2623/4305/4221
f 2631/4304/4220 2623/4305/4221 2630/4306/4222
f 2630/4306/4222 2623/4305/4221 2624/4307/4223
f 2630/4306/4222 2624/4307/4223 2629/4308/4224
f 2629/4308/4224 2624/4307/4223 2625/4309/4225
f 2629/4308/4224 2625/4309/4225 2628/4310/4226
f 2628/4310/4226 2625/4309/4225 2626/4311/4227
f 2628/4310/4226 2626/4311/4227 2627/4312/4228
f 2646/4313/4229 2673/4314/4230 2645/4315/4231
f 2645/4315/4231 2673/4314/4230 2669/4316/4232
f 2645/4317/4231 2669/4318/4232 2668/4319/4233
f 2668/4319/4233 2669/4318/4232 2761/4320/4234
f 2668/4319/4233 2761/4320/4234 2667/4321/4235
f 2667/4321/4235 2761/4320/4234 2757/4322/4236
f 2667/4321/4235 2757/4322/4236 2666/4323/4237
f 2666/4323/4237 2757/4322/4236 2753/4324/4238
f 2666/4323/4237 2753/4324/4238 2665/4325/4239
f 2665/4325/4239 2753/4324/4238 2749/4326/4240
f 2665/4325/4239 2749/4326/4240 2664/4327/4241
f 2664/4327/4241 2749/4326/4240 2745/4328/4242
f 2664/4327/4241 2745/4328/4242 2663/4329/4243
f 2663/4329/4243 2745/4328/4242 2741/4330/4244
f 2663/4329/4243 2741/4330/4244 2662/4331/4245
f 2662/4331/4245 2741/4330/4244 2737/4332/4246
f 2662/4331/4245 2737/4332/4246 2661/4333/4247
f 2661/4333/4247 2737/4332/4246 2733/4334/4248
f 2661/4333/4247 2733/4334/4248 2660/4335/4249
f 2660/4335/4249 2733/4334/4248 2729/4336/4250
f 2660/4335/4249 2729/4336/4250 2659/4337/4251
f 2659/4337/4251 2729/4336/4250 2725/4338/4252
f 2659/4337/4251 2725/4338/4252 2658/4339/4253
f 2658/4339/4253 2725/4338/4252 2721/4340/4254
f 2658/4339/4253 2721/4340/4254 2657/4341/4255
f 2657/4341/4255 2721/4340/4254 2717/4342/4256
f 2657/4341/4255 2717/4342/4256 2656/4343/4257
f 2656/4343/4257 2717/4342/4256 2713/4344/4258
f 2656/4343/4257 2713/4344/4258 2655/4345/4259
f 2655/4345/4259 2713/4344/4258 2709/4346/4260
f 2655/4345/4259 2709/4346/4260 2654/4347/4261
f 2654/4347/4261 2709/4346/4260 2705/4348/4262
f 2654/4347/4261 2705/4348/4262 2653/4349/4263
f 2653/4349/4263 2705/4348/4262 2701/4350/4264
f 2653/4349/4263 2701/4350/4264 2652/4351/4265
f 2652/4351/4265 2701/4350/4264 2697/4352/4266
f 2652/4351/4265 2697/4352/4266 2651/4353/4267
f 2651/4353/4267 2697/4352/4266 2693/4354/4268
f 2651/4353/4267 2693/4354/4268 2650/4355/4269
f 2650/4355/4269 2693/4354/4268 2689/4356/4270
f 2650/4355/4269 2689/4356/4270 2649/4357/4271
f 2649/4357/4271 2689/4356/4270 2685/4358/4272
f 2649/4357/4271 2685/4358/4272 2648/4359/4273
f 2648/4359/4273 2685/4358/4272 2681/4360/4274
f 2648/4359/4273 2681/4360/4274 2647/4361/4275
f 2647/4361/4275 2681/4360/4274 2677/4362/4276
f 2647/4361/4275 2677/4362/4276 2646/4313/4229
f 2646/4313/4229 2677/4362/4276 2673/4314/4230
f 2644/4363/4277 2764/4364/4278 2621/4365/4279
f 2621/4365/4279 2764/4364/4278 2672/4366/4280
f 2621/4367/4279 2672/4368/4280 2622/4369/4281
f 2622/4369/4281 2672/4368/4280 2676/4370/4282
f 2622/4369/4281 2676/4370/4282 2623/4371/4283
f 2623/4371/4283 2676/4370/4282 2680/4372/4284
f 2623/4371/4283 2680/4372/4284 2624/4373/4285
f 2624/4373/4285 2680/4372/4284 2684/4374/4286
f 2624/4373/4285 2684/4374/4286 2625/4375/4287
f 2625/4375/4287 2684/4374/4286 2688/4376/4288
f 2625/4375/4287 2688/4376/4288 2626/4377/4289
f 2626/4377/4289 2688/4376/4288 2692/4378/4290
f 2626/4377/4289 2692/4378/4290 2627/4379/4291
f 2627/4379/4291 2692/4378/4290 2696/4380/4292
f 2627/4379/4291 2696/4380/4292 2628/4381/4293
f 2628/4381/4293 2696/4380/4292 2700/4382/4294
f 2628/4381/4293 2700/4382/4294 2629/4383/4295
f 2629/4383/4295 2700/4382/4294 2704/4384/4296
f 2629/4383/4295 2704/4384/4296 2630/4385/4297
f 2630/4385/4297 2704/4384/4296 2708/4386/4298
f 2630/4385/4297 2708/4386/4298 2631/4387/4299
f 2631/4387/4299 2708/4386/4298 2712/4388/4300
f 2631/4387/4299 2712/4388/4300 2632/4389/4301
f 2632/4389/4301 2712/4388/4300 2716/4390/4302
f 2632/4389/4301 2716/4390/4302 2633/4391/4303
f 2633/4391/4303 2716/4390/4302 2720/4392/4304
f 2633/4391/4303 2720/4392/4304 2634/4393/4305
f 2634/4393/4305 2720/4392/4304 2724/4394/4306
f 2634/4393/4305 2724/4394/4306 2635/4395/4307
f 2635/4395/4307 2724/4394/4306 2728/4396/4308
f 2635/4395/4307 2728/4396/4308 2636/4397/4309
f 2636/4397/4309 2728/4396/4308 2732/4398/4310
f 2636/4397/4309 2732/4398/4310 2637/4399/4311
f 2637/4399/4311 2732/4398/4310 2736/4400/4312
f 2637/4399/4311 2736/4400/4312 2638/4401/4313
f 2638/4401/4313 2736/4400/4312 2740/4402/4314
f 2638/4401/4313 2740/4402/4314 2639/4403/4315
f 2639/4403/4315 2740/4402/4314 2744/4404/4316
f 2639/4403/4315 2744/4404/4316 2640/4405/4317
f 2640/4405/4317 2744/4404/4316 2748/4406/4318
f 2640/4405/4317 2748/4406/4318 2641/4407/4319
f 2641/4407/4319 2748/4406/4318 2752/4408/4320
f 2641/4407/4319 2752/4408/4320 2642/4409/4321
f 2642/4409/4321 2752/4408/4320 2756/4410/4322
f 2642/4409/4321 2756/4410/4322 2643/4411/4323
f 2643/4411/4323 2756/4410/4322 2760/4412/4324
f 2643/4411/4323 2760/4412/4324 2644/4363/4277
f 2644/4363/4277 2760/4412/4324 2764/4364/4278
f 2669/4318/4232 2670/4413/4325 2761/4320/4234
f 2761/4320/4234 2670/4413/4325 2762/4414/4326
f 2761/4320/4234 2762/4414/4326 2757/4322/4236
f 2757/4322/4236 2762/4414/4326 2758/4415/4327
f 2757/4322/4236 2758/4415/4327 2753/4324/4238
f 2753/4324/4238 2758/4415/4327 2754/4416/4328
f 2753/4324/4238 2754/4416/4328 2749/4326/4240
f 2749/4326/4240 2754/4416/4328 2750/4417/4329
f 2749/4326/4240 2750/4417/4329 2745/4328/4242
f 2745/4328/4242 2750/4417/4329 2746/4418/4330
f 2745/4328/4242 2746/4418/4330 2741/4330/4244
f 2741/4330/4244 2746/4418/4330 2742/4419/4331
f 2741/4330/4244 2742/4419/4331 2737/4332/4246
f 2737/4332/4246 2742/4419/4331 2738/4420/4332
f 2737/4332/4246 2738/4420/4332 2733/4334/4248
f 2733/4334/4248 2738/4420/4332 2734/4421/4333
f 2733/4334/4248 2734/4421/4333 2729/4336/4250
f 2729/4336/4250 2734/4421/4333 2730/4422/4334
f 2729/4336/4250 2730/4422/4334 2725/4338/4252
f 2725/4338/4252 2730/4422/4334 2726/4423/4335
f 2725/4338/4252 2726/4423/4335 2721/4340/4254
f 2721/4340/4254 2726/4423/4335 2722/4424/4336
f 2721/4340/4254 2722/4424/4336 2717/4342/4256
f 2717/4342/4256 2722/4424/4336 2718/4425/4337
f 2717/4342/4256 2718/4425/4337 2713/4344/4258
f 2713/4344/4258 2718/4425/4337 2714/4426/4338
f 2713/4344/4258 2714/4426/4338 2709/4346/4260
f 2709/4346/4260 2714/4426/4338 2710/4427/4339
f 2709/4346/4260 2710/4427/4339 2705/4348/4262
f 2705/4348/4262 2710/4427/4339 2706/4428/4340
f 2705/4348/4262 2706/4428/4340 2701/4350/4264
f 2701/4350/4264 2706/4428/4340 2702/4429/4341
f 2701/4350/4264 2702/4429/4341 2697/4352/4266
f 2697/4352/4266 2702/4429/4341 2698/4430/4342
f 2697/4352/4266 2698/4430/4342 2693/4354/4268
f 2693/4354/4268 2698/4430/4342 2694/4431/4343
f 2693/4354/4268 2694/4431/4343 2689/4356/4270
f 2689/4356/4270 2694/4431/4343 2690/4432/4344
f 2689/4356/4270 2690/4432/4344 2685/4358/4272
f 2685/4358/4272 2690/4432/4344 2686/4433/4345
f 2685/4358/4272 2686/4433/4345 2681/4360/4274
f 2681/4360/4274 2686/4433/4345 2682/4434/4346
f 2681/4360/4274 2682/4434/4346 2677/4362/4276
f 2677/4362/4276 2682/4434/4346 2678/4435/4347
f 2677/4362/4276 2678/4435/4347 2673/4314/4230
f 2673/4314/4230 2678/4435/4347 2674/4436/4348
f 2673/4314/4230 2674/4436/4348 2669/4316/4232
f 2669/4316/4232 2674/4436/4348 2670/4437/4325
f 2670/4413/4325 2671/4438/4349 2762/4414/4326
f 2762/4414/4326 2671/4438/4349 2763/4439/4350
f 2762/4414/4326 2763/4439/4350 2758/4415/4327
f 2758/4415/4327 2763/4439/4350 2759/4440/4351
f 2758/4415/4327 2759/4440/4351 2754/4416/4328
f 2754/4416/4328 2759/4440/4351 2755/4441/4352
f 2754/4416/4328 2755/4441/4352 2750/4417/4329
f 2750/4417/4329 2755/4441/4352 2751/4442/4353
f 2750/4417/4329 2751/4442/4353 2746/4418/4330
f 2746/4418/4330 2751/4442/4353 2747/4443/4354
f 2746/4418/4330 2747/4443/4354 2742/4419/4331
f 2742/4419/4331 2747/4443/4354 2743/4444/4355
f 2742/4419/4331 2743/4444/4355 2738/4420/4332
f 2738/4420/4332 2743/4444/4355 2739/4445/4356
f 2738/4420/4332 2739/4445/4356 2734/4421/4333
f 2734/4421/4333 2739/4445/4356 2735/4446/4357
f 2734/4421/4333 2735/4446/4357 2730/4422/4334
f 2730/4422/4334 2735/4446/4357 2731/4447/4358
f 2730/4422/4334 2731/4447/4358 2726/4423/4335
f 2726/4423/4335 2731/4447/4358 2727/4448/4359
f 2726/4423/4335 2727/4448/4359 2722/4424/4336
f 2722/4424/4336 2727/4448/4359 2723/4449/4360
f 2722/4424/4336 2723/4449/4360 2718/4425/4337
f 2718/4425/4337 2723/4449/4360 2719/4450/4361
f 2718/4425/4337 2719/4450/4361 2714/4426/4338
f 2714/4426/4338 2719/4450/4361 2715/4451/4362
f 2714/4426/4338 2715/4451/4362 2710/4427/4339
f 2710/4427/4339 2715/4451/4362 2711/4452/4363
f 2710/4427/4339 2711/4452/4363 2706/4428/4340
f 2706/4428/4340 2711/4452/4363 2707/4453/4364
f 2706/4428/4340 2707/4453/4364 2702/4429/4341
f 2702/4429/4341 2707/4453/4364 2703/4454/4365
f 2702/4429/4341 2703/4454/4365 2698/4430/4342
f 2698/4430/4342 2703/4454/4365 2699/4455/4366
f 2698/4430/4342 2699/4455/4366 2694/4431/4343
f 2694/4431/4343 2699/4455/4366 2695/4456/4367
f 2694/4431/4343 2695/4456/4367 2690/4432/4344
f 2690/4432/4344 2695/4456/4367 2691/4457/4368
f 2690/4432/4344 2691/4457/4368 2686/4433/4345
f 2686/4433/4345 2691/4457/4368 2687/4458/4369
f 2686/4433/4345 2687/4458/4369 2682/4434/4346
f 2682/4434/4346 2687/4458/4369 2683/4459/4370
f 2682/4434/4346 2683/4459/4370 2678/4435/4347
f 2678/4435/4347 2683/4459/4370 2679/4460/4371
f 2678/4435/4347 2679/4460/4371 2674/4436/4348
f 2674/4436/4348 2679/4460/4371 2675/4461/4372
f 2674/4436/4348 2675/4461/4372 2670/4437/4325
f 2670/4437/4325 2675/4461/4372 2671/4462/4349
f 2671/4438/4349 2672/4366/4280 2763/4439/4350
f 2763/4439/4350 2672/4366/4280 2764/4364/4278
f 2763/4439/4350 2764/4364/4278 2759/4440/4351
f 2759/4440/4351 2764/4364/4278 2760/4412/4324
f 2759/4440/4351 2760/4412/4324 2755/4441/4352
f 2755/4441/4352 2760/4412/4324 2756/4410/4322
f 2755/4441/4352 2756/4410/4322 2751/4442/4353
f 2751/4442/4353 2756/4410/4322 2752/4408/4320
f 2751/4442/4353 2752/4408/4320 2747/4443/4354
f 2747/4443/4354 2752/4408/4320 2748/4406/4318
f 2747/4443/4354 2748/4406/4318 2743/4444/4355
f 2743/4444/4355 2748/4406/4318 2744/4404/4316
f 2743/4444/4355 2744/4404/4316 2739/4445/4356
f 2739/4445/4356 2744/4404/4316 2740/4402/4314
f 2739/4445/4356 2740/4402/4314 2735/4446/4357
f 2735/4446/4357 2740/4402/4314 2736/4400/4312
f 2735/4446/4357 2736/4400/4312 2731/4447/4358
f 2731/4447/4358 2736/4400/4312 2732/4398/4310
f 2731/4447/4358 2732/4398/4310 2727/4448/4359
f 2727/4448/4359 2732/4398/4310 2728/4396/4308
f 2727/4448/4359 2728/4396/4308 2723/4449/4360
f 2723/4449/4360 2728/4396/4308 2724/4394/4306
f 2723/4449/4360 2724/4394/4306 2719/4450/4361
f 2719/4450/4361 2724/4394/4306 2720/4392/4304
f 2719/4450/4361 2720/4392/4304 2715/4451/4362
f 2715/4451/4362 2720/4392/4304 2716/4390/4302
f 2715/4451/4362 2716/4390/4302 2711/4452/4363
f 2711/4452/4363 2716/4390/4302 2712/4388/4300
f 2711/4452/4363 2712/4388/4300 2707/4453/4364
f 2707/4453/4364 2712/4388/4300 2708/4386/4298
f 2707/4453/4364 2708/4386/4298 2703/4454/4365
f 2703/4454/4365 2708/4386/4298 2704/4384/4296
f 2703/4454/4365 2704/4384/4296 2699/4455/4366
f 2699/4455/4366 2704/4384/4296 2700/4382/4294
f 2699/4455/4366 2700/4382/4294 2695/4456/4367
f 2695/4456/4367 2700/4382/4294 2696/4380/4292
f 2695/4456/4367 2696/4380/4292 2691/4457/4368
f 2691/4457/4368 2696/4380/4292 2692/4378/4290
f 2691/4457/4368 2692/4378/4290 2687/4458/4369
f 2687/4458/4369 2692/4378/4290 2688/4376/4288
f 2687/4458/4369 2688/4376/4288 2683/4459/4370
f 2683/4459/4370 2688/4376/4288 2684/4374/4286
f 2683/4459/4370 2684/4374/4286 2679/4460/4371
f 2679/4460/4371 2684/4374/4286 2680/4372/4284
f 2679/4460/4371 2680/4372/4284 2675/4461/4372
f 2675/4461/4372 2680/4372/4284 2676/4370/4282
f 2675/4461/4372 2676/4370/4282 2671/4462/4349
f 2671/4462/4349 2676/4370/4282 2672/4368/4280
f 2766/4463/4373 2776/4464/4374 2765/4465/4375
f 2765/4465/4375 2776/4464/4374 2777/4466/4376
f 2765/4465/4375 2777/4466/4376 2788/4467/4377
f 2788/4467/4377 2777/4466/4376 2778/4468/4378
f 2788/4467/4377 2778/4468/4378 2787/4469/4379
f 2787/4469/4379 2778/4468/4378 2779/4470/4380
f 2787/4469/4379 2779/4470/4380 2786/4471/4381
f 2786/4471/4381 2779/4470/4380 2780/4472/4382
f 2786/4471/4381 2780/4472/4382 2785/4473/4383
f 2785/4473/4383 2780/4472/4382 2781/4474/4384
f 2785/4473/4383 2781/4474/4384 2784/4475/4385
f 2784/4475/4385 2781/4474/4384 2782/4476/4386
f 2784/4475/4385 2782/4476/4386 2783/4477/4387
f 2776/4464/4374 2766/4463/4373 2775/4478/4388
f 2775/4478/4388 2766/4463/4373 2767/4479/4389
f 2775/4478/4388 2767/4479/4389 2774/4480/4390
f 2774/4480/4390 2767/4479/4389 2768/4481/4391
f 2774/4480/4390 2768/4481/4391 2773/4482/4392
f 2773/4482/4392 2768/4481/4391 2769/4483/4393
f 2773/4482/4392 2769/4483/4393 2772/4484/4394
f 2772/4484/4394 2769/4483/4393 2770/4485/4395
f 2772/4484/4394 2770/4485/4395 2771/4486/4396
f 2790/4487/4397 2817/4488/4398 2789/4489/4399
f 2789/4489/4399 2817/4488/4398 2813/4490/4400
f 2789/4491/4399 2813/4492/4400 2812/4493/4401
f 2812/4493/4401 2813/4492/4400 2905/4494/4402
f 2812/4493/4401 2905/4494/4402 2811/4495/4403
f 2811/4495/4403 2905/4494/4402 2901/4496/4404
f 2811/4495/4403 2901/4496/4404 2810/4497/4405
f 2810/4497/4405 2901/4496/4404 2897/4498/4406
f 2810/4497/4405 2897/4498/4406 2809/4499/4407
f 2809/4499/4407 2897/4498/4406 2893/4500/4408
f 2809/4499/4407 2893/4500/4408 2808/4501/4409
f 2808/4501/4409 2893/4500/4408 2889/4502/4410
f 2808/4501/4409 2889/4502/4410 2807/4503/4411
f 2807/4503/4411 2889/4502/4410 2885/4504/4412
f 2807/4503/4411 2885/4504/4412 2806/4505/4413
f 2806/4505/4413 2885/4504/4412 2881/4506/4414
f 2806/4505/4413 2881/4506/4414 2805/4507/4415
f 2805/4507/4415 2881/4506/4414 2877/4508/4416
f 2805/4507/4415 2877/4508/4416 2804/4509/4417
f 2804/4509/4417 2877/4508/4416 2873/4510/4418
f 2804/4509/4417 2873/4510/4418 2803/4511/4419
f 2803/4511/4419 2873/4510/4418 2869/4512/4420
f 2803/4511/4419 2869/4512/4420 2802/4513/4421
f 2802/4513/4421 2869/4512/4420 2865/4514/4422
f 2802/4513/4421 2865/4514/4422 2801/4515/4423
f 2801/4515/4423 2865/4514/4422 2861/4516/4424
f 2801/4515/4423 2861/4516/4424 2800/4517/4425
f 2800/4517/4425 2861/4516/4424 2857/4518/4426
f 2800/4517/4425 2857/4518/4426 2799/4519/4427
f 2799/4519/4427 2857/4518/4426 2853/4520/4428
f 2799/4519/4427 2853/4520/4428 2798/4521/4429
f 2798/4521/4429 2853/4520/4428 2849/4522/4430
f 2798/4521/4429 2849/4522/4430 2797/4523/4431
f 2797/4523/4431 2849/4522/4430 2845/4524/4432
f 2797/4523/4431 2845/4524/4432 2796/4525/4433
f 2796/4525/4433 2845/4524/4432 2841/4526/4434
f 2796/4525/4433 2841/4526/4434 2795/4527/4435
f 2795/4527/4435 2841/4526/4434 2837/4528/4436
f 2795/4527/4435 2837/4528/4436 2794/4529/4437
f 2794/4529/4437 2837/4528/4436 2833/4530/4438
f 2794/4529/4437 2833/4530/4438 2793/4531/4439
f 2793/4531/4439 2833/4530/4438 2829/4532/4440
f 2793/4531/4439 2829/4532/4440 2792/4533/4441
f 2792/4533/4441 2829/4532/4440 2825/4534/4442
f 2792/4533/4441 2825/4534/4442 2791/4535/4443
f 2791/4535/4443 2825/4534/4442 2821/4536/4444
f 2791/4535/4443 2821/4536/4444 2790/4487/4397
f 2790/4487/4397 2821/4536/4444 2817/4488/4398
f 2788/4537/4445 2908/4538/4446 2765/4539/4447
f 2765/4539/4447 2908/4538/4446 2816/4540/4448
f 2765/4541/4447 2816/4542/4448 2766/4543/4449
f 2766/4543/4449 2816/4542/4448 2820/4544/4450
f 2766/4543/4449 2820/4544/4450 2767/4545/4451
f 2767/4545/4451 2820/4544/4450 2824/4546/4452
f 2767/4545/4451 2824/4546/4452 2768/4547/4453
f 2768/4547/4453 2824/4546/4452 2828/4548/4454
f 2768/4547/4453 2828/4548/4454 2769/4549/4455
f 2769/4549/4455 2828/4548/4454 2832/4550/4456
f 2769/4549/4455 2832/4550/4456 2770/4551/4457
f 2770/4551/4457 2832/4550/4456 2836/4552/4458
f 2770/4551/4457 2836/4552/4458 2771/4553/4459
f 2771/4553/4459 2836/4552/4458 2840/4554/4460
f 2771/4553/4459 2840/4554/4460 2772/4555/4461
f 2772/4555/4461 2840/4554/4460 2844/4556/4462
f 2772/4555/4461 2844/4556/4462 2773/4557/4463
f 2773/4557/4463 2844/4556/4462 2848/4558/4464
f 2773/4557/4463 2848/4558/4464 2774/4559/4465
f 2774/4559/4465 2848/4558/4464 2852/4560/4466
f 2774/4559/4465 2852/4560/4466 2775/4561/4467
f 2775/4561/4467 2852/4560/4466 2856/4562/4468
f 2775/4561/4467 2856/4562/4468 2776/4563/4469
f 2776/4563/4469 2856/4562/4468 2860/4564/4470
f 2776/4563/4469 2860/4564/4470 2777/4565/4471
f 2777/4565/4471 2860/4564/4470 2864/4566/4472
f 2777/4565/4471 2864/4566/4472 2778/4567/4473
f 2778/4567/4473 2864/4566/4472 2868/4568/4474
f 2778/4567/4473 2868/4568/4474 2779/4569/4475
f 2779/4569/4475 2868/4568/4474 2872/4570/4476
f 2779/4569/4475 2872/4570/4476 2780/4571/4477
f 2780/4571/4477 2872/4570/4476 2876/4572/4478
f 2780/4571/4477 2876/4572/4478 2781/4573/4479
f 2781/4573/4479 2876/4572/4478 2880/4574/4480
f 2781/4573/4479 2880/4574/4480 2782/4575/4481
f 2782/4575/4481 2880/4574/4480 2884/4576/4482
f 2782/4575/4481 2884/4576/4482 2783/4577/4483
f 2783/4577/4483 2884/4576/4482 2888/4578/4484
f 2783/4577/4483 2888/4578/4484 2784/4579/4485
f 2784/4579/4485 2888/4578/4484 2892/4580/4486
f 2784/4579/4485 2892/4580/4486 2785/4581/4487
f 2785/4581/4487 2892/4580/4486 2896/4582/4488
f 2785/4581/4487 2896/4582/4488 2786/4583/4489
f 2786/4583/4489 2896/4582/4488 2900/4584/4490
f 2786/4583/4489 2900/4584/4490 2787/4585/4491
f 2787/4585/4491 2900/4584/4490 2904/4586/4492
f 2787/4585/4491 2904/4586/4492 2788/4537/4445
f 2788/4537/4445 2904/4586/4492 2908/4538/4446
f 2813/4492/4400 2814/4587/4493 2905/4494/4402
f 2905/4494/4402 2814/4587/4493 2906/4588/4494
f 2905/4494/4402 2906/4588/4494 2901/4496/4404
f 2901/4496/4404 2906/4588/4494 2902/4589/4495
f 2901/4496/4404 2902/4589/4495 2897/4498/4406
f 2897/4498/4406 2902/4589/4495 2898/4590/4496
f 2897/4498/4406 2898/4590/4496 2893/4500/4408
f 2893/4500/4408 2898/4590/4496 2894/4591/4497
f 2893/4500/4408 2894/4591/4497 2889/4502/4410
f 2889/4502/4410 2894/4591/4497 2890/4592/4498
f 2889/4502/4410 2890/4592/4498 2885/4504/4412
f 2885/4504/4412 2890/4592/4498 2886/4593/4499
f 2885/4504/4412 2886/4593/4499 2881/4506/4414
f 2881/4506/4414 2886/4593/4499 2882/4594/4500
f 2881/4506/4414 2882/4594/4500 2877/4508/4416
f 2877/4508/4416 2882/4594/4500 2878/4595/4501
f 2877/4508/4416 2878/4595/4501 2873/4510/4418
f 2873/4510/4418 2878/4595/4501 2874/4596/4502
f 2873/4510/4418 2874/4596/4502 2869/4512/4420
f 2869/4512/4420 2874/4596/4502 2870/4597/4503
f 2869/4512/4420 2870/4597/4503 2865/4514/4422
f 2865/4514/4422 2870/4597/4503 2866/4598/4504
f 2865/4514/4422 2866/4598/4504 2861/4516/4424
f 2861/4516/4424 2866/4598/4504 2862/4599/4505
f 2861/4516/4424 2862/4599/4505 2857/4518/4426
f 2857/4518/4426 2862/4599/4505 2858/4600/4506
f 2857/4518/4426 2858/4600/4506 2853/4520/4428
f 2853/4520/4428 2858/4600/4506 2854/4601/4507
f 2853/4520/4428 2854/4601/4507 2849/4522/4430
f 2849/4522/4430 2854/4601/4507 2850/4602/4508
f 2849/4522/4430 2850/4602/4508 2845/4524/4432
f 2845/4524/4432 2850/4602/4508 2846/4603/4509
f 2845/4524/4432 2846/4603/4509 2841/4526/4434
f 2841/4526/4434 2846/4603/4509 2842/4604/4510
f 2841/4526/4434 2842/4604/4510 2837/4528/4436
f 2837/4528/4436 2842/4604/4510 2838/4605/4511
f 2837/4528/4436 2838/4605/4511 2833/4530/4438
f 2833/4530/4438 2838/4605/4511 2834/4606/4512
f 2833/4530/4438 2834/4606/4512 2829/4532/4440
f 2829/4532/4440 2834/4606/4512 2830/4607/4513
f 2829/4532/4440 2830/4607/4513 2825/4534/4442
f 2825/4534/4442 2830/4607/4513 2826/4608/4514
f 2825/4534/4442 2826/4608/4514 2821/4536/4444
f 2821/4536/4444 2826/4608/4514 2822/4609/4515
f 2821/4536/4444 2822/4609/4515 2817/4488/4398
f 2817/4488/4398 2822/4609/4515 2818/4610/4516
f 2817/4488/4398 2818/4610/4516 2813/4490/4400
f 2813/4490/4400 2818/4610/4516 2814/4611/4493
f 2814/4587/4493 2815/4612/4517 2906/4588/4494
f 2906/4588/4494 2815/4612/4517 2907/4613/4518
f 2906/4588/4494 2907/4613/4518 2902/4589/4495
f 2902/4589/4495 2907/4613/4518 2903/4614/4519
f 2902/4589/4495 2903/4614/4519 2898/4590/4496
f 2898/4590/4496 2903/4614/4519 2899/4615/4520
f 2898/4590/4496 2899/4615/4520 2894/4591/4497
f 2894/4591/4497 2899/4615/4520 2895/4616/4521
f 2894/4591/4497 2895/4616/4521 2890/4592/4498
f 2890/4592/4498 2895/4616/4521 2891/4617/4522
f 2890/4592/4498 2891/4617/4522 2886/4593/4499
f 2886/4593/4499 2891/4617/4522 2887/4618/4523
f 2886/4593/4499 2887/4618/4523 2882/4594/4500
f 2882/4594/4500 2887/4618/4523 2883/4619/4524
f 2882/4594/4500 2883/4619/4524 2878/4595/4501
f 2878/4595/4501 2883/4619/4524 2879/4620/4525
f 2878/4595/4501 2879/4620/4525 2874/4596/4502
f 2874/4596/4502 2879/4620/4525 2875/4621/4526
f 2874/4596/4502 2875/4621/4526 2870/4597/4503
f 2870/4597/4503 2875/4621/4526 2871/4622/4527
f 2870/4597/4503 2871/4622/4527 2866/4598/4504
f 2866/4598/4504 2871/4622/4527 2867/4623/4528
f 2866/4598/4504 2867/4623/4528 2862/4599/4505
f 2862/4599/4505 2867/4623/4528 2863/4624/4529
f 2862/4599/4505 2863/4624/4529 2858/4600/4506
f 2858/4600/4506 2863/4624/4529 2859/4625/4530
f 2858/4600/4506 2859/4625/4530 2854/4601/4507
f 2854/4601/4507 2859/4625/4530 2855/4626/4531
f 2854/4601/4507 2855/4626/4531 2850/4602/4508
f 2850/4602/4508 2855/4626/4531 2851/4627/4532
f 2850/4602/4508 2851/4627/4532 2846/4603/4509
f 2846/4603/4509 2851/4627/4532 2847/4628/4533
f 2846/4603/4509 2847/4628/4533 2842/4604/4510
f 2842/4604/4510 2847/4628/4533 2843/4629/4534
f 2842/4604/4510 2843/4629/4534 2838/4605/4511
f 2838/4605/4511 2843/4629/4534 2839/4630/4535
f 2838/4605/4511 2839/4630/4535 2834/4606/4512
f 2834/4606/4512 2839/4630/4535 2835/4631/4536
f 2834/4606/4512 2835/4631/4536 2830/4607/4513
f 2830/4607/4513 2835/4631/4536 2831/4632/4537
f 2830/4607/4513 2831/4632/4537 2826/4608/4514
f 2826/4608/4514 2831/4632/4537 2827/4633/4538
f 2826/4608/4514 2827/4633/4538 2822/4609/4515
f 2822/4609/4515 2827/4633/4538 2823/4634/4539
f 2822/4609/4515 2823/4634/4539 2818/4610/4516
f 2818/4610/4516 2823/4634/4539 2819/4635/4540
f 2818/4610/4516 2819/4635/4540 2814/4611/4493
f 2814/4611/4493 2819/4635/4540 2815/4636/4517
f 2815/4612/4517 2816/4540/4448 2907/4613/4518
f 2907/4613/4518 2816/4540/4448 2908/4538/4446
f 2907/4613/4518 2908/4538/4446 2903/4614/4519
f 2903/4614/4519 2908/4538/4446 2904/4586/4492
f 2903/4614/4519 2904/4586/4492 2899/4615/4520
f 2899/4615/4520 2904/4586/4492 2900/4584/4490
f 2899/4615/4520 2900/4584/4490 2895/4616/4521
f 2895/4616/4521 2900/4584/4490 2896/4582/4488
f 2895/4616/4521 2896/4582/4488 2891/4617/4522
f 2891/4617/4522 2896/4582/4488 2892/4580/4486
f 2891/4617/4522 2892/4580/4486 2887/4618/4523
f 2887/4618/4523 2892/4580/4486 2888/4578/4484
f 2887/4618/4523 2888/4578/4484 2883/4619/4524
f 2883/4619/4524 2888/4578/4484 2884/4576/4482
f 2883/4619/4524 2884/4576/4482 2879/4620/4525
f 2879/4620/4525 2884/4576/4482 2880/4574/4480
f 2879/4620/4525 2880/4574/4480 2875/4621/4526
f 2875/4621/4526 2880/4574/4480 2876/4572/4478
f 2875/4621/4526 2876/4572/4478 2871/4622/4527
f 2871/4622/4527 2876/4572/4478 2872/4570/4476
f 2871/4622/4527 2872/4570/4476 2867/4623/4528
f 2867/4623/4528 2872/4570/4476 2868/4568/4474
f 2867/4623/4528 2868/4568/4474 2863/4624/4529
f 2863/4624/4529 2868/4568/4474 2864/4566/4472
f 2863/4624/4529 2864/4566/4472 2859/4625/4530
f 2859/4625/4530 2864/4566/4472 2860/4564/4470
f 2859/4625/4530 2860/4564/4470 2855/4626/4531
f 2855/4626/4531 2860/4564/4470 2856/4562/4468
f 2855/4626/4531 2856/4562/4468 2851/4627/4532
f 2851/4627/4532 2856/4562/4468 2852/4560/4466
f 2851/4627/4532 2852/4560/4466 2847/4628/4533
f 2847/4628/4533 2852/4560/4466 2848/4558/4464
f 2847/4628/4533 2848/4558/4464 2843/4629/4534
f 2843/4629/4534 2848/4558/4464 2844/4556/4462
f 2843/4629/4534 2844/4556/4462 2839/4630/4535
f 2839/4630/4535 2844/4556/4462 2840/4554/4460
f 2839/4630/4535 2840/4554/4460 2835/4631/4536
f 2835/4631/4536 2840/4554/4460 2836/4552/4458
f 2835/4631/4536 2836/4552/4458 2831/4632/4537
f 2831/4632/4537 2836/4552/4458 2832/4550/4456
f 2831/4632/4537 2832/4550/4456 2827/4633/4538
f 2827/4633/4538 2832/4550/4456 2828/4548/4454
f 2827/4633/4538 2828/4548/4454 2823/4634/4539
f 2823/4634/4539 2828/4548/4454 2824/4546/4452
f 2823/4634/4539 2824/4546/4452 2819/4635/4540
f 2819/4635/4540 2824/4546/4452 2820/4544/4450
f 2819/4635/4540 2820/4544/4450 2815/4636/4517
f 2815/4636/4517 2820/4544/4450 2816/4542/4448
f 2910/4637/4541 2920/4638/4542 2909/4639/4543
f 2909/4639/4543 2920/4638/4542 2921/4640/4544
f 2909/4639/4543 2921/4640/4544 2932/4641/4545
f 2932/4641/4545 2921/4640/4544 2922/4642/4546
f 2932/4641/4545 2922/4642/4546 2931/4643/4547
f 2931/4643/4547 2922/4642/4546 2923/4644/4548
f 2931/4643/4547 2923/4644/4548 2930/4645/4549
f 2930/4645/4549 2923/4644/4548 2924/4646/4550
f 2930/4645/4549 2924/4646/4550 2929/4647/4551
f 2929/4647/4551 2924/4646/4550 2925/4648/4552
f 2929/4647/4551 2925/4648/4552 2928/4649/4553
f 2928/4649/4553 2925/4648/4552 2926/4650/4554
f 2928/4649/4553 2926/4650/4554 2927/4651/4555
f 2920/4638/4542 2910/4637/4541 2919/4652/4556
f 2919/4652/4556 2910/4637/4541 2911/4653/4557
f 2919/4652/4556 2911/4653/4557 2918/4654/4558
f 2918/4654/4558 2911/4653/4557 2912/4655/4559
f 2918/4654/4558 2912/4655/4559 2917/4656/4560
f 2917/4656/4560 2912/4655/4559 2913/4657/4561
f 2917/4656/4560 2913/4657/4561 2916/4658/4562
f 2916/4658/4562 2913/4657/4561 2914/4659/4563
f 2916/4658/4562 2914/4659/4563 2915/4660/4564
f 2934/4661/4565 2910/4662/4566 2933/4663/4567
f 2933/4663/4567 2910/4662/4566 2909/4664/4568
f 2933/4665/4567 2909/4666/4568 2956/4667/4569
f 2956/4667/4569 2909/4666/4568 2932/4668/4570
f 2956/4667/4569 2932/4668/4570 2955/4669/4571
f 2955/4669/4571 2932/4668/4570 2931/4670/4572
f 2955/4669/4571 2931/4670/4572 2954/4671/4573
f 2954/4671/4573 2931/4670/4572 2930/4672/4574
f 2954/4671/4573 2930/4672/4574 2953/4673/4575
f 2953/4673/4575 2930/4672/4574 2929/4674/4576
f 2953/4673/4575 2929/4674/4576 2952/4675/4577
f 2952/4675/4577 2929/4674/4576 2928/4676/4578
f 2952/4675/4577 2928/4676/4578 2951/4677/4579
f 2951/4677/4579 2928/4676/4578 2927/4678/4580
f 2951/4677/4579 2927/4678/4580 2950/4679/4581
f 2950/4679/4581 2927/4678/4580 2926/4680/4582
f 2950/4679/4581 2926/4680/4582 2949/4681/4583
f 2949/4681/4583 2926/4680/4582 2925/4682/4584
f 2949/4681/4583 2925/4682/4584 2948/4683/4585
f 2948/4683/4585 2925/4682/4584 2924/4684/4586
f 2948/4683/4585 2924/4684/4586 2947/4685/4587
f 2947/4685/4587 2924/4684/4586 2923/4686/4588
f 2947/4685/4587 2923/4686/4588 2946/4687/4589
f 2946/4687/4589 2923/4686/4588 2922/4688/4590
f 2946/4687/4589 2922/4688/4590 2945/4689/4591
f 2945/4689/4591 2922/4688/4590 2921/4690/4592
f 2945/4689/4591 2921/4690/4592 2944/4691/4593
f 2944/4691/4593 2921/4690/4592 2920/4692/4594
f 2944/4691/4593 2920/4692/4594 2943/4693/4595
f 2943/4693/4595 2920/4692/4594 2919/4694/4596
f 2943/4693/4595 2919/4694/4596 2942/4695/4597
f 2942/4695/4597 2919/4694/4596 2918/4696/4598
f 2942/4695/4597 2918/4696/4598 2941/4697/4599
f 2941/4697/4599 2918/4696/4598 2917/4698/4600
f 2941/4697/4599 2917/4698/4600 2940/4699/4601
f 2940/4699/4601 2917/4698/4600 2916/4700/4602
f 2940/4699/4601 2916/4700/4602 2939/4701/4603
f 2939/4701/4603 2916/4700/4602 2915/4702/4604
f 2939/4701/4603 2915/4702/4604 2938/4703/4605
f 2938/4703/4605 2915/4702/4604 2914/4704/4606
f 2938/4703/4605 2914/4704/4606 2937/4705/4607
f 2937/4705/4607 2914/4704/4606 2913/4706/4608
f 2937/4705/4607 2913/4706/4608 2936/4707/4609
f 2936/4707/4609 2913/4706/4608 2912/4708/4610
f 2936/4707/4609 2912/4708/4610 2935/4709/4611
f 2935/4709/4611 2912/4708/4610 2911/4710/4612
f 2935/4709/4611 2911/4710/4612 2934/4661/4565
f 2934/4661/4565 2911/4710/4612 2910/4662/4566
f 2958/4711/4613 2968/4712/4614 2957/4713/4615
f 2957/4713/4615 2968/4712/4614 2969/4714/4616
f 2957/4713/4615 2969/4714/4616 2980/4715/4617
f 2980/4715/4617 2969/4714/4616 2970/4716/4618
f 2980/4715/4617 2970/4716/4618 2979/4717/4619
f 2979/4717/4619 2970/4716/4618 2971/4718/4620
f 2979/4717/4619 2971/4718/4620 2978/4719/4621
f 2978/4719/4621 2971/4718/4620 2972/4720/4622
f 2978/4719/4621 2972/4720/4622 2977/4721/4623
f 2977/4721/4623 2972/4720/4622 2973/4722/4624
f 2977/4721/4623 2973/4722/4624 2976/4723/4625
f 2976/4723/4625 2973/4722/4624 2974/4724/4626
f 2976/4723/4625 2974/4724/4626 2975/4725/4627
f 2968/4712/4614 2958/4711/4613 2967/4726/4628
f 2967/4726/4628 2958/4711/4613 2959/4727/4629
f 2967/4726/4628 2959/4727/4629 2966/4728/4630
f 2966/4728/4630 2959/4727/4629 2960/4729/4631
f 2966/4728/4630 2960/4729/4631 2965/4730/4632
f 2965/4730/4632 2960/4729/4631 2961/4731/4633
f 2965/4730/4632 2961/4731/4633 2964/4732/4634
f 2964/4732/4634 2961/4731/4633 2962/4733/4635
f 2964/4732/4634 2962/4733/4635 2963/4734/4636
f 2982/4735/4637 2958/4736/4638 2981/4737/4639
f 2981/4737/4639 2958/4736/4638 2957/4738/4640
f 2981/4739/4639 2957/4740/4640 3004/4741/4641
f 3004/4741/4641 2957/4740/4640 2980/4742/4642
f 3004/4741/4641 2980/4742/4642 3003/4743/4643
f 3003/4743/4643 2980/4742/4642 2979/4744/4644
f 3003/4743/4643 2979/4744/4644 3002/4745/4645
f 3002/4745/4645 2979/4744/4644 2978/4746/4646
f 3002/4745/4645 2978/4746/4646 3001/4747/4647
f 3001/4747/4647 2978/4746/4646 2977/4748/4648
f 3001/4747/4647 2977/4748/4648 3000/4749/4649
f 3000/4749/4649 2977/4748/4648 2976/4750/4650
f 3000/4749/4649 2976/4750/4650 2999/4751/4651
f 2999/4751/4651 2976/4750/4650 2975/4752/4652
f 2999/4751/4651 2975/4752/4652 2998/4753/4653
f 2998/4753/4653 2975/4752/4652 2974/4754/4654
f 2998/4753/4653 2974/4754/4654 2997/4755/4655
f 2997/4755/4655 2974/4754/4654 2973/4756/4656
f 2997/4755/4655 2973/4756/4656 2996/4757/4657
f 2996/4757/4657 2973/4756/4656 2972/4758/4658
f 2996/4757/4657 2972/4758/4658 2995/4759/4659
f 2995/4759/4659 2972/4758/4658 2971/4760/4660
f 2995/4759/4659 2971/4760/4660 2994/4761/4661
f 2994/4761/4661 2971/4760/4660 2970/4762/4662
f 2994/4761/4661 2970/4762/4662 2993/4763/4663
f 2993/4763/4663 2970/4762/4662 2969/4764/4664
f 2993/4763/4663 2969/4764/4664 2992/4765/4665
f 2992/4765/4665 2969/4764/4664 2968/4766/4666
f 2992/4765/4665 2968/4766/4666 2991/4767/4667
f 2991/4767/4667 2968/4766/4666 2967/4768/4668
f 2991/4767/4667 2967/4768/4668 2990/4769/4669
f 2990/4769/4669 2967/4768/4668 2966/4770/4670
f 2990/4769/4669 2966/4770/4670 2989/4771/4671
f 2989/4771/4671 2966/4770/4670 2965/4772/4672
f 2989/4771/4671 2965/4772/4672 2988/4773/4673
f 2988/4773/4673 2965/4772/4672 2964/4774/4674
f 2988/4773/4673 2964/4774/4674 2987/4775/4675
f 2987/4775/4675 2964/4774/4674 2963/4776/4676
f 2987/4775/4675 2963/4776/4676 2986/4777/4677
f 2986/4777/4677 2963/4776/4676 2962/4778/4678
f 2986/4777/4677 2962/4778/4678 2985/4779/4679
f 2985/4779/4679 2962/4778/4678 2961/4780/4680
f 2985/4779/4679 2961/4780/4680 2984/4781/4681
f 2984/4781/4681 2961/4780/4680 2960/4782/4682
f 2984/4781/4681 2960/4782/4682 2983/4783/4683
f 2983/4783/4683 2960/4782/4682 2959/4784/4684
f 2983/4783/4683 2959/4784/4684 2982/4735/4637
f 2982/4735/4637 2959/4784/4684 2958/4736/4638
f 545/4785/4685 3005/4786/4686 546/4787/4687
f 546/4787/4687 3005/4786/4686 3006/4788/4688
f 546/4787/4687 3006/4788/4688 547/4789/4689
f 547/4789/4689 3006/4788/4688 3007/4790/4690
f 547/4789/4689 3007/4790/4690 548/4791/4691
f 548/4791/4691 3007/4790/4690 3008/4792/4692
f 548/4791/4691 3008/4792/4692 549/4793/4693
f 549/4793/4693 3008/4792/4692 3009/4794/4694
f 549/4793/4693 3009/4794/4694 550/4795/4695
f 550/4795/4695 3009/4794/4694 3010/4796/4696
f 550/4795/4695 3010/4796/4696 551/4797/4697
f 551/4797/4697 3010/4796/4696 3011/4798/4698
f 3005/4799/4686 545/4800/4685 3012/4801/4699
f 3012/4801/4699 545/4800/4685 571/4802/4700
f 571/4802/4700 545/4800/4685 601/4803/4701
f 571/4802/4700 601/4803/4701 604/4804/4702
f 604/4804/4702 601/4803/4701 600/4805/4703
f 600/4805/4703 601/4803/4701 597/4806/4704
f 601/4803/4701 545/4800/4685 588/4807/4705
f 588/4807/4705 545/4800/4685 554/4808/4706
f 588/4807/4705 554/4808/4706 586/4809/4707
f 604/4804/4702 572/4810/4708 571/4802/4700
f 566/4811/4709 565/4812/4710 3019/4813/4711
f 3019/4813/4711 565/4812/4710 3013/4814/4712
f 3019/4813/4711 3013/4814/4712 3014/4815/4713
f 3019/4813/4711 3014/4815/4713 3020/4816/4714
f 3020/4816/4714 3014/4815/4713 3015/4817/4715
f 3020/4816/4714 3015/4817/4715 3021/4818/4716
f 3021/4818/4716 3015/4817/4715 3016/4819/4717
f 3021/4818/4716 3016/4819/4717 3022/4820/4718
f 3022/4820/4718 3016/4819/4717 3017/4821/4719
f 3022/4820/4718 3017/4821/4719 3023/4822/4720
f 3023/4822/4720 3017/4821/4719 3018/4823/4721
f 3023/4822/4720 3018/4823/4721 3012/4824/4699
f 3012/4824/4699 571/4825/4700 3023/4822/4720
f 3023/4822/4720 571/4825/4700 570/4826/4722
f 3023/4822/4720 570/4826/4722 3022/4820/4718
f 3022/4820/4718 570/4826/4722 569/4827/4723
f 3022/4820/4718 569/4827/4723 3021/4818/4716
f 3021/4818/4716 569/4827/4723 568/4828/4724
f 3021/4818/4716 568/4828/4724 3020/4816/4714
f 3020/4816/4714 568/4828/4724 567/4829/4725
f 3020/4816/4714 567/4829/4725 3019/4813/4711
f 3019/4813/4711 567/4829/4725 566/4811/4709
f 3013/4830/4712 565/4831/4710 3024/4832/4726
f 3024/4832/4726 565/4831/4710 580/4833/4727
f 574/4834/4728 3025/4835/4729 3031/4836/4730
f 3031/4836/4730 3025/4835/4729 3026/4837/4731
f 3031/4836/4730 3026/4837/4731 3032/4838/4732
f 3032/4838/4732 3026/4837/4731 3027/4839/4733
f 3032/4838/4732 3027/4839/4733 3033/4840/4734
f 3033/4840/4734 3027/4839/4733 3028/4841/4735
f 3033/4840/4734 3028/4841/4735 3034/4842/4736
f 3034/4842/4736 3028/4841/4735 3029/4843/4737
f 3034/4842/4736 3029/4843/4737 3035/4844/4738
f 3035/4844/4738 3029/4843/4737 3030/4845/4739
f 3035/4844/4738 3030/4845/4739 3024/4846/4726
f 3024/4846/4726 580/4847/4727 3035/4844/4738
f 3035/4844/4738 580/4847/4727 579/4848/4740
f 3035/4844/4738 579/4848/4740 3034/4842/4736
f 3034/4842/4736 579/4848/4740 578/4849/4741
f 3034/4842/4736 578/4849/4741 3033/4840/4734
f 3033/4840/4734 578/4849/4741 577/4850/4742
f 3033/4840/4734 577/4850/4742 3032/4838/4732
f 3032/4838/4732 577/4850/4742 576/4851/4743
f 3032/4838/4732 576/4851/4743 3031/4836/4730
f 3031/4836/4730 576/4851/4743 575/4852/4744
f 3031/4836/4730 575/4852/4744 574/4834/4728
f 3036/4853/4745 3025/4854/4729 561/4855/4746
f 561/4855/4746 3025/4854/4729 574/4856/4728
f 561/4855/4746 574/4856/4728 596/4857/4747
f 596/4857/4747 574/4856/4728 593/4858/4748
f 596/4857/4747 593/4858/4748 592/4859/4749
f 592/4859/4749 593/4858/4748 589/4860/4750
f 574/4856/4728 573/4861/4751 593/4858/4748
f 596/4857/4747 584/4862/4752 561/4855/4746
f 561/4855/4746 584/4862/4752 562/4863/4753
f 562/4863/4753 584/4862/4752 582/4864/4754
f 3036/4865/4745 561/4866/4746 3042/4867/4755
f 3042/4867/4755 561/4866/4746 560/4868/4756
f 3042/4867/4755 560/4868/4756 3041/4869/4757
f 3041/4869/4757 560/4868/4756 559/4870/4758
f 3041/4869/4757 559/4870/4758 3040/4871/4759
f 3040/4871/4759 559/4870/4758 558/4872/4760
f 3040/4871/4759 558/4872/4760 3039/4873/4761
f 3039/4873/4761 558/4872/4760 557/4874/4762
f 3039/4873/4761 557/4874/4762 3038/4875/4763
f 3038/4875/4763 557/4874/4762 556/4876/4764
f 3038/4875/4763 556/4876/4764 3037/4877/4765
f 3037/4877/4765 556/4876/4764 555/4878/4766
f 3011/4879/4698 3037/4880/4765 551/4881/4697
f 551/4881/4697 3037/4880/4765 555/4882/4766
f 551/4881/4697 555/4882/4766 3002/4883/4767
f 3002/4883/4767 555/4882/4766 2948/4884/4768
f 3002/4883/4767 2948/4884/4768 3003/4885/4769
f 3003/4885/4769 2948/4884/4768 2947/4886/4770
f 3003/4885/4769 2947/4886/4770 3004/4887/4771
f 3004/4887/4771 2947/4886/4770 2946/4888/4772
f 3004/4887/4771 2946/4888/4772 648/4889/4773
f 648/4889/4773 2946/4888/4772 1942/4890/4774
f 648/4889/4773 1942/4890/4774 649/4891/4775
f 649/4891/4775 1942/4890/4774 1941/4892/4776
f 649/4891/4775 1941/4892/4776 650/4893/4777
f 650/4893/4777 1941/4892/4776 1940/4894/4778
f 650/4893/4777 1940/4894/4778 651/4895/4779
f 651/4895/4779 1940/4894/4778 1939/4896/4780
f 651/4895/4779 1939/4896/4780 652/4897/4781
f 652/4897/4781 1939/4896/4780 1938/4898/4782
f 652/4897/4781 1938/4898/4782 629/4899/4783
f 629/4899/4783 1938/4898/4782 1937/4900/4784
f 629/4899/4783 1937/4900/4784 630/4901/4785
f 630/4901/4785 1937/4900/4784 1936/4902/4786
f 630/4901/4785 1936/4902/4786 631/4903/4787
f 631/4903/4787 1936/4902/4786 1935/4904/4788
f 631/4903/4787 1935/4904/4788 632/4905/4789
f 632/4905/4789 1935/4904/4788 1934/4906/4790
f 632/4905/4789 1934/4906/4790 633/4907/4791
f 633/4907/4791 1934/4906/4790 1933/4908/4792
f 633/4907/4791 1933/4908/4792 2089/4909/4793
f 2089/4909/4793 1933/4908/4792 1365/4910/4794
f 2089/4909/4793 1365/4910/4794 2090/4911/4795
f 2090/4911/4795 1365/4910/4794 1364/4912/4796
f 2090/4911/4795 1364/4912/4796 2091/4913/4797
f 2091/4913/4797 1364/4912/4796 1363/4914/4798
f 2091/4913/4797 1363/4914/4798 2092/4915/4799
f 2092/4915/4799 1363/4914/4798 1362/4916/4800
f 2092/4915/4799 1362/4916/4800 2069/4917/4801
f 2069/4917/4801 1362/4916/4800 1361/4918/4802
f 2069/4917/4801 1361/4918/4802 2070/4919/4803
f 2070/4919/4803 1361/4918/4802 1360/4920/4804
f 2070/4919/4803 1360/4920/4804 2071/4921/4805
f 2071/4921/4805 1360/4920/4804 1359/4922/4806
f 2071/4921/4805 1359/4922/4806 2072/4923/4807
f 2072/4923/4807 1359/4922/4806 1358/4924/4808
f 2072/4923/4807 1358/4924/4808 2073/4925/4809
f 2073/4925/4809 1358/4924/4808 1357/4926/4810
f 2073/4925/4809 1357/4926/4810 2074/4927/4811
f 2074/4927/4811 1357/4926/4810 1356/4928/4812
f 2074/4927/4811 1356/4928/4812 2075/4929/4813
f 2075/4929/4813 1356/4928/4812 1355/4930/4814
f 2075/4929/4813 1355/4930/4814 572/4931/4815
f 572/4931/4815 1355/4930/4814 573/4932/4816
f 573/4932/4816 1355/4930/4814 2507/4933/4817
f 573/4932/4816 2507/4933/4817 2651/4934/4818
f 2651/4934/4818 2507/4933/4817 2652/4935/4819
f 2652/4935/4819 2507/4933/4817 2506/4936/4820
f 2652/4935/4819 2506/4936/4820 2653/4937/4821
f 2653/4937/4821 2506/4936/4820 2505/4938/4822
f 2653/4937/4821 2505/4938/4822 2654/4939/4823
f 2654/4939/4823 2505/4938/4822 2504/4940/4824
f 2654/4939/4823 2504/4940/4824 2655/4941/4825
f 2655/4941/4825 2504/4940/4824 2503/4942/4826
f 2655/4941/4825 2503/4942/4826 2656/4943/4827
f 2656/4943/4827 2503/4942/4826 2502/4944/4828
f 2656/4943/4827 2502/4944/4828 2657/4945/4829
f 2657/4945/4829 2502/4944/4828 2501/4946/4830
f 2657/4945/4829 2501/4946/4830 2658/4947/4831
f 2658/4947/4831 2501/4946/4830 2524/4948/4832
f 2658/4947/4831 2524/4948/4832 2659/4949/4833
f 2659/4949/4833 2524/4948/4832 2523/4950/4834
f 2659/4949/4833 2523/4950/4834 2660/4951/4835
f 2660/4951/4835 2523/4950/4834 2522/4952/4836
f 2660/4951/4835 2522/4952/4836 2661/4953/4837
f 2661/4953/4837 2522/4952/4836 2521/4954/4838
f 2661/4953/4837 2521/4954/4838 1069/4955/4839
f 1069/4955/4839 2521/4954/4838 1497/4956/4840
f 1069/4955/4839 1497/4956/4840 1070/4957/4841
f 1070/4957/4841 1497/4956/4840 1496/4958/4842
f 1070/4957/4841 1496/4958/4842 1071/4959/4843
f 1071/4959/4843 1496/4958/4842 1495/4960/4844
f 1071/4959/4843 1495/4960/4844 1072/4961/4845
f 1072/4961/4845 1495/4960/4844 1494/4962/4846
f 1072/4961/4845 1494/4962/4846 1073/4963/4847
f 1073/4963/4847 1494/4962/4846 1493/4964/4848
f 1073/4963/4847 1493/4964/4848 1074/4965/4849
f 1074/4965/4849 1493/4964/4848 1516/4966/4850
f 1074/4965/4849 1516/4966/4850 1075/4967/4851
f 1075/4967/4851 1516/4966/4850 1515/4968/4852
f 1075/4967/4851 1515/4968/4852 1076/4969/4853
f 1076/4969/4853 1515/4968/4852 1514/4970/4854
f 1076/4969/4853 1514/4970/4854 1077/4971/4855
f 1077/4971/4855 1514/4970/4854 1513/4972/4856
f 1077/4971/4855 1513/4972/4856 2941/4973/4857
f 2941/4973/4857 1513/4972/4856 2942/4974/4858
f 2942/4974/4858 1513/4972/4856 1512/4975/4859
f 2942/4974/4858 1512/4975/4859 2943/4976/4860
f 2943/4976/4860 1512/4975/4859 1511/4977/4861
f 2943/4976/4860 1511/4977/4861 1510/4978/4862
f 564/4979/4863 583/4980/4864 555/4882/4766
f 555/4882/4766 583/4980/4864 2954/4981/4865
f 555/4882/4766 2954/4981/4865 2953/4982/4866
f 584/4983/4867 596/4984/4868 583/4980/4864
f 583/4980/4864 596/4984/4868 595/4985/4869
f 583/4980/4864 595/4985/4869 2933/4986/4870
f 2933/4986/4870 595/4985/4869 2934/4987/4871
f 2934/4987/4871 595/4985/4869 2935/4988/4872
f 2935/4988/4872 595/4985/4869 2233/4989/4873
f 2935/4988/4872 2233/4989/4873 2232/4990/4874
f 594/4991/4875 2215/4992/4876 595/4985/4869
f 595/4985/4869 2215/4992/4876 2214/4993/4877
f 595/4985/4869 2214/4993/4877 2213/4994/4878
f 593/4995/4879 573/4932/4816 594/4991/4875
f 594/4991/4875 573/4932/4816 775/4996/4880
f 594/4991/4875 775/4996/4880 774/4997/4881
f 604/4998/4882 603/4999/4883 572/4931/4815
f 572/4931/4815 603/4999/4883 927/5000/4884
f 572/4931/4815 927/5000/4884 926/5001/4885
f 602/5002/4886 1791/5003/4887 603/4999/4883
f 603/4999/4883 1791/5003/4887 1790/5004/4888
f 603/4999/4883 1790/5004/4888 932/5005/4889
f 932/5005/4889 1790/5004/4888 933/5006/4890
f 933/5006/4890 1790/5004/4888 1789/5007/4891
f 933/5006/4890 1789/5007/4891 934/5008/4892
f 934/5008/4892 1789/5007/4891 1788/5009/4893
f 934/5008/4892 1788/5009/4893 935/5010/4894
f 935/5010/4894 1788/5009/4893 1787/5011/4895
f 935/5010/4894 1787/5011/4895 1786/5012/4896
f 601/5013/4897 588/5014/4898 602/5002/4886
f 602/5002/4886 588/5014/4898 587/5015/4899
f 602/5002/4886 587/5015/4899 2993/5016/4900
f 2993/5016/4900 587/5015/4899 2994/5017/4901
f 2994/5017/4901 587/5015/4899 2995/5018/4902
f 2995/5018/4902 587/5015/4899 2996/5019/4903
f 2996/5019/4903 587/5015/4899 551/4881/4697
f 2996/5019/4903 551/4881/4697 2997/5020/4904
f 2997/5020/4904 551/4881/4697 2998/5021/4905
f 2998/5021/4905 551/4881/4697 2999/5022/4906
f 2999/5022/4906 551/4881/4697 3000/5023/4907
f 3000/5023/4907 551/4881/4697 3001/5024/4908
f 3001/5024/4908 551/4881/4697 3002/4883/4767
f 587/5015/4899 552/5025/4909 551/4881/4697
f 3004/4887/4771 647/5026/4910 2981/5027/4911
f 2981/5027/4911 647/5026/4910 646/5028/4912
f 2981/5027/4911 646/5028/4912 2982/5029/4913
f 2982/5029/4913 646/5028/4912 2808/5030/4914
f 2982/5029/4913 2808/5030/4914 2983/5031/4915
f 2983/5031/4915 2808/5030/4914 2807/5032/4916
f 2983/5031/4915 2807/5032/4916 2806/5033/4917
f 2993/5016/4900 2992/5034/4918 602/5002/4886
f 602/5002/4886 2992/5034/4918 2991/5035/4919
f 602/5002/4886 2991/5035/4919 1797/5036/4920
f 1797/5036/4920 2991/5035/4919 1798/5037/4921
f 1798/5037/4921 2991/5035/4919 1799/5038/4922
f 1799/5038/4922 2991/5035/4919 2990/5039/4923
f 1799/5038/4922 2990/5039/4923 1800/5040/4924
f 1800/5040/4924 2990/5039/4923 2989/5041/4925
f 1800/5040/4924 2989/5041/4925 1801/5042/4926
f 1801/5042/4926 2989/5041/4925 2988/5043/4927
f 1801/5042/4926 2988/5043/4927 1653/5044/4928
f 1653/5044/4928 2988/5043/4927 1654/5045/4929
f 1654/5045/4929 2988/5043/4927 2987/5046/4930
f 1654/5045/4929 2987/5046/4930 1655/5047/4931
f 1655/5047/4931 2987/5046/4930 2986/5048/4932
f 1655/5047/4931 2986/5048/4932 1656/5049/4933
f 1656/5049/4933 2986/5048/4932 2985/5050/4934
f 1656/5049/4933 2985/5050/4934 1657/5051/4935
f 1657/5051/4935 2985/5050/4934 2805/5052/4936
f 1657/5051/4935 2805/5052/4936 1658/5053/4937
f 1658/5053/4937 2805/5052/4936 2804/5054/4938
f 1658/5053/4937 2804/5054/4938 1659/5055/4939
f 1659/5055/4939 2804/5054/4938 2803/5056/4940
f 1659/5055/4939 2803/5056/4940 1660/5057/4941
f 1660/5057/4941 2803/5056/4940 2802/5058/4942
f 1660/5057/4941 2802/5058/4942 1637/5059/4943
f 1637/5059/4943 2802/5058/4942 2801/5060/4944
f 1637/5059/4943 2801/5060/4944 1638/5061/4945
f 1638/5061/4945 2801/5060/4944 2800/5062/4946
f 1638/5061/4945 2800/5062/4946 1639/5063/4947
f 1639/5063/4947 2800/5062/4946 2799/5064/4948
f 1639/5063/4947 2799/5064/4948 1640/5065/4949
f 1640/5065/4949 2799/5064/4948 2798/5066/4950
f 1640/5065/4949 2798/5066/4950 1641/5067/4951
f 1641/5067/4951 2798/5066/4950 2797/5068/4952
f 1641/5067/4951 2797/5068/4952 1225/5069/4953
f 1225/5069/4953 2797/5068/4952 2373/5070/4954
f 1225/5069/4953 2373/5070/4954 1226/5071/4955
f 1226/5071/4955 2373/5070/4954 2372/5072/4956
f 1226/5071/4955 2372/5072/4956 1227/5073/4957
f 1227/5073/4957 2372/5072/4956 2371/5074/4958
f 1227/5073/4957 2371/5074/4958 1228/5075/4959
f 1228/5075/4959 2371/5074/4958 2370/5076/4960
f 1228/5075/4959 2370/5076/4960 1205/5077/4961
f 1205/5077/4961 2370/5076/4960 2369/5078/4962
f 1205/5077/4961 2369/5078/4962 1206/5079/4963
f 1206/5079/4963 2369/5078/4962 2368/5080/4964
f 1206/5079/4963 2368/5080/4964 1207/5081/4965
f 1207/5081/4965 2368/5080/4964 2367/5082/4966
f 1207/5081/4965 2367/5082/4966 1208/5083/4967
f 1208/5083/4967 2367/5082/4966 2366/5084/4968
f 1208/5083/4967 2366/5084/4968 1209/5085/4969
f 1209/5085/4969 2366/5084/4968 2365/5086/4970
f 1209/5085/4969 2365/5086/4970 1210/5087/4971
f 1210/5087/4971 2365/5086/4970 2364/5088/4972
f 1210/5087/4971 2364/5088/4972 1211/5089/4973
f 1211/5089/4973 2364/5088/4972 2363/5090/4974
f 1211/5089/4973 2363/5090/4974 572/4931/4815
f 572/4931/4815 2363/5090/4974 2075/4929/4813
f 2985/5050/4934 2984/5091/4975 2805/5052/4936
f 2805/5052/4936 2984/5091/4975 2806/5033/4917
f 2806/5033/4917 2984/5091/4975 2983/5031/4915
f 2933/4986/4870 2956/5092/4976 583/4980/4864
f 583/4980/4864 2956/5092/4976 2955/5093/4977
f 583/4980/4864 2955/5093/4977 2954/4981/4865
f 2953/4982/4866 2952/5094/4978 555/4882/4766
f 555/4882/4766 2952/5094/4978 2951/5095/4979
f 555/4882/4766 2951/5095/4979 2950/5096/4980
f 2950/5096/4980 2949/5097/4981 555/4882/4766
f 555/4882/4766 2949/5097/4981 2948/4884/4768
f 1942/4890/4774 2946/4888/4772 1943/5098/4982
f 1943/5098/4982 2946/4888/4772 2945/5099/4983
f 1943/5098/4982 2945/5099/4983 1944/5100/4984
f 1944/5100/4984 2945/5099/4983 2944/5101/4985
f 1944/5100/4984 2944/5101/4985 1510/4978/4862
f 1510/4978/4862 2944/5101/4985 2943/4976/4860
f 1077/4971/4855 2941/4973/4857 1078/5102/4986
f 1078/5102/4986 2941/4973/4857 2940/5103/4987
f 1078/5102/4986 2940/5103/4987 1079/5104/4988
f 1079/5104/4988 2940/5103/4987 2939/5105/4989
f 1079/5104/4988 2939/5105/4989 1080/5106/4990
f 1080/5106/4990 2939/5105/4989 2938/5107/4991
f 1080/5106/4990 2938/5107/4991 1081/5108/4992
f 1081/5108/4992 2938/5107/4991 2229/5109/4993
f 1081/5108/4992 2229/5109/4993 1082/5110/4994
f 1082/5110/4994 2229/5109/4993 2228/5111/4995
f 1082/5110/4994 2228/5111/4995 1083/5112/4996
f 1083/5112/4996 2228/5111/4995 2227/5113/4997
f 1083/5112/4996 2227/5113/4997 1084/5114/4998
f 1084/5114/4998 2227/5113/4997 2226/5115/4999
f 1084/5114/4998 2226/5115/4999 1061/5116/5000
f 1061/5116/5000 2226/5115/4999 2225/5117/5001
f 1061/5116/5000 2225/5117/5001 1062/5118/5002
f 1062/5118/5002 2225/5117/5001 2224/5119/5003
f 1062/5118/5002 2224/5119/5003 1063/5120/5004
f 1063/5120/5004 2224/5119/5003 2223/5121/5005
f 1063/5120/5004 2223/5121/5005 1064/5122/5006
f 1064/5122/5006 2223/5121/5005 2222/5123/5007
f 1064/5122/5006 2222/5123/5007 1065/5124/5008
f 1065/5124/5008 2222/5123/5007 2221/5125/5009
f 1065/5124/5008 2221/5125/5009 2665/5126/5010
f 2665/5126/5010 2221/5125/5009 789/5127/5011
f 2665/5126/5010 789/5127/5011 2666/5128/5012
f 2666/5128/5012 789/5127/5011 788/5129/5013
f 2666/5128/5012 788/5129/5013 2667/5130/5014
f 2667/5130/5014 788/5129/5013 787/5131/5015
f 2667/5130/5014 787/5131/5015 2668/5132/5016
f 2668/5132/5016 787/5131/5015 786/5133/5017
f 2668/5132/5016 786/5133/5017 2645/5134/5018
f 2645/5134/5018 786/5133/5017 785/5135/5019
f 2645/5134/5018 785/5135/5019 2646/5136/5020
f 2646/5136/5020 785/5135/5019 784/5137/5021
f 2646/5136/5020 784/5137/5021 2647/5138/5022
f 2647/5138/5022 784/5137/5021 783/5139/5023
f 2647/5138/5022 783/5139/5023 2648/5140/5024
f 2648/5140/5024 783/5139/5023 782/5141/5025
f 2648/5140/5024 782/5141/5025 2649/5142/5026
f 2649/5142/5026 782/5141/5025 781/5143/5027
f 2649/5142/5026 781/5143/5027 2650/5144/5028
f 2650/5144/5028 781/5143/5027 780/5145/5029
f 2650/5144/5028 780/5145/5029 2651/4934/4818
f 2651/4934/4818 780/5145/5029 779/5146/5030
f 2651/4934/4818 779/5146/5030 573/4932/4816
f 573/4932/4816 779/5146/5030 778/5147/5031
f 573/4932/4816 778/5147/5031 777/5148/5032
f 2938/5107/4991 2937/5149/5033 2229/5109/4993
f 2229/5109/4993 2937/5149/5033 2230/5150/5034
f 2230/5150/5034 2937/5149/5033 2936/5151/5035
f 2230/5150/5034 2936/5151/5035 2231/5152/5036
f 2231/5152/5036 2936/5151/5035 2935/4988/4872
f 2231/5152/5036 2935/4988/4872 2232/4990/4874
f 2812/5153/5037 642/5154/5038 2789/5155/5039
f 2789/5155/5039 642/5154/5038 641/5156/5040
f 2789/5155/5039 641/5156/5040 2790/5157/5041
f 2790/5157/5041 641/5156/5040 640/5158/5042
f 2790/5157/5041 640/5158/5042 2791/5159/5043
f 2791/5159/5043 640/5158/5042 639/5160/5044
f 2791/5159/5043 639/5160/5044 2792/5161/5045
f 2792/5161/5045 639/5160/5044 638/5162/5046
f 2792/5161/5045 638/5162/5046 2793/5163/5047
f 2793/5163/5047 638/5162/5046 637/5164/5048
f 2793/5163/5047 637/5164/5048 2377/5165/5049
f 2377/5165/5049 637/5164/5048 2085/5166/5050
f 2377/5165/5049 2085/5166/5050 2378/5167/5051
f 2378/5167/5051 2085/5166/5050 2084/5168/5052
f 2378/5167/5051 2084/5168/5052 2379/5169/5053
f 2379/5169/5053 2084/5168/5052 2083/5170/5054
f 2379/5169/5053 2083/5170/5054 2380/5171/5055
f 2380/5171/5055 2083/5170/5054 2082/5172/5056
f 2380/5171/5055 2082/5172/5056 2357/5173/5057
f 2357/5173/5057 2082/5172/5056 2081/5174/5058
f 2357/5173/5057 2081/5174/5058 2358/5175/5059
f 2358/5175/5059 2081/5174/5058 2080/5176/5060
f 2358/5175/5059 2080/5176/5060 2359/5177/5061
f 2359/5177/5061 2080/5176/5060 2079/5178/5062
f 2359/5177/5061 2079/5178/5062 2360/5179/5063
f 2360/5179/5063 2079/5178/5062 2078/5180/5064
f 2360/5179/5063 2078/5180/5064 2361/5181/5065
f 2361/5181/5065 2078/5180/5064 2077/5182/5066
f 2361/5181/5065 2077/5182/5066 2362/5183/5067
f 2362/5183/5067 2077/5182/5066 2076/5184/5068
f 2362/5183/5067 2076/5184/5068 2363/5090/4974
f 2363/5090/4974 2076/5184/5068 2075/4929/4813
f 642/5154/5038 2812/5153/5037 643/5185/5069
f 643/5185/5069 2812/5153/5037 2811/5186/5070
f 643/5185/5069 2811/5186/5070 644/5187/5071
f 644/5187/5071 2811/5186/5070 2810/5188/5072
f 644/5187/5071 2810/5188/5072 645/5189/5073
f 645/5189/5073 2810/5188/5072 2809/5190/5074
f 645/5189/5073 2809/5190/5074 646/5028/4912
f 646/5028/4912 2809/5190/5074 2808/5030/4914
f 2373/5070/4954 2797/5068/4952 2374/5191/5075
f 2374/5191/5075 2797/5068/4952 2796/5192/5076
f 2374/5191/5075 2796/5192/5076 2375/5193/5077
f 2375/5193/5077 2796/5192/5076 2795/5194/5078
f 2375/5193/5077 2795/5194/5078 2794/5195/5079
f 2375/5193/5077 2794/5195/5079 2376/5196/5080
f 2376/5196/5080 2794/5195/5079 2793/5163/5047
f 2376/5196/5080 2793/5163/5047 2377/5165/5049
f 2665/5126/5010 2664/5197/5081 1065/5124/5008
f 1065/5124/5008 2664/5197/5081 1066/5198/5082
f 1066/5198/5082 2664/5197/5081 2663/5199/5083
f 1066/5198/5082 2663/5199/5083 1067/5200/5084
f 1067/5200/5084 2663/5199/5083 1068/5201/5085
f 1068/5201/5085 2663/5199/5083 2662/5202/5086
f 1068/5201/5085 2662/5202/5086 1069/4955/4839
f 1069/4955/4839 2662/5202/5086 2661/4953/4837
f 2521/4954/4838 2520/5203/5087 1497/4956/4840
f 1497/4956/4840 2520/5203/5087 1498/5204/5088
f 1498/5204/5088 2520/5203/5087 2519/5205/5089
f 1498/5204/5088 2519/5205/5089 1499/5206/5090
f 1499/5206/5090 2519/5205/5089 1500/5207/5091
f 1500/5207/5091 2519/5205/5089 2518/5208/5092
f 1500/5207/5091 2518/5208/5092 1501/5209/5093
f 1501/5209/5093 2518/5208/5092 2517/5210/5094
f 1501/5209/5093 2517/5210/5094 1369/5211/5095
f 1369/5211/5095 2517/5210/5094 1370/5212/5096
f 1370/5212/5096 2517/5210/5094 2516/5213/5097
f 1370/5212/5096 2516/5213/5097 1371/5214/5098
f 1371/5214/5098 2516/5213/5097 2515/5215/5099
f 1371/5214/5098 2515/5215/5099 1372/5216/5100
f 1372/5216/5100 2515/5215/5099 2514/5217/5101
f 1372/5216/5100 2514/5217/5101 1349/5218/5102
f 1349/5218/5102 2514/5217/5101 2513/5219/5103
f 1349/5218/5102 2513/5219/5103 1350/5220/5104
f 1350/5220/5104 2513/5219/5103 2512/5221/5105
f 1350/5220/5104 2512/5221/5105 1351/5222/5106
f 1351/5222/5106 2512/5221/5105 2511/5223/5107
f 1351/5222/5106 2511/5223/5107 1352/5224/5108
f 1352/5224/5108 2511/5223/5107 2510/5225/5109
f 1352/5224/5108 2510/5225/5109 1353/5226/5110
f 1353/5226/5110 2510/5225/5109 2509/5227/5111
f 1353/5226/5110 2509/5227/5111 1354/5228/5112
f 1354/5228/5112 2509/5227/5111 2508/5229/5113
f 1354/5228/5112 2508/5229/5113 1355/4930/4814
f 1355/4930/4814 2508/5229/5113 2507/4933/4817
f 2213/4994/4878 2236/5230/5114 595/4985/4869
f 595/4985/4869 2236/5230/5114 2235/5231/5115
f 595/4985/4869 2235/5231/5115 2234/5232/5116
f 2234/5232/5116 2233/4989/4873 595/4985/4869
f 789/5127/5011 2221/5125/5009 790/5233/5117
f 790/5233/5117 2221/5125/5009 2220/5234/5118
f 790/5233/5117 2220/5234/5118 791/5235/5119
f 791/5235/5119 2220/5234/5118 2219/5236/5120
f 791/5235/5119 2219/5236/5120 792/5237/5121
f 792/5237/5121 2219/5236/5120 2218/5238/5122
f 792/5237/5121 2218/5238/5122 793/5239/5123
f 793/5239/5123 2218/5238/5122 2217/5240/5124
f 793/5239/5123 2217/5240/5124 794/5241/5125
f 794/5241/5125 2217/5240/5124 2216/5242/5126
f 794/5241/5125 2216/5242/5126 594/4991/4875
f 594/4991/4875 2216/5242/5126 2215/4992/4876
f 2089/4909/4793 2088/5243/5127 633/4907/4791
f 633/4907/4791 2088/5243/5127 634/5244/5128
f 634/5244/5128 2088/5243/5127 2087/5245/5129
f 634/5244/5128 2087/5245/5129 635/5246/5130
f 635/5246/5130 2087/5245/5129 636/5247/5131
f 636/5247/5131 2087/5245/5129 2086/5248/5132
f 636/5247/5131 2086/5248/5132 637/5164/5048
f 637/5164/5048 2086/5248/5132 2085/5166/5050
f 1948/5249/5133 1506/5250/5134 1925/5251/5135
f 1925/5251/5135 1506/5250/5134 1505/5252/5136
f 1925/5251/5135 1505/5252/5136 1926/5253/5137
f 1926/5253/5137 1505/5252/5136 1504/5254/5138
f 1926/5253/5137 1504/5254/5138 1927/5255/5139
f 1927/5255/5139 1504/5254/5138 1503/5256/5140
f 1927/5255/5139 1503/5256/5140 1928/5257/5141
f 1928/5257/5141 1503/5256/5140 1502/5258/5142
f 1928/5257/5141 1502/5258/5142 1929/5259/5143
f 1929/5259/5143 1502/5258/5142 1501/5209/5093
f 1929/5259/5143 1501/5209/5093 1369/5211/5095
f 1506/5250/5134 1948/5249/5133 1507/5260/5144
f 1507/5260/5144 1948/5249/5133 1947/5261/5145
f 1507/5260/5144 1947/5261/5145 1508/5262/5146
f 1508/5262/5146 1947/5261/5145 1946/5263/5147
f 1508/5262/5146 1946/5263/5147 1509/5264/5148
f 1509/5264/5148 1946/5263/5147 1945/5265/5149
f 1509/5264/5148 1945/5265/5149 1510/4978/4862
f 1510/4978/4862 1945/5265/5149 1944/5100/4984
f 1365/4910/4794 1933/4908/4792 1366/5266/5150
f 1366/5266/5150 1933/4908/4792 1932/5267/5151
f 1366/5266/5150 1932/5267/5151 1367/5268/5152
f 1367/5268/5152 1932/5267/5151 1931/5269/5153
f 1367/5268/5152 1931/5269/5153 1930/5270/5154
f 1367/5268/5152 1930/5270/5154 1368/5271/5155
f 1368/5271/5155 1930/5270/5154 1929/5259/5143
f 1368/5271/5155 1929/5259/5143 1369/5211/5095
f 1804/5272/5156 1650/5273/5157 1781/5274/5158
f 1781/5274/5158 1650/5273/5157 1649/5275/5159
f 1781/5274/5158 1649/5275/5159 1782/5276/5160
f 1782/5276/5160 1649/5275/5159 1648/5277/5161
f 1782/5276/5160 1648/5277/5161 1783/5278/5162
f 1783/5278/5162 1648/5277/5161 1647/5279/5163
f 1783/5278/5162 1647/5279/5163 1784/5280/5164
f 1784/5280/5164 1647/5279/5163 1646/5281/5165
f 1784/5280/5164 1646/5281/5165 1785/5282/5166
f 1785/5282/5166 1646/5281/5165 1645/5283/5167
f 1785/5282/5166 1645/5283/5167 937/5284/5168
f 937/5284/5168 1645/5283/5167 1221/5285/5169
f 937/5284/5168 1221/5285/5169 938/5286/5170
f 938/5286/5170 1221/5285/5169 1220/5287/5171
f 938/5286/5170 1220/5287/5171 939/5288/5172
f 939/5288/5172 1220/5287/5171 1219/5289/5173
f 939/5288/5172 1219/5289/5173 940/5290/5174
f 940/5290/5174 1219/5289/5173 1218/5291/5175
f 940/5290/5174 1218/5291/5175 917/5292/5176
f 917/5292/5176 1218/5291/5175 1217/5293/5177
f 917/5292/5176 1217/5293/5177 918/5294/5178
f 918/5294/5178 1217/5293/5177 1216/5295/5179
f 918/5294/5178 1216/5295/5179 919/5296/5180
f 919/5296/5180 1216/5295/5179 1215/5297/5181
f 919/5296/5180 1215/5297/5181 920/5298/5182
f 920/5298/5182 1215/5297/5181 1214/5299/5183
f 920/5298/5182 1214/5299/5183 921/5300/5184
f 921/5300/5184 1214/5299/5183 1213/5301/5185
f 921/5300/5184 1213/5301/5185 922/5302/5186
f 922/5302/5186 1213/5301/5185 1212/5303/5187
f 922/5302/5186 1212/5303/5187 923/5304/5188
f 923/5304/5188 1212/5303/5187 1211/5089/4973
f 923/5304/5188 1211/5089/4973 572/4931/4815
f 1650/5273/5157 1804/5272/5156 1651/5305/5189
f 1651/5305/5189 1804/5272/5156 1803/5306/5190
f 1651/5305/5189 1803/5306/5190 1652/5307/5191
f 1652/5307/5191 1803/5306/5190 1802/5308/5192
f 1652/5307/5191 1802/5308/5192 1653/5044/4928
f 1653/5044/4928 1802/5308/5192 1801/5042/4926
f 1797/5036/4920 1796/5309/5193 602/5002/4886
f 602/5002/4886 1796/5309/5193 1795/5310/5194
f 602/5002/4886 1795/5310/5194 1794/5311/5195
f 1794/5311/5195 1793/5312/5196 602/5002/4886
f 602/5002/4886 1793/5312/5196 1792/5313/5197
f 602/5002/4886 1792/5313/5197 1791/5003/4887
f 935/5010/4894 1786/5012/4896 936/5314/5198
f 936/5314/5198 1786/5012/4896 1785/5282/5166
f 936/5314/5198 1785/5282/5166 937/5284/5168
f 1221/5285/5169 1645/5283/5167 1222/5315/5199
f 1222/5315/5199 1645/5283/5167 1644/5316/5200
f 1222/5315/5199 1644/5316/5200 1223/5317/5201
f 1223/5317/5201 1644/5316/5200 1643/5318/5202
f 1223/5317/5201 1643/5318/5202 1642/5319/5203
f 1223/5317/5201 1642/5319/5203 1224/5320/5204
f 1224/5320/5204 1642/5319/5203 1641/5067/4951
f 1224/5320/5204 1641/5067/4951 1225/5069/4953
f 932/5005/4889 931/5321/5205 603/4999/4883
f 603/4999/4883 931/5321/5205 930/5322/5206
f 603/4999/4883 930/5322/5206 929/5323/5207
f 929/5323/5207 928/5324/5208 603/4999/4883
f 603/4999/4883 928/5324/5208 927/5000/4884
f 926/5001/4885 925/5325/5209 572/4931/4815
f 572/4931/4815 925/5325/5209 924/5326/5210
f 572/4931/4815 924/5326/5210 923/5304/5188
f 774/4997/4881 773/5327/5211 594/4991/4875
f 594/4991/4875 773/5327/5211 796/5328/5212
f 594/4991/4875 796/5328/5212 795/5329/5213
f 795/5329/5213 794/5241/5125 594/4991/4875
f 777/5148/5032 776/5330/5214 573/4932/4816
f 573/4932/4816 776/5330/5214 775/4996/4880
f 648/4889/4773 647/5026/4910 3004/4887/4771
f 3010/5331/5215 3009/5332/5216 3011/5333/5217
f 3011/5333/5217 3009/5332/5216 3008/5334/5218
f 3011/5333/5217 3008/5334/5218 3007/5335/5219
f 3007/5335/5219 3006/5336/5220 3011/5333/5217
f 3011/5333/5217 3006/5336/5220 3042/5337/5221
f 3011/5333/5217 3042/5337/5221 3037/5338/5222
f 3037/5338/5222 3042/5337/5221 3041/5339/5223
f 3037/5338/5222 3041/5339/5223 3040/5340/5224
f 3042/5337/5221 3006/5336/5220 3036/5341/5225
f 3036/5341/5225 3006/5336/5220 3005/5342/5226
f 3036/5341/5225 3005/5342/5226 3025/5343/5227
f 3025/5343/5227 3005/5342/5226 3012/5344/5228
f 3025/5343/5227 3012/5344/5228 3026/5345/5229
f 3026/5345/5229 3012/5344/5228 3018/5346/5230
f 3026/5345/5229 3018/5346/5230 3024/5347/5231
f 3024/5347/5231 3018/5346/5230 3013/5348/5232
f 3013/5348/5232 3018/5346/5230 3017/5349/5233
f 3013/5348/5232 3017/5349/5233 3016/5350/5234
f 3016/5350/5234 3015/5351/5235 3013/5348/5232
f 3013/5348/5232 3015/5351/5235 3014/5352/5236
f 3030/5353/5237 3029/5354/5238 3024/5347/5231
f 3024/5347/5231 3029/5354/5238 3028/5355/5239
f 3024/5347/5231 3028/5355/5239 3027/5356/5240
f 3027/5356/5240 3026/5345/5229 3024/5347/5231
f 3040/5340/5224 3039/5357/5241 3037/5338/5222
f 3037/5338/5222 3039/5357/5241 3038/5358/5242
g ボディ1:4

v -3.004804 -2.509626 1.205250
v -3.027854 -2.446150 1.205250
v -3.038983 -2.379541 1.205250
v -3.037820 -2.312019 1.205250
v -3.024403 -2.245833 1.205250
v -2.999181 -2.183188 1.205250
v -2.962992 -2.126171 1.205250
v -2.917043 -2.076681 1.205250
v -2.862864 -2.036367 1.205250
v -2.802260 -2.006572 1.205250
v -2.737250 -1.988289 1.205250
v -2.670000 -1.982126 1.205250
v -2.602750 -1.988289 1.205250
v -2.537740 -2.006572 1.205250
v -2.477136 -2.036367 1.205250
v -2.422957 -2.076681 1.205250
v -2.377008 -2.126171 1.205250
v -2.340819 -2.183188 1.205250
v -2.315597 -2.245833 1.205250
v -2.302180 -2.312019 1.205250
v -2.301017 -2.379541 1.205250
v -2.312146 -2.446150 1.205250
v -2.335196 -2.509626 1.205250
v -2.370643 -2.569578 1.205250
v -2.416697 -2.621825 1.205250
v -2.471726 -2.664516 1.205250
v -2.533781 -2.696138 1.205250
v -2.600662 -2.715571 1.205250
v -2.670000 -2.722126 1.205250
v -2.739338 -2.715571 1.205250
v -2.806219 -2.696138 1.205250
v -2.868274 -2.664516 1.205250
v -2.923303 -2.621825 1.205250
v -2.969357 -2.569578 1.205250
v -2.270000 -2.352126 1.175250
v -2.276428 -2.280703 1.175250
v -2.295506 -2.211576 1.175250
v -2.326620 -2.146966 1.175250
v -2.368771 -2.088951 1.175250
v -2.420604 -2.039393 1.175250
v -2.480453 -1.999888 1.175250
v -2.546393 -1.971703 1.175250
v -2.616307 -1.955746 1.175250
v -2.687946 -1.952529 1.175250
v -2.759008 -1.962155 1.175250
v -2.827210 -1.984315 1.175250
v -2.890359 -2.018297 1.175250
v -2.946425 -2.063008 1.175250
v -2.993607 -2.117012 1.175250
v -3.030388 -2.178573 1.175250
v -3.055585 -2.245711 1.175250
v -3.068390 -2.316270 1.175250
v -3.068390 -2.387982 1.175250
v -3.055585 -2.458541 1.175250
v -3.030388 -2.525680 1.175250
v -2.993607 -2.587240 1.175250
v -2.946425 -2.641244 1.175250
v -2.890359 -2.685955 1.175250
v -2.827210 -2.719937 1.175250
v -2.759008 -2.742097 1.175250
v -2.687946 -2.751723 1.175250
v -2.616307 -2.748506 1.175250
v -2.546393 -2.732549 1.175250
v -2.480453 -2.704364 1.175250
v -2.420604 -2.664859 1.175250
v -2.368771 -2.615302 1.175250
v -2.326620 -2.557286 1.175250
v -2.295506 -2.492676 1.175250
v -2.276428 -2.423549 1.175250
v -3.047765 -2.352126 1.204228
v -3.055000 -2.352126 1.201231
v -3.061213 -2.352126 1.196463
v -3.065981 -2.352126 1.190250
v -3.068978 -2.352126 1.183015
v -3.023676 -2.484863 1.204228
v -3.030450 -2.487405 1.201231
v -3.036267 -2.489589 1.196463
v -3.040731 -2.491264 1.190250
v -3.043537 -2.492317 1.183015
v -3.012502 -2.556761 1.183015
v -3.009929 -2.555224 1.190250
v -3.005837 -2.552779 1.196463
v -3.000503 -2.549592 1.201231
v -2.994292 -2.545881 1.204228
v -3.041694 -2.419579 1.204228
v -3.048813 -2.420870 1.201231
v -3.054926 -2.421980 1.196463
v -3.059617 -2.422831 1.190250
v -3.062566 -2.423366 1.183015
v -3.041694 -2.284674 1.204228
v -3.048813 -2.283382 1.201231
v -3.054926 -2.282272 1.196463
v -3.059617 -2.281421 1.190250
v -3.062566 -2.280886 1.183015
v -3.023676 -2.219389 1.204228
v -3.030450 -2.216847 1.201231
v -3.036267 -2.214664 1.196463
v -3.040731 -2.212988 1.190250
v -3.043537 -2.211935 1.183015
v -2.994292 -2.158371 1.204228
v -3.000503 -2.154660 1.201231
v -3.005837 -2.151473 1.196463
v -3.009929 -2.149028 1.190250
v -3.012502 -2.147491 1.183015
v -2.954484 -2.103580 1.204228
v -2.959933 -2.098820 1.201231
v -2.964612 -2.094732 1.196463
v -2.968202 -2.091595 1.190250
v -2.970459 -2.089623 1.183015
v -2.905532 -2.056778 1.204228
v -2.910044 -2.051121 1.201231
v -2.913917 -2.046263 1.196463
v -2.916890 -2.042536 1.190250
v -2.918759 -2.040193 1.183015
v -2.849011 -2.019468 1.204228
v -2.852439 -2.013097 1.201231
v -2.855384 -2.007625 1.196463
v -2.857643 -2.003427 1.190250
v -2.859063 -2.000788 1.183015
v -2.786736 -1.992851 1.204228
v -2.788972 -1.985969 1.201231
v -2.790892 -1.980060 1.196463
v -2.792365 -1.975526 1.190250
v -2.793291 -1.972676 1.183015
v -2.720709 -1.977780 1.204228
v -2.721680 -1.970610 1.201231
v -2.722514 -1.964453 1.196463
v -2.723154 -1.959729 1.190250
v -2.723556 -1.956759 1.183015
v -2.653052 -1.974742 1.204228
v -2.652727 -1.967514 1.201231
v -2.652448 -1.961307 1.196463
v -2.652234 -1.956544 1.190250
v -2.652100 -1.953550 1.183015
v -2.585939 -1.983833 1.204228
v -2.584329 -1.976779 1.201231
v -2.582947 -1.970721 1.196463
v -2.581886 -1.966073 1.190250
v -2.581219 -1.963151 1.183015
v -2.521529 -2.004761 1.204228
v -2.518685 -1.998108 1.201231
v -2.516243 -1.992395 1.196463
v -2.514370 -1.988011 1.190250
v -2.513192 -1.985255 1.183015
v -2.461891 -2.036854 1.204228
v -2.457905 -2.030815 1.201231
v -2.454482 -2.025630 1.196463
v -2.451855 -2.021651 1.190250
v -2.450204 -2.019150 1.183015
v -2.408941 -2.079080 1.204228
v -2.403941 -2.073850 1.201231
v -2.399647 -2.069359 1.196463
v -2.396352 -2.065913 1.190250
v -2.394281 -2.063747 1.183015
v -2.364382 -2.130082 1.204228
v -2.358528 -2.125829 1.201231
v -2.353502 -2.122177 1.196463
v -2.349645 -2.119374 1.190250
v -2.347220 -2.117613 1.183015
v -2.329646 -2.188220 1.204228
v -2.323127 -2.185081 1.201231
v -2.317529 -2.182385 1.196463
v -2.313234 -2.180316 1.190250
v -2.310533 -2.179016 1.183015
v -2.305849 -2.251627 1.204228
v -2.298874 -2.249702 1.201231
v -2.292885 -2.248049 1.196463
v -2.288289 -2.246781 1.190250
v -2.285400 -2.245983 1.183015
v -2.293756 -2.318263 1.204228
v -2.286550 -2.317615 1.201231
v -2.280362 -2.317058 1.196463
v -2.275613 -2.316631 1.190250
v -2.272628 -2.316362 1.183015
v -2.293756 -2.385989 1.204228
v -2.286550 -2.386637 1.201231
v -2.280362 -2.387194 1.196463
v -2.275613 -2.387621 1.190250
v -2.272628 -2.387890 1.183015
v -2.305849 -2.452625 1.204228
v -2.298874 -2.454550 1.201231
v -2.292885 -2.456203 1.196463
v -2.288289 -2.457472 1.190250
v -2.285400 -2.458269 1.183015
v -2.329646 -2.516032 1.204228
v -2.323127 -2.519171 1.201231
v -2.317529 -2.521867 1.196463
v -2.313234 -2.523936 1.190250
v -2.310533 -2.525236 1.183015
v -2.408941 -2.625172 1.204228
v -2.403941 -2.630402 1.201231
v -2.399647 -2.634893 1.196463
v -2.396352 -2.638339 1.190250
v -2.394281 -2.640505 1.183015
v -2.347216 -2.586634 1.183015
v -2.349637 -2.584868 1.190250
v -2.353491 -2.582060 1.196463
v -2.358514 -2.578404 1.201231
v -2.364364 -2.574146 1.204228
v -2.461891 -2.667398 1.204228
v -2.457905 -2.673437 1.201231
v -2.454482 -2.678622 1.196463
v -2.451855 -2.682601 1.190250
v -2.450204 -2.685102 1.183015
v -2.521529 -2.699491 1.204228
v -2.518685 -2.706144 1.201231
v -2.516243 -2.711857 1.196463
v -2.514370 -2.716241 1.190250
v -2.513192 -2.718997 1.183015
v -2.585939 -2.720419 1.204228
v -2.584329 -2.727473 1.201231
v -2.582947 -2.733531 1.196463
v -2.581886 -2.738179 1.190250
v -2.581219 -2.741101 1.183015
v -2.653052 -2.729510 1.204228
v -2.652727 -2.736738 1.201231
v -2.652448 -2.742945 1.196463
v -2.652234 -2.747708 1.190250
v -2.652100 -2.750702 1.183015
v -2.720709 -2.726472 1.204228
v -2.721680 -2.733642 1.201231
v -2.722514 -2.739799 1.196463
v -2.723154 -2.744523 1.190250
v -2.723556 -2.747493 1.183015
v -2.786736 -2.711402 1.204228
v -2.788972 -2.718283 1.201231
v -2.790892 -2.724192 1.196463
v -2.792365 -2.728726 1.190250
v -2.793291 -2.731576 1.183015
v -2.849011 -2.684784 1.204228
v -2.852439 -2.691155 1.201231
v -2.855384 -2.696627 1.196463
v -2.857643 -2.700825 1.190250
v -2.859063 -2.703464 1.183015
v -2.905532 -2.647474 1.204228
v -2.910044 -2.653131 1.201231
v -2.913917 -2.657989 1.196463
v -2.916890 -2.661716 1.190250
v -2.918759 -2.664059 1.183015
v -2.954484 -2.600672 1.204228
v -2.959933 -2.605432 1.201231
v -2.964612 -2.609520 1.196463
v -2.968202 -2.612657 1.190250
v -2.970459 -2.614629 1.183015
v -2.270000 -2.352126 0.305250
v -2.276428 -2.280703 0.305250
v -2.295506 -2.211576 0.305250
v -2.326620 -2.146966 0.305250
v -2.368771 -2.088951 0.305250
v -2.420604 -2.039393 0.305250
v -2.480453 -1.999888 0.305250
v -2.546393 -1.971703 0.305250
v -2.616307 -1.955746 0.305250
v -2.687946 -1.952529 0.305250
v -2.759008 -1.962155 0.305250
v -2.827210 -1.984315 0.305250
v -2.890359 -2.018297 0.305250
v -2.946425 -2.063008 0.305250
v -2.993607 -2.117012 0.305250
v -3.030388 -2.178573 0.305250
v -3.055585 -2.245711 0.305250
v -3.068390 -2.316270 0.305250
v -3.068390 -2.387982 0.305250
v -3.055585 -2.458541 0.305250
v -3.030388 -2.525680 0.305250
v -2.993607 -2.587240 0.305250
v -2.946425 -2.641244 0.305250
v -2.890359 -2.685955 0.305250
v -2.827210 -2.719937 0.305250
v -2.759008 -2.742097 0.305250
v -2.687946 -2.751723 0.305250
v -2.616307 -2.748506 0.305250
v -2.546393 -2.732549 0.305250
v -2.480453 -2.704364 0.305250
v -2.420604 -2.664859 0.305250
v -2.368771 -2.615302 0.305250
v -2.326620 -2.557286 0.305250
v -2.295506 -2.492676 0.305250
v -2.276428 -2.423549 0.305250
v -2.891396 -1.937126 0.185250
v -2.715000 -1.937126 0.185250
v -2.715000 -2.142126 0.185250
v -2.713467 -2.153773 0.185250
v -2.708971 -2.164626 0.185250
v -2.701820 -2.173946 0.185250
v -2.692500 -2.181097 0.185250
v -2.681647 -2.185593 0.185250
v -2.670000 -2.187126 0.185250
v -2.658353 -2.185593 0.185250
v -2.647500 -2.181097 0.185250
v -2.638180 -2.173946 0.185250
v -2.631029 -2.164626 0.185250
v -2.626533 -2.153773 0.185250
v -2.625000 -2.142126 0.185250
v -2.625000 -1.937126 0.185250
v -2.448604 -1.937126 0.185250
v -2.255000 -2.130730 0.185250
v -2.255000 -2.767126 0.185250
v -2.625000 -2.767126 0.185250
v -2.625000 -2.542126 0.185250
v -2.626533 -2.530479 0.185250
v -2.631029 -2.519626 0.185250
v -2.638180 -2.510306 0.185250
v -2.647500 -2.503155 0.185250
v -2.658353 -2.498659 0.185250
v -2.670000 -2.497126 0.185250
v -2.681647 -2.498659 0.185250
v -2.692500 -2.503155 0.185250
v -2.701820 -2.510306 0.185250
v -2.708971 -2.519626 0.185250
v -2.713467 -2.530479 0.185250
v -2.715000 -2.542126 0.185250
v -2.715000 -2.767126 0.185250
v -3.085000 -2.767126 0.185250
v -3.085000 -2.130730 0.185250
v -2.255000 -2.130730 0.305250
v -2.255000 -2.767126 0.305250
v -2.891396 -1.937126 0.305250
v -2.448604 -1.937126 0.305250
v -3.085000 -2.767126 0.305250
v -3.085000 -2.130730 0.305250
v -2.715000 -2.837126 0.185250
v -2.625000 -2.837126 0.185250
v -2.715000 -2.837126 0.155250
v -2.625000 -2.837126 0.155250
v -2.625000 -2.542126 0.155250
v -2.626533 -2.530479 0.155250
v -2.631029 -2.519626 0.155250
v -2.638180 -2.510306 0.155250
v -2.647500 -2.503155 0.155250
v -2.658353 -2.498659 0.155250
v -2.670000 -2.497126 0.155250
v -2.681647 -2.498659 0.155250
v -2.692500 -2.503155 0.155250
v -2.701820 -2.510306 0.155250
v -2.708971 -2.519626 0.155250
v -2.713467 -2.530479 0.155250
v -2.715000 -2.542126 0.155250
v -2.715000 -1.847126 0.185250
v -2.625000 -1.847126 0.185250
v -2.625000 -1.847126 0.155250
v -2.715000 -1.847126 0.155250
v -2.715000 -2.142126 0.155250
v -2.713467 -2.153773 0.155250
v -2.708971 -2.164626 0.155250
v -2.701820 -2.173946 0.155250
v -2.692500 -2.181097 0.155250
v -2.681647 -2.185593 0.155250
v -2.670000 -2.187126 0.155250
v -2.658353 -2.185593 0.155250
v -2.647500 -2.181097 0.155250
v -2.638180 -2.173946 0.155250
v -2.631029 -2.164626 0.155250
v -2.626533 -2.153773 0.155250
v -2.625000 -2.142126 0.155250
vt 0.047124 1.128516 0.000000
vt 0.039270 1.088572 0.000000
vt 0.047124 1.057013 0.000000
vt 0.039270 1.018341 0.000000
vt 0.047124 0.983263 0.000000
vt 0.039270 0.948111 0.000000
vt 0.047124 0.909514 0.000000
vt 0.039270 0.877880 0.000000
vt 0.047124 0.835765 0.000000
vt 0.039270 0.807650 0.000000
vt 0.047124 0.762015 0.000000
vt 0.039270 0.737420 0.000000
vt 0.047124 0.688266 0.000000
vt 0.039270 0.667189 0.000000
vt 0.047124 0.614516 0.000000
vt 0.039270 0.596959 0.000000
vt 0.047124 0.540767 0.000000
vt 0.039270 0.526728 0.000000
vt 0.047124 0.467017 0.000000
vt 0.039270 0.456498 0.000000
vt 0.047124 0.393268 0.000000
vt 0.039270 0.386267 0.000000
vt 0.047124 0.319519 0.000000
vt 0.039270 0.316037 0.000000
vt 0.047124 0.245769 0.000000
vt 0.039270 0.245775 0.000000
vt 0.039270 0.175576 0.000000
vt 0.031416 0.175576 0.000000
vt 0.039270 0.105346 0.000000
vt 0.031416 0.105346 0.000000
vt 0.039270 0.035115 0.000000
vt 0.031416 0.035115 0.000000
vt 0.039270 -0.035115 0.000000
vt 0.031416 -0.035115 0.000000
vt 0.039270 -0.105346 0.000000
vt 0.031416 -0.105346 0.000000
vt 0.039270 -0.175576 0.000000
vt 0.031416 -0.175576 0.000000
vt 0.039270 -0.245807 0.000000
vt 0.031416 -0.245807 0.000000
vt 0.039270 -0.316037 0.000000
vt 0.031416 -0.316037 0.000000
vt 0.039270 -0.386267 0.000000
vt 0.031416 -0.386267 0.000000
vt 0.039270 -0.456498 0.000000
vt 0.031416 -0.456498 0.000000
vt 0.039270 -0.526728 0.000000
vt 0.031416 -0.526728 0.000000
vt 0.039270 -0.596959 0.000000
vt 0.031416 -0.596959 0.000000
vt 0.039270 -0.667189 0.000000
vt 0.031416 -0.667189 0.000000
vt 0.039270 -0.737420 0.000000
vt 0.031416 -0.737420 0.000000
vt 0.039270 -0.807650 0.000000
vt 0.031416 -0.807650 0.000000
vt 0.039270 -0.877880 0.000000
vt 0.031416 -0.877880 0.000000
vt 0.039270 -0.948111 0.000000
vt 0.031416 -0.948111 0.000000
vt 0.039270 -1.018341 0.000000
vt 0.031416 -1.018341 0.000000
vt 0.039270 -1.088572 0.000000
vt 0.031416 -1.088572 0.000000
vt 0.039270 -1.158802 0.000000
vt 0.031416 -1.158802 0.000000
vt 0.039270 -1.229033 0.000000
vt 0.031416 -1.229033 0.000000
vt 0.039270 1.229033 0.000000
vt 0.031416 1.229033 0.000000
vt 0.039270 1.158802 0.000000
vt 0.031416 1.158802 0.000000
vt 0.031416 1.088572 0.000000
vt 0.031416 1.018341 0.000000
vt 0.031416 0.948111 0.000000
vt 0.031416 0.877880 0.000000
vt 0.031416 0.807650 0.000000
vt 0.031416 0.737420 0.000000
vt 0.031416 0.667189 0.000000
vt 0.031416 0.596959 0.000000
vt 0.031416 0.526728 0.000000
vt 0.031416 0.456498 0.000000
vt 0.031416 0.386267 0.000000
vt 0.031416 0.316037 0.000000
vt 0.031416 0.245782 0.000000
vt 0.023562 0.245788 0.000000
vt 0.023562 0.175576 0.000000
vt 0.015708 0.175576 0.000000
vt 0.023562 0.105346 0.000000
vt 0.015708 0.105346 0.000000
vt 0.023562 0.035115 0.000000
vt 0.015708 0.035115 0.000000
vt 0.023562 -0.035115 0.000000
vt 0.015708 -0.035115 0.000000
vt 0.023562 -0.105346 0.000000
vt 0.015708 -0.105346 0.000000
vt 0.023562 -0.175576 0.000000
vt 0.015708 -0.175576 0.000000
vt 0.023562 -0.245807 0.000000
vt 0.015708 -0.245807 0.000000
vt 0.023562 -0.316037 0.000000
vt 0.015708 -0.316037 0.000000
vt 0.023562 -0.386267 0.000000
vt 0.015708 -0.386267 0.000000
vt 0.023562 -0.456498 0.000000
vt 0.015708 -0.456498 0.000000
vt 0.023562 -0.526728 0.000000
vt 0.015708 -0.526728 0.000000
vt 0.023562 -0.596959 0.000000
vt 0.015708 -0.596959 0.000000
vt 0.023562 -0.667189 0.000000
vt 0.015708 -0.667189 0.000000
vt 0.023562 -0.737420 0.000000
vt 0.015708 -0.737420 0.000000
vt 0.023562 -0.807650 0.000000
vt 0.015708 -0.807650 0.000000
vt 0.023562 -0.877880 0.000000
vt 0.015708 -0.877880 0.000000
vt 0.023562 -0.948111 0.000000
vt 0.015708 -0.948111 0.000000
vt 0.023562 -1.018341 0.000000
vt 0.015708 -1.018341 0.000000
vt 0.023562 -1.088572 0.000000
vt 0.015708 -1.088572 0.000000
vt 0.023562 -1.158802 0.000000
vt 0.015708 -1.158802 0.000000
vt 0.023562 -1.229033 0.000000
vt 0.015708 -1.229033 0.000000
vt 0.023562 1.229033 0.000000
vt 0.015708 1.229033 0.000000
vt 0.023562 1.158802 0.000000
vt 0.015708 1.158802 0.000000
vt 0.023562 1.088572 0.000000
vt 0.015708 1.088572 0.000000
vt 0.023562 1.018341 0.000000
vt 0.015708 1.018341 0.000000
vt 0.023562 0.948111 0.000000
vt 0.015708 0.948111 0.000000
vt 0.023562 0.877880 0.000000
vt 0.015708 0.877880 0.000000
vt 0.023562 0.807650 0.000000
vt 0.015708 0.807650 0.000000
vt 0.023562 0.737420 0.000000
vt 0.015708 0.737420 0.000000
vt 0.023562 0.667189 0.000000
vt 0.015708 0.667189 0.000000
vt 0.023562 0.596959 0.000000
vt 0.015708 0.596959 0.000000
vt 0.023562 0.526728 0.000000
vt 0.015708 0.526728 0.000000
vt 0.023562 0.456498 0.000000
vt 0.015708 0.456498 0.000000
vt 0.023562 0.386267 0.000000
vt 0.015708 0.386267 0.000000
vt 0.023562 0.316037 0.000000
vt 0.015708 0.316037 0.000000
vt 0.015708 0.245794 0.000000
vt 0.007854 0.245800 0.000000
vt 0.007854 0.175576 0.000000
vt 0.000000 0.210691 0.000000
vt 0.000000 0.140461 0.000000
vt 0.047124 1.200019 0.000000
vt 0.047124 -1.258046 0.000000
vt 0.047124 -1.186542 0.000000
vt 0.047124 -1.115039 0.000000
vt 0.047124 -1.043536 0.000000
vt 0.047124 -0.972033 0.000000
vt 0.047124 -0.900529 0.000000
vt 0.047124 -0.829026 0.000000
vt 0.047124 -0.757523 0.000000
vt 0.047124 -0.686020 0.000000
vt 0.047124 -0.614516 0.000000
vt 0.047124 -0.543013 0.000000
vt 0.047124 -0.471510 0.000000
vt 0.047124 -0.400006 0.000000
vt 0.047124 -0.328503 0.000000
vt 0.047124 -0.257000 0.000000
vt 0.047124 -0.185497 0.000000
vt 0.047124 -0.113993 0.000000
vt 0.047124 -0.042490 0.000000
vt 0.047124 0.029013 0.000000
vt 0.047124 0.100516 0.000000
vt 0.047124 0.172020 0.000000
vt -0.000000 -0.070230 0.000000
vt 0.007854 -0.035115 0.000000
vt -0.000000 -0.000000 0.000000
vt 0.007854 0.035115 0.000000
vt 0.000000 0.070230 0.000000
vt 0.007854 0.105346 0.000000
vt 0.007854 -0.105346 0.000000
vt -0.000000 -0.140461 0.000000
vt 0.007854 -0.175576 0.000000
vt -0.000000 -0.210691 0.000000
vt 0.007854 -0.245807 0.000000
vt -0.000000 -0.280922 0.000000
vt 0.007854 -0.316037 0.000000
vt -0.000000 -0.351152 0.000000
vt 0.007854 -0.386267 0.000000
vt -0.000000 -0.421383 0.000000
vt 0.007854 -0.456498 0.000000
vt -0.000000 -0.491613 0.000000
vt 0.007854 -0.526728 0.000000
vt -0.000000 -0.561843 0.000000
vt 0.007854 -0.596959 0.000000
vt -0.000000 -0.632074 0.000000
vt 0.007854 -0.667189 0.000000
vt -0.000000 -0.702304 0.000000
vt 0.007854 -0.737420 0.000000
vt -0.000000 -0.772535 0.000000
vt 0.007854 -0.807650 0.000000
vt -0.000000 -0.842765 0.000000
vt 0.007854 -0.877880 0.000000
vt -0.000000 -0.912996 0.000000
vt 0.007854 -0.948111 0.000000
vt -0.000000 -0.983226 0.000000
vt 0.007854 -1.018341 0.000000
vt -0.000000 -1.053456 0.000000
vt 0.007854 -1.088572 0.000000
vt -0.000000 -1.123687 0.000000
vt 0.007854 -1.158802 0.000000
vt -0.000000 -1.193917 0.000000
vt 0.007854 -1.229033 0.000000
vt 0.007854 1.229033 0.000000
vt 0.000000 1.264148 0.000000
vt -0.000000 1.193917 0.000000
vt 0.007854 1.158802 0.000000
vt -0.000000 1.123687 0.000000
vt 0.007854 1.088572 0.000000
vt -0.000000 1.053456 0.000000
vt 0.007854 1.018341 0.000000
vt -0.000000 0.983226 0.000000
vt 0.007854 0.948111 0.000000
vt -0.000000 0.912996 0.000000
vt 0.007854 0.877880 0.000000
vt -0.000000 0.842765 0.000000
vt 0.007854 0.807650 0.000000
vt -0.000000 0.772535 0.000000
vt 0.007854 0.737420 0.000000
vt -0.000000 0.702304 0.000000
vt 0.007854 0.667189 0.000000
vt -0.000000 0.632074 0.000000
vt 0.007854 0.596959 0.000000
vt 0.000000 0.561843 0.000000
vt 0.007854 0.526728 0.000000
vt 0.000000 0.491613 0.000000
vt 0.007854 0.456498 0.000000
vt 0.000000 0.421383 0.000000
vt 0.007854 0.386267 0.000000
vt 0.000000 0.351152 0.000000
vt 0.007854 0.316037 0.000000
vt 0.000000 0.280922 0.000000
vt -1.307939 -1.184829 0.000000
vt -2.177939 -1.184829 0.000000
vt -1.307939 -1.256637 0.000000
vt -2.177939 -1.256637 0.000000
vt -1.307939 1.256637 0.000000
vt -2.177939 1.256637 0.000000
vt -1.307939 1.184829 0.000000
vt -2.177939 1.184829 0.000000
vt -1.307939 1.113021 0.000000
vt -2.177939 1.113021 0.000000
vt -1.307939 1.041214 0.000000
vt -2.177939 1.041214 0.000000
vt -1.307939 0.969406 0.000000
vt -2.177939 0.969406 0.000000
vt -1.307939 0.897598 0.000000
vt -2.177939 0.897598 0.000000
vt -1.307939 0.825790 0.000000
vt -2.177939 0.825790 0.000000
vt -1.307939 0.753982 0.000000
vt -2.177939 0.753982 0.000000
vt -1.307939 0.682174 0.000000
vt -2.177939 0.682174 0.000000
vt -1.307939 0.610367 0.000000
vt -2.177939 0.610367 0.000000
vt -1.307939 0.538559 0.000000
vt -2.177939 0.538559 0.000000
vt -1.307939 0.466751 0.000000
vt -2.177939 0.466751 0.000000
vt -1.307939 0.394943 0.000000
vt -2.177939 0.394943 0.000000
vt -1.307939 0.323135 0.000000
vt -2.177939 0.323135 0.000000
vt -1.307939 0.251327 0.000000
vt -2.177939 0.251327 0.000000
vt -1.307939 0.179520 0.000000
vt -2.177939 0.179520 0.000000
vt -1.307939 0.107712 0.000000
vt -2.177939 0.107712 0.000000
vt -1.307939 0.035904 0.000000
vt -2.177939 0.035904 0.000000
vt -1.307939 -0.035904 0.000000
vt -2.177939 -0.035904 0.000000
vt -1.307939 -0.107712 0.000000
vt -2.177939 -0.107712 0.000000
vt -1.307939 -0.179520 0.000000
vt -2.177939 -0.179520 0.000000
vt -1.307939 -0.251327 0.000000
vt -2.177939 -0.251327 0.000000
vt -1.307939 -0.323135 0.000000
vt -2.177939 -0.323135 0.000000
vt -1.307939 -0.394943 0.000000
vt -2.177939 -0.394943 0.000000
vt -1.307939 -0.466751 0.000000
vt -2.177939 -0.466751 0.000000
vt -1.307939 -0.538559 0.000000
vt -2.177939 -0.538559 0.000000
vt -1.307939 -0.610367 0.000000
vt -2.177939 -0.610367 0.000000
vt -1.307939 -0.682174 0.000000
vt -2.177939 -0.682174 0.000000
vt -1.307939 -0.753982 0.000000
vt -2.177939 -0.753982 0.000000
vt -1.307939 -0.825790 0.000000
vt -2.177939 -0.825790 0.000000
vt -1.307939 -0.897598 0.000000
vt -2.177939 -0.897598 0.000000
vt -1.307939 -0.969406 0.000000
vt -2.177939 -0.969406 0.000000
vt -1.307939 -1.041214 0.000000
vt -2.177939 -1.041214 0.000000
vt -1.307939 -1.113021 0.000000
vt -2.177939 -1.113021 0.000000
vt 0.334804 -0.157500 0.000000
vt -0.334804 -0.157500 0.000000
vt 0.357854 -0.220976 0.000000
vt -0.357854 -0.220976 0.000000
vt 0.368983 -0.287585 0.000000
vt -0.368983 -0.287585 0.000000
vt 0.367820 -0.355107 0.000000
vt -0.367820 -0.355107 0.000000
vt 0.354403 -0.421293 0.000000
vt -0.354403 -0.421293 0.000000
vt 0.329181 -0.483938 0.000000
vt -0.329181 -0.483938 0.000000
vt 0.292992 -0.540955 0.000000
vt -0.292992 -0.540955 0.000000
vt 0.247043 -0.590445 0.000000
vt -0.247043 -0.590445 0.000000
vt 0.192864 -0.630759 0.000000
vt -0.192864 -0.630759 0.000000
vt 0.132260 -0.660554 0.000000
vt -0.132260 -0.660554 0.000000
vt 0.067250 -0.678837 0.000000
vt -0.067250 -0.678837 0.000000
vt -0.000000 -0.685000 0.000000
vt -0.045000 -0.730000 0.000000
vt -0.045000 -0.525000 0.000000
vt -0.221396 -0.730000 0.000000
vt -0.415000 -0.536396 0.000000
vt -0.043467 -0.513353 0.000000
vt -0.038971 -0.502500 0.000000
vt -0.031820 -0.493180 0.000000
vt -0.031820 -0.156820 0.000000
vt -0.038971 -0.147500 0.000000
vt -0.022500 -0.486029 0.000000
vt -0.022500 -0.163971 0.000000
vt -0.011647 -0.481533 0.000000
vt -0.011647 -0.168467 0.000000
vt 0.000000 -0.170000 0.000000
vt 0.000000 -0.480000 0.000000
vt 0.011647 -0.481533 0.000000
vt 0.022500 -0.486029 0.000000
vt 0.022500 -0.163971 0.000000
vt 0.011647 -0.168467 0.000000
vt 0.031820 -0.156820 0.000000
vt 0.031820 -0.493180 0.000000
vt 0.415000 -0.536396 0.000000
vt 0.038971 -0.502500 0.000000
vt 0.043467 -0.513353 0.000000
vt 0.045000 -0.525000 0.000000
vt 0.221396 -0.730000 0.000000
vt 0.045000 -0.730000 0.000000
vt 0.415000 0.100000 0.000000
vt 0.043467 -0.136647 0.000000
vt 0.038971 -0.147500 0.000000
vt 0.045000 0.100000 0.000000
vt 0.045000 -0.125000 0.000000
vt -0.043467 -0.136647 0.000000
vt -0.415000 0.100000 0.000000
vt -0.045000 -0.125000 0.000000
vt -0.045000 0.100000 0.000000
vt -1.020000 0.193604 0.000000
vt -0.900000 0.193604 0.000000
vt -1.020000 0.830000 0.000000
vt -0.900000 0.830000 0.000000
vt 1.020000 -0.193604 0.000000
vt 0.900000 -0.193604 0.000000
vt 1.020000 -0.370000 0.000000
vt 0.900000 -0.636396 0.000000
vt 1.020000 -0.460000 0.000000
vt 1.020000 -0.636396 0.000000
vt 0.900000 -0.636396 0.000000
vt 1.020000 -0.636396 0.000000
vt 0.900000 0.000000 0.000000
vt 1.020000 0.000000 0.000000
vt -1.020000 0.000000 0.000000
vt -0.900000 0.000000 0.000000
vt -1.020000 0.370000 0.000000
vt -1.020000 0.460000 0.000000
vt -0.900000 0.830000 0.000000
vt -1.020000 0.830000 0.000000
vt -0.415000 -0.536396 0.000000
vt -0.400000 -0.315000 0.000000
vt -0.415000 0.100000 0.000000
vt -0.393572 -0.243577 0.000000
vt -0.374494 -0.174450 0.000000
vt -0.221396 -0.730000 0.000000
vt -0.301229 -0.578175 0.000000
vt -0.343380 -0.520160 0.000000
vt -0.374494 -0.455550 0.000000
vt 0.221396 -0.730000 0.000000
vt 0.017946 -0.714597 0.000000
vt -0.053693 -0.711380 0.000000
vt -0.123607 -0.695423 0.000000
vt 0.415000 -0.536396 0.000000
vt 0.276425 -0.604118 0.000000
vt 0.220359 -0.648829 0.000000
vt 0.157210 -0.682811 0.000000
vt 0.415000 0.100000 0.000000
vt 0.398390 -0.279144 0.000000
vt 0.398390 -0.350856 0.000000
vt 0.385585 -0.421415 0.000000
vt 0.017946 0.084597 0.000000
vt 0.089008 0.074971 0.000000
vt 0.157210 0.052811 0.000000
vt -0.343380 -0.109840 0.000000
vt -0.301229 -0.051825 0.000000
vt -0.249396 -0.002267 0.000000
vt -0.189547 0.037238 0.000000
vt -0.123607 0.065423 0.000000
vt -0.053693 0.081380 0.000000
vt 0.220359 0.018829 0.000000
vt 0.276425 -0.025882 0.000000
vt 0.323607 -0.079886 0.000000
vt 0.360388 -0.141447 0.000000
vt 0.385585 -0.208585 0.000000
vt 0.360388 -0.488553 0.000000
vt 0.323607 -0.550114 0.000000
vt 0.089008 -0.704971 0.000000
vt -0.189547 -0.667238 0.000000
vt -0.249396 -0.627733 0.000000
vt -0.393572 -0.386423 0.000000
vt -0.334804 -0.157500 0.000000
vt 0.334804 -0.157500 0.000000
vt -0.299357 -0.097548 0.000000
vt 0.299357 -0.097548 0.000000
vt -0.253303 -0.045301 0.000000
vt 0.253303 -0.045301 0.000000
vt -0.198274 -0.002610 0.000000
vt 0.198274 -0.002610 0.000000
vt -0.136219 0.029012 0.000000
vt 0.136219 0.029012 0.000000
vt -0.069338 0.048445 0.000000
vt 0.069338 0.048445 0.000000
vt 0.000000 0.055000 0.000000
vt 0.273797 0.120000 0.000000
vt -0.000000 0.120000 0.000000
vt 0.273797 0.000000 0.000000
vt -0.000000 0.000000 0.000000
vt 0.273797 0.120000 0.000000
vt -0.000000 0.120000 0.000000
vt 0.273797 0.000000 0.000000
vt -0.000000 0.000000 0.000000
vt -0.045000 0.225000 0.000000
vt 0.045000 0.225000 0.000000
vt -0.045000 0.295000 0.000000
vt 0.045000 0.295000 0.000000
vt 0.381710 0.000000 0.000000
vt 0.351710 0.000000 0.000000
vt 0.381710 -0.090000 0.000000
vt 0.351710 -0.090000 0.000000
vt -0.000000 0.381710 0.000000
vt -0.000000 0.351710 0.000000
vt 0.070000 0.381710 0.000000
vt 0.295000 0.351710 0.000000
vt 0.295000 0.381710 0.000000
vt -0.381710 -0.141372 0.000000
vt -0.351710 -0.141372 0.000000
vt -0.381710 -0.129591 0.000000
vt -0.351710 -0.129591 0.000000
vt -0.381710 -0.117810 0.000000
vt -0.351710 -0.117810 0.000000
vt -0.381710 -0.106029 0.000000
vt -0.351710 -0.106029 0.000000
vt -0.381710 -0.094248 0.000000
vt -0.351710 -0.094248 0.000000
vt -0.381710 -0.082467 0.000000
vt -0.351710 -0.082467 0.000000
vt -0.381710 -0.070686 0.000000
vt -0.351710 -0.070686 0.000000
vt -0.381710 -0.058905 0.000000
vt -0.351710 -0.058905 0.000000
vt -0.381710 -0.047124 0.000000
vt -0.351710 -0.047124 0.000000
vt -0.381710 -0.035343 0.000000
vt -0.351710 -0.035343 0.000000
vt -0.381710 -0.023562 0.000000
vt -0.351710 -0.023562 0.000000
vt -0.381710 -0.011781 0.000000
vt -0.351710 -0.011781 0.000000
vt -0.381710 0.000000 0.000000
vt -0.351710 0.000000 0.000000
vt -0.295000 0.381710 0.000000
vt -0.295000 0.351710 0.000000
vt -0.070000 0.381710 0.000000
vt -0.000000 0.351710 0.000000
vt -0.000000 0.381710 0.000000
vt -0.043467 -0.136647 0.000000
vt -0.038971 -0.147500 0.000000
vt -0.045000 -0.125000 0.000000
vt -0.031820 -0.156820 0.000000
vt -0.022500 -0.163971 0.000000
vt -0.045000 0.170000 0.000000
vt -0.011647 -0.168467 0.000000
vt 0.000000 -0.170000 0.000000
vt 0.045000 0.170000 0.000000
vt 0.011647 -0.168467 0.000000
vt 0.022500 -0.163971 0.000000
vt 0.045000 -0.125000 0.000000
vt 0.031820 -0.156820 0.000000
vt 0.038971 -0.147500 0.000000
vt 0.043467 -0.136647 0.000000
vt 0.045000 -0.205000 0.000000
vt -0.045000 -0.205000 0.000000
vt 0.045000 -0.295000 0.000000
vt -0.045000 -0.295000 0.000000
vt -0.381710 -0.090000 0.000000
vt -0.351710 -0.090000 0.000000
vt -0.381710 0.000000 0.000000
vt -0.351710 0.000000 0.000000
vt -0.295000 0.381710 0.000000
vt -0.295000 0.351710 0.000000
vt -0.205000 0.381710 0.000000
vt -0.000000 0.351710 0.000000
vt -0.000000 0.381710 0.000000
vt -0.381710 0.000000 0.000000
vt -0.351710 0.000000 0.000000
vt -0.381710 0.011781 0.000000
vt -0.351710 0.011781 0.000000
vt -0.381710 0.023562 0.000000
vt -0.351710 0.023562 0.000000
vt -0.381710 0.035343 0.000000
vt -0.351710 0.035343 0.000000
vt -0.381710 0.047124 0.000000
vt -0.351710 0.047124 0.000000
vt -0.381710 0.058905 0.000000
vt -0.351710 0.058905 0.000000
vt -0.381710 0.070686 0.000000
vt -0.351710 0.070686 0.000000
vt -0.381710 0.082467 0.000000
vt -0.351710 0.082467 0.000000
vt -0.381710 0.094248 0.000000
vt -0.351710 0.094248 0.000000
vt -0.381710 0.106029 0.000000
vt -0.351710 0.106029 0.000000
vt -0.381710 0.117810 0.000000
vt -0.351710 0.117810 0.000000
vt -0.381710 0.129591 0.000000
vt -0.351710 0.129591 0.000000
vt -0.381710 0.141372 0.000000
vt -0.351710 0.141372 0.000000
vt -0.000000 0.381710 0.000000
vt -0.000000 0.351710 0.000000
vt 0.205000 0.381710 0.000000
vt 0.295000 0.351710 0.000000
vt 0.295000 0.381710 0.000000
vt 0.043467 -0.513353 0.000000
vt 0.038971 -0.502500 0.000000
vt 0.045000 -0.525000 0.000000
vt 0.031820 -0.493180 0.000000
vt 0.022500 -0.486029 0.000000
vt 0.045000 -0.820000 0.000000
vt 0.011647 -0.481533 0.000000
vt 0.000000 -0.480000 0.000000
vt -0.045000 -0.820000 0.000000
vt -0.011647 -0.481533 0.000000
vt -0.022500 -0.486029 0.000000
vt -0.045000 -0.525000 0.000000
vt -0.031820 -0.493180 0.000000
vt -0.038971 -0.502500 0.000000
vt -0.043467 -0.513353 0.000000
vn -0.000000 -0.000000 1.000000
vn -0.242315 -0.090942 0.965926
vn -0.000000 -0.000000 1.000000
vn -0.222183 -0.132748 0.965926
vn -0.000000 -0.000000 1.000000
vn -0.194909 -0.170287 0.965926
vn -0.000000 -0.000000 1.000000
vn -0.161371 -0.202353 0.965926
vn -0.000000 -0.000000 1.000000
vn -0.122646 -0.227915 0.965926
vn -0.000000 -0.000000 1.000000
vn -0.079979 -0.246152 0.965926
vn -0.000000 -0.000000 1.000000
vn -0.034742 -0.256477 0.965926
vn -0.000000 -0.000000 1.000000
vn 0.011612 -0.258558 0.965926
vn 0.000000 -0.000000 1.000000
vn 0.057593 -0.252330 0.965926
vn -0.000000 0.000000 1.000000
vn 0.101722 -0.237991 0.965926
vn 0.000000 -0.000000 1.000000
vn 0.142583 -0.216003 0.965926
vn 0.000000 -0.000000 1.000000
vn 0.178860 -0.187073 0.965926
vn 0.000000 -0.000000 1.000000
vn 0.209401 -0.152113 0.965926
vn 0.233188 -0.112297 0.965926
vn 0.450484 -0.216942 0.866025
vn 0.249492 -0.068855 0.965926
vn 0.481981 -0.133018 0.866025
vn 0.257777 -0.023200 0.965926
vn 0.497987 -0.044820 0.866025
vn 0.257777 0.023200 0.965926
vn 0.497987 0.044820 0.866025
vn 0.249492 0.068855 0.965926
vn 0.481981 0.133018 0.866025
vn 0.233188 0.112297 0.965926
vn 0.450484 0.216942 0.866025
vn 0.209389 0.152130 0.965926
vn 0.404508 0.293893 0.866025
vn 0.178860 0.187073 0.965926
vn 0.345531 0.361397 0.866025
vn 0.142583 0.216003 0.965926
vn 0.275448 0.417287 0.866025
vn 0.101722 0.237991 0.965926
vn 0.196513 0.459764 0.866025
vn 0.057593 0.252330 0.965926
vn 0.111260 0.487464 0.866025
vn 0.011612 0.258558 0.965926
vn 0.022432 0.499497 0.866025
vn -0.034742 0.256477 0.965926
vn -0.067117 0.495475 0.866025
vn -0.079979 0.246152 0.965926
vn -0.154508 0.475528 0.866025
vn -0.122646 0.227915 0.965926
vn -0.236934 0.440298 0.866025
vn -0.161371 0.202353 0.965926
vn -0.311745 0.390916 0.866025
vn -0.194909 0.170287 0.965926
vn -0.376536 0.328969 0.866025
vn -0.222183 0.132748 0.965926
vn -0.429224 0.256450 0.866025
vn -0.242315 0.090942 0.965926
vn -0.468117 0.175687 0.866025
vn -0.254660 0.046214 0.965926
vn -0.491965 0.089278 0.866025
vn -0.258819 -0.000000 0.965926
vn -0.500000 -0.000000 0.866025
vn -0.254660 -0.046214 0.965926
vn -0.491965 -0.089278 0.866025
vn -0.468117 -0.175687 0.866025
vn -0.429224 -0.256450 0.866025
vn -0.376536 -0.328969 0.866025
vn -0.311745 -0.390916 0.866025
vn -0.236934 -0.440298 0.866025
vn -0.154508 -0.475528 0.866025
vn -0.067117 -0.495475 0.866025
vn 0.022432 -0.499497 0.866025
vn 0.111260 -0.487464 0.866025
vn 0.196513 -0.459764 0.866025
vn 0.275448 -0.417287 0.866025
vn 0.345531 -0.361397 0.866025
vn 0.404527 -0.293867 0.866025
vn 0.572081 -0.415600 0.707107
vn 0.637081 -0.306802 0.707107
vn 0.780262 -0.375754 0.500000
vn 0.681625 -0.188116 0.707107
vn 0.834816 -0.230395 0.500000
vn 0.704260 -0.063385 0.707107
vn 0.862539 -0.077630 0.500000
vn 0.704260 0.063385 0.707107
vn 0.862539 0.077630 0.500000
vn 0.681625 0.188116 0.707107
vn 0.834816 0.230395 0.500000
vn 0.637081 0.306802 0.707107
vn 0.780262 0.375754 0.500000
vn 0.572061 0.415627 0.707107
vn 0.700629 0.509037 0.500000
vn 0.488655 0.511093 0.707107
vn 0.598478 0.625959 0.500000
vn 0.389543 0.590132 0.707107
vn 0.477091 0.722762 0.500000
vn 0.277911 0.650204 0.707107
vn 0.340370 0.796334 0.500000
vn 0.157346 0.689378 0.707107
vn 0.192709 0.844312 0.500000
vn 0.031724 0.706395 0.707107
vn 0.038854 0.865153 0.500000
vn -0.094917 0.700707 0.707107
vn -0.116249 0.858188 0.500000
vn -0.218508 0.672499 0.707107
vn -0.267617 0.823639 0.500000
vn -0.335076 0.622675 0.707107
vn -0.410382 0.762618 0.500000
vn -0.440874 0.552838 0.707107
vn -0.539958 0.677086 0.500000
vn -0.532502 0.465233 0.707107
vn -0.652179 0.569792 0.500000
vn -0.607015 0.362675 0.707107
vn -0.743438 0.444184 0.500000
vn -0.662018 0.248460 0.707107
vn -0.810803 0.304300 0.500000
vn -0.695743 0.126259 0.707107
vn -0.852108 0.154635 0.500000
vn -0.707107 -0.000000 0.707107
vn -0.866025 -0.000000 0.500000
vn -0.695743 -0.126259 0.707107
vn -0.852108 -0.154635 0.500000
vn -0.662018 -0.248460 0.707107
vn -0.810803 -0.304300 0.500000
vn -0.607015 -0.362675 0.707107
vn -0.743438 -0.444184 0.500000
vn -0.532502 -0.465233 0.707107
vn -0.652179 -0.569792 0.500000
vn -0.440874 -0.552838 0.707107
vn -0.539958 -0.677086 0.500000
vn -0.335076 -0.622675 0.707107
vn -0.410382 -0.762618 0.500000
vn -0.218508 -0.672499 0.707107
vn -0.267617 -0.823639 0.500000
vn -0.094917 -0.700707 0.707107
vn -0.116249 -0.858188 0.500000
vn 0.031724 -0.706395 0.707107
vn 0.038854 -0.865153 0.500000
vn 0.157346 -0.689378 0.707107
vn 0.192709 -0.844312 0.500000
vn 0.277911 -0.650204 0.707107
vn 0.340370 -0.796334 0.500000
vn 0.389543 -0.590132 0.707107
vn 0.477091 -0.722762 0.500000
vn 0.488655 -0.511093 0.707107
vn 0.598478 -0.625959 0.500000
vn 0.700645 -0.509015 0.500000
vn 0.781459 -0.567745 0.258819
vn 0.870269 -0.419100 0.258819
vn 0.858449 -0.512899 -0.000000
vn 0.936235 -0.351375 -0.000000
vn -0.000000 -0.000000 1.000000
vn -0.000000 0.000000 1.000000
vn -0.000000 0.000000 1.000000
vn 0.000000 -0.000000 1.000000
vn -0.000000 0.000000 1.000000
vn -0.000000 0.000000 1.000000
vn -0.000000 0.000000 1.000000
vn -0.000000 0.000000 1.000000
vn -0.000000 0.000000 1.000000
vn 0.000000 0.000000 1.000000
vn 0.000000 0.000000 1.000000
vn 0.000000 0.000000 1.000000
vn 0.000000 0.000000 1.000000
vn 0.000000 0.000000 1.000000
vn 0.000000 0.000000 1.000000
vn 0.000000 0.000000 1.000000
vn 0.000000 0.000000 1.000000
vn 0.000000 0.000000 1.000000
vn 0.000000 -0.000000 1.000000
vn 0.000000 -0.000000 1.000000
vn 0.000000 -0.000000 1.000000
vn 0.983930 0.178557 0.000000
vn 0.962037 0.086585 0.258819
vn 1.000000 0.000000 -0.000000
vn 0.962037 -0.086585 0.258819
vn 0.983930 -0.178557 -0.000000
vn 0.931117 -0.256972 0.258819
vn 0.931117 0.256972 0.258819
vn 0.936235 0.351375 0.000000
vn 0.870269 0.419100 0.258819
vn 0.858449 0.512899 0.000000
vn 0.781450 0.567757 0.258819
vn 0.753071 0.657939 0.000000
vn 0.667515 0.698166 0.258819
vn 0.623490 0.781831 0.000000
vn 0.532126 0.806136 0.258819
vn 0.473869 0.880596 0.000000
vn 0.379633 0.888196 0.258819
vn 0.309017 0.951057 0.000000
vn 0.214939 0.941708 0.258819
vn 0.134233 0.990950 0.000000
vn 0.043336 0.964953 0.258819
vn -0.044865 0.998993 0.000000
vn -0.129659 0.957184 0.258819
vn -0.222521 0.974928 0.000000
vn -0.298487 0.918650 0.258819
vn -0.393025 0.919528 0.000000
vn -0.457722 0.850590 0.258819
vn -0.550897 0.834573 0.000000
vn -0.602245 0.755191 0.258819
vn -0.691063 0.722795 0.000000
vn -0.727411 0.635520 0.258819
vn -0.809017 0.587785 0.000000
vn -0.829198 0.495423 0.258819
vn -0.900969 0.433884 0.000000
vn -0.904333 0.339402 0.258819
vn -0.963963 0.266037 0.000000
vn -0.950403 0.172473 0.258819
vn -0.995974 0.089639 0.000000
vn -0.965926 -0.000000 0.258819
vn -0.995974 -0.089639 0.000000
vn -0.950403 -0.172473 0.258819
vn -0.963963 -0.266037 0.000000
vn -0.904333 -0.339402 0.258819
vn -0.900969 -0.433884 0.000000
vn -0.829198 -0.495423 0.258819
vn -0.809017 -0.587785 0.000000
vn -0.727411 -0.635520 0.258819
vn -0.691063 -0.722795 0.000000
vn -0.602245 -0.755191 0.258819
vn -0.550897 -0.834573 0.000000
vn -0.457722 -0.850590 0.258819
vn -0.393025 -0.919528 0.000000
vn -0.298487 -0.918650 0.258819
vn -0.222521 -0.974928 0.000000
vn -0.129659 -0.957184 0.258819
vn -0.044865 -0.998993 0.000000
vn 0.043336 -0.964953 0.258819
vn 0.134233 -0.990950 -0.000000
vn 0.214939 -0.941708 0.258819
vn 0.309017 -0.951057 -0.000000
vn 0.379633 -0.888196 0.258819
vn 0.473869 -0.880596 -0.000000
vn 0.532126 -0.806136 0.258819
vn 0.623490 -0.781831 -0.000000
vn 0.667515 -0.698166 0.258819
vn 0.753071 -0.657939 -0.000000
vn 0.983930 0.178557 0.000000
vn 1.000000 0.000000 0.000000
vn 0.983930 -0.178557 0.000000
vn 0.936235 -0.351375 0.000000
vn 0.858449 -0.512899 0.000000
vn 0.753071 -0.657939 0.000000
vn 0.623490 -0.781831 0.000000
vn 0.473869 -0.880596 0.000000
vn 0.309017 -0.951057 0.000000
vn 0.134233 -0.990950 0.000000
vn -0.044865 -0.998993 0.000000
vn -0.222521 -0.974928 0.000000
vn -0.393025 -0.919528 0.000000
vn -0.550897 -0.834573 0.000000
vn -0.691063 -0.722795 0.000000
vn -0.809017 -0.587785 0.000000
vn -0.900969 -0.433884 0.000000
vn -0.963963 -0.266037 0.000000
vn -0.995974 -0.089639 0.000000
vn -0.995974 0.089639 0.000000
vn -0.963963 0.266037 0.000000
vn -0.900969 0.433884 0.000000
vn -0.809017 0.587785 0.000000
vn -0.691063 0.722795 0.000000
vn -0.550897 0.834573 0.000000
vn -0.393025 0.919528 0.000000
vn -0.222521 0.974928 0.000000
vn -0.044865 0.998993 0.000000
vn 0.134233 0.990950 0.000000
vn 0.309017 0.951057 0.000000
vn 0.473869 0.880596 0.000000
vn 0.623490 0.781831 0.000000
vn 0.753071 0.657939 0.000000
vn 0.858449 0.512899 0.000000
vn 0.936235 0.351375 0.000000
vn 0.000000 0.000000 1.000000
vn 0.000000 0.000000 1.000000
vn -0.000000 0.000000 -1.000000
vn -0.000000 0.000000 -1.000000
vn -0.000000 0.000000 -1.000000
vn -0.000000 0.000000 -1.000000
vn -0.000000 0.000000 -1.000000
vn -0.000000 0.000000 -1.000000
vn -0.000000 0.000000 -1.000000
vn -0.000000 0.000000 -1.000000
vn -0.000000 0.000000 -1.000000
vn -0.000000 0.000000 -1.000000
vn -0.000000 0.000000 -1.000000
vn -0.000000 0.000000 -1.000000
vn -0.000000 0.000000 -1.000000
vn -0.000000 0.000000 -1.000000
vn -0.000000 0.000000 -1.000000
vn -0.000000 0.000000 -1.000000
vn -0.000000 0.000000 -1.000000
vn -0.000000 0.000000 -1.000000
vn -0.000000 0.000000 -1.000000
vn -0.000000 0.000000 -1.000000
vn -0.000000 0.000000 -1.000000
vn -0.000000 0.000000 -1.000000
vn -0.000000 0.000000 -1.000000
vn -0.000000 0.000000 -1.000000
vn -0.000000 0.000000 -1.000000
vn -0.000000 0.000000 -1.000000
vn -0.000000 0.000000 -1.000000
vn -0.000000 0.000000 -1.000000
vn -0.000000 0.000000 -1.000000
vn -0.000000 0.000000 -1.000000
vn -0.000000 0.000000 -1.000000
vn -0.000000 0.000000 -1.000000
vn -0.000000 0.000000 -1.000000
vn -0.000000 0.000000 -1.000000
vn -0.000000 0.000000 -1.000000
vn -0.000000 0.000000 -1.000000
vn 1.000000 0.000000 -0.000000
vn 1.000000 0.000000 -0.000000
vn 1.000000 0.000000 -0.000000
vn 1.000000 0.000000 -0.000000
vn -0.000000 1.000000 0.000000
vn -0.000000 1.000000 0.000000
vn -0.000000 1.000000 0.000000
vn -0.000000 1.000000 0.000000
vn -0.000000 1.000000 0.000000
vn -0.000000 1.000000 0.000000
vn -1.000000 -0.000000 0.000000
vn -1.000000 -0.000000 0.000000
vn -1.000000 -0.000000 0.000000
vn -1.000000 -0.000000 0.000000
vn 0.000000 -1.000000 0.000000
vn 0.000000 -1.000000 0.000000
vn 0.000000 -1.000000 0.000000
vn 0.000000 -1.000000 0.000000
vn 0.000000 -1.000000 0.000000
vn 0.000000 -1.000000 0.000000
vn 0.000000 0.000000 1.000000
vn 0.000000 0.000000 1.000000
vn 0.000000 0.000000 1.000000
vn 0.000000 0.000000 1.000000
vn 0.000000 0.000000 1.000000
vn 0.000000 0.000000 1.000000
vn 0.000000 0.000000 1.000000
vn 0.000000 0.000000 1.000000
vn 0.000000 0.000000 1.000000
vn 0.000000 0.000000 1.000000
vn 0.000000 0.000000 1.000000
vn 0.000000 0.000000 1.000000
vn 0.000000 0.000000 1.000000
vn 0.000000 0.000000 1.000000
vn 0.000000 0.000000 1.000000
vn 0.000000 0.000000 1.000000
vn 0.000000 0.000000 1.000000
vn 0.000000 0.000000 1.000000
vn 0.000000 0.000000 1.000000
vn 0.000000 0.000000 1.000000
vn 0.000000 0.000000 1.000000
vn 0.000000 0.000000 1.000000
vn 0.000000 0.000000 1.000000
vn 0.000000 0.000000 1.000000
vn 0.000000 0.000000 1.000000
vn 0.000000 0.000000 1.000000
vn 0.000000 0.000000 1.000000
vn 0.000000 0.000000 1.000000
vn 0.000000 0.000000 1.000000
vn 0.000000 0.000000 1.000000
vn 0.000000 0.000000 1.000000
vn 0.000000 0.000000 1.000000
vn 0.000000 0.000000 1.000000
vn 0.000000 0.000000 1.000000
vn 0.000000 0.000000 1.000000
vn 0.000000 0.000000 1.000000
vn 0.000000 0.000000 1.000000
vn 0.000000 0.000000 1.000000
vn 0.000000 0.000000 1.000000
vn 0.000000 0.000000 1.000000
vn 0.000000 0.000000 1.000000
vn -0.707107 0.707107 0.000000
vn -0.707107 0.707107 0.000000
vn -0.707107 0.707107 0.000000
vn -0.707107 0.707107 0.000000
vn 0.707107 0.707107 0.000000
vn 0.707107 0.707107 0.000000
vn 0.707107 0.707107 0.000000
vn 0.707107 0.707107 0.000000
vn 0.000000 0.000000 1.000000
vn 0.000000 0.000000 1.000000
vn 0.000000 0.000000 1.000000
vn 0.000000 0.000000 1.000000
vn 0.000000 -1.000000 0.000000
vn 0.000000 -1.000000 0.000000
vn 0.000000 -1.000000 0.000000
vn 0.000000 -1.000000 0.000000
vn 1.000000 0.000000 0.000000
vn 1.000000 0.000000 0.000000
vn 1.000000 0.000000 0.000000
vn 1.000000 0.000000 0.000000
vn 1.000000 0.000000 0.000000
vn 0.965926 0.258819 0.000000
vn 0.965926 0.258819 0.000000
vn 0.866025 0.500000 0.000000
vn 0.866025 0.500000 0.000000
vn 0.707107 0.707107 0.000000
vn 0.707107 0.707107 0.000000
vn 0.500000 0.866025 0.000000
vn 0.500000 0.866025 0.000000
vn 0.258819 0.965926 0.000000
vn 0.258819 0.965926 0.000000
vn 0.000000 1.000000 0.000000
vn -0.000000 1.000000 0.000000
vn -0.258819 0.965926 0.000000
vn -0.258819 0.965926 0.000000
vn -0.500000 0.866025 0.000000
vn -0.500000 0.866025 0.000000
vn -0.707107 0.707107 0.000000
vn -0.707107 0.707107 0.000000
vn -0.866025 0.500000 0.000000
vn -0.866025 0.500000 0.000000
vn -0.965926 0.258819 0.000000
vn -0.965926 0.258819 0.000000
vn -1.000000 -0.000000 0.000000
vn -1.000000 -0.000000 0.000000
vn -1.000000 0.000000 0.000000
vn -1.000000 0.000000 0.000000
vn -1.000000 0.000000 0.000000
vn 0.000000 0.000000 -1.000000
vn 0.000000 0.000000 -1.000000
vn 0.000000 0.000000 -1.000000
vn 0.000000 0.000000 -1.000000
vn 0.000000 0.000000 -1.000000
vn 0.000000 0.000000 -1.000000
vn 0.000000 0.000000 -1.000000
vn 0.000000 0.000000 -1.000000
vn 0.000000 0.000000 -1.000000
vn 0.000000 0.000000 -1.000000
vn 0.000000 0.000000 -1.000000
vn 0.000000 0.000000 -1.000000
vn 0.000000 0.000000 -1.000000
vn 0.000000 0.000000 -1.000000
vn 0.000000 0.000000 -1.000000
vn 0.000000 0.000000 1.000000
vn 0.000000 0.000000 1.000000
vn 0.000000 0.000000 1.000000
vn 0.000000 0.000000 1.000000
vn -0.000000 1.000000 0.000000
vn -0.000000 1.000000 0.000000
vn -0.000000 1.000000 0.000000
vn -0.000000 1.000000 0.000000
vn -1.000000 -0.000000 0.000000
vn -1.000000 -0.000000 0.000000
vn -1.000000 -0.000000 0.000000
vn -1.000000 -0.000000 0.000000
vn -1.000000 -0.000000 0.000000
vn -0.965926 -0.258819 0.000000
vn -0.965926 -0.258819 0.000000
vn -0.866025 -0.500000 0.000000
vn -0.866025 -0.500000 0.000000
vn -0.707107 -0.707107 0.000000
vn -0.707107 -0.707107 0.000000
vn -0.500000 -0.866025 0.000000
vn -0.500000 -0.866025 0.000000
vn -0.258819 -0.965926 0.000000
vn -0.258819 -0.965926 0.000000
vn 0.000000 -1.000000 0.000000
vn 0.000000 -1.000000 0.000000
vn 0.258819 -0.965926 0.000000
vn 0.258819 -0.965926 0.000000
vn 0.500000 -0.866025 0.000000
vn 0.500000 -0.866025 0.000000
vn 0.707107 -0.707107 0.000000
vn 0.707107 -0.707107 0.000000
vn 0.866025 -0.500000 0.000000
vn 0.866025 -0.500000 0.000000
vn 0.965926 -0.258819 0.000000
vn 0.965926 -0.258819 0.000000
vn 1.000000 0.000000 0.000000
vn 1.000000 0.000000 0.000000
vn 1.000000 -0.000000 -0.000000
vn 1.000000 -0.000000 -0.000000
vn 1.000000 -0.000000 -0.000000
vn 0.000000 0.000000 -1.000000
vn 0.000000 0.000000 -1.000000
vn 0.000000 0.000000 -1.000000
vn 0.000000 0.000000 -1.000000
vn 0.000000 0.000000 -1.000000
vn 0.000000 0.000000 -1.000000
vn 0.000000 0.000000 -1.000000
vn 0.000000 0.000000 -1.000000
vn 0.000000 0.000000 -1.000000
vn 0.000000 0.000000 -1.000000
vn 0.000000 0.000000 -1.000000
vn 0.000000 0.000000 -1.000000
vn 0.000000 0.000000 -1.000000
vn 0.000000 0.000000 -1.000000
vn 0.000000 0.000000 -1.000000
usemtl Opaque(255,255,255)
f 3044/5359/5243 3117/5360/5244 3043/5361/5245
f 3043/5361/5245 3117/5360/5244 3126/5362/5246
f 3043/5361/5245 3126/5362/5246 3076/5363/5247
f 3076/5363/5247 3126/5362/5246 3282/5364/5248
f 3076/5363/5247 3282/5364/5248 3075/5365/5249
f 3075/5365/5249 3282/5364/5248 3277/5366/5250
f 3075/5365/5249 3277/5366/5250 3074/5367/5251
f 3074/5367/5251 3277/5366/5250 3272/5368/5252
f 3074/5367/5251 3272/5368/5252 3073/5369/5253
f 3073/5369/5253 3272/5368/5252 3267/5370/5254
f 3073/5369/5253 3267/5370/5254 3072/5371/5255
f 3072/5371/5255 3267/5370/5254 3262/5372/5256
f 3072/5371/5255 3262/5372/5256 3071/5373/5257
f 3071/5373/5257 3262/5372/5256 3257/5374/5258
f 3071/5373/5257 3257/5374/5258 3070/5375/5259
f 3070/5375/5259 3257/5374/5258 3252/5376/5260
f 3070/5375/5259 3252/5376/5260 3069/5377/5261
f 3069/5377/5261 3252/5376/5260 3247/5378/5262
f 3069/5377/5261 3247/5378/5262 3068/5379/5263
f 3068/5379/5263 3247/5378/5262 3242/5380/5264
f 3068/5379/5263 3242/5380/5264 3067/5381/5265
f 3067/5381/5265 3242/5380/5264 3232/5382/5266
f 3067/5381/5265 3232/5382/5266 3066/5383/5267
f 3066/5383/5267 3232/5382/5266 3241/5384/5268
f 3066/5383/5267 3241/5384/5268 3227/5385/5269
f 3227/5385/5269 3241/5384/5268 3228/5386/5270
f 3227/5385/5269 3228/5386/5270 3222/5387/5271
f 3222/5387/5271 3228/5386/5270 3223/5388/5272
f 3222/5387/5271 3223/5388/5272 3217/5389/5273
f 3217/5389/5273 3223/5388/5272 3218/5390/5274
f 3217/5389/5273 3218/5390/5274 3212/5391/5275
f 3212/5391/5275 3218/5390/5274 3213/5392/5276
f 3212/5391/5275 3213/5392/5276 3207/5393/5277
f 3207/5393/5277 3213/5392/5276 3208/5394/5278
f 3207/5393/5277 3208/5394/5278 3202/5395/5279
f 3202/5395/5279 3208/5394/5278 3203/5396/5280
f 3202/5395/5279 3203/5396/5280 3197/5397/5281
f 3197/5397/5281 3203/5396/5280 3198/5398/5282
f 3197/5397/5281 3198/5398/5282 3192/5399/5283
f 3192/5399/5283 3198/5398/5282 3193/5400/5284
f 3192/5399/5283 3193/5400/5284 3187/5401/5285
f 3187/5401/5285 3193/5400/5284 3188/5402/5286
f 3187/5401/5285 3188/5402/5286 3182/5403/5287
f 3182/5403/5287 3188/5402/5286 3183/5404/5288
f 3182/5403/5287 3183/5404/5288 3177/5405/5289
f 3177/5405/5289 3183/5404/5288 3178/5406/5290
f 3177/5405/5289 3178/5406/5290 3172/5407/5291
f 3172/5407/5291 3178/5406/5290 3173/5408/5292
f 3172/5407/5291 3173/5408/5292 3167/5409/5293
f 3167/5409/5293 3173/5408/5292 3168/5410/5294
f 3167/5409/5293 3168/5410/5294 3162/5411/5295
f 3162/5411/5295 3168/5410/5294 3163/5412/5296
f 3162/5411/5295 3163/5412/5296 3157/5413/5297
f 3157/5413/5297 3163/5412/5296 3158/5414/5298
f 3157/5413/5297 3158/5414/5298 3152/5415/5299
f 3152/5415/5299 3158/5414/5298 3153/5416/5300
f 3152/5415/5299 3153/5416/5300 3147/5417/5301
f 3147/5417/5301 3153/5416/5300 3148/5418/5302
f 3147/5417/5301 3148/5418/5302 3142/5419/5303
f 3142/5419/5303 3148/5418/5302 3143/5420/5304
f 3142/5419/5303 3143/5420/5304 3137/5421/5305
f 3137/5421/5305 3143/5420/5304 3138/5422/5306
f 3137/5421/5305 3138/5422/5306 3132/5423/5307
f 3132/5423/5307 3138/5422/5306 3133/5424/5308
f 3132/5423/5307 3133/5424/5308 3112/5425/5309
f 3112/5425/5309 3133/5424/5308 3113/5426/5310
f 3112/5427/5309 3113/5428/5310 3127/5429/5311
f 3127/5429/5311 3113/5428/5310 3128/5430/5312
f 3127/5429/5311 3128/5430/5312 3117/5360/5244
f 3117/5360/5244 3128/5430/5312 3118/5431/5313
f 3117/5360/5244 3118/5431/5313 3126/5362/5246
f 3126/5362/5246 3118/5431/5313 3125/5432/5314
f 3126/5362/5246 3125/5432/5314 3282/5364/5248
f 3282/5364/5248 3125/5432/5314 3283/5433/5315
f 3282/5364/5248 3283/5433/5315 3277/5366/5250
f 3277/5366/5250 3283/5433/5315 3278/5434/5316
f 3277/5366/5250 3278/5434/5316 3272/5368/5252
f 3272/5368/5252 3278/5434/5316 3273/5435/5317
f 3272/5368/5252 3273/5435/5317 3267/5370/5254
f 3267/5370/5254 3273/5435/5317 3268/5436/5318
f 3267/5370/5254 3268/5436/5318 3262/5372/5256
f 3262/5372/5256 3268/5436/5318 3263/5437/5319
f 3262/5372/5256 3263/5437/5319 3257/5374/5258
f 3257/5374/5258 3263/5437/5319 3258/5438/5320
f 3257/5374/5258 3258/5438/5320 3252/5376/5260
f 3252/5376/5260 3258/5438/5320 3253/5439/5321
f 3252/5376/5260 3253/5439/5321 3247/5378/5262
f 3247/5378/5262 3253/5439/5321 3248/5440/5322
f 3247/5378/5262 3248/5440/5322 3242/5380/5264
f 3242/5380/5264 3248/5440/5322 3243/5441/5323
f 3242/5380/5264 3243/5441/5323 3232/5382/5266
f 3232/5382/5266 3243/5441/5323 3233/5442/5324
f 3232/5382/5266 3233/5442/5324 3240/5443/5325
f 3240/5443/5325 3233/5442/5324 3239/5444/5326
f 3240/5443/5325 3239/5444/5326 3229/5445/5327
f 3229/5445/5327 3239/5444/5326 3230/5446/5328
f 3229/5445/5327 3230/5446/5328 3224/5447/5329
f 3224/5447/5329 3230/5446/5328 3225/5448/5330
f 3224/5447/5329 3225/5448/5330 3219/5449/5331
f 3219/5449/5331 3225/5448/5330 3220/5450/5332
f 3219/5449/5331 3220/5450/5332 3214/5451/5333
f 3214/5451/5333 3220/5450/5332 3215/5452/5334
f 3214/5451/5333 3215/5452/5334 3209/5453/5335
f 3209/5453/5335 3215/5452/5334 3210/5454/5336
f 3209/5453/5335 3210/5454/5336 3204/5455/5337
f 3204/5455/5337 3210/5454/5336 3205/5456/5338
f 3204/5455/5337 3205/5456/5338 3199/5457/5339
f 3199/5457/5339 3205/5456/5338 3200/5458/5340
f 3199/5457/5339 3200/5458/5340 3194/5459/5341
f 3194/5459/5341 3200/5458/5340 3195/5460/5342
f 3194/5459/5341 3195/5460/5342 3189/5461/5343
f 3189/5461/5343 3195/5460/5342 3190/5462/5344
f 3189/5461/5343 3190/5462/5344 3184/5463/5345
f 3184/5463/5345 3190/5462/5344 3185/5464/5346
f 3184/5463/5345 3185/5464/5346 3179/5465/5347
f 3179/5465/5347 3185/5464/5346 3180/5466/5348
f 3179/5465/5347 3180/5466/5348 3174/5467/5349
f 3174/5467/5349 3180/5466/5348 3175/5468/5350
f 3174/5467/5349 3175/5468/5350 3169/5469/5351
f 3169/5469/5351 3175/5468/5350 3170/5470/5352
f 3169/5469/5351 3170/5470/5352 3164/5471/5353
f 3164/5471/5353 3170/5470/5352 3165/5472/5354
f 3164/5471/5353 3165/5472/5354 3159/5473/5355
f 3159/5473/5355 3165/5472/5354 3160/5474/5356
f 3159/5473/5355 3160/5474/5356 3154/5475/5357
f 3154/5475/5357 3160/5474/5356 3155/5476/5358
f 3154/5475/5357 3155/5476/5358 3149/5477/5359
f 3149/5477/5359 3155/5476/5358 3150/5478/5360
f 3149/5477/5359 3150/5478/5360 3144/5479/5361
f 3144/5479/5361 3150/5478/5360 3145/5480/5362
f 3144/5479/5361 3145/5480/5362 3139/5481/5363
f 3139/5481/5363 3145/5480/5362 3140/5482/5364
f 3139/5481/5363 3140/5482/5364 3134/5483/5365
f 3134/5483/5365 3140/5482/5364 3135/5484/5366
f 3134/5483/5365 3135/5484/5366 3114/5485/5367
f 3114/5485/5367 3135/5484/5366 3115/5486/5368
f 3114/5487/5367 3115/5488/5368 3129/5489/5369
f 3129/5489/5369 3115/5488/5368 3130/5490/5370
f 3129/5489/5369 3130/5490/5370 3119/5491/5371
f 3119/5491/5371 3130/5490/5370 3120/5492/5372
f 3119/5491/5371 3120/5492/5372 3124/5493/5373
f 3124/5493/5373 3120/5492/5372 3123/5494/5374
f 3124/5493/5373 3123/5494/5374 3284/5495/5375
f 3284/5495/5375 3123/5494/5374 3285/5496/5376
f 3284/5495/5375 3285/5496/5376 3279/5497/5377
f 3279/5497/5377 3285/5496/5376 3280/5498/5378
f 3279/5497/5377 3280/5498/5378 3274/5499/5379
f 3274/5499/5379 3280/5498/5378 3275/5500/5380
f 3274/5499/5379 3275/5500/5380 3269/5501/5381
f 3269/5501/5381 3275/5500/5380 3270/5502/5382
f 3269/5501/5381 3270/5502/5382 3264/5503/5383
f 3264/5503/5383 3270/5502/5382 3265/5504/5384
f 3264/5503/5383 3265/5504/5384 3259/5505/5385
f 3259/5505/5385 3265/5504/5384 3260/5506/5386
f 3259/5505/5385 3260/5506/5386 3254/5507/5387
f 3254/5507/5387 3260/5506/5386 3255/5508/5388
f 3254/5507/5387 3255/5508/5388 3249/5509/5389
f 3249/5509/5389 3255/5508/5388 3250/5510/5390
f 3249/5509/5389 3250/5510/5390 3244/5511/5391
f 3244/5511/5391 3250/5510/5390 3245/5512/5392
f 3244/5511/5391 3245/5512/5392 3234/5513/5393
f 3234/5513/5393 3245/5512/5392 3235/5514/5394
f 3234/5513/5393 3235/5514/5394 3238/5515/5395
f 3238/5515/5395 3235/5514/5394 3237/5516/5396
f 3238/5515/5395 3237/5516/5396 3231/5517/5397
f 3231/5517/5397 3237/5516/5396 3109/5518/5398
f 3231/5517/5397 3109/5518/5398 3110/5519/5399
f 3117/5360/5244 3044/5359/5243 3127/5429/5311
f 3127/5429/5311 3044/5359/5243 3045/5520/5400
f 3127/5429/5311 3045/5520/5400 3112/5427/5309
f 3112/5425/5309 3045/5521/5400 3046/5522/5401
f 3112/5425/5309 3046/5522/5401 3132/5423/5307
f 3132/5423/5307 3046/5522/5401 3047/5523/5402
f 3132/5423/5307 3047/5523/5402 3137/5421/5305
f 3137/5421/5305 3047/5523/5402 3048/5524/5403
f 3137/5421/5305 3048/5524/5403 3142/5419/5303
f 3142/5419/5303 3048/5524/5403 3049/5525/5404
f 3142/5419/5303 3049/5525/5404 3147/5417/5301
f 3147/5417/5301 3049/5525/5404 3050/5526/5405
f 3147/5417/5301 3050/5526/5405 3152/5415/5299
f 3152/5415/5299 3050/5526/5405 3051/5527/5406
f 3152/5415/5299 3051/5527/5406 3157/5413/5297
f 3157/5413/5297 3051/5527/5406 3052/5528/5407
f 3157/5413/5297 3052/5528/5407 3162/5411/5295
f 3162/5411/5295 3052/5528/5407 3053/5529/5408
f 3162/5411/5295 3053/5529/5408 3167/5409/5293
f 3167/5409/5293 3053/5529/5408 3054/5530/5409
f 3167/5409/5293 3054/5530/5409 3172/5407/5291
f 3172/5407/5291 3054/5530/5409 3055/5531/5410
f 3172/5407/5291 3055/5531/5410 3177/5405/5289
f 3177/5405/5289 3055/5531/5410 3056/5532/5411
f 3177/5405/5289 3056/5532/5411 3182/5403/5287
f 3182/5403/5287 3056/5532/5411 3057/5533/5412
f 3182/5403/5287 3057/5533/5412 3187/5401/5285
f 3187/5401/5285 3057/5533/5412 3058/5534/5413
f 3187/5401/5285 3058/5534/5413 3192/5399/5283
f 3192/5399/5283 3058/5534/5413 3059/5535/5414
f 3192/5399/5283 3059/5535/5414 3197/5397/5281
f 3197/5397/5281 3059/5535/5414 3060/5536/5415
f 3197/5397/5281 3060/5536/5415 3202/5395/5279
f 3202/5395/5279 3060/5536/5415 3061/5537/5416
f 3202/5395/5279 3061/5537/5416 3207/5393/5277
f 3207/5393/5277 3061/5537/5416 3062/5538/5417
f 3207/5393/5277 3062/5538/5417 3212/5391/5275
f 3212/5391/5275 3062/5538/5417 3063/5539/5418
f 3212/5391/5275 3063/5539/5418 3217/5389/5273
f 3217/5389/5273 3063/5539/5418 3064/5540/5419
f 3217/5389/5273 3064/5540/5419 3222/5387/5271
f 3222/5387/5271 3064/5540/5419 3065/5541/5420
f 3222/5387/5271 3065/5541/5420 3227/5385/5269
f 3227/5385/5269 3065/5541/5420 3066/5383/5267
f 3078/5542/5421 3216/5543/5422 3077/5544/5423
f 3077/5544/5423 3216/5543/5422 3221/5545/5424
f 3077/5544/5423 3221/5545/5424 3111/5546/5425
f 3111/5546/5425 3221/5545/5424 3226/5547/5426
f 3111/5546/5425 3226/5547/5426 3110/5519/5399
f 3110/5519/5399 3226/5547/5426 3231/5517/5397
f 3216/5543/5422 3078/5542/5421 3211/5548/5427
f 3211/5548/5427 3078/5542/5421 3079/5549/5428
f 3211/5548/5427 3079/5549/5428 3206/5550/5429
f 3206/5550/5429 3079/5549/5428 3080/5551/5430
f 3206/5550/5429 3080/5551/5430 3201/5552/5431
f 3201/5552/5431 3080/5551/5430 3081/5553/5432
f 3201/5552/5431 3081/5553/5432 3196/5554/5433
f 3196/5554/5433 3081/5553/5432 3082/5555/5434
f 3196/5554/5433 3082/5555/5434 3191/5556/5435
f 3191/5556/5435 3082/5555/5434 3083/5557/5436
f 3191/5556/5435 3083/5557/5436 3186/5558/5437
f 3186/5558/5437 3083/5557/5436 3084/5559/5438
f 3186/5558/5437 3084/5559/5438 3181/5560/5439
f 3181/5560/5439 3084/5559/5438 3085/5561/5440
f 3181/5560/5439 3085/5561/5440 3176/5562/5441
f 3176/5562/5441 3085/5561/5440 3086/5563/5442
f 3176/5562/5441 3086/5563/5442 3171/5564/5443
f 3171/5564/5443 3086/5563/5442 3087/5565/5444
f 3171/5564/5443 3087/5565/5444 3166/5566/5445
f 3166/5566/5445 3087/5565/5444 3088/5567/5446
f 3166/5566/5445 3088/5567/5446 3161/5568/5447
f 3161/5568/5447 3088/5567/5446 3089/5569/5448
f 3161/5568/5447 3089/5569/5448 3156/5570/5449
f 3156/5570/5449 3089/5569/5448 3090/5571/5450
f 3156/5570/5449 3090/5571/5450 3151/5572/5451
f 3151/5572/5451 3090/5571/5450 3091/5573/5452
f 3151/5572/5451 3091/5573/5452 3146/5574/5453
f 3146/5574/5453 3091/5573/5452 3092/5575/5454
f 3146/5574/5453 3092/5575/5454 3141/5576/5455
f 3141/5576/5455 3092/5575/5454 3093/5577/5456
f 3141/5576/5455 3093/5577/5456 3136/5578/5457
f 3136/5578/5457 3093/5577/5456 3094/5579/5458
f 3136/5578/5457 3094/5579/5458 3116/5580/5459
f 3116/5581/5459 3094/5582/5458 3095/5583/5460
f 3116/5581/5459 3095/5583/5460 3131/5584/5461
f 3131/5584/5461 3095/5583/5460 3096/5585/5462
f 3131/5584/5461 3096/5585/5462 3121/5586/5463
f 3121/5586/5463 3096/5585/5462 3097/5587/5464
f 3121/5586/5463 3097/5587/5464 3122/5588/5465
f 3122/5588/5465 3097/5587/5464 3098/5589/5466
f 3122/5588/5465 3098/5589/5466 3286/5590/5467
f 3286/5590/5467 3098/5589/5466 3099/5591/5468
f 3286/5590/5467 3099/5591/5468 3281/5592/5469
f 3281/5592/5469 3099/5591/5468 3100/5593/5470
f 3281/5592/5469 3100/5593/5470 3276/5594/5471
f 3276/5594/5471 3100/5593/5470 3101/5595/5472
f 3276/5594/5471 3101/5595/5472 3271/5596/5473
f 3271/5596/5473 3101/5595/5472 3102/5597/5474
f 3271/5596/5473 3102/5597/5474 3266/5598/5475
f 3266/5598/5475 3102/5597/5474 3103/5599/5476
f 3266/5598/5475 3103/5599/5476 3261/5600/5477
f 3261/5600/5477 3103/5599/5476 3104/5601/5478
f 3261/5600/5477 3104/5601/5478 3256/5602/5479
f 3256/5602/5479 3104/5601/5478 3105/5603/5480
f 3256/5602/5479 3105/5603/5480 3251/5604/5481
f 3251/5604/5481 3105/5603/5480 3106/5605/5482
f 3251/5604/5481 3106/5605/5482 3246/5606/5483
f 3246/5606/5483 3106/5605/5482 3107/5607/5484
f 3246/5606/5483 3107/5607/5484 3236/5608/5485
f 3236/5608/5485 3107/5607/5484 3108/5609/5486
f 3236/5608/5485 3108/5609/5486 3237/5516/5396
f 3237/5516/5396 3108/5609/5486 3109/5518/5398
f 3113/5428/5310 3114/5487/5367 3128/5430/5312
f 3128/5430/5312 3114/5487/5367 3129/5489/5369
f 3128/5430/5312 3129/5489/5369 3118/5431/5313
f 3118/5431/5313 3129/5489/5369 3119/5491/5371
f 3118/5431/5313 3119/5491/5371 3125/5432/5314
f 3125/5432/5314 3119/5491/5371 3124/5493/5373
f 3125/5432/5314 3124/5493/5373 3283/5433/5315
f 3283/5433/5315 3124/5493/5373 3284/5495/5375
f 3283/5433/5315 3284/5495/5375 3278/5434/5316
f 3278/5434/5316 3284/5495/5375 3279/5497/5377
f 3278/5434/5316 3279/5497/5377 3273/5435/5317
f 3273/5435/5317 3279/5497/5377 3274/5499/5379
f 3273/5435/5317 3274/5499/5379 3268/5436/5318
f 3268/5436/5318 3274/5499/5379 3269/5501/5381
f 3268/5436/5318 3269/5501/5381 3263/5437/5319
f 3263/5437/5319 3269/5501/5381 3264/5503/5383
f 3263/5437/5319 3264/5503/5383 3258/5438/5320
f 3258/5438/5320 3264/5503/5383 3259/5505/5385
f 3258/5438/5320 3259/5505/5385 3253/5439/5321
f 3253/5439/5321 3259/5505/5385 3254/5507/5387
f 3253/5439/5321 3254/5507/5387 3248/5440/5322
f 3248/5440/5322 3254/5507/5387 3249/5509/5389
f 3248/5440/5322 3249/5509/5389 3243/5441/5323
f 3243/5441/5323 3249/5509/5389 3244/5511/5391
f 3243/5441/5323 3244/5511/5391 3233/5442/5324
f 3233/5442/5324 3244/5511/5391 3234/5513/5393
f 3233/5442/5324 3234/5513/5393 3239/5444/5326
f 3239/5444/5326 3234/5513/5393 3238/5515/5395
f 3239/5444/5326 3238/5515/5395 3230/5446/5328
f 3230/5446/5328 3238/5515/5395 3231/5517/5397
f 3230/5446/5328 3231/5517/5397 3225/5448/5330
f 3225/5448/5330 3231/5517/5397 3226/5547/5426
f 3225/5448/5330 3226/5547/5426 3220/5450/5332
f 3220/5450/5332 3226/5547/5426 3221/5545/5424
f 3220/5450/5332 3221/5545/5424 3215/5452/5334
f 3215/5452/5334 3221/5545/5424 3216/5543/5422
f 3215/5452/5334 3216/5543/5422 3210/5454/5336
f 3210/5454/5336 3216/5543/5422 3211/5548/5427
f 3210/5454/5336 3211/5548/5427 3205/5456/5338
f 3205/5456/5338 3211/5548/5427 3206/5550/5429
f 3205/5456/5338 3206/5550/5429 3200/5458/5340
f 3200/5458/5340 3206/5550/5429 3201/5552/5431
f 3200/5458/5340 3201/5552/5431 3195/5460/5342
f 3195/5460/5342 3201/5552/5431 3196/5554/5433
f 3195/5460/5342 3196/5554/5433 3190/5462/5344
f 3190/5462/5344 3196/5554/5433 3191/5556/5435
f 3190/5462/5344 3191/5556/5435 3185/5464/5346
f 3185/5464/5346 3191/5556/5435 3186/5558/5437
f 3185/5464/5346 3186/5558/5437 3180/5466/5348
f 3180/5466/5348 3186/5558/5437 3181/5560/5439
f 3180/5466/5348 3181/5560/5439 3175/5468/5350
f 3175/5468/5350 3181/5560/5439 3176/5562/5441
f 3175/5468/5350 3176/5562/5441 3170/5470/5352
f 3170/5470/5352 3176/5562/5441 3171/5564/5443
f 3170/5470/5352 3171/5564/5443 3165/5472/5354
f 3165/5472/5354 3171/5564/5443 3166/5566/5445
f 3165/5472/5354 3166/5566/5445 3160/5474/5356
f 3160/5474/5356 3166/5566/5445 3161/5568/5447
f 3160/5474/5356 3161/5568/5447 3155/5476/5358
f 3155/5476/5358 3161/5568/5447 3156/5570/5449
f 3155/5476/5358 3156/5570/5449 3150/5478/5360
f 3150/5478/5360 3156/5570/5449 3151/5572/5451
f 3150/5478/5360 3151/5572/5451 3145/5480/5362
f 3145/5480/5362 3151/5572/5451 3146/5574/5453
f 3145/5480/5362 3146/5574/5453 3140/5482/5364
f 3140/5482/5364 3146/5574/5453 3141/5576/5455
f 3140/5482/5364 3141/5576/5455 3135/5484/5366
f 3135/5484/5366 3141/5576/5455 3136/5578/5457
f 3135/5484/5366 3136/5578/5457 3115/5486/5368
f 3115/5486/5368 3136/5578/5457 3116/5580/5459
f 3115/5488/5368 3116/5581/5459 3130/5490/5370
f 3130/5490/5370 3116/5581/5459 3131/5584/5461
f 3130/5490/5370 3131/5584/5461 3120/5492/5372
f 3120/5492/5372 3131/5584/5461 3121/5586/5463
f 3120/5492/5372 3121/5586/5463 3123/5494/5374
f 3123/5494/5374 3121/5586/5463 3122/5588/5465
f 3123/5494/5374 3122/5588/5465 3285/5496/5376
f 3285/5496/5376 3122/5588/5465 3286/5590/5467
f 3285/5496/5376 3286/5590/5467 3280/5498/5378
f 3280/5498/5378 3286/5590/5467 3281/5592/5469
f 3280/5498/5378 3281/5592/5469 3275/5500/5380
f 3275/5500/5380 3281/5592/5469 3276/5594/5471
f 3275/5500/5380 3276/5594/5471 3270/5502/5382
f 3270/5502/5382 3276/5594/5471 3271/5596/5473
f 3270/5502/5382 3271/5596/5473 3265/5504/5384
f 3265/5504/5384 3271/5596/5473 3266/5598/5475
f 3265/5504/5384 3266/5598/5475 3260/5506/5386
f 3260/5506/5386 3266/5598/5475 3261/5600/5477
f 3260/5506/5386 3261/5600/5477 3255/5508/5388
f 3255/5508/5388 3261/5600/5477 3256/5602/5479
f 3255/5508/5388 3256/5602/5479 3250/5510/5390
f 3250/5510/5390 3256/5602/5479 3251/5604/5481
f 3250/5510/5390 3251/5604/5481 3245/5512/5392
f 3245/5512/5392 3251/5604/5481 3246/5606/5483
f 3245/5512/5392 3246/5606/5483 3235/5514/5394
f 3235/5514/5394 3246/5606/5483 3236/5608/5485
f 3235/5514/5394 3236/5608/5485 3237/5516/5396
f 3114/5485/5367 3113/5426/5310 3134/5483/5365
f 3134/5483/5365 3113/5426/5310 3133/5424/5308
f 3134/5483/5365 3133/5424/5308 3139/5481/5363
f 3139/5481/5363 3133/5424/5308 3138/5422/5306
f 3139/5481/5363 3138/5422/5306 3144/5479/5361
f 3144/5479/5361 3138/5422/5306 3143/5420/5304
f 3144/5479/5361 3143/5420/5304 3149/5477/5359
f 3149/5477/5359 3143/5420/5304 3148/5418/5302
f 3149/5477/5359 3148/5418/5302 3154/5475/5357
f 3154/5475/5357 3148/5418/5302 3153/5416/5300
f 3154/5475/5357 3153/5416/5300 3159/5473/5355
f 3159/5473/5355 3153/5416/5300 3158/5414/5298
f 3159/5473/5355 3158/5414/5298 3164/5471/5353
f 3164/5471/5353 3158/5414/5298 3163/5412/5296
f 3164/5471/5353 3163/5412/5296 3169/5469/5351
f 3169/5469/5351 3163/5412/5296 3168/5410/5294
f 3169/5469/5351 3168/5410/5294 3174/5467/5349
f 3174/5467/5349 3168/5410/5294 3173/5408/5292
f 3174/5467/5349 3173/5408/5292 3179/5465/5347
f 3179/5465/5347 3173/5408/5292 3178/5406/5290
f 3179/5465/5347 3178/5406/5290 3184/5463/5345
f 3184/5463/5345 3178/5406/5290 3183/5404/5288
f 3184/5463/5345 3183/5404/5288 3189/5461/5343
f 3189/5461/5343 3183/5404/5288 3188/5402/5286
f 3189/5461/5343 3188/5402/5286 3194/5459/5341
f 3194/5459/5341 3188/5402/5286 3193/5400/5284
f 3194/5459/5341 3193/5400/5284 3199/5457/5339
f 3199/5457/5339 3193/5400/5284 3198/5398/5282
f 3199/5457/5339 3198/5398/5282 3204/5455/5337
f 3204/5455/5337 3198/5398/5282 3203/5396/5280
f 3204/5455/5337 3203/5396/5280 3209/5453/5335
f 3209/5453/5335 3203/5396/5280 3208/5394/5278
f 3209/5453/5335 3208/5394/5278 3214/5451/5333
f 3214/5451/5333 3208/5394/5278 3213/5392/5276
f 3214/5451/5333 3213/5392/5276 3219/5449/5331
f 3219/5449/5331 3213/5392/5276 3218/5390/5274
f 3219/5449/5331 3218/5390/5274 3224/5447/5329
f 3224/5447/5329 3218/5390/5274 3223/5388/5272
f 3224/5447/5329 3223/5388/5272 3229/5445/5327
f 3229/5445/5327 3223/5388/5272 3228/5386/5270
f 3229/5445/5327 3228/5386/5270 3240/5443/5325
f 3240/5443/5325 3228/5386/5270 3241/5384/5268
f 3240/5443/5325 3241/5384/5268 3232/5382/5266
f 3288/5610/5487 3078/5611/5421 3287/5612/5488
f 3287/5612/5488 3078/5611/5421 3077/5613/5423
f 3287/5614/5488 3077/5615/5423 3321/5616/5489
f 3321/5616/5489 3077/5615/5423 3111/5617/5425
f 3321/5616/5489 3111/5617/5425 3320/5618/5490
f 3320/5618/5490 3111/5617/5425 3110/5619/5399
f 3320/5618/5490 3110/5619/5399 3319/5620/5491
f 3319/5620/5491 3110/5619/5399 3109/5621/5398
f 3319/5620/5491 3109/5621/5398 3318/5622/5492
f 3318/5622/5492 3109/5621/5398 3108/5623/5486
f 3318/5622/5492 3108/5623/5486 3317/5624/5493
f 3317/5624/5493 3108/5623/5486 3107/5625/5484
f 3317/5624/5493 3107/5625/5484 3316/5626/5494
f 3316/5626/5494 3107/5625/5484 3106/5627/5482
f 3316/5626/5494 3106/5627/5482 3315/5628/5495
f 3315/5628/5495 3106/5627/5482 3105/5629/5480
f 3315/5628/5495 3105/5629/5480 3314/5630/5496
f 3314/5630/5496 3105/5629/5480 3104/5631/5478
f 3314/5630/5496 3104/5631/5478 3313/5632/5497
f 3313/5632/5497 3104/5631/5478 3103/5633/5476
f 3313/5632/5497 3103/5633/5476 3312/5634/5498
f 3312/5634/5498 3103/5633/5476 3102/5635/5474
f 3312/5634/5498 3102/5635/5474 3311/5636/5499
f 3311/5636/5499 3102/5635/5474 3101/5637/5472
f 3311/5636/5499 3101/5637/5472 3310/5638/5500
f 3310/5638/5500 3101/5637/5472 3100/5639/5470
f 3310/5638/5500 3100/5639/5470 3309/5640/5501
f 3309/5640/5501 3100/5639/5470 3099/5641/5468
f 3309/5640/5501 3099/5641/5468 3308/5642/5502
f 3308/5642/5502 3099/5641/5468 3098/5643/5466
f 3308/5642/5502 3098/5643/5466 3307/5644/5503
f 3307/5644/5503 3098/5643/5466 3097/5645/5464
f 3307/5644/5503 3097/5645/5464 3306/5646/5504
f 3306/5646/5504 3097/5645/5464 3096/5647/5462
f 3306/5646/5504 3096/5647/5462 3305/5648/5505
f 3305/5648/5505 3096/5647/5462 3095/5649/5460
f 3305/5648/5505 3095/5649/5460 3304/5650/5506
f 3304/5650/5506 3095/5649/5460 3094/5651/5458
f 3304/5650/5506 3094/5651/5458 3303/5652/5507
f 3303/5652/5507 3094/5651/5458 3093/5653/5456
f 3303/5652/5507 3093/5653/5456 3302/5654/5508
f 3302/5654/5508 3093/5653/5456 3092/5655/5454
f 3302/5654/5508 3092/5655/5454 3301/5656/5509
f 3301/5656/5509 3092/5655/5454 3091/5657/5452
f 3301/5656/5509 3091/5657/5452 3300/5658/5510
f 3300/5658/5510 3091/5657/5452 3090/5659/5450
f 3300/5658/5510 3090/5659/5450 3299/5660/5511
f 3299/5660/5511 3090/5659/5450 3089/5661/5448
f 3299/5660/5511 3089/5661/5448 3298/5662/5512
f 3298/5662/5512 3089/5661/5448 3088/5663/5446
f 3298/5662/5512 3088/5663/5446 3297/5664/5513
f 3297/5664/5513 3088/5663/5446 3087/5665/5444
f 3297/5664/5513 3087/5665/5444 3296/5666/5514
f 3296/5666/5514 3087/5665/5444 3086/5667/5442
f 3296/5666/5514 3086/5667/5442 3295/5668/5515
f 3295/5668/5515 3086/5667/5442 3085/5669/5440
f 3295/5668/5515 3085/5669/5440 3294/5670/5516
f 3294/5670/5516 3085/5669/5440 3084/5671/5438
f 3294/5670/5516 3084/5671/5438 3293/5672/5517
f 3293/5672/5517 3084/5671/5438 3083/5673/5436
f 3293/5672/5517 3083/5673/5436 3292/5674/5518
f 3292/5674/5518 3083/5673/5436 3082/5675/5434
f 3292/5674/5518 3082/5675/5434 3291/5676/5519
f 3291/5676/5519 3082/5675/5434 3081/5677/5432
f 3291/5676/5519 3081/5677/5432 3290/5678/5520
f 3290/5678/5520 3081/5677/5432 3080/5679/5430
f 3290/5678/5520 3080/5679/5430 3289/5680/5521
f 3289/5680/5521 3080/5679/5430 3079/5681/5428
f 3289/5680/5521 3079/5681/5428 3288/5610/5487
f 3288/5610/5487 3079/5681/5428 3078/5611/5421
f 3043/5682/5522 3065/5683/5523 3044/5684/5243
f 3044/5684/5243 3065/5683/5523 3064/5685/5419
f 3044/5684/5243 3064/5685/5419 3045/5686/5400
f 3045/5686/5400 3064/5685/5419 3063/5687/5418
f 3045/5686/5400 3063/5687/5418 3046/5688/5401
f 3046/5688/5401 3063/5687/5418 3062/5689/5417
f 3046/5688/5401 3062/5689/5417 3047/5690/5402
f 3047/5690/5402 3062/5689/5417 3061/5691/5416
f 3047/5690/5402 3061/5691/5416 3048/5692/5403
f 3048/5692/5403 3061/5691/5416 3060/5693/5415
f 3048/5692/5403 3060/5693/5415 3049/5694/5404
f 3049/5694/5404 3060/5693/5415 3059/5695/5414
f 3049/5694/5404 3059/5695/5414 3050/5696/5405
f 3050/5696/5405 3059/5695/5414 3058/5697/5413
f 3050/5696/5405 3058/5697/5413 3051/5698/5406
f 3051/5698/5406 3058/5697/5413 3057/5699/5412
f 3051/5698/5406 3057/5699/5412 3052/5700/5407
f 3052/5700/5407 3057/5699/5412 3056/5701/5411
f 3052/5700/5407 3056/5701/5411 3053/5702/5408
f 3053/5702/5408 3056/5701/5411 3055/5703/5410
f 3053/5702/5408 3055/5703/5410 3054/5704/5409
usemtl Opaque(64,64,64)
f 3323/5705/5524 3324/5706/5525 3322/5707/5526
f 3322/5707/5526 3324/5706/5525 3357/5708/5527
f 3357/5708/5527 3324/5706/5525 3325/5709/5528
f 3357/5708/5527 3325/5709/5528 3326/5710/5529
f 3326/5710/5529 3327/5711/5530 3357/5708/5527
f 3357/5708/5527 3327/5711/5530 3351/5712/5531
f 3357/5708/5527 3351/5712/5531 3352/5713/5532
f 3327/5711/5530 3328/5714/5533 3351/5712/5531
f 3351/5712/5531 3328/5714/5533 3350/5715/5534
f 3350/5715/5534 3328/5714/5533 3329/5716/5535
f 3350/5715/5534 3329/5716/5535 3349/5717/5536
f 3349/5717/5536 3329/5716/5535 3348/5718/5537
f 3348/5718/5537 3329/5716/5535 3330/5719/5538
f 3348/5718/5537 3330/5719/5538 3331/5720/5539
f 3332/5721/5540 3346/5722/5541 3331/5720/5539
f 3331/5720/5539 3346/5722/5541 3347/5723/5542
f 3331/5720/5539 3347/5723/5542 3348/5718/5537
f 3346/5722/5541 3332/5721/5540 3345/5724/5543
f 3345/5724/5543 3332/5721/5540 3333/5725/5544
f 3345/5724/5543 3333/5725/5544 3339/5726/5545
f 3339/5726/5545 3333/5725/5544 3334/5727/5546
f 3339/5726/5545 3334/5727/5546 3335/5728/5547
f 3335/5728/5547 3336/5729/5548 3339/5726/5545
f 3339/5726/5545 3336/5729/5548 3338/5730/5549
f 3338/5730/5549 3336/5729/5548 3337/5731/5550
f 3340/5732/5551 3343/5733/5552 3339/5726/5545
f 3339/5726/5545 3343/5733/5552 3344/5734/5553
f 3339/5726/5545 3344/5734/5553 3345/5724/5543
f 3341/5735/5554 3342/5736/5555 3340/5732/5551
f 3340/5732/5551 3342/5736/5555 3343/5733/5552
f 3352/5713/5532 3353/5737/5556 3357/5708/5527
f 3357/5708/5527 3353/5737/5556 3356/5738/5557
f 3356/5738/5557 3353/5737/5556 3354/5739/5558
f 3356/5738/5557 3354/5739/5558 3355/5740/5559
f 3339/5741/5560 3358/5742/5561 3340/5743/5562
f 3340/5743/5562 3358/5742/5561 3359/5744/5563
f 3322/5745/5564 3360/5746/5565 3323/5747/5566
f 3323/5747/5566 3360/5746/5565 3361/5748/5567
f 3323/5747/5566 3361/5748/5567 3337/5749/5568
f 3337/5749/5568 3361/5748/5567 3338/5750/5569
f 3363/5751/5570 3357/5752/5571 3362/5753/5572
f 3362/5753/5572 3357/5752/5571 3356/5754/5573
f 3340/5755/5574 3359/5756/5575 3341/5757/5576
f 3341/5757/5576 3359/5756/5575 3355/5758/5577
f 3355/5758/5577 3359/5756/5575 3362/5759/5578
f 3355/5758/5577 3362/5759/5578 3356/5760/5579
f 3358/5761/5580 3287/5762/5581 3359/5763/5582
f 3359/5763/5582 3287/5762/5581 3321/5764/5583
f 3359/5763/5582 3321/5764/5583 3320/5765/5584
f 3361/5766/5585 3291/5767/5586 3358/5761/5580
f 3358/5761/5580 3291/5767/5586 3290/5768/5587
f 3358/5761/5580 3290/5768/5587 3289/5769/5588
f 3360/5770/5589 3296/5771/5590 3361/5766/5585
f 3361/5766/5585 3296/5771/5590 3295/5772/5591
f 3361/5766/5585 3295/5772/5591 3294/5773/5592
f 3363/5774/5593 3300/5775/5594 3360/5770/5589
f 3360/5770/5589 3300/5775/5594 3299/5776/5595
f 3360/5770/5589 3299/5776/5595 3298/5777/5596
f 3362/5778/5597 3305/5779/5598 3363/5774/5593
f 3363/5774/5593 3305/5779/5598 3304/5780/5599
f 3363/5774/5593 3304/5780/5599 3303/5781/5600
f 3359/5763/5582 3313/5782/5601 3362/5778/5597
f 3362/5778/5597 3313/5782/5601 3312/5783/5602
f 3362/5778/5597 3312/5783/5602 3311/5784/5603
f 3320/5765/5584 3319/5785/5604 3359/5763/5582
f 3359/5763/5582 3319/5785/5604 3318/5786/5605
f 3359/5763/5582 3318/5786/5605 3317/5787/5606
f 3317/5787/5606 3316/5788/5607 3359/5763/5582
f 3359/5763/5582 3316/5788/5607 3315/5789/5608
f 3359/5763/5582 3315/5789/5608 3314/5790/5609
f 3314/5790/5609 3313/5782/5601 3359/5763/5582
f 3311/5784/5603 3310/5791/5610 3362/5778/5597
f 3362/5778/5597 3310/5791/5610 3309/5792/5611
f 3362/5778/5597 3309/5792/5611 3308/5793/5612
f 3308/5793/5612 3307/5794/5613 3362/5778/5597
f 3362/5778/5597 3307/5794/5613 3306/5795/5614
f 3362/5778/5597 3306/5795/5614 3305/5779/5598
f 3303/5781/5600 3302/5796/5615 3363/5774/5593
f 3363/5774/5593 3302/5796/5615 3301/5797/5616
f 3363/5774/5593 3301/5797/5616 3300/5775/5594
f 3298/5777/5596 3297/5798/5617 3360/5770/5589
f 3360/5770/5589 3297/5798/5617 3296/5771/5590
f 3294/5773/5592 3293/5799/5618 3361/5766/5585
f 3361/5766/5585 3293/5799/5618 3292/5800/5619
f 3361/5766/5585 3292/5800/5619 3291/5767/5586
f 3289/5769/5588 3288/5801/5620 3358/5761/5580
f 3358/5761/5580 3288/5801/5620 3287/5762/5581
usemtl Opaque(128,128,128)
f 3065/5802/5523 3043/5803/5522 3066/5804/5267
f 3066/5804/5267 3043/5803/5522 3076/5805/5247
f 3066/5804/5267 3076/5805/5247 3067/5806/5265
f 3067/5806/5265 3076/5805/5247 3075/5807/5249
f 3067/5806/5265 3075/5807/5249 3068/5808/5263
f 3068/5808/5263 3075/5807/5249 3074/5809/5251
f 3068/5808/5263 3074/5809/5251 3069/5810/5261
f 3069/5810/5261 3074/5809/5251 3073/5811/5253
f 3069/5810/5261 3073/5811/5253 3070/5812/5259
f 3070/5812/5259 3073/5811/5253 3072/5813/5255
f 3070/5812/5259 3072/5813/5255 3071/5814/5257
f 3363/5815/5621 3360/5816/5622 3357/5817/5623
f 3357/5817/5623 3360/5816/5622 3322/5818/5624
f 3361/5819/5625 3358/5820/5626 3338/5821/5627
f 3338/5821/5627 3358/5820/5626 3339/5822/5628
usemtl Opaque(255,255,255)
f 3341/5823/5629 3355/5824/5630 3365/5825/5631
f 3365/5825/5631 3355/5824/5630 3364/5826/5632
f 3364/5827/5633 3366/5828/5634 3365/5829/5635
f 3365/5829/5635 3366/5828/5634 3367/5830/5636
f 3365/5831/5637 3367/5832/5638 3341/5833/5639
f 3341/5833/5639 3367/5832/5638 3368/5834/5640
f 3341/5833/5639 3368/5834/5640 3342/5835/5641
f 3342/5836/5641 3368/5837/5640 3343/5838/5642
f 3343/5838/5642 3368/5837/5640 3369/5839/5643
f 3343/5838/5642 3369/5839/5643 3344/5840/5644
f 3344/5840/5644 3369/5839/5643 3370/5841/5645
f 3344/5840/5644 3370/5841/5645 3345/5842/5646
f 3345/5842/5646 3370/5841/5645 3371/5843/5647
f 3345/5842/5646 3371/5843/5647 3346/5844/5648
f 3346/5844/5648 3371/5843/5647 3372/5845/5649
f 3346/5844/5648 3372/5845/5649 3347/5846/5650
f 3347/5846/5650 3372/5845/5649 3373/5847/5651
f 3347/5846/5650 3373/5847/5651 3348/5848/5652
f 3348/5848/5652 3373/5847/5651 3374/5849/5653
f 3348/5848/5652 3374/5849/5653 3349/5850/5654
f 3349/5850/5654 3374/5849/5653 3375/5851/5655
f 3349/5850/5654 3375/5851/5655 3350/5852/5656
f 3350/5852/5656 3375/5851/5655 3376/5853/5657
f 3350/5852/5656 3376/5853/5657 3351/5854/5658
f 3351/5854/5658 3376/5853/5657 3377/5855/5659
f 3351/5854/5658 3377/5855/5659 3352/5856/5660
f 3352/5856/5660 3377/5855/5659 3378/5857/5661
f 3352/5856/5660 3378/5857/5661 3353/5858/5662
f 3353/5858/5662 3378/5857/5661 3379/5859/5663
f 3353/5858/5662 3379/5859/5663 3354/5860/5664
f 3354/5860/5664 3379/5859/5663 3380/5861/5665
f 3354/5862/5664 3380/5863/5665 3355/5864/5666
f 3355/5864/5666 3380/5863/5665 3366/5865/5667
f 3355/5864/5666 3366/5865/5667 3364/5866/5668
f 3379/5867/5669 3378/5868/5670 3380/5869/5671
f 3380/5869/5671 3378/5868/5670 3377/5870/5672
f 3380/5869/5671 3377/5870/5672 3376/5871/5673
f 3380/5869/5671 3376/5871/5673 3366/5872/5674
f 3366/5872/5674 3376/5871/5673 3375/5873/5675
f 3366/5872/5674 3375/5873/5675 3374/5874/5676
f 3366/5872/5674 3374/5874/5676 3367/5875/5677
f 3367/5875/5677 3374/5874/5676 3373/5876/5678
f 3367/5875/5677 3373/5876/5678 3372/5877/5679
f 3367/5875/5677 3372/5877/5679 3368/5878/5680
f 3368/5878/5680 3372/5877/5679 3371/5879/5681
f 3368/5878/5680 3371/5879/5681 3370/5880/5682
f 3370/5880/5682 3369/5881/5683 3368/5878/5680
f 3323/5882/5684 3337/5883/5685 3381/5884/5686
f 3381/5884/5686 3337/5883/5685 3382/5885/5687
f 3382/5886/5688 3383/5887/5689 3381/5888/5690
f 3381/5888/5690 3383/5887/5689 3384/5889/5691
f 3381/5890/5692 3384/5891/5693 3323/5892/5694
f 3323/5892/5694 3384/5891/5693 3385/5893/5695
f 3323/5892/5694 3385/5893/5695 3324/5894/5696
f 3324/5895/5696 3385/5896/5695 3325/5897/5697
f 3325/5897/5697 3385/5896/5695 3386/5898/5698
f 3325/5897/5697 3386/5898/5698 3326/5899/5699
f 3326/5899/5699 3386/5898/5698 3387/5900/5700
f 3326/5899/5699 3387/5900/5700 3327/5901/5701
f 3327/5901/5701 3387/5900/5700 3388/5902/5702
f 3327/5901/5701 3388/5902/5702 3328/5903/5703
f 3328/5903/5703 3388/5902/5702 3389/5904/5704
f 3328/5903/5703 3389/5904/5704 3329/5905/5705
f 3329/5905/5705 3389/5904/5704 3390/5906/5706
f 3329/5905/5705 3390/5906/5706 3330/5907/5707
f 3330/5907/5707 3390/5906/5706 3391/5908/5708
f 3330/5907/5707 3391/5908/5708 3331/5909/5709
f 3331/5909/5709 3391/5908/5708 3392/5910/5710
f 3331/5909/5709 3392/5910/5710 3332/5911/5711
f 3332/5911/5711 3392/5910/5710 3393/5912/5712
f 3332/5911/5711 3393/5912/5712 3333/5913/5713
f 3333/5913/5713 3393/5912/5712 3394/5914/5714
f 3333/5913/5713 3394/5914/5714 3334/5915/5715
f 3334/5915/5715 3394/5914/5714 3395/5916/5716
f 3334/5915/5715 3395/5916/5716 3335/5917/5717
f 3335/5917/5717 3395/5916/5716 3396/5918/5718
f 3335/5917/5717 3396/5918/5718 3336/5919/5719
f 3336/5919/5719 3396/5918/5718 3397/5920/5720
f 3336/5921/5719 3397/5922/5720 3337/5923/5721
f 3337/5923/5721 3397/5922/5720 3383/5924/5722
f 3337/5923/5721 3383/5924/5722 3382/5925/5723
f 3396/5926/5724 3395/5927/5725 3397/5928/5726
f 3397/5928/5726 3395/5927/5725 3394/5929/5727
f 3397/5928/5726 3394/5929/5727 3393/5930/5728
f 3397/5928/5726 3393/5930/5728 3383/5931/5729
f 3383/5931/5729 3393/5930/5728 3392/5932/5730
f 3383/5931/5729 3392/5932/5730 3391/5933/5731
f 3383/5931/5729 3391/5933/5731 3384/5934/5732
f 3384/5934/5732 3391/5933/5731 3390/5935/5733
f 3384/5934/5732 3390/5935/5733 3389/5936/5734
f 3384/5934/5732 3389/5936/5734 3385/5937/5735
f 3385/5937/5735 3389/5936/5734 3388/5938/5736
f 3385/5937/5735 3388/5938/5736 3387/5939/5737
f 3387/5939/5737 3386/5940/5738 3385/5937/5735
g ボディ1:5

v -3.865000 2.700000 0.150000
v -3.859378 2.657295 0.150000
v -3.842894 2.617500 0.150000
v -3.816673 2.583327 0.150000
v -3.782500 2.557106 0.150000
v -3.742705 2.540622 0.150000
v -3.700000 2.535000 0.150000
v -3.657295 2.540622 0.150000
v -3.617500 2.557106 0.150000
v -3.583327 2.583327 0.150000
v -3.557106 2.617500 0.150000
v -3.540622 2.657295 0.150000
v -3.535000 2.700000 0.150000
v -3.540622 2.742705 0.150000
v -3.557106 2.782500 0.150000
v -3.583327 2.816673 0.150000
v -3.617500 2.842894 0.150000
v -3.657295 2.859378 0.150000
v -3.700000 2.865000 0.150000
v -3.742705 2.859378 0.150000
v -3.782500 2.842894 0.150000
v -3.816673 2.816673 0.150000
v -3.842894 2.782500 0.150000
v -3.859378 2.742705 0.150000
v -3.865000 2.700000 0.000000
v -3.859378 2.742705 0.000000
v -3.842894 2.782500 0.000000
v -3.816673 2.816673 0.000000
v -3.782500 2.842894 0.000000
v -3.742705 2.859378 0.000000
v -3.700000 2.865000 0.000000
v -3.657295 2.859378 0.000000
v -3.617500 2.842894 0.000000
v -3.583327 2.816673 0.000000
v -3.557106 2.782500 0.000000
v -3.540622 2.742705 0.000000
v -3.535000 2.700000 0.000000
v -3.540622 2.657295 0.000000
v -3.557106 2.617500 0.000000
v -3.583327 2.583327 0.000000
v -3.617500 2.557106 0.000000
v -3.657295 2.540622 0.000000
v -3.700000 2.535000 0.000000
v -3.742705 2.540622 0.000000
v -3.782500 2.557106 0.000000
v -3.816673 2.583327 0.000000
v -3.842894 2.617500 0.000000
v -3.859378 2.657295 0.000000
v 2.358300 0.000000 0.150000
v 2.362389 -0.031058 0.150000
v 2.374377 -0.060000 0.150000
v 2.393447 -0.084853 0.150000
v 2.418300 -0.103923 0.150000
v 2.447242 -0.115911 0.150000
v 2.478300 -0.120000 0.150000
v 2.509358 -0.115911 0.150000
v 2.538300 -0.103923 0.150000
v 2.563153 -0.084853 0.150000
v 2.582223 -0.060000 0.150000
v 2.594211 -0.031058 0.150000
v 2.598300 0.000000 0.150000
v 2.594211 0.031058 0.150000
v 2.582223 0.060000 0.150000
v 2.563153 0.084853 0.150000
v 2.538300 0.103923 0.150000
v 2.509358 0.115911 0.150000
v 2.478300 0.120000 0.150000
v 2.447242 0.115911 0.150000
v 2.418300 0.103923 0.150000
v 2.393447 0.084853 0.150000
v 2.374377 0.060000 0.150000
v 2.362389 0.031058 0.150000
v 2.358300 0.000000 0.000000
v 2.362389 0.031058 0.000000
v 2.374377 0.060000 0.000000
v 2.393447 0.084853 0.000000
v 2.418300 0.103923 0.000000
v 2.447242 0.115911 0.000000
v 2.478300 0.120000 0.000000
v 2.509358 0.115911 0.000000
v 2.538300 0.103923 0.000000
v 2.563153 0.084853 0.000000
v 2.582223 0.060000 0.000000
v 2.594211 0.031058 0.000000
v 2.598300 0.000000 0.000000
v 2.594211 -0.031058 0.000000
v 2.582223 -0.060000 0.000000
v 2.563153 -0.084853 0.000000
v 2.538300 -0.103923 0.000000
v 2.509358 -0.115911 0.000000
v 2.478300 -0.120000 0.000000
v 2.447242 -0.115911 0.000000
v 2.418300 -0.103923 0.000000
v 2.393447 -0.084853 0.000000
v 2.374377 -0.060000 0.000000
v 2.362389 -0.031058 0.000000
v 0.533300 0.710000 0.150000
v 0.537389 0.678942 0.150000
v 0.549377 0.650000 0.150000
v 0.568447 0.625147 0.150000
v 0.593300 0.606077 0.150000
v 0.622242 0.594089 0.150000
v 0.653300 0.590000 0.150000
v 0.684358 0.594089 0.150000
v 0.713300 0.606077 0.150000
v 0.738153 0.625147 0.150000
v 0.757223 0.650000 0.150000
v 0.769211 0.678942 0.150000
v 0.773300 0.710000 0.150000
v 0.769211 0.741058 0.150000
v 0.757223 0.770000 0.150000
v 0.738153 0.794853 0.150000
v 0.713300 0.813923 0.150000
v 0.684358 0.825911 0.150000
v 0.653300 0.830000 0.150000
v 0.622242 0.825911 0.150000
v 0.593300 0.813923 0.150000
v 0.568447 0.794853 0.150000
v 0.549377 0.770000 0.150000
v 0.537389 0.741058 0.150000
v 0.533300 0.710000 0.000000
v 0.537389 0.741058 0.000000
v 0.549377 0.770000 0.000000
v 0.568447 0.794853 0.000000
v 0.593300 0.813923 0.000000
v 0.622242 0.825911 0.000000
v 0.653300 0.830000 0.000000
v 0.684358 0.825911 0.000000
v 0.713300 0.813923 0.000000
v 0.738153 0.794853 0.000000
v 0.757223 0.770000 0.000000
v 0.769211 0.741058 0.000000
v 0.773300 0.710000 0.000000
v 0.769211 0.678942 0.000000
v 0.757223 0.650000 0.000000
v 0.738153 0.625147 0.000000
v 0.713300 0.606077 0.000000
v 0.684358 0.594089 0.000000
v 0.653300 0.590000 0.000000
v 0.622242 0.594089 0.000000
v 0.593300 0.606077 0.000000
v 0.568447 0.625147 0.000000
v 0.549377 0.650000 0.000000
v 0.537389 0.678942 0.000000
v 0.533300 -0.710000 0.150000
v 0.537389 -0.741058 0.150000
v 0.549377 -0.770000 0.150000
v 0.568447 -0.794853 0.150000
v 0.593300 -0.813923 0.150000
v 0.622242 -0.825911 0.150000
v 0.653300 -0.830000 0.150000
v 0.684358 -0.825911 0.150000
v 0.713300 -0.813923 0.150000
v 0.738153 -0.794853 0.150000
v 0.757223 -0.770000 0.150000
v 0.769211 -0.741058 0.150000
v 0.773300 -0.710000 0.150000
v 0.769211 -0.678942 0.150000
v 0.757223 -0.650000 0.150000
v 0.738153 -0.625147 0.150000
v 0.713300 -0.606077 0.150000
v 0.684358 -0.594089 0.150000
v 0.653300 -0.590000 0.150000
v 0.622242 -0.594089 0.150000
v 0.593300 -0.606077 0.150000
v 0.568447 -0.625147 0.150000
v 0.549377 -0.650000 0.150000
v 0.537389 -0.678942 0.150000
v 0.533300 -0.710000 0.000000
v 0.537389 -0.678942 0.000000
v 0.549377 -0.650000 0.000000
v 0.568447 -0.625147 0.000000
v 0.593300 -0.606077 0.000000
v 0.622242 -0.594089 0.000000
v 0.653300 -0.590000 0.000000
v 0.684358 -0.594089 0.000000
v 0.713300 -0.606077 0.000000
v 0.738153 -0.625147 0.000000
v 0.757223 -0.650000 0.000000
v 0.769211 -0.678942 0.000000
v 0.773300 -0.710000 0.000000
v 0.769211 -0.741058 0.000000
v 0.757223 -0.770000 0.000000
v 0.738153 -0.794853 0.000000
v 0.713300 -0.813923 0.000000
v 0.684358 -0.825911 0.000000
v 0.653300 -0.830000 0.000000
v 0.622242 -0.825911 0.000000
v 0.593300 -0.813923 0.000000
v 0.568447 -0.794853 0.000000
v 0.549377 -0.770000 0.000000
v 0.537389 -0.741058 0.000000
v -0.165000 -2.700000 0.150000
v -0.159378 -2.742705 0.150000
v -0.142894 -2.782500 0.150000
v -0.116673 -2.816673 0.150000
v -0.082500 -2.842894 0.150000
v -0.042705 -2.859378 0.150000
v 0.000000 -2.865000 0.150000
v 0.042705 -2.859378 0.150000
v 0.082500 -2.842894 0.150000
v 0.116673 -2.816673 0.150000
v 0.142894 -2.782500 0.150000
v 0.159378 -2.742705 0.150000
v 0.165000 -2.700000 0.150000
v 0.159378 -2.657295 0.150000
v 0.142894 -2.617500 0.150000
v 0.116673 -2.583327 0.150000
v 0.082500 -2.557106 0.150000
v 0.042705 -2.540622 0.150000
v 0.000000 -2.535000 0.150000
v -0.042705 -2.540622 0.150000
v -0.082500 -2.557106 0.150000
v -0.116673 -2.583327 0.150000
v -0.142894 -2.617500 0.150000
v -0.159378 -2.657295 0.150000
v -0.165000 -2.700000 0.000000
v -0.159378 -2.657295 0.000000
v -0.142894 -2.617500 0.000000
v -0.116673 -2.583327 0.000000
v -0.082500 -2.557106 0.000000
v -0.042705 -2.540622 0.000000
v 0.000000 -2.535000 0.000000
v 0.042705 -2.540622 0.000000
v 0.082500 -2.557106 0.000000
v 0.116673 -2.583327 0.000000
v 0.142894 -2.617500 0.000000
v 0.159378 -2.657295 0.000000
v 0.165000 -2.700000 0.000000
v 0.159378 -2.742705 0.000000
v 0.142894 -2.782500 0.000000
v 0.116673 -2.816673 0.000000
v 0.082500 -2.842894 0.000000
v 0.042705 -2.859378 0.000000
v 0.000000 -2.865000 0.000000
v -0.042705 -2.859378 0.000000
v -0.082500 -2.842894 0.000000
v -0.116673 -2.816673 0.000000
v -0.142894 -2.782500 0.000000
v -0.159378 -2.742705 0.000000
v -0.689200 1.980000 0.150000
v -0.684941 1.947648 0.150000
v -0.672453 1.917500 0.150000
v -0.652588 1.891612 0.150000
v -0.626700 1.871747 0.150000
v -0.596552 1.859259 0.150000
v -0.564200 1.855000 0.150000
v -0.531848 1.859259 0.150000
v -0.501700 1.871747 0.150000
v -0.475812 1.891612 0.150000
v -0.455947 1.917500 0.150000
v -0.443459 1.947648 0.150000
v -0.439200 1.980000 0.150000
v -0.443459 2.012352 0.150000
v -0.455947 2.042500 0.150000
v -0.475812 2.068388 0.150000
v -0.501700 2.088253 0.150000
v -0.531848 2.100741 0.150000
v -0.564200 2.105000 0.150000
v -0.596552 2.100741 0.150000
v -0.626700 2.088253 0.150000
v -0.652588 2.068388 0.150000
v -0.672453 2.042500 0.150000
v -0.684941 2.012352 0.150000
v -0.689200 1.980000 0.000000
v -0.684941 2.012352 0.000000
v -0.672453 2.042500 0.000000
v -0.652588 2.068388 0.000000
v -0.626700 2.088253 0.000000
v -0.596552 2.100741 0.000000
v -0.564200 2.105000 0.000000
v -0.531848 2.100741 0.000000
v -0.501700 2.088253 0.000000
v -0.475812 2.068388 0.000000
v -0.455947 2.042500 0.000000
v -0.443459 2.012352 0.000000
v -0.439200 1.980000 0.000000
v -0.443459 1.947648 0.000000
v -0.455947 1.917500 0.000000
v -0.475812 1.891612 0.000000
v -0.501700 1.871747 0.000000
v -0.531848 1.859259 0.000000
v -0.564200 1.855000 0.000000
v -0.596552 1.859259 0.000000
v -0.626700 1.871747 0.000000
v -0.652588 1.891612 0.000000
v -0.672453 1.917500 0.000000
v -0.684941 1.947648 0.000000
v -0.165000 2.700000 0.150000
v -0.159378 2.657295 0.150000
v -0.142894 2.617500 0.150000
v -0.116673 2.583327 0.150000
v -0.082500 2.557106 0.150000
v -0.042705 2.540622 0.150000
v 0.000000 2.535000 0.150000
v 0.042705 2.540622 0.150000
v 0.082500 2.557106 0.150000
v 0.116673 2.583327 0.150000
v 0.142894 2.617500 0.150000
v 0.159378 2.657295 0.150000
v 0.165000 2.700000 0.150000
v 0.159378 2.742705 0.150000
v 0.142894 2.782500 0.150000
v 0.116673 2.816673 0.150000
v 0.082500 2.842894 0.150000
v 0.042705 2.859378 0.150000
v 0.000000 2.865000 0.150000
v -0.042705 2.859378 0.150000
v -0.082500 2.842894 0.150000
v -0.116673 2.816673 0.150000
v -0.142894 2.782500 0.150000
v -0.159378 2.742705 0.150000
v -0.165000 2.700000 0.000000
v -0.159378 2.742705 0.000000
v -0.142894 2.782500 0.000000
v -0.116673 2.816673 0.000000
v -0.082500 2.842894 0.000000
v -0.042705 2.859378 0.000000
v 0.000000 2.865000 0.000000
v 0.042705 2.859378 0.000000
v 0.082500 2.842894 0.000000
v 0.116673 2.816673 0.000000
v 0.142894 2.782500 0.000000
v 0.159378 2.742705 0.000000
v 0.165000 2.700000 0.000000
v 0.159378 2.657295 0.000000
v 0.142894 2.617500 0.000000
v 0.116673 2.583327 0.000000
v 0.082500 2.557106 0.000000
v 0.042705 2.540622 0.000000
v 0.000000 2.535000 0.000000
v -0.042705 2.540622 0.000000
v -0.082500 2.557106 0.000000
v -0.116673 2.583327 0.000000
v -0.142894 2.617500 0.000000
v -0.159378 2.657295 0.000000
v 3.570800 1.980000 0.150000
v 3.575059 1.947648 0.150000
v 3.587547 1.917500 0.150000
v 3.607412 1.891612 0.150000
v 3.633300 1.871747 0.150000
v 3.663448 1.859259 0.150000
v 3.695800 1.855000 0.150000
v 3.728152 1.859259 0.150000
v 3.758300 1.871747 0.150000
v 3.784188 1.891612 0.150000
v 3.804053 1.917500 0.150000
v 3.816541 1.947648 0.150000
v 3.820800 1.980000 0.150000
v 3.816541 2.012352 0.150000
v 3.804053 2.042500 0.150000
v 3.784188 2.068388 0.150000
v 3.758300 2.088253 0.150000
v 3.728152 2.100741 0.150000
v 3.695800 2.105000 0.150000
v 3.663448 2.100741 0.150000
v 3.633300 2.088253 0.150000
v 3.607412 2.068388 0.150000
v 3.587547 2.042500 0.150000
v 3.575059 2.012352 0.150000
v 3.570800 1.980000 0.000000
v 3.575059 2.012352 0.000000
v 3.587547 2.042500 0.000000
v 3.607412 2.068388 0.000000
v 3.633300 2.088253 0.000000
v 3.663448 2.100741 0.000000
v 3.695800 2.105000 0.000000
v 3.728152 2.100741 0.000000
v 3.758300 2.088253 0.000000
v 3.784188 2.068388 0.000000
v 3.804053 2.042500 0.000000
v 3.816541 2.012352 0.000000
v 3.820800 1.980000 0.000000
v 3.816541 1.947648 0.000000
v 3.804053 1.917500 0.000000
v 3.784188 1.891612 0.000000
v 3.758300 1.871747 0.000000
v 3.728152 1.859259 0.000000
v 3.695800 1.855000 0.000000
v 3.663448 1.859259 0.000000
v 3.633300 1.871747 0.000000
v 3.607412 1.891612 0.000000
v 3.587547 1.917500 0.000000
v 3.575059 1.947648 0.000000
v 3.570800 -1.980000 0.150000
v 3.575059 -2.012352 0.150000
v 3.587547 -2.042500 0.150000
v 3.607412 -2.068388 0.150000
v 3.633300 -2.088253 0.150000
v 3.663448 -2.100741 0.150000
v 3.695800 -2.105000 0.150000
v 3.728152 -2.100741 0.150000
v 3.758300 -2.088253 0.150000
v 3.784188 -2.068388 0.150000
v 3.804053 -2.042500 0.150000
v 3.816541 -2.012352 0.150000
v 3.820800 -1.980000 0.150000
v 3.816541 -1.947648 0.150000
v 3.804053 -1.917500 0.150000
v 3.784188 -1.891612 0.150000
v 3.758300 -1.871747 0.150000
v 3.728152 -1.859259 0.150000
v 3.695800 -1.855000 0.150000
v 3.663448 -1.859259 0.150000
v 3.633300 -1.871747 0.150000
v 3.607412 -1.891612 0.150000
v 3.587547 -1.917500 0.150000
v 3.575059 -1.947648 0.150000
v 3.570800 -1.980000 0.000000
v 3.575059 -1.947648 0.000000
v 3.587547 -1.917500 0.000000
v 3.607412 -1.891612 0.000000
v 3.633300 -1.871747 0.000000
v 3.663448 -1.859259 0.000000
v 3.695800 -1.855000 0.000000
v 3.728152 -1.859259 0.000000
v 3.758300 -1.871747 0.000000
v 3.784188 -1.891612 0.000000
v 3.804053 -1.917500 0.000000
v 3.816541 -1.947648 0.000000
v 3.820800 -1.980000 0.000000
v 3.816541 -2.012352 0.000000
v 3.804053 -2.042500 0.000000
v 3.784188 -2.068388 0.000000
v 3.758300 -2.088253 0.000000
v 3.728152 -2.100741 0.000000
v 3.695800 -2.105000 0.000000
v 3.663448 -2.100741 0.000000
v 3.633300 -2.088253 0.000000
v 3.607412 -2.068388 0.000000
v 3.587547 -2.042500 0.000000
v 3.575059 -2.012352 0.000000
v 3.535000 -2.700000 0.150000
v 3.540622 -2.742705 0.150000
v 3.557106 -2.782500 0.150000
v 3.583327 -2.816673 0.150000
v 3.617500 -2.842894 0.150000
v 3.657295 -2.859378 0.150000
v 3.700000 -2.865000 0.150000
v 3.742705 -2.859378 0.150000
v 3.782500 -2.842894 0.150000
v 3.816673 -2.816673 0.150000
v 3.842894 -2.782500 0.150000
v 3.859378 -2.742705 0.150000
v 3.865000 -2.700000 0.150000
v 3.859378 -2.657295 0.150000
v 3.842894 -2.617500 0.150000
v 3.816673 -2.583327 0.150000
v 3.782500 -2.557106 0.150000
v 3.742705 -2.540622 0.150000
v 3.700000 -2.535000 0.150000
v 3.657295 -2.540622 0.150000
v 3.617500 -2.557106 0.150000
v 3.583327 -2.583327 0.150000
v 3.557106 -2.617500 0.150000
v 3.540622 -2.657295 0.150000
v 3.535000 -2.700000 0.000000
v 3.540622 -2.657295 0.000000
v 3.557106 -2.617500 0.000000
v 3.583327 -2.583327 0.000000
v 3.617500 -2.557106 0.000000
v 3.657295 -2.540622 0.000000
v 3.700000 -2.535000 0.000000
v 3.742705 -2.540622 0.000000
v 3.782500 -2.557106 0.000000
v 3.816673 -2.583327 0.000000
v 3.842894 -2.617500 0.000000
v 3.859378 -2.657295 0.000000
v 3.865000 -2.700000 0.000000
v 3.859378 -2.742705 0.000000
v 3.842894 -2.782500 0.000000
v 3.816673 -2.816673 0.000000
v 3.782500 -2.842894 0.000000
v 3.742705 -2.859378 0.000000
v 3.700000 -2.865000 0.000000
v 3.657295 -2.859378 0.000000
v 3.617500 -2.842894 0.000000
v 3.583327 -2.816673 0.000000
v 3.557106 -2.782500 0.000000
v 3.540622 -2.742705 0.000000
v -0.689200 -1.980000 0.150000
v -0.684941 -2.012352 0.150000
v -0.672453 -2.042500 0.150000
v -0.652588 -2.068388 0.150000
v -0.626700 -2.088253 0.150000
v -0.596552 -2.100741 0.150000
v -0.564200 -2.105000 0.150000
v -0.531848 -2.100741 0.150000
v -0.501700 -2.088253 0.150000
v -0.475812 -2.068388 0.150000
v -0.455947 -2.042500 0.150000
v -0.443459 -2.012352 0.150000
v -0.439200 -1.980000 0.150000
v -0.443459 -1.947648 0.150000
v -0.455947 -1.917500 0.150000
v -0.475812 -1.891612 0.150000
v -0.501700 -1.871747 0.150000
v -0.531848 -1.859259 0.150000
v -0.564200 -1.855000 0.150000
v -0.596552 -1.859259 0.150000
v -0.626700 -1.871747 0.150000
v -0.652588 -1.891612 0.150000
v -0.672453 -1.917500 0.150000
v -0.684941 -1.947648 0.150000
v -0.689200 -1.980000 0.000000
v -0.684941 -1.947648 0.000000
v -0.672453 -1.917500 0.000000
v -0.652588 -1.891612 0.000000
v -0.626700 -1.871747 0.000000
v -0.596552 -1.859259 0.000000
v -0.564200 -1.855000 0.000000
v -0.531848 -1.859259 0.000000
v -0.501700 -1.871747 0.000000
v -0.475812 -1.891612 0.000000
v -0.455947 -1.917500 0.000000
v -0.443459 -1.947648 0.000000
v -0.439200 -1.980000 0.000000
v -0.443459 -2.012352 0.000000
v -0.455947 -2.042500 0.000000
v -0.475812 -2.068388 0.000000
v -0.501700 -2.088253 0.000000
v -0.531848 -2.100741 0.000000
v -0.564200 -2.105000 0.000000
v -0.596552 -2.100741 0.000000
v -0.626700 -2.088253 0.000000
v -0.652588 -2.068388 0.000000
v -0.672453 -2.042500 0.000000
v -0.684941 -2.012352 0.000000
v 3.535000 2.700000 0.150000
v 3.540622 2.657295 0.150000
v 3.557106 2.617500 0.150000
v 3.583327 2.583327 0.150000
v 3.617500 2.557106 0.150000
v 3.657295 2.540622 0.150000
v 3.700000 2.535000 0.150000
v 3.742705 2.540622 0.150000
v 3.782500 2.557106 0.150000
v 3.816673 2.583327 0.150000
v 3.842894 2.617500 0.150000
v 3.859378 2.657295 0.150000
v 3.865000 2.700000 0.150000
v 3.859378 2.742705 0.150000
v 3.842894 2.782500 0.150000
v 3.816673 2.816673 0.150000
v 3.782500 2.842894 0.150000
v 3.742705 2.859378 0.150000
v 3.700000 2.865000 0.150000
v 3.657295 2.859378 0.150000
v 3.617500 2.842894 0.150000
v 3.583327 2.816673 0.150000
v 3.557106 2.782500 0.150000
v 3.540622 2.742705 0.150000
v 3.535000 2.700000 0.000000
v 3.540622 2.742705 0.000000
v 3.557106 2.782500 0.000000
v 3.583327 2.816673 0.000000
v 3.617500 2.842894 0.000000
v 3.657295 2.859378 0.000000
v 3.700000 2.865000 0.000000
v 3.742705 2.859378 0.000000
v 3.782500 2.842894 0.000000
v 3.816673 2.816673 0.000000
v 3.842894 2.782500 0.000000
v 3.859378 2.742705 0.000000
v 3.865000 2.700000 0.000000
v 3.859378 2.657295 0.000000
v 3.842894 2.617500 0.000000
v 3.816673 2.583327 0.000000
v 3.782500 2.557106 0.000000
v 3.742705 2.540622 0.000000
v 3.700000 2.535000 0.000000
v 3.657295 2.540622 0.000000
v 3.617500 2.557106 0.000000
v 3.583327 2.583327 0.000000
v 3.557106 2.617500 0.000000
v 3.540622 2.657295 0.000000
v -3.865000 -2.700000 0.150000
v -3.859378 -2.742705 0.150000
v -3.842894 -2.782500 0.150000
v -3.816673 -2.816673 0.150000
v -3.782500 -2.842894 0.150000
v -3.742705 -2.859378 0.150000
v -3.700000 -2.865000 0.150000
v -3.657295 -2.859378 0.150000
v -3.617500 -2.842894 0.150000
v -3.583327 -2.816673 0.150000
v -3.557106 -2.782500 0.150000
v -3.540622 -2.742705 0.150000
v -3.535000 -2.700000 0.150000
v -3.540622 -2.657295 0.150000
v -3.557106 -2.617500 0.150000
v -3.583327 -2.583327 0.150000
v -3.617500 -2.557106 0.150000
v -3.657295 -2.540622 0.150000
v -3.700000 -2.535000 0.150000
v -3.742705 -2.540622 0.150000
v -3.782500 -2.557106 0.150000
v -3.816673 -2.583327 0.150000
v -3.842894 -2.617500 0.150000
v -3.859378 -2.657295 0.150000
v -3.865000 -2.700000 0.000000
v -3.859378 -2.657295 0.000000
v -3.842894 -2.617500 0.000000
v -3.816673 -2.583327 0.000000
v -3.782500 -2.557106 0.000000
v -3.742705 -2.540622 0.000000
v -3.700000 -2.535000 0.000000
v -3.657295 -2.540622 0.000000
v -3.617500 -2.557106 0.000000
v -3.583327 -2.583327 0.000000
v -3.557106 -2.617500 0.000000
v -3.540622 -2.657295 0.000000
v -3.535000 -2.700000 0.000000
v -3.540622 -2.742705 0.000000
v -3.557106 -2.782500 0.000000
v -3.583327 -2.816673 0.000000
v -3.617500 -2.842894 0.000000
v -3.657295 -2.859378 0.000000
v -3.700000 -2.865000 0.000000
v -3.742705 -2.859378 0.000000
v -3.782500 -2.842894 0.000000
v -3.816673 -2.816673 0.000000
v -3.842894 -2.782500 0.000000
v -3.859378 -2.742705 0.000000
v 4.000000 3.000000 0.000000
v -4.000000 3.000000 0.000000
v -4.000000 3.000000 0.150000
v 4.000000 3.000000 0.150000
v 4.000000 -3.000000 0.000000
v 4.000000 -3.000000 0.150000
v -4.000000 -3.000000 0.000000
v -4.000000 -3.000000 0.150000
vt 0.150000 -0.475166 0.000000
vt 0.000000 -0.475166 0.000000
vt 0.150000 -0.518363 0.000000
vt 0.000000 -0.518363 0.000000
vt 0.150000 0.518363 0.000000
vt 0.000000 0.518363 0.000000
vt 0.150000 0.475166 0.000000
vt 0.000000 0.475166 0.000000
vt 0.150000 0.431969 0.000000
vt 0.000000 0.431969 0.000000
vt 0.150000 0.388772 0.000000
vt 0.000000 0.388772 0.000000
vt 0.150000 0.345575 0.000000
vt -0.000000 0.345575 0.000000
vt 0.150000 0.302378 0.000000
vt 0.000000 0.302378 0.000000
vt 0.150000 0.259181 0.000000
vt 0.000000 0.259181 0.000000
vt 0.150000 0.215984 0.000000
vt 0.000000 0.215984 0.000000
vt 0.150000 0.172788 0.000000
vt -0.000000 0.172788 0.000000
vt 0.150000 0.129591 0.000000
vt 0.000000 0.129591 0.000000
vt 0.150000 0.086394 0.000000
vt -0.000000 0.086394 0.000000
vt 0.150000 0.043197 0.000000
vt 0.000000 0.043197 0.000000
vt 0.150000 0.000000 0.000000
vt 0.000000 0.000000 0.000000
vt 0.150000 -0.043197 0.000000
vt 0.000000 -0.043197 0.000000
vt 0.150000 -0.086394 0.000000
vt 0.000000 -0.086394 0.000000
vt 0.150000 -0.129591 0.000000
vt 0.000000 -0.129591 0.000000
vt 0.150000 -0.172788 0.000000
vt 0.000000 -0.172788 0.000000
vt 0.150000 -0.215984 0.000000
vt 0.000000 -0.215984 0.000000
vt 0.150000 -0.259181 0.000000
vt 0.000000 -0.259181 0.000000
vt 0.150000 -0.302378 0.000000
vt 0.000000 -0.302378 0.000000
vt 0.150000 -0.345575 0.000000
vt -0.000000 -0.345575 0.000000
vt 0.150000 -0.388772 0.000000
vt 0.000000 -0.388772 0.000000
vt 0.150000 -0.431969 0.000000
vt -0.000000 -0.431969 0.000000
vt 0.150000 -0.345575 0.000000
vt -0.000000 -0.345575 0.000000
vt 0.150000 -0.376991 0.000000
vt 0.000000 -0.376991 0.000000
vt 0.150000 0.376991 0.000000
vt 0.000000 0.376991 0.000000
vt 0.150000 0.345575 0.000000
vt -0.000000 0.345575 0.000000
vt 0.150000 0.314159 0.000000
vt -0.000000 0.314159 0.000000
vt 0.150000 0.282743 0.000000
vt -0.000000 0.282743 0.000000
vt 0.150000 0.251327 0.000000
vt -0.000000 0.251327 0.000000
vt 0.150000 0.219911 0.000000
vt 0.000000 0.219911 0.000000
vt 0.150000 0.188496 0.000000
vt 0.000000 0.188496 0.000000
vt 0.150000 0.157080 0.000000
vt 0.000000 0.157080 0.000000
vt 0.150000 0.125664 0.000000
vt 0.000000 0.125664 0.000000
vt 0.150000 0.094248 0.000000
vt -0.000000 0.094248 0.000000
vt 0.150000 0.062832 0.000000
vt -0.000000 0.062832 0.000000
vt 0.150000 0.031416 0.000000
vt -0.000000 0.031416 0.000000
vt 0.150000 0.000000 0.000000
vt 0.000000 0.000000 0.000000
vt 0.150000 -0.031416 0.000000
vt -0.000000 -0.031416 0.000000
vt 0.150000 -0.062832 0.000000
vt -0.000000 -0.062832 0.000000
vt 0.150000 -0.094248 0.000000
vt -0.000000 -0.094248 0.000000
vt 0.150000 -0.125664 0.000000
vt -0.000000 -0.125664 0.000000
vt 0.150000 -0.157080 0.000000
vt 0.000000 -0.157080 0.000000
vt 0.150000 -0.188496 0.000000
vt 0.000000 -0.188496 0.000000
vt 0.150000 -0.219911 0.000000
vt 0.000000 -0.219911 0.000000
vt 0.150000 -0.251327 0.000000
vt 0.000000 -0.251327 0.000000
vt 0.150000 -0.282743 0.000000
vt -0.000000 -0.282743 0.000000
vt 0.150000 -0.314159 0.000000
vt -0.000000 -0.314159 0.000000
vt 0.150000 -0.345575 0.000000
vt -0.000000 -0.345575 0.000000
vt 0.150000 -0.376991 0.000000
vt 0.000000 -0.376991 0.000000
vt 0.150000 0.376991 0.000000
vt 0.000000 0.376991 0.000000
vt 0.150000 0.345575 0.000000
vt -0.000000 0.345575 0.000000
vt 0.150000 0.314159 0.000000
vt -0.000000 0.314159 0.000000
vt 0.150000 0.282743 0.000000
vt -0.000000 0.282743 0.000000
vt 0.150000 0.251327 0.000000
vt -0.000000 0.251327 0.000000
vt 0.150000 0.219911 0.000000
vt 0.000000 0.219911 0.000000
vt 0.150000 0.188496 0.000000
vt 0.000000 0.188496 0.000000
vt 0.150000 0.157080 0.000000
vt 0.000000 0.157080 0.000000
vt 0.150000 0.125664 0.000000
vt 0.000000 0.125664 0.000000
vt 0.150000 0.094248 0.000000
vt -0.000000 0.094248 0.000000
vt 0.150000 0.062832 0.000000
vt -0.000000 0.062832 0.000000
vt 0.150000 0.031416 0.000000
vt -0.000000 0.031416 0.000000
vt 0.150000 0.000000 0.000000
vt 0.000000 0.000000 0.000000
vt 0.150000 -0.031416 0.000000
vt -0.000000 -0.031416 0.000000
vt 0.150000 -0.062832 0.000000
vt -0.000000 -0.062832 0.000000
vt 0.150000 -0.094248 0.000000
vt -0.000000 -0.094248 0.000000
vt 0.150000 -0.125664 0.000000
vt -0.000000 -0.125664 0.000000
vt 0.150000 -0.157080 0.000000
vt 0.000000 -0.157080 0.000000
vt 0.150000 -0.188496 0.000000
vt 0.000000 -0.188496 0.000000
vt 0.150000 -0.219911 0.000000
vt 0.000000 -0.219911 0.000000
vt 0.150000 -0.251327 0.000000
vt 0.000000 -0.251327 0.000000
vt 0.150000 -0.282743 0.000000
vt -0.000000 -0.282743 0.000000
vt 0.150000 -0.314159 0.000000
vt -0.000000 -0.314159 0.000000
vt 0.150000 -0.345575 0.000000
vt -0.000000 -0.345575 0.000000
vt 0.150000 -0.376991 0.000000
vt 0.000000 -0.376991 0.000000
vt 0.150000 0.376991 0.000000
vt 0.000000 0.376991 0.000000
vt 0.150000 0.345575 0.000000
vt -0.000000 0.345575 0.000000
vt 0.150000 0.314159 0.000000
vt -0.000000 0.314159 0.000000
vt 0.150000 0.282743 0.000000
vt -0.000000 0.282743 0.000000
vt 0.150000 0.251327 0.000000
vt -0.000000 0.251327 0.000000
vt 0.150000 0.219911 0.000000
vt 0.000000 0.219911 0.000000
vt 0.150000 0.188496 0.000000
vt 0.000000 0.188496 0.000000
vt 0.150000 0.157080 0.000000
vt 0.000000 0.157080 0.000000
vt 0.150000 0.125664 0.000000
vt 0.000000 0.125664 0.000000
vt 0.150000 0.094248 0.000000
vt -0.000000 0.094248 0.000000
vt 0.150000 0.062832 0.000000
vt -0.000000 0.062832 0.000000
vt 0.150000 0.031416 0.000000
vt -0.000000 0.031416 0.000000
vt 0.150000 0.000000 0.000000
vt 0.000000 0.000000 0.000000
vt 0.150000 -0.031416 0.000000
vt -0.000000 -0.031416 0.000000
vt 0.150000 -0.062832 0.000000
vt -0.000000 -0.062832 0.000000
vt 0.150000 -0.094248 0.000000
vt -0.000000 -0.094248 0.000000
vt 0.150000 -0.125664 0.000000
vt -0.000000 -0.125664 0.000000
vt 0.150000 -0.157080 0.000000
vt 0.000000 -0.157080 0.000000
vt 0.150000 -0.188496 0.000000
vt 0.000000 -0.188496 0.000000
vt 0.150000 -0.219911 0.000000
vt 0.000000 -0.219911 0.000000
vt 0.150000 -0.251327 0.000000
vt 0.000000 -0.251327 0.000000
vt 0.150000 -0.282743 0.000000
vt -0.000000 -0.282743 0.000000
vt 0.150000 -0.314159 0.000000
vt -0.000000 -0.314159 0.000000
vt 0.150000 -0.475166 0.000000
vt 0.000000 -0.475166 0.000000
vt 0.150000 -0.518363 0.000000
vt 0.000000 -0.518363 0.000000
vt 0.150000 0.518363 0.000000
vt 0.000000 0.518363 0.000000
vt 0.150000 0.475166 0.000000
vt 0.000000 0.475166 0.000000
vt 0.150000 0.431969 0.000000
vt 0.000000 0.431969 0.000000
vt 0.150000 0.388772 0.000000
vt 0.000000 0.388772 0.000000
vt 0.150000 0.345575 0.000000
vt 0.000000 0.345575 0.000000
vt 0.150000 0.302378 0.000000
vt 0.000000 0.302378 0.000000
vt 0.150000 0.259181 0.000000
vt 0.000000 0.259181 0.000000
vt 0.150000 0.215984 0.000000
vt 0.000000 0.215984 0.000000
vt 0.150000 0.172788 0.000000
vt 0.000000 0.172788 0.000000
vt 0.150000 0.129591 0.000000
vt 0.000000 0.129591 0.000000
vt 0.150000 0.086394 0.000000
vt 0.000000 0.086394 0.000000
vt 0.150000 0.043197 0.000000
vt 0.000000 0.043197 0.000000
vt 0.150000 0.000000 0.000000
vt 0.000000 0.000000 0.000000
vt 0.150000 -0.043197 0.000000
vt 0.000000 -0.043197 0.000000
vt 0.150000 -0.086394 0.000000
vt -0.000000 -0.086394 0.000000
vt 0.150000 -0.129591 0.000000
vt 0.000000 -0.129591 0.000000
vt 0.150000 -0.172788 0.000000
vt -0.000000 -0.172788 0.000000
vt 0.150000 -0.215984 0.000000
vt 0.000000 -0.215984 0.000000
vt 0.150000 -0.259181 0.000000
vt 0.000000 -0.259181 0.000000
vt 0.150000 -0.302378 0.000000
vt 0.000000 -0.302378 0.000000
vt 0.150000 -0.345575 0.000000
vt -0.000000 -0.345575 0.000000
vt 0.150000 -0.388772 0.000000
vt 0.000000 -0.388772 0.000000
vt 0.150000 -0.431969 0.000000
vt -0.000000 -0.431969 0.000000
vt 0.150000 -0.359974 0.000000
vt -0.000000 -0.359974 0.000000
vt 0.150000 -0.392699 0.000000
vt 0.000000 -0.392699 0.000000
vt 0.150000 0.392699 0.000000
vt 0.000000 0.392699 0.000000
vt 0.150000 0.359974 0.000000
vt -0.000000 0.359974 0.000000
vt 0.150000 0.327249 0.000000
vt 0.000000 0.327249 0.000000
vt 0.150000 0.294524 0.000000
vt 0.000000 0.294524 0.000000
vt 0.150000 0.261799 0.000000
vt -0.000000 0.261799 0.000000
vt 0.150000 0.229074 0.000000
vt 0.000000 0.229074 0.000000
vt 0.150000 0.196350 0.000000
vt 0.000000 0.196350 0.000000
vt 0.150000 0.163625 0.000000
vt 0.000000 0.163625 0.000000
vt 0.150000 0.130900 0.000000
vt -0.000000 0.130900 0.000000
vt 0.150000 0.098175 0.000000
vt 0.000000 0.098175 0.000000
vt 0.150000 0.065450 0.000000
vt 0.000000 0.065450 0.000000
vt 0.150000 0.032725 0.000000
vt -0.000000 0.032725 0.000000
vt 0.150000 0.000000 0.000000
vt 0.000000 0.000000 0.000000
vt 0.150000 -0.032725 0.000000
vt -0.000000 -0.032725 0.000000
vt 0.150000 -0.065450 0.000000
vt 0.000000 -0.065450 0.000000
vt 0.150000 -0.098175 0.000000
vt 0.000000 -0.098175 0.000000
vt 0.150000 -0.130900 0.000000
vt -0.000000 -0.130900 0.000000
vt 0.150000 -0.163625 0.000000
vt 0.000000 -0.163625 0.000000
vt 0.150000 -0.196350 0.000000
vt 0.000000 -0.196350 0.000000
vt 0.150000 -0.229074 0.000000
vt 0.000000 -0.229074 0.000000
vt 0.150000 -0.261799 0.000000
vt -0.000000 -0.261799 0.000000
vt 0.150000 -0.294524 0.000000
vt 0.000000 -0.294524 0.000000
vt 0.150000 -0.327249 0.000000
vt 0.000000 -0.327249 0.000000
vt 0.150000 -0.475166 0.000000
vt 0.000000 -0.475166 0.000000
vt 0.150000 -0.518363 0.000000
vt 0.000000 -0.518363 0.000000
vt 0.150000 0.518363 0.000000
vt 0.000000 0.518363 0.000000
vt 0.150000 0.475166 0.000000
vt 0.000000 0.475166 0.000000
vt 0.150000 0.431969 0.000000
vt 0.000000 0.431969 0.000000
vt 0.150000 0.388772 0.000000
vt 0.000000 0.388772 0.000000
vt 0.150000 0.345575 0.000000
vt -0.000000 0.345575 0.000000
vt 0.150000 0.302378 0.000000
vt 0.000000 0.302378 0.000000
vt 0.150000 0.259181 0.000000
vt 0.000000 0.259181 0.000000
vt 0.150000 0.215984 0.000000
vt 0.000000 0.215984 0.000000
vt 0.150000 0.172788 0.000000
vt -0.000000 0.172788 0.000000
vt 0.150000 0.129591 0.000000
vt 0.000000 0.129591 0.000000
vt 0.150000 0.086394 0.000000
vt 0.000000 0.086394 0.000000
vt 0.150000 0.043197 0.000000
vt 0.000000 0.043197 0.000000
vt 0.150000 0.000000 0.000000
vt 0.000000 0.000000 0.000000
vt 0.150000 -0.043197 0.000000
vt 0.000000 -0.043197 0.000000
vt 0.150000 -0.086394 0.000000
vt -0.000000 -0.086394 0.000000
vt 0.150000 -0.129591 0.000000
vt 0.000000 -0.129591 0.000000
vt 0.150000 -0.172788 0.000000
vt 0.000000 -0.172788 0.000000
vt 0.150000 -0.215984 0.000000
vt 0.000000 -0.215984 0.000000
vt 0.150000 -0.259181 0.000000
vt 0.000000 -0.259181 0.000000
vt 0.150000 -0.302378 0.000000
vt 0.000000 -0.302378 0.000000
vt 0.150000 -0.345575 0.000000
vt -0.000000 -0.345575 0.000000
vt 0.150000 -0.388772 0.000000
vt 0.000000 -0.388772 0.000000
vt 0.150000 -0.431969 0.000000
vt -0.000000 -0.431969 0.000000
vt 0.150000 -0.359974 0.000000
vt 0.000000 -0.359974 0.000000
vt 0.150000 -0.392699 0.000000
vt 0.000000 -0.392699 0.000000
vt 0.150000 0.392699 0.000000
vt 0.000000 0.392699 0.000000
vt 0.150000 0.359974 0.000000
vt 0.000000 0.359974 0.000000
vt 0.150000 0.327249 0.000000
vt -0.000000 0.327249 0.000000
vt 0.150000 0.294524 0.000000
vt 0.000000 0.294524 0.000000
vt 0.150000 0.261799 0.000000
vt -0.000000 0.261799 0.000000
vt 0.150000 0.229074 0.000000
vt 0.000000 0.229074 0.000000
vt 0.150000 0.196350 0.000000
vt 0.000000 0.196350 0.000000
vt 0.150000 0.163625 0.000000
vt 0.000000 0.163625 0.000000
vt 0.150000 0.130900 0.000000
vt -0.000000 0.130900 0.000000
vt 0.150000 0.098175 0.000000
vt 0.000000 0.098175 0.000000
vt 0.150000 0.065450 0.000000
vt -0.000000 0.065450 0.000000
vt 0.150000 0.032725 0.000000
vt 0.000000 0.032725 0.000000
vt 0.150000 0.000000 0.000000
vt 0.000000 0.000000 0.000000
vt 0.150000 -0.032725 0.000000
vt 0.000000 -0.032725 0.000000
vt 0.150000 -0.065450 0.000000
vt -0.000000 -0.065450 0.000000
vt 0.150000 -0.098175 0.000000
vt 0.000000 -0.098175 0.000000
vt 0.150000 -0.130900 0.000000
vt -0.000000 -0.130900 0.000000
vt 0.150000 -0.163625 0.000000
vt 0.000000 -0.163625 0.000000
vt 0.150000 -0.196350 0.000000
vt 0.000000 -0.196350 0.000000
vt 0.150000 -0.229074 0.000000
vt 0.000000 -0.229074 0.000000
vt 0.150000 -0.261799 0.000000
vt -0.000000 -0.261799 0.000000
vt 0.150000 -0.294524 0.000000
vt 0.000000 -0.294524 0.000000
vt 0.150000 -0.327249 0.000000
vt -0.000000 -0.327249 0.000000
vt 0.150000 -0.359974 0.000000
vt 0.000000 -0.359974 0.000000
vt 0.150000 -0.392699 0.000000
vt 0.000000 -0.392699 0.000000
vt 0.150000 0.392699 0.000000
vt 0.000000 0.392699 0.000000
vt 0.150000 0.359974 0.000000
vt 0.000000 0.359974 0.000000
vt 0.150000 0.327249 0.000000
vt -0.000000 0.327249 0.000000
vt 0.150000 0.294524 0.000000
vt 0.000000 0.294524 0.000000
vt 0.150000 0.261799 0.000000
vt -0.000000 0.261799 0.000000
vt 0.150000 0.229074 0.000000
vt 0.000000 0.229074 0.000000
vt 0.150000 0.196350 0.000000
vt 0.000000 0.196350 0.000000
vt 0.150000 0.163625 0.000000
vt 0.000000 0.163625 0.000000
vt 0.150000 0.130900 0.000000
vt -0.000000 0.130900 0.000000
vt 0.150000 0.098175 0.000000
vt 0.000000 0.098175 0.000000
vt 0.150000 0.065450 0.000000
vt -0.000000 0.065450 0.000000
vt 0.150000 0.032725 0.000000
vt 0.000000 0.032725 0.000000
vt 0.150000 0.000000 0.000000
vt 0.000000 0.000000 0.000000
vt 0.150000 -0.032725 0.000000
vt 0.000000 -0.032725 0.000000
vt 0.150000 -0.065450 0.000000
vt -0.000000 -0.065450 0.000000
vt 0.150000 -0.098175 0.000000
vt 0.000000 -0.098175 0.000000
vt 0.150000 -0.130900 0.000000
vt 0.000000 -0.130900 0.000000
vt 0.150000 -0.163625 0.000000
vt 0.000000 -0.163625 0.000000
vt 0.150000 -0.196350 0.000000
vt 0.000000 -0.196350 0.000000
vt 0.150000 -0.229074 0.000000
vt 0.000000 -0.229074 0.000000
vt 0.150000 -0.261799 0.000000
vt -0.000000 -0.261799 0.000000
vt 0.150000 -0.294524 0.000000
vt 0.000000 -0.294524 0.000000
vt 0.150000 -0.327249 0.000000
vt -0.000000 -0.327249 0.000000
vt 0.150000 -0.475166 0.000000
vt 0.000000 -0.475166 0.000000
vt 0.150000 -0.518363 0.000000
vt 0.000000 -0.518363 0.000000
vt 0.150000 0.518363 0.000000
vt 0.000000 0.518363 0.000000
vt 0.150000 0.475166 0.000000
vt 0.000000 0.475166 0.000000
vt 0.150000 0.431969 0.000000
vt -0.000000 0.431969 0.000000
vt 0.150000 0.388772 0.000000
vt 0.000000 0.388772 0.000000
vt 0.150000 0.345575 0.000000
vt -0.000000 0.345575 0.000000
vt 0.150000 0.302378 0.000000
vt 0.000000 0.302378 0.000000
vt 0.150000 0.259181 0.000000
vt 0.000000 0.259181 0.000000
vt 0.150000 0.215984 0.000000
vt 0.000000 0.215984 0.000000
vt 0.150000 0.172788 0.000000
vt 0.000000 0.172788 0.000000
vt 0.150000 0.129591 0.000000
vt 0.000000 0.129591 0.000000
vt 0.150000 0.086394 0.000000
vt 0.000000 0.086394 0.000000
vt 0.150000 0.043197 0.000000
vt 0.000000 0.043197 0.000000
vt 0.150000 0.000000 0.000000
vt 0.000000 0.000000 0.000000
vt 0.150000 -0.043197 0.000000
vt 0.000000 -0.043197 0.000000
vt 0.150000 -0.086394 0.000000
vt -0.000000 -0.086394 0.000000
vt 0.150000 -0.129591 0.000000
vt 0.000000 -0.129591 0.000000
vt 0.150000 -0.172788 0.000000
vt -0.000000 -0.172788 0.000000
vt 0.150000 -0.215984 0.000000
vt 0.000000 -0.215984 0.000000
vt 0.150000 -0.259181 0.000000
vt 0.000000 -0.259181 0.000000
vt 0.150000 -0.302378 0.000000
vt 0.000000 -0.302378 0.000000
vt 0.150000 -0.345575 0.000000
vt 0.000000 -0.345575 0.000000
vt 0.150000 -0.388772 0.000000
vt 0.000000 -0.388772 0.000000
vt 0.150000 -0.431969 0.000000
vt 0.000000 -0.431969 0.000000
vt 0.150000 -0.359974 0.000000
vt -0.000000 -0.359974 0.000000
vt 0.150000 -0.392699 0.000000
vt 0.000000 -0.392699 0.000000
vt 0.150000 0.392699 0.000000
vt 0.000000 0.392699 0.000000
vt 0.150000 0.359974 0.000000
vt -0.000000 0.359974 0.000000
vt 0.150000 0.327249 0.000000
vt 0.000000 0.327249 0.000000
vt 0.150000 0.294524 0.000000
vt 0.000000 0.294524 0.000000
vt 0.150000 0.261799 0.000000
vt -0.000000 0.261799 0.000000
vt 0.150000 0.229074 0.000000
vt 0.000000 0.229074 0.000000
vt 0.150000 0.196350 0.000000
vt 0.000000 0.196350 0.000000
vt 0.150000 0.163625 0.000000
vt 0.000000 0.163625 0.000000
vt 0.150000 0.130900 0.000000
vt -0.000000 0.130900 0.000000
vt 0.150000 0.098175 0.000000
vt 0.000000 0.098175 0.000000
vt 0.150000 0.065450 0.000000
vt 0.000000 0.065450 0.000000
vt 0.150000 0.032725 0.000000
vt -0.000000 0.032725 0.000000
vt 0.150000 0.000000 0.000000
vt 0.000000 0.000000 0.000000
vt 0.150000 -0.032725 0.000000
vt -0.000000 -0.032725 0.000000
vt 0.150000 -0.065450 0.000000
vt 0.000000 -0.065450 0.000000
vt 0.150000 -0.098175 0.000000
vt 0.000000 -0.098175 0.000000
vt 0.150000 -0.130900 0.000000
vt 0.000000 -0.130900 0.000000
vt 0.150000 -0.163625 0.000000
vt 0.000000 -0.163625 0.000000
vt 0.150000 -0.196350 0.000000
vt 0.000000 -0.196350 0.000000
vt 0.150000 -0.229074 0.000000
vt 0.000000 -0.229074 0.000000
vt 0.150000 -0.261799 0.000000
vt -0.000000 -0.261799 0.000000
vt 0.150000 -0.294524 0.000000
vt 0.000000 -0.294524 0.000000
vt 0.150000 -0.327249 0.000000
vt 0.000000 -0.327249 0.000000
vt 0.150000 -0.475166 0.000000
vt 0.000000 -0.475166 0.000000
vt 0.150000 -0.518363 0.000000
vt 0.000000 -0.518363 0.000000
vt 0.150000 0.518363 0.000000
vt 0.000000 0.518363 0.000000
vt 0.150000 0.475166 0.000000
vt 0.000000 0.475166 0.000000
vt 0.150000 0.431969 0.000000
vt -0.000000 0.431969 0.000000
vt 0.150000 0.388772 0.000000
vt 0.000000 0.388772 0.000000
vt 0.150000 0.345575 0.000000
vt -0.000000 0.345575 0.000000
vt 0.150000 0.302378 0.000000
vt 0.000000 0.302378 0.000000
vt 0.150000 0.259181 0.000000
vt 0.000000 0.259181 0.000000
vt 0.150000 0.215984 0.000000
vt 0.000000 0.215984 0.000000
vt 0.150000 0.172788 0.000000
vt -0.000000 0.172788 0.000000
vt 0.150000 0.129591 0.000000
vt 0.000000 0.129591 0.000000
vt 0.150000 0.086394 0.000000
vt 0.000000 0.086394 0.000000
vt 0.150000 0.043197 0.000000
vt 0.000000 0.043197 0.000000
vt 0.150000 0.000000 0.000000
vt 0.000000 0.000000 0.000000
vt 0.150000 -0.043197 0.000000
vt 0.000000 -0.043197 0.000000
vt 0.150000 -0.086394 0.000000
vt -0.000000 -0.086394 0.000000
vt 0.150000 -0.129591 0.000000
vt 0.000000 -0.129591 0.000000
vt 0.150000 -0.172788 0.000000
vt 0.000000 -0.172788 0.000000
vt 0.150000 -0.215984 0.000000
vt 0.000000 -0.215984 0.000000
vt 0.150000 -0.259181 0.000000
vt 0.000000 -0.259181 0.000000
vt 0.150000 -0.302378 0.000000
vt 0.000000 -0.302378 0.000000
vt 0.150000 -0.345575 0.000000
vt -0.000000 -0.345575 0.000000
vt 0.150000 -0.388772 0.000000
vt 0.000000 -0.388772 0.000000
vt 0.150000 -0.431969 0.000000
vt 0.000000 -0.431969 0.000000
vt 0.150000 -0.475166 0.000000
vt 0.000000 -0.475166 0.000000
vt 0.150000 -0.518363 0.000000
vt 0.000000 -0.518363 0.000000
vt 0.150000 0.518363 0.000000
vt 0.000000 0.518363 0.000000
vt 0.150000 0.475166 0.000000
vt 0.000000 0.475166 0.000000
vt 0.150000 0.431969 0.000000
vt -0.000000 0.431969 0.000000
vt 0.150000 0.388772 0.000000
vt 0.000000 0.388772 0.000000
vt 0.150000 0.345575 0.000000
vt -0.000000 0.345575 0.000000
vt 0.150000 0.302378 0.000000
vt -0.000000 0.302378 0.000000
vt 0.150000 0.259181 0.000000
vt 0.000000 0.259181 0.000000
vt 0.150000 0.215984 0.000000
vt -0.000000 0.215984 0.000000
vt 0.150000 0.172788 0.000000
vt 0.000000 0.172788 0.000000
vt 0.150000 0.129591 0.000000
vt -0.000000 0.129591 0.000000
vt 0.150000 0.086394 0.000000
vt -0.000000 0.086394 0.000000
vt 0.150000 0.043197 0.000000
vt -0.000000 0.043197 0.000000
vt 0.150000 0.000000 0.000000
vt 0.000000 0.000000 0.000000
vt 0.150000 -0.043197 0.000000
vt 0.000000 -0.043197 0.000000
vt 0.150000 -0.086394 0.000000
vt 0.000000 -0.086394 0.000000
vt 0.150000 -0.129591 0.000000
vt 0.000000 -0.129591 0.000000
vt 0.150000 -0.172788 0.000000
vt 0.000000 -0.172788 0.000000
vt 0.150000 -0.215984 0.000000
vt 0.000000 -0.215984 0.000000
vt 0.150000 -0.259181 0.000000
vt 0.000000 -0.259181 0.000000
vt 0.150000 -0.302378 0.000000
vt 0.000000 -0.302378 0.000000
vt 0.150000 -0.345575 0.000000
vt 0.000000 -0.345575 0.000000
vt 0.150000 -0.388772 0.000000
vt 0.000000 -0.388772 0.000000
vt 0.150000 -0.431969 0.000000
vt 0.000000 -0.431969 0.000000
vt 0.000000 0.000000 0.000000
vt 8.000000 0.000000 0.000000
vt 0.000000 0.150000 0.000000
vt 8.000000 0.150000 0.000000
vt 0.000000 0.000000 0.000000
vt 6.000000 0.000000 0.000000
vt 0.000000 0.150000 0.000000
vt 6.000000 0.150000 0.000000
vt 0.000000 0.000000 0.000000
vt 8.000000 0.000000 0.000000
vt 0.000000 0.150000 0.000000
vt 8.000000 0.150000 0.000000
vt 0.000000 0.000000 0.000000
vt 6.000000 0.000000 0.000000
vt 0.000000 0.150000 0.000000
vt 6.000000 0.150000 0.000000
vt -3.859378 -2.742705 0.000000
vt -3.865000 -2.700000 0.000000
vt -4.000000 -3.000000 0.000000
vt -3.859378 -2.657295 0.000000
vt -3.859378 2.657295 0.000000
vt -3.842894 2.617500 0.000000
vt -3.842894 -2.617500 0.000000
vt -3.816673 2.583327 0.000000
vt -3.816673 -2.583327 0.000000
vt -3.782500 2.557106 0.000000
vt -3.782500 -2.557106 0.000000
vt -3.742705 2.540622 0.000000
vt -3.742705 -2.540622 0.000000
vt -3.700000 2.535000 0.000000
vt -3.700000 -2.535000 0.000000
vt -3.657295 2.540622 0.000000
vt -0.626700 1.871747 0.000000
vt -0.652588 1.891612 0.000000
vt -3.657295 -2.540622 0.000000
vt -0.626700 -1.871747 0.000000
vt 0.549377 0.650000 0.000000
vt 0.537389 0.678942 0.000000
vt -0.596552 1.859259 0.000000
vt 0.533300 0.710000 0.000000
vt 0.537389 0.741058 0.000000
vt -3.617500 -2.557106 0.000000
vt -0.672453 -1.917500 0.000000
vt -0.652588 -1.891612 0.000000
vt -0.684941 -1.947648 0.000000
vt -3.583327 -2.583327 0.000000
vt -0.689200 -1.980000 0.000000
vt -3.557106 -2.617500 0.000000
vt -0.684941 -2.012352 0.000000
vt -3.540622 -2.657295 0.000000
vt -0.672453 -2.042500 0.000000
vt -3.535000 -2.700000 0.000000
vt -0.652588 -2.068388 0.000000
vt -3.540622 -2.742705 0.000000
vt -0.626700 -2.088253 0.000000
vt -0.159378 -2.742705 0.000000
vt -0.165000 -2.700000 0.000000
vt -0.142894 -2.782500 0.000000
vt -3.557106 -2.782500 0.000000
vt -0.116673 -2.816673 0.000000
vt -3.583327 -2.816673 0.000000
vt -0.082500 -2.842894 0.000000
vt -3.617500 -2.842894 0.000000
vt -0.042705 -2.859378 0.000000
vt -3.657295 -2.859378 0.000000
vt -3.700000 -2.865000 0.000000
vt -3.742705 -2.859378 0.000000
vt -3.782500 -2.842894 0.000000
vt -3.816673 -2.816673 0.000000
vt -3.842894 -2.782500 0.000000
vt 3.540622 2.742705 0.000000
vt 0.159378 2.742705 0.000000
vt 3.535000 2.700000 0.000000
vt 0.165000 2.700000 0.000000
vt 3.540622 2.657295 0.000000
vt 0.159378 2.657295 0.000000
vt 3.575059 2.012352 0.000000
vt 0.142894 2.617500 0.000000
vt 3.570800 1.980000 0.000000
vt 0.713300 0.813923 0.000000
vt 3.575059 1.947648 0.000000
vt 0.738153 0.794853 0.000000
vt 3.587547 1.917500 0.000000
vt 0.757223 0.770000 0.000000
vt 2.478300 0.120000 0.000000
vt 2.447242 0.115911 0.000000
vt 0.769211 0.741058 0.000000
vt 2.418300 0.103923 0.000000
vt 0.773300 0.710000 0.000000
vt 0.769211 0.678942 0.000000
vt 0.142894 2.782500 0.000000
vt 3.557106 2.782500 0.000000
vt 0.116673 2.816673 0.000000
vt 3.583327 2.816673 0.000000
vt 0.082500 2.842894 0.000000
vt 3.617500 2.842894 0.000000
vt 0.042705 2.859378 0.000000
vt 3.657295 2.859378 0.000000
vt 4.000000 3.000000 0.000000
vt 3.700000 2.865000 0.000000
vt 3.742705 2.859378 0.000000
vt 3.782500 2.842894 0.000000
vt 3.816673 2.816673 0.000000
vt 3.842894 2.782500 0.000000
vt 3.859378 2.742705 0.000000
vt 3.865000 2.700000 0.000000
vt 3.859378 2.657295 0.000000
vt 3.816541 2.012352 0.000000
vt 3.842894 2.617500 0.000000
vt 3.804053 2.042500 0.000000
vt 3.816673 2.583327 0.000000
vt 3.784188 2.068388 0.000000
vt 3.782500 2.557106 0.000000
vt 3.758300 2.088253 0.000000
vt 3.742705 2.540622 0.000000
vt 3.728152 2.100741 0.000000
vt 3.700000 2.535000 0.000000
vt 3.695800 2.105000 0.000000
vt 3.663448 2.100741 0.000000
vt 3.657295 2.540622 0.000000
vt 3.633300 2.088253 0.000000
vt 3.617500 2.557106 0.000000
vt 3.607412 2.068388 0.000000
vt 3.583327 2.583327 0.000000
vt 3.587547 2.042500 0.000000
vt 3.557106 2.617500 0.000000
vt 0.537389 -0.678942 0.000000
vt -0.596552 -1.859259 0.000000
vt 0.533300 -0.710000 0.000000
vt 0.537389 -0.741058 0.000000
vt -0.564200 -1.855000 0.000000
vt 0.549377 -0.770000 0.000000
vt -0.531848 -1.859259 0.000000
vt 0.568447 -0.794853 0.000000
vt -0.501700 -1.871747 0.000000
vt 0.593300 -0.813923 0.000000
vt -0.475812 -1.891612 0.000000
vt 0.622242 -0.825911 0.000000
vt -0.455947 -1.917500 0.000000
vt 0.653300 -0.830000 0.000000
vt -0.443459 -1.947648 0.000000
vt 0.082500 -2.557106 0.000000
vt -0.439200 -1.980000 0.000000
vt 0.042705 -2.540622 0.000000
vt -0.443459 -2.012352 0.000000
vt 0.000000 -2.535000 0.000000
vt -0.455947 -2.042500 0.000000
vt -0.475812 -2.068388 0.000000
vt -0.042705 -2.540622 0.000000
vt -0.501700 -2.088253 0.000000
vt -0.082500 -2.557106 0.000000
vt -0.531848 -2.100741 0.000000
vt -0.116673 -2.583327 0.000000
vt -0.564200 -2.105000 0.000000
vt -0.142894 -2.617500 0.000000
vt -0.596552 -2.100741 0.000000
vt -0.159378 -2.657295 0.000000
vt 3.540622 -2.657295 0.000000
vt 0.159378 -2.657295 0.000000
vt 3.535000 -2.700000 0.000000
vt 0.165000 -2.700000 0.000000
vt 3.540622 -2.742705 0.000000
vt 0.159378 -2.742705 0.000000
vt 3.557106 -2.782500 0.000000
vt 0.142894 -2.782500 0.000000
vt 3.583327 -2.816673 0.000000
vt 0.116673 -2.816673 0.000000
vt 3.617500 -2.842894 0.000000
vt 0.082500 -2.842894 0.000000
vt 3.657295 -2.859378 0.000000
vt 0.042705 -2.859378 0.000000
vt 4.000000 -3.000000 0.000000
vt 0.000000 -2.865000 0.000000
vt 3.575059 -2.012352 0.000000
vt 3.557106 -2.617500 0.000000
vt 3.587547 -2.042500 0.000000
vt 3.583327 -2.583327 0.000000
vt 3.607412 -2.068388 0.000000
vt 3.617500 -2.557106 0.000000
vt 3.633300 -2.088253 0.000000
vt 3.657295 -2.540622 0.000000
vt 3.663448 -2.100741 0.000000
vt 3.700000 -2.535000 0.000000
vt 3.695800 -2.105000 0.000000
vt 3.728152 -2.100741 0.000000
vt 3.742705 -2.540622 0.000000
vt 3.758300 -2.088253 0.000000
vt 3.782500 -2.557106 0.000000
vt 3.784188 -2.068388 0.000000
vt 3.816673 -2.583327 0.000000
vt 3.804053 -2.042500 0.000000
vt 3.842894 -2.617500 0.000000
vt 3.816541 -2.012352 0.000000
vt 3.859378 -2.657295 0.000000
vt 3.865000 -2.700000 0.000000
vt 3.859378 -2.742705 0.000000
vt 3.842894 -2.782500 0.000000
vt 3.816673 -2.816673 0.000000
vt 3.782500 -2.842894 0.000000
vt 3.742705 -2.859378 0.000000
vt 3.700000 -2.865000 0.000000
vt 3.575059 -1.947648 0.000000
vt 0.713300 -0.813923 0.000000
vt 3.570800 -1.980000 0.000000
vt 0.142894 -2.617500 0.000000
vt 0.738153 -0.794853 0.000000
vt 3.587547 -1.917500 0.000000
vt 0.757223 -0.770000 0.000000
vt 2.478300 -0.120000 0.000000
vt 2.447242 -0.115911 0.000000
vt 3.607412 -1.891612 0.000000
vt 3.633300 -1.871747 0.000000
vt 2.509358 -0.115911 0.000000
vt 3.663448 -1.859259 0.000000
vt 2.538300 -0.103923 0.000000
vt 3.695800 -1.855000 0.000000
vt 2.563153 -0.084853 0.000000
vt 2.582223 -0.060000 0.000000
vt 3.728152 -1.859259 0.000000
vt 2.594211 -0.031058 0.000000
vt 3.758300 -1.871747 0.000000
vt 2.598300 0.000000 0.000000
vt 3.758300 1.871747 0.000000
vt 2.594211 0.031058 0.000000
vt 3.728152 1.859259 0.000000
vt 2.582223 0.060000 0.000000
vt 3.695800 1.855000 0.000000
vt 2.563153 0.084853 0.000000
vt 2.538300 0.103923 0.000000
vt 3.663448 1.859259 0.000000
vt 2.509358 0.115911 0.000000
vt 3.633300 1.871747 0.000000
vt 3.607412 1.891612 0.000000
vt 3.784188 -1.891612 0.000000
vt 3.784188 1.891612 0.000000
vt 3.804053 -1.917500 0.000000
vt 3.804053 1.917500 0.000000
vt 3.816541 -1.947648 0.000000
vt 3.816541 1.947648 0.000000
vt 3.820800 -1.980000 0.000000
vt 3.820800 1.980000 0.000000
vt -0.159378 2.742705 0.000000
vt -0.626700 2.088253 0.000000
vt -0.165000 2.700000 0.000000
vt -0.596552 2.100741 0.000000
vt -0.159378 2.657295 0.000000
vt -0.142894 2.617500 0.000000
vt -0.564200 2.105000 0.000000
vt -0.116673 2.583327 0.000000
vt -0.531848 2.100741 0.000000
vt -0.082500 2.557106 0.000000
vt -0.501700 2.088253 0.000000
vt -0.042705 2.540622 0.000000
vt -0.475812 2.068388 0.000000
vt 0.000000 2.535000 0.000000
vt -0.455947 2.042500 0.000000
vt -0.443459 2.012352 0.000000
vt -0.142894 2.782500 0.000000
vt -3.557106 2.782500 0.000000
vt -3.540622 2.742705 0.000000
vt -0.652588 2.068388 0.000000
vt -3.535000 2.700000 0.000000
vt -0.672453 2.042500 0.000000
vt -3.540622 2.657295 0.000000
vt -0.684941 2.012352 0.000000
vt -3.557106 2.617500 0.000000
vt -0.689200 1.980000 0.000000
vt -3.583327 2.583327 0.000000
vt -0.684941 1.947648 0.000000
vt -3.617500 2.557106 0.000000
vt -0.672453 1.917500 0.000000
vt -3.583327 2.816673 0.000000
vt -0.116673 2.816673 0.000000
vt -3.617500 2.842894 0.000000
vt -0.082500 2.842894 0.000000
vt -3.657295 2.859378 0.000000
vt -0.042705 2.859378 0.000000
vt -4.000000 3.000000 0.000000
vt 0.000000 2.865000 0.000000
vt 0.116673 2.583327 0.000000
vt 0.684358 0.825911 0.000000
vt 0.082500 2.557106 0.000000
vt 0.653300 0.830000 0.000000
vt -0.443459 1.947648 0.000000
vt -0.455947 1.917500 0.000000
vt -0.439200 1.980000 0.000000
vt 0.042705 2.540622 0.000000
vt 0.622242 0.825911 0.000000
vt -0.475812 1.891612 0.000000
vt 0.593300 0.813923 0.000000
vt -0.501700 1.871747 0.000000
vt 0.568447 0.794853 0.000000
vt -0.531848 1.859259 0.000000
vt 0.549377 0.770000 0.000000
vt -0.564200 1.855000 0.000000
vt 0.684358 -0.825911 0.000000
vt 0.116673 -2.583327 0.000000
vt 0.549377 -0.650000 0.000000
vt 0.568447 -0.625147 0.000000
vt 0.568447 0.625147 0.000000
vt 0.593300 -0.606077 0.000000
vt 0.593300 0.606077 0.000000
vt 0.622242 0.594089 0.000000
vt 0.622242 -0.594089 0.000000
vt 0.653300 0.590000 0.000000
vt 0.653300 -0.590000 0.000000
vt 0.684358 0.594089 0.000000
vt 0.684358 -0.594089 0.000000
vt 0.713300 0.606077 0.000000
vt 0.713300 -0.606077 0.000000
vt 2.358300 0.000000 0.000000
vt 2.362389 -0.031058 0.000000
vt 0.738153 -0.625147 0.000000
vt 2.374377 -0.060000 0.000000
vt 0.757223 -0.650000 0.000000
vt 2.393447 -0.084853 0.000000
vt 0.769211 -0.678942 0.000000
vt 2.418300 -0.103923 0.000000
vt 0.773300 -0.710000 0.000000
vt 0.769211 -0.741058 0.000000
vt 2.393447 0.084853 0.000000
vt 0.757223 0.650000 0.000000
vt 2.374377 0.060000 0.000000
vt 0.738153 0.625147 0.000000
vt 2.362389 0.031058 0.000000
vt -3.865000 2.700000 0.000000
vt -3.859378 2.742705 0.000000
vt -3.842894 2.782500 0.000000
vt -3.816673 2.816673 0.000000
vt -3.782500 2.842894 0.000000
vt -3.742705 2.859378 0.000000
vt -3.700000 2.865000 0.000000
vt 3.859378 -2.657295 0.000000
vt 3.865000 -2.700000 0.000000
vt 4.000000 -3.000000 0.000000
vt 3.859378 -2.742705 0.000000
vt 3.842894 -2.782500 0.000000
vt 3.816673 -2.816673 0.000000
vt 3.782500 -2.842894 0.000000
vt 3.742705 -2.859378 0.000000
vt 3.700000 -2.865000 0.000000
vt 3.657295 -2.859378 0.000000
vt 0.042705 -2.859378 0.000000
vt 0.082500 -2.842894 0.000000
vt 3.617500 -2.842894 0.000000
vt 0.116673 -2.816673 0.000000
vt 3.583327 -2.816673 0.000000
vt 0.142894 -2.782500 0.000000
vt 3.557106 -2.782500 0.000000
vt 0.159378 -2.742705 0.000000
vt 3.540622 -2.742705 0.000000
vt 0.626700 -2.088253 0.000000
vt 0.652588 -2.068388 0.000000
vt 3.535000 -2.700000 0.000000
vt 0.672453 -2.042500 0.000000
vt 3.540622 -2.657295 0.000000
vt 0.684941 -2.012352 0.000000
vt 3.557106 -2.617500 0.000000
vt 0.689200 -1.980000 0.000000
vt 3.583327 -2.583327 0.000000
vt 0.684941 -1.947648 0.000000
vt 3.617500 -2.557106 0.000000
vt 0.672453 -1.917500 0.000000
vt 3.657295 -2.540622 0.000000
vt 0.652588 -1.891612 0.000000
vt 0.626700 -1.871747 0.000000
vt 3.700000 -2.535000 0.000000
vt -0.549377 0.650000 0.000000
vt 0.626700 1.871747 0.000000
vt -0.537389 0.678942 0.000000
vt 0.596552 1.859259 0.000000
vt -0.533300 0.710000 0.000000
vt -0.537389 0.741058 0.000000
vt 0.564200 1.855000 0.000000
vt -0.549377 0.770000 0.000000
vt 0.531848 1.859259 0.000000
vt -0.568447 0.794853 0.000000
vt 0.501700 1.871747 0.000000
vt -0.593300 0.813923 0.000000
vt 0.475812 1.891612 0.000000
vt -0.622242 0.825911 0.000000
vt 0.455947 1.917500 0.000000
vt -0.653300 0.830000 0.000000
vt 0.443459 1.947648 0.000000
vt -0.082500 2.557106 0.000000
vt 0.439200 1.980000 0.000000
vt -0.042705 2.540622 0.000000
vt 0.443459 2.012352 0.000000
vt -0.000000 2.535000 0.000000
vt 0.455947 2.042500 0.000000
vt 0.475812 2.068388 0.000000
vt 3.742705 -2.540622 0.000000
vt 3.700000 2.535000 0.000000
vt 3.657295 2.540622 0.000000
vt 0.652588 1.891612 0.000000
vt 0.672453 1.917500 0.000000
vt 3.617500 2.557106 0.000000
vt 0.684941 1.947648 0.000000
vt 3.583327 2.583327 0.000000
vt 0.689200 1.980000 0.000000
vt 3.557106 2.617500 0.000000
vt 0.684941 2.012352 0.000000
vt 3.540622 2.657295 0.000000
vt 0.672453 2.042500 0.000000
vt 3.535000 2.700000 0.000000
vt 0.652588 2.068388 0.000000
vt 3.540622 2.742705 0.000000
vt 0.626700 2.088253 0.000000
vt 0.159378 2.742705 0.000000
vt 0.165000 2.700000 0.000000
vt 3.742705 2.540622 0.000000
vt 3.782500 -2.557106 0.000000
vt 3.782500 2.557106 0.000000
vt 3.816673 -2.583327 0.000000
vt 3.816673 2.583327 0.000000
vt 3.842894 -2.617500 0.000000
vt 3.842894 2.617500 0.000000
vt 3.859378 2.657295 0.000000
vt 4.000000 3.000000 0.000000
vt -3.540622 2.657295 0.000000
vt -0.159378 2.657295 0.000000
vt -3.535000 2.700000 0.000000
vt -0.165000 2.700000 0.000000
vt -3.540622 2.742705 0.000000
vt -0.159378 2.742705 0.000000
vt -3.557106 2.782500 0.000000
vt -0.142894 2.782500 0.000000
vt -3.583327 2.816673 0.000000
vt -0.116673 2.816673 0.000000
vt -3.617500 2.842894 0.000000
vt -0.082500 2.842894 0.000000
vt -3.657295 2.859378 0.000000
vt -0.042705 2.859378 0.000000
vt -4.000000 3.000000 0.000000
vt -0.000000 2.865000 0.000000
vt 0.042705 2.859378 0.000000
vt 3.657295 2.859378 0.000000
vt 3.617500 2.842894 0.000000
vt 0.082500 2.842894 0.000000
vt 3.583327 2.816673 0.000000
vt 0.116673 2.816673 0.000000
vt 3.557106 2.782500 0.000000
vt 0.142894 2.782500 0.000000
vt -3.575059 2.012352 0.000000
vt -3.557106 2.617500 0.000000
vt -3.587547 2.042500 0.000000
vt -3.583327 2.583327 0.000000
vt -3.607412 2.068388 0.000000
vt -3.617500 2.557106 0.000000
vt -3.633300 2.088253 0.000000
vt -3.657295 2.540622 0.000000
vt -3.663448 2.100741 0.000000
vt -3.700000 2.535000 0.000000
vt -3.695800 2.105000 0.000000
vt -3.728152 2.100741 0.000000
vt -3.742705 2.540622 0.000000
vt -3.758300 2.088253 0.000000
vt -3.782500 2.557106 0.000000
vt -3.784188 2.068388 0.000000
vt -3.816673 2.583327 0.000000
vt -3.804053 2.042500 0.000000
vt -3.842894 2.617500 0.000000
vt -3.816541 2.012352 0.000000
vt -3.859378 2.657295 0.000000
vt -3.865000 2.700000 0.000000
vt -3.859378 2.742705 0.000000
vt -3.842894 2.782500 0.000000
vt -3.816673 2.816673 0.000000
vt -3.782500 2.842894 0.000000
vt -3.742705 2.859378 0.000000
vt -3.700000 2.865000 0.000000
vt 0.165000 -2.700000 0.000000
vt 0.596552 -2.100741 0.000000
vt 0.159378 -2.657295 0.000000
vt 0.142894 -2.617500 0.000000
vt 0.564200 -2.105000 0.000000
vt 0.116673 -2.583327 0.000000
vt 0.531848 -2.100741 0.000000
vt 0.082500 -2.557106 0.000000
vt 0.501700 -2.088253 0.000000
vt 0.042705 -2.540622 0.000000
vt 0.475812 -2.068388 0.000000
vt -0.000000 -2.535000 0.000000
vt 0.455947 -2.042500 0.000000
vt 0.443459 -2.012352 0.000000
vt -0.042705 -2.540622 0.000000
vt 0.439200 -1.980000 0.000000
vt -0.082500 -2.557106 0.000000
vt 0.443459 -1.947648 0.000000
vt -0.653300 -0.830000 0.000000
vt 0.455947 -1.917500 0.000000
vt -0.622242 -0.825911 0.000000
vt 0.475812 -1.891612 0.000000
vt -0.593300 -0.813923 0.000000
vt 0.501700 -1.871747 0.000000
vt -0.568447 -0.794853 0.000000
vt 0.531848 -1.859259 0.000000
vt -0.549377 -0.770000 0.000000
vt 0.564200 -1.855000 0.000000
vt -0.537389 -0.741058 0.000000
vt 0.596552 -1.859259 0.000000
vt -0.533300 -0.710000 0.000000
vt -0.537389 -0.678942 0.000000
vt -3.540622 -2.742705 0.000000
vt -0.159378 -2.742705 0.000000
vt -3.535000 -2.700000 0.000000
vt -0.165000 -2.700000 0.000000
vt -3.540622 -2.657295 0.000000
vt -0.159378 -2.657295 0.000000
vt -3.575059 -2.012352 0.000000
vt -0.142894 -2.617500 0.000000
vt -3.570800 -1.980000 0.000000
vt -0.713300 -0.813923 0.000000
vt -3.575059 -1.947648 0.000000
vt -0.738153 -0.794853 0.000000
vt -3.587547 -1.917500 0.000000
vt -0.757223 -0.770000 0.000000
vt -2.478300 -0.120000 0.000000
vt -2.447242 -0.115911 0.000000
vt -0.769211 -0.741058 0.000000
vt -2.418300 -0.103923 0.000000
vt -0.773300 -0.710000 0.000000
vt -0.769211 -0.678942 0.000000
vt -0.142894 -2.782500 0.000000
vt -3.557106 -2.782500 0.000000
vt -0.116673 -2.816673 0.000000
vt -3.583327 -2.816673 0.000000
vt -0.082500 -2.842894 0.000000
vt -3.617500 -2.842894 0.000000
vt -0.042705 -2.859378 0.000000
vt -3.657295 -2.859378 0.000000
vt -4.000000 -3.000000 0.000000
vt -3.700000 -2.865000 0.000000
vt -3.742705 -2.859378 0.000000
vt -3.782500 -2.842894 0.000000
vt -3.816673 -2.816673 0.000000
vt -3.842894 -2.782500 0.000000
vt -3.859378 -2.742705 0.000000
vt -3.865000 -2.700000 0.000000
vt -3.859378 -2.657295 0.000000
vt -3.816541 -2.012352 0.000000
vt -3.842894 -2.617500 0.000000
vt -3.804053 -2.042500 0.000000
vt -3.816673 -2.583327 0.000000
vt -3.784188 -2.068388 0.000000
vt -3.782500 -2.557106 0.000000
vt -3.758300 -2.088253 0.000000
vt -3.742705 -2.540622 0.000000
vt -3.728152 -2.100741 0.000000
vt -3.700000 -2.535000 0.000000
vt -3.695800 -2.105000 0.000000
vt -3.663448 -2.100741 0.000000
vt -3.657295 -2.540622 0.000000
vt -3.633300 -2.088253 0.000000
vt -3.617500 -2.557106 0.000000
vt -3.607412 -2.068388 0.000000
vt -3.583327 -2.583327 0.000000
vt -3.587547 -2.042500 0.000000
vt -3.557106 -2.617500 0.000000
vt -3.820800 -1.980000 0.000000
vt -3.816541 -1.947648 0.000000
vt -3.816541 1.947648 0.000000
vt -3.804053 1.917500 0.000000
vt -3.804053 -1.917500 0.000000
vt -3.784188 1.891612 0.000000
vt -3.784188 -1.891612 0.000000
vt -3.758300 1.871747 0.000000
vt -3.758300 -1.871747 0.000000
vt -2.598300 0.000000 0.000000
vt -2.594211 -0.031058 0.000000
vt -3.728152 -1.859259 0.000000
vt -2.582223 -0.060000 0.000000
vt -3.695800 -1.855000 0.000000
vt -2.563153 -0.084853 0.000000
vt -2.538300 -0.103923 0.000000
vt -3.663448 -1.859259 0.000000
vt -2.509358 -0.115911 0.000000
vt -3.633300 -1.871747 0.000000
vt -3.607412 -1.891612 0.000000
vt -3.575059 1.947648 0.000000
vt -0.713300 0.813923 0.000000
vt -3.570800 1.980000 0.000000
vt -0.142894 2.617500 0.000000
vt -0.738153 0.794853 0.000000
vt -3.587547 1.917500 0.000000
vt -0.757223 0.770000 0.000000
vt -2.478300 0.120000 0.000000
vt -2.447242 0.115911 0.000000
vt -3.607412 1.891612 0.000000
vt -3.633300 1.871747 0.000000
vt -2.509358 0.115911 0.000000
vt -3.663448 1.859259 0.000000
vt -2.538300 0.103923 0.000000
vt -3.695800 1.855000 0.000000
vt -2.563153 0.084853 0.000000
vt -2.582223 0.060000 0.000000
vt -3.728152 1.859259 0.000000
vt -2.594211 0.031058 0.000000
vt -3.820800 1.980000 0.000000
vt 0.596552 2.100741 0.000000
vt 0.159378 2.657295 0.000000
vt 0.142894 2.617500 0.000000
vt 0.564200 2.105000 0.000000
vt 0.116673 2.583327 0.000000
vt 0.531848 2.100741 0.000000
vt 0.082500 2.557106 0.000000
vt 0.501700 2.088253 0.000000
vt 0.042705 2.540622 0.000000
vt -0.684358 0.825911 0.000000
vt -0.116673 2.583327 0.000000
vt -0.000000 -2.865000 0.000000
vt -0.116673 -2.583327 0.000000
vt -0.684358 -0.825911 0.000000
vt -2.393447 -0.084853 0.000000
vt -0.757223 -0.650000 0.000000
vt -2.374377 -0.060000 0.000000
vt -0.738153 -0.625147 0.000000
vt -2.362389 -0.031058 0.000000
vt -0.713300 -0.606077 0.000000
vt -2.358300 0.000000 0.000000
vt -0.713300 0.606077 0.000000
vt -2.362389 0.031058 0.000000
vt -0.738153 0.625147 0.000000
vt -2.374377 0.060000 0.000000
vt -0.757223 0.650000 0.000000
vt -2.393447 0.084853 0.000000
vt -0.769211 0.678942 0.000000
vt -2.418300 0.103923 0.000000
vt -0.773300 0.710000 0.000000
vt -0.769211 0.741058 0.000000
vt -0.684358 -0.594089 0.000000
vt -0.684358 0.594089 0.000000
vt -0.653300 -0.590000 0.000000
vt -0.653300 0.590000 0.000000
vt -0.622242 -0.594089 0.000000
vt -0.622242 0.594089 0.000000
vt -0.593300 -0.606077 0.000000
vt -0.593300 0.606077 0.000000
vt -0.568447 0.625147 0.000000
vt -0.568447 -0.625147 0.000000
vt -0.549377 -0.650000 0.000000
vt 3.859378 2.742705 0.000000
vt 3.865000 2.700000 0.000000
vt 3.700000 2.865000 0.000000
vt 3.742705 2.859378 0.000000
vt 3.782500 2.842894 0.000000
vt 3.816673 2.816673 0.000000
vt 3.842894 2.782500 0.000000
vn 0.965926 0.258819 -0.000000
vn 0.965926 0.258819 -0.000000
vn 1.000000 0.000000 -0.000000
vn 1.000000 0.000000 -0.000000
vn 0.965926 -0.258819 0.000000
vn 0.965926 -0.258819 0.000000
vn 0.866025 -0.500000 0.000000
vn 0.866025 -0.500000 0.000000
vn 0.707107 -0.707107 0.000000
vn 0.707107 -0.707107 0.000000
vn 0.500000 -0.866025 0.000000
vn 0.500000 -0.866025 0.000000
vn 0.258819 -0.965926 0.000000
vn 0.258819 -0.965926 0.000000
vn -0.000000 -1.000000 0.000000
vn -0.000000 -1.000000 0.000000
vn -0.258819 -0.965926 0.000000
vn -0.258819 -0.965926 0.000000
vn -0.500000 -0.866025 0.000000
vn -0.500000 -0.866025 0.000000
vn -0.707107 -0.707107 0.000000
vn -0.707107 -0.707107 0.000000
vn -0.866025 -0.500000 0.000000
vn -0.866025 -0.500000 0.000000
vn -0.965926 -0.258819 0.000000
vn -0.965926 -0.258819 0.000000
vn -1.000000 0.000000 0.000000
vn -1.000000 0.000000 0.000000
vn -0.965926 0.258819 0.000000
vn -0.965926 0.258819 0.000000
vn -0.866025 0.500000 0.000000
vn -0.866025 0.500000 0.000000
vn -0.707107 0.707107 0.000000
vn -0.707107 0.707107 0.000000
vn -0.500000 0.866025 0.000000
vn -0.500000 0.866025 0.000000
vn -0.258819 0.965926 0.000000
vn -0.258819 0.965926 0.000000
vn -0.000000 1.000000 0.000000
vn -0.000000 1.000000 0.000000
vn 0.258819 0.965926 -0.000000
vn 0.258819 0.965926 -0.000000
vn 0.500000 0.866025 -0.000000
vn 0.500000 0.866025 -0.000000
vn 0.707107 0.707107 -0.000000
vn 0.707107 0.707107 -0.000000
vn 0.866025 0.500000 -0.000000
vn 0.866025 0.500000 -0.000000
vn 0.965926 0.258819 -0.000000
vn 0.965926 0.258819 -0.000000
vn 1.000000 0.000000 -0.000000
vn 1.000000 0.000000 -0.000000
vn 0.965926 -0.258819 0.000000
vn 0.965926 -0.258819 0.000000
vn 0.866025 -0.500000 0.000000
vn 0.866025 -0.500000 0.000000
vn 0.707107 -0.707107 0.000000
vn 0.707107 -0.707107 0.000000
vn 0.500000 -0.866025 0.000000
vn 0.500000 -0.866025 0.000000
vn 0.258819 -0.965926 0.000000
vn 0.258819 -0.965926 0.000000
vn -0.000000 -1.000000 0.000000
vn -0.000000 -1.000000 0.000000
vn -0.258819 -0.965926 0.000000
vn -0.258819 -0.965926 0.000000
vn -0.500000 -0.866025 0.000000
vn -0.500000 -0.866025 0.000000
vn -0.707107 -0.707107 0.000000
vn -0.707107 -0.707107 0.000000
vn -0.866025 -0.500000 0.000000
vn -0.866025 -0.500000 0.000000
vn -0.965926 -0.258819 0.000000
vn -0.965926 -0.258819 0.000000
vn -1.000000 0.000000 0.000000
vn -1.000000 0.000000 0.000000
vn -0.965926 0.258819 0.000000
vn -0.965926 0.258819 0.000000
vn -0.866025 0.500000 0.000000
vn -0.866025 0.500000 0.000000
vn -0.707107 0.707107 0.000000
vn -0.707107 0.707107 0.000000
vn -0.500000 0.866025 0.000000
vn -0.500000 0.866025 0.000000
vn -0.258819 0.965926 0.000000
vn -0.258819 0.965926 0.000000
vn -0.000000 1.000000 0.000000
vn -0.000000 1.000000 0.000000
vn 0.258819 0.965926 -0.000000
vn 0.258819 0.965926 -0.000000
vn 0.500000 0.866025 -0.000000
vn 0.500000 0.866025 -0.000000
vn 0.707107 0.707107 -0.000000
vn 0.707107 0.707107 -0.000000
vn 0.866025 0.500000 -0.000000
vn 0.866025 0.500000 -0.000000
vn 0.965926 0.258819 -0.000000
vn 0.965926 0.258819 -0.000000
vn 1.000000 0.000000 -0.000000
vn 1.000000 0.000000 -0.000000
vn 0.965926 -0.258819 0.000000
vn 0.965926 -0.258819 0.000000
vn 0.866025 -0.500000 0.000000
vn 0.866025 -0.500000 0.000000
vn 0.707107 -0.707107 0.000000
vn 0.707107 -0.707107 0.000000
vn 0.500000 -0.866025 0.000000
vn 0.500000 -0.866025 0.000000
vn 0.258819 -0.965926 0.000000
vn 0.258819 -0.965926 0.000000
vn -0.000000 -1.000000 0.000000
vn -0.000000 -1.000000 0.000000
vn -0.258819 -0.965926 0.000000
vn -0.258819 -0.965926 0.000000
vn -0.500000 -0.866025 0.000000
vn -0.500000 -0.866025 0.000000
vn -0.707107 -0.707107 0.000000
vn -0.707107 -0.707107 0.000000
vn -0.866025 -0.500000 0.000000
vn -0.866025 -0.500000 0.000000
vn -0.965926 -0.258819 0.000000
vn -0.965926 -0.258819 0.000000
vn -1.000000 0.000000 0.000000
vn -1.000000 0.000000 0.000000
vn -0.965926 0.258819 0.000000
vn -0.965926 0.258819 0.000000
vn -0.866025 0.500000 0.000000
vn -0.866025 0.500000 0.000000
vn -0.707107 0.707107 0.000000
vn -0.707107 0.707107 0.000000
vn -0.500000 0.866025 0.000000
vn -0.500000 0.866025 0.000000
vn -0.258819 0.965926 0.000000
vn -0.258819 0.965926 0.000000
vn -0.000000 1.000000 0.000000
vn -0.000000 1.000000 0.000000
vn 0.258819 0.965926 -0.000000
vn 0.258819 0.965926 -0.000000
vn 0.500000 0.866025 -0.000000
vn 0.500000 0.866025 -0.000000
vn 0.707107 0.707107 -0.000000
vn 0.707107 0.707107 -0.000000
vn 0.866025 0.500000 -0.000000
vn 0.866025 0.500000 -0.000000
vn 0.965926 0.258819 -0.000000
vn 0.965926 0.258819 -0.000000
vn 1.000000 0.000000 -0.000000
vn 1.000000 0.000000 -0.000000
vn 0.965926 -0.258819 0.000000
vn 0.965926 -0.258819 0.000000
vn 0.866025 -0.500000 0.000000
vn 0.866025 -0.500000 0.000000
vn 0.707107 -0.707107 0.000000
vn 0.707107 -0.707107 0.000000
vn 0.500000 -0.866025 0.000000
vn 0.500000 -0.866025 0.000000
vn 0.258819 -0.965926 0.000000
vn 0.258819 -0.965926 0.000000
vn -0.000000 -1.000000 0.000000
vn -0.000000 -1.000000 0.000000
vn -0.258819 -0.965926 0.000000
vn -0.258819 -0.965926 0.000000
vn -0.500000 -0.866025 0.000000
vn -0.500000 -0.866025 0.000000
vn -0.707107 -0.707107 0.000000
vn -0.707107 -0.707107 0.000000
vn -0.866025 -0.500000 0.000000
vn -0.866025 -0.500000 0.000000
vn -0.965926 -0.258819 0.000000
vn -0.965926 -0.258819 0.000000
vn -1.000000 0.000000 0.000000
vn -1.000000 0.000000 0.000000
vn -0.965926 0.258819 0.000000
vn -0.965926 0.258819 0.000000
vn -0.866025 0.500000 0.000000
vn -0.866025 0.500000 0.000000
vn -0.707107 0.707107 0.000000
vn -0.707107 0.707107 0.000000
vn -0.500000 0.866025 0.000000
vn -0.500000 0.866025 0.000000
vn -0.258819 0.965926 0.000000
vn -0.258819 0.965926 0.000000
vn -0.000000 1.000000 0.000000
vn -0.000000 1.000000 0.000000
vn 0.258819 0.965926 -0.000000
vn 0.258819 0.965926 -0.000000
vn 0.500000 0.866025 -0.000000
vn 0.500000 0.866025 -0.000000
vn 0.707107 0.707107 -0.000000
vn 0.707107 0.707107 -0.000000
vn 0.866025 0.500000 -0.000000
vn 0.866025 0.500000 -0.000000
vn 0.965926 0.258819 -0.000000
vn 0.965926 0.258819 -0.000000
vn 1.000000 0.000000 -0.000000
vn 1.000000 0.000000 -0.000000
vn 0.965926 -0.258819 0.000000
vn 0.965926 -0.258819 0.000000
vn 0.866025 -0.500000 0.000000
vn 0.866025 -0.500000 0.000000
vn 0.707107 -0.707107 0.000000
vn 0.707107 -0.707107 0.000000
vn 0.500000 -0.866025 0.000000
vn 0.500000 -0.866025 0.000000
vn 0.258819 -0.965926 0.000000
vn 0.258819 -0.965926 0.000000
vn -0.000000 -1.000000 0.000000
vn -0.000000 -1.000000 0.000000
vn -0.258819 -0.965926 0.000000
vn -0.258819 -0.965926 0.000000
vn -0.500000 -0.866025 0.000000
vn -0.500000 -0.866025 0.000000
vn -0.707107 -0.707107 0.000000
vn -0.707107 -0.707107 0.000000
vn -0.866025 -0.500000 0.000000
vn -0.866025 -0.500000 0.000000
vn -0.965926 -0.258819 0.000000
vn -0.965926 -0.258819 0.000000
vn -1.000000 0.000000 0.000000
vn -1.000000 0.000000 0.000000
vn -0.965926 0.258819 0.000000
vn -0.965926 0.258819 0.000000
vn -0.866025 0.500000 0.000000
vn -0.866025 0.500000 0.000000
vn -0.707107 0.707107 0.000000
vn -0.707107 0.707107 0.000000
vn -0.500000 0.866025 0.000000
vn -0.500000 0.866025 0.000000
vn -0.258819 0.965926 0.000000
vn -0.258819 0.965926 0.000000
vn -0.000000 1.000000 0.000000
vn -0.000000 1.000000 0.000000
vn 0.258819 0.965926 -0.000000
vn 0.258819 0.965926 -0.000000
vn 0.500000 0.866025 -0.000000
vn 0.500000 0.866025 -0.000000
vn 0.707107 0.707107 -0.000000
vn 0.707107 0.707107 -0.000000
vn 0.866025 0.500000 -0.000000
vn 0.866025 0.500000 -0.000000
vn 0.965926 0.258819 -0.000000
vn 0.965926 0.258819 -0.000000
vn 1.000000 0.000000 -0.000000
vn 1.000000 0.000000 -0.000000
vn 0.965926 -0.258819 0.000000
vn 0.965926 -0.258819 0.000000
vn 0.866025 -0.500000 0.000000
vn 0.866025 -0.500000 0.000000
vn 0.707107 -0.707107 0.000000
vn 0.707107 -0.707107 0.000000
vn 0.500000 -0.866025 0.000000
vn 0.500000 -0.866025 0.000000
vn 0.258819 -0.965926 0.000000
vn 0.258819 -0.965926 0.000000
vn -0.000000 -1.000000 0.000000
vn -0.000000 -1.000000 0.000000
vn -0.258819 -0.965926 0.000000
vn -0.258819 -0.965926 0.000000
vn -0.500000 -0.866025 0.000000
vn -0.500000 -0.866025 0.000000
vn -0.707107 -0.707107 0.000000
vn -0.707107 -0.707107 0.000000
vn -0.866025 -0.500000 0.000000
vn -0.866025 -0.500000 0.000000
vn -0.965926 -0.258819 0.000000
vn -0.965926 -0.258819 0.000000
vn -1.000000 0.000000 0.000000
vn -1.000000 0.000000 0.000000
vn -0.965926 0.258819 0.000000
vn -0.965926 0.258819 0.000000
vn -0.866025 0.500000 0.000000
vn -0.866025 0.500000 0.000000
vn -0.707107 0.707107 0.000000
vn -0.707107 0.707107 0.000000
vn -0.500000 0.866025 0.000000
vn -0.500000 0.866025 0.000000
vn -0.258819 0.965926 0.000000
vn -0.258819 0.965926 0.000000
vn -0.000000 1.000000 0.000000
vn -0.000000 1.000000 0.000000
vn 0.258819 0.965926 -0.000000
vn 0.258819 0.965926 -0.000000
vn 0.500000 0.866025 -0.000000
vn 0.500000 0.866025 -0.000000
vn 0.707107 0.707107 -0.000000
vn 0.707107 0.707107 -0.000000
vn 0.866025 0.500000 -0.000000
vn 0.866025 0.500000 -0.000000
vn 0.965926 0.258819 -0.000000
vn 0.965926 0.258819 -0.000000
vn 1.000000 0.000000 -0.000000
vn 1.000000 0.000000 -0.000000
vn 0.965926 -0.258819 0.000000
vn 0.965926 -0.258819 0.000000
vn 0.866025 -0.500000 0.000000
vn 0.866025 -0.500000 0.000000
vn 0.707107 -0.707107 0.000000
vn 0.707107 -0.707107 0.000000
vn 0.500000 -0.866025 0.000000
vn 0.500000 -0.866025 0.000000
vn 0.258819 -0.965926 0.000000
vn 0.258819 -0.965926 0.000000
vn -0.000000 -1.000000 0.000000
vn -0.000000 -1.000000 0.000000
vn -0.258819 -0.965926 0.000000
vn -0.258819 -0.965926 0.000000
vn -0.500000 -0.866025 0.000000
vn -0.500000 -0.866025 0.000000
vn -0.707107 -0.707107 0.000000
vn -0.707107 -0.707107 0.000000
vn -0.866025 -0.500000 0.000000
vn -0.866025 -0.500000 0.000000
vn -0.965926 -0.258819 0.000000
vn -0.965926 -0.258819 0.000000
vn -1.000000 0.000000 0.000000
vn -1.000000 0.000000 0.000000
vn -0.965926 0.258819 0.000000
vn -0.965926 0.258819 0.000000
vn -0.866025 0.500000 0.000000
vn -0.866025 0.500000 0.000000
vn -0.707107 0.707107 0.000000
vn -0.707107 0.707107 0.000000
vn -0.500000 0.866025 0.000000
vn -0.500000 0.866025 0.000000
vn -0.258819 0.965926 0.000000
vn -0.258819 0.965926 0.000000
vn -0.000000 1.000000 0.000000
vn -0.000000 1.000000 0.000000
vn 0.258819 0.965926 -0.000000
vn 0.258819 0.965926 -0.000000
vn 0.500000 0.866025 -0.000000
vn 0.500000 0.866025 -0.000000
vn 0.707107 0.707107 -0.000000
vn 0.707107 0.707107 -0.000000
vn 0.866025 0.500000 -0.000000
vn 0.866025 0.500000 -0.000000
vn 0.965926 0.258819 -0.000000
vn 0.965926 0.258819 -0.000000
vn 1.000000 0.000000 -0.000000
vn 1.000000 0.000000 -0.000000
vn 0.965926 -0.258819 0.000000
vn 0.965926 -0.258819 0.000000
vn 0.866025 -0.500000 0.000000
vn 0.866025 -0.500000 0.000000
vn 0.707107 -0.707107 0.000000
vn 0.707107 -0.707107 0.000000
vn 0.500000 -0.866025 0.000000
vn 0.500000 -0.866025 0.000000
vn 0.258819 -0.965926 0.000000
vn 0.258819 -0.965926 0.000000
vn -0.000000 -1.000000 0.000000
vn -0.000000 -1.000000 0.000000
vn -0.258819 -0.965926 0.000000
vn -0.258819 -0.965926 0.000000
vn -0.500000 -0.866025 0.000000
vn -0.500000 -0.866025 0.000000
vn -0.707107 -0.707107 0.000000
vn -0.707107 -0.707107 0.000000
vn -0.866025 -0.500000 0.000000
vn -0.866025 -0.500000 0.000000
vn -0.965926 -0.258819 0.000000
vn -0.965926 -0.258819 0.000000
vn -1.000000 0.000000 0.000000
vn -1.000000 0.000000 0.000000
vn -0.965926 0.258819 0.000000
vn -0.965926 0.258819 0.000000
vn -0.866025 0.500000 0.000000
vn -0.866025 0.500000 0.000000
vn -0.707107 0.707107 0.000000
vn -0.707107 0.707107 0.000000
vn -0.500000 0.866025 0.000000
vn -0.500000 0.866025 0.000000
vn -0.258819 0.965926 0.000000
vn -0.258819 0.965926 0.000000
vn -0.000000 1.000000 0.000000
vn -0.000000 1.000000 0.000000
vn 0.258819 0.965926 -0.000000
vn 0.258819 0.965926 -0.000000
vn 0.500000 0.866025 -0.000000
vn 0.500000 0.866025 -0.000000
vn 0.707107 0.707107 -0.000000
vn 0.707107 0.707107 -0.000000
vn 0.866025 0.500000 -0.000000
vn 0.866025 0.500000 -0.000000
vn 0.965926 0.258819 -0.000000
vn 0.965926 0.258819 -0.000000
vn 1.000000 0.000000 -0.000000
vn 1.000000 0.000000 -0.000000
vn 0.965926 -0.258819 0.000000
vn 0.965926 -0.258819 0.000000
vn 0.866025 -0.500000 0.000000
vn 0.866025 -0.500000 0.000000
vn 0.707107 -0.707107 0.000000
vn 0.707107 -0.707107 0.000000
vn 0.500000 -0.866025 0.000000
vn 0.500000 -0.866025 0.000000
vn 0.258819 -0.965926 0.000000
vn 0.258819 -0.965926 0.000000
vn -0.000000 -1.000000 0.000000
vn -0.000000 -1.000000 0.000000
vn -0.258819 -0.965926 0.000000
vn -0.258819 -0.965926 0.000000
vn -0.500000 -0.866025 0.000000
vn -0.500000 -0.866025 0.000000
vn -0.707107 -0.707107 0.000000
vn -0.707107 -0.707107 0.000000
vn -0.866025 -0.500000 0.000000
vn -0.866025 -0.500000 0.000000
vn -0.965926 -0.258819 0.000000
vn -0.965926 -0.258819 0.000000
vn -1.000000 0.000000 0.000000
vn -1.000000 0.000000 0.000000
vn -0.965926 0.258819 0.000000
vn -0.965926 0.258819 0.000000
vn -0.866025 0.500000 0.000000
vn -0.866025 0.500000 0.000000
vn -0.707107 0.707107 0.000000
vn -0.707107 0.707107 0.000000
vn -0.500000 0.866025 0.000000
vn -0.500000 0.866025 0.000000
vn -0.258819 0.965926 0.000000
vn -0.258819 0.965926 0.000000
vn -0.000000 1.000000 0.000000
vn -0.000000 1.000000 0.000000
vn 0.258819 0.965926 -0.000000
vn 0.258819 0.965926 -0.000000
vn 0.500000 0.866025 -0.000000
vn 0.500000 0.866025 -0.000000
vn 0.707107 0.707107 -0.000000
vn 0.707107 0.707107 -0.000000
vn 0.866025 0.500000 -0.000000
vn 0.866025 0.500000 -0.000000
vn 0.965926 0.258819 -0.000000
vn 0.965926 0.258819 -0.000000
vn 1.000000 0.000000 -0.000000
vn 1.000000 0.000000 -0.000000
vn 0.965926 -0.258819 0.000000
vn 0.965926 -0.258819 0.000000
vn 0.866025 -0.500000 0.000000
vn 0.866025 -0.500000 0.000000
vn 0.707107 -0.707107 0.000000
vn 0.707107 -0.707107 0.000000
vn 0.500000 -0.866025 0.000000
vn 0.500000 -0.866025 0.000000
vn 0.258819 -0.965926 0.000000
vn 0.258819 -0.965926 0.000000
vn -0.000000 -1.000000 0.000000
vn -0.000000 -1.000000 0.000000
vn -0.258819 -0.965926 0.000000
vn -0.258819 -0.965926 0.000000
vn -0.500000 -0.866025 0.000000
vn -0.500000 -0.866025 0.000000
vn -0.707107 -0.707107 0.000000
vn -0.707107 -0.707107 0.000000
vn -0.866025 -0.500000 0.000000
vn -0.866025 -0.500000 0.000000
vn -0.965926 -0.258819 0.000000
vn -0.965926 -0.258819 0.000000
vn -1.000000 0.000000 0.000000
vn -1.000000 0.000000 0.000000
vn -0.965926 0.258819 0.000000
vn -0.965926 0.258819 0.000000
vn -0.866025 0.500000 0.000000
vn -0.866025 0.500000 0.000000
vn -0.707107 0.707107 0.000000
vn -0.707107 0.707107 0.000000
vn -0.500000 0.866025 0.000000
vn -0.500000 0.866025 0.000000
vn -0.258819 0.965926 0.000000
vn -0.258819 0.965926 0.000000
vn -0.000000 1.000000 0.000000
vn -0.000000 1.000000 0.000000
vn 0.258819 0.965926 -0.000000
vn 0.258819 0.965926 -0.000000
vn 0.500000 0.866025 -0.000000
vn 0.500000 0.866025 -0.000000
vn 0.707107 0.707107 -0.000000
vn 0.707107 0.707107 -0.000000
vn 0.866025 0.500000 -0.000000
vn 0.866025 0.500000 -0.000000
vn 0.965926 0.258819 -0.000000
vn 0.965926 0.258819 -0.000000
vn 1.000000 0.000000 -0.000000
vn 1.000000 0.000000 -0.000000
vn 0.965926 -0.258819 0.000000
vn 0.965926 -0.258819 0.000000
vn 0.866025 -0.500000 0.000000
vn 0.866025 -0.500000 0.000000
vn 0.707107 -0.707107 0.000000
vn 0.707107 -0.707107 0.000000
vn 0.500000 -0.866025 0.000000
vn 0.500000 -0.866025 0.000000
vn 0.258819 -0.965926 0.000000
vn 0.258819 -0.965926 0.000000
vn -0.000000 -1.000000 0.000000
vn -0.000000 -1.000000 0.000000
vn -0.258819 -0.965926 0.000000
vn -0.258819 -0.965926 0.000000
vn -0.500000 -0.866025 0.000000
vn -0.500000 -0.866025 0.000000
vn -0.707107 -0.707107 0.000000
vn -0.707107 -0.707107 0.000000
vn -0.866025 -0.500000 0.000000
vn -0.866025 -0.500000 0.000000
vn -0.965926 -0.258819 0.000000
vn -0.965926 -0.258819 0.000000
vn -1.000000 0.000000 0.000000
vn -1.000000 0.000000 0.000000
vn -0.965926 0.258819 0.000000
vn -0.965926 0.258819 0.000000
vn -0.866025 0.500000 0.000000
vn -0.866025 0.500000 0.000000
vn -0.707107 0.707107 0.000000
vn -0.707107 0.707107 0.000000
vn -0.500000 0.866025 0.000000
vn -0.500000 0.866025 0.000000
vn -0.258819 0.965926 0.000000
vn -0.258819 0.965926 0.000000
vn -0.000000 1.000000 0.000000
vn -0.000000 1.000000 0.000000
vn 0.258819 0.965926 -0.000000
vn 0.258819 0.965926 -0.000000
vn 0.500000 0.866025 -0.000000
vn 0.500000 0.866025 -0.000000
vn 0.707107 0.707107 -0.000000
vn 0.707107 0.707107 -0.000000
vn 0.866025 0.500000 -0.000000
vn 0.866025 0.500000 -0.000000
vn 0.965926 0.258819 -0.000000
vn 0.965926 0.258819 -0.000000
vn 1.000000 0.000000 -0.000000
vn 1.000000 0.000000 -0.000000
vn 0.965926 -0.258819 0.000000
vn 0.965926 -0.258819 0.000000
vn 0.866025 -0.500000 0.000000
vn 0.866025 -0.500000 0.000000
vn 0.707107 -0.707107 0.000000
vn 0.707107 -0.707107 0.000000
vn 0.500000 -0.866025 0.000000
vn 0.500000 -0.866025 0.000000
vn 0.258819 -0.965926 0.000000
vn 0.258819 -0.965926 0.000000
vn -0.000000 -1.000000 0.000000
vn -0.000000 -1.000000 0.000000
vn -0.258819 -0.965926 0.000000
vn -0.258819 -0.965926 0.000000
vn -0.500000 -0.866025 0.000000
vn -0.500000 -0.866025 0.000000
vn -0.707107 -0.707107 0.000000
vn -0.707107 -0.707107 0.000000
vn -0.866025 -0.500000 0.000000
vn -0.866025 -0.500000 0.000000
vn -0.965926 -0.258819 0.000000
vn -0.965926 -0.258819 0.000000
vn -1.000000 0.000000 0.000000
vn -1.000000 0.000000 0.000000
vn -0.965926 0.258819 0.000000
vn -0.965926 0.258819 0.000000
vn -0.866025 0.500000 0.000000
vn -0.866025 0.500000 0.000000
vn -0.707107 0.707107 0.000000
vn -0.707107 0.707107 0.000000
vn -0.500000 0.866025 0.000000
vn -0.500000 0.866025 0.000000
vn -0.258819 0.965926 0.000000
vn -0.258819 0.965926 0.000000
vn -0.000000 1.000000 0.000000
vn -0.000000 1.000000 0.000000
vn 0.258819 0.965926 -0.000000
vn 0.258819 0.965926 -0.000000
vn 0.500000 0.866025 -0.000000
vn 0.500000 0.866025 -0.000000
vn 0.707107 0.707107 -0.000000
vn 0.707107 0.707107 -0.000000
vn 0.866025 0.500000 -0.000000
vn 0.866025 0.500000 -0.000000
vn 0.965926 0.258819 -0.000000
vn 0.965926 0.258819 -0.000000
vn 1.000000 0.000000 -0.000000
vn 1.000000 0.000000 -0.000000
vn 0.965926 -0.258819 0.000000
vn 0.965926 -0.258819 0.000000
vn 0.866025 -0.500000 0.000000
vn 0.866025 -0.500000 0.000000
vn 0.707107 -0.707107 0.000000
vn 0.707107 -0.707107 0.000000
vn 0.500000 -0.866025 0.000000
vn 0.500000 -0.866025 0.000000
vn 0.258819 -0.965926 0.000000
vn 0.258819 -0.965926 0.000000
vn -0.000000 -1.000000 0.000000
vn -0.000000 -1.000000 0.000000
vn -0.258819 -0.965926 0.000000
vn -0.258819 -0.965926 0.000000
vn -0.500000 -0.866025 0.000000
vn -0.500000 -0.866025 0.000000
vn -0.707107 -0.707107 0.000000
vn -0.707107 -0.707107 0.000000
vn -0.866025 -0.500000 0.000000
vn -0.866025 -0.500000 0.000000
vn -0.965926 -0.258819 0.000000
vn -0.965926 -0.258819 0.000000
vn -1.000000 0.000000 0.000000
vn -1.000000 0.000000 0.000000
vn -0.965926 0.258819 0.000000
vn -0.965926 0.258819 0.000000
vn -0.866025 0.500000 0.000000
vn -0.866025 0.500000 0.000000
vn -0.707107 0.707107 0.000000
vn -0.707107 0.707107 0.000000
vn -0.500000 0.866025 0.000000
vn -0.500000 0.866025 0.000000
vn -0.258819 0.965926 0.000000
vn -0.258819 0.965926 0.000000
vn -0.000000 1.000000 0.000000
vn -0.000000 1.000000 0.000000
vn 0.258819 0.965926 -0.000000
vn 0.258819 0.965926 -0.000000
vn 0.500000 0.866025 -0.000000
vn 0.500000 0.866025 -0.000000
vn 0.707107 0.707107 -0.000000
vn 0.707107 0.707107 -0.000000
vn 0.866025 0.500000 -0.000000
vn 0.866025 0.500000 -0.000000
vn 0.000000 1.000000 -0.000000
vn 0.000000 1.000000 -0.000000
vn 0.000000 1.000000 -0.000000
vn 0.000000 1.000000 -0.000000
vn 1.000000 0.000000 0.000000
vn 1.000000 0.000000 0.000000
vn 1.000000 0.000000 0.000000
vn 1.000000 0.000000 0.000000
vn 0.000000 -1.000000 0.000000
vn 0.000000 -1.000000 0.000000
vn 0.000000 -1.000000 0.000000
vn 0.000000 -1.000000 0.000000
vn -1.000000 0.000000 0.000000
vn -1.000000 0.000000 0.000000
vn -1.000000 0.000000 0.000000
vn -1.000000 0.000000 0.000000
vn 0.000000 0.000000 1.000000
vn 0.000000 0.000000 1.000000
vn 0.000000 0.000000 1.000000
vn 0.000000 0.000000 1.000000
vn 0.000000 0.000000 1.000000
vn 0.000000 0.000000 1.000000
vn 0.000000 0.000000 1.000000
vn 0.000000 0.000000 1.000000
vn 0.000000 0.000000 1.000000
vn 0.000000 0.000000 1.000000
vn 0.000000 0.000000 1.000000
vn 0.000000 0.000000 1.000000
vn 0.000000 0.000000 1.000000
vn 0.000000 0.000000 1.000000
vn 0.000000 0.000000 1.000000
vn 0.000000 0.000000 1.000000
vn 0.000000 0.000000 1.000000
vn 0.000000 0.000000 1.000000
vn 0.000000 0.000000 1.000000
vn 0.000000 0.000000 1.000000
vn 0.000000 0.000000 1.000000
vn 0.000000 0.000000 1.000000
vn 0.000000 0.000000 1.000000
vn 0.000000 0.000000 1.000000
vn 0.000000 0.000000 1.000000
vn 0.000000 0.000000 1.000000
vn 0.000000 0.000000 1.000000
vn 0.000000 0.000000 1.000000
vn 0.000000 0.000000 1.000000
vn 0.000000 0.000000 1.000000
vn 0.000000 0.000000 1.000000
vn 0.000000 0.000000 1.000000
vn 0.000000 0.000000 1.000000
vn 0.000000 0.000000 1.000000
vn 0.000000 0.000000 1.000000
vn 0.000000 0.000000 1.000000
vn 0.000000 0.000000 1.000000
vn 0.000000 0.000000 1.000000
vn 0.000000 0.000000 1.000000
vn 0.000000 0.000000 1.000000
vn 0.000000 0.000000 1.000000
vn 0.000000 0.000000 1.000000
vn 0.000000 0.000000 1.000000
vn 0.000000 0.000000 1.000000
vn 0.000000 0.000000 1.000000
vn 0.000000 0.000000 1.000000
vn 0.000000 0.000000 1.000000
vn 0.000000 0.000000 1.000000
vn 0.000000 0.000000 1.000000
vn 0.000000 0.000000 1.000000
vn 0.000000 0.000000 1.000000
vn 0.000000 0.000000 1.000000
vn 0.000000 0.000000 1.000000
vn 0.000000 0.000000 1.000000
vn 0.000000 0.000000 1.000000
vn 0.000000 0.000000 1.000000
vn 0.000000 0.000000 1.000000
vn 0.000000 0.000000 1.000000
vn 0.000000 0.000000 1.000000
vn 0.000000 0.000000 1.000000
vn 0.000000 0.000000 1.000000
vn 0.000000 0.000000 1.000000
vn 0.000000 0.000000 1.000000
vn 0.000000 0.000000 1.000000
vn 0.000000 0.000000 1.000000
vn 0.000000 0.000000 1.000000
vn 0.000000 0.000000 1.000000
vn 0.000000 0.000000 1.000000
vn 0.000000 0.000000 1.000000
vn 0.000000 0.000000 1.000000
vn 0.000000 0.000000 1.000000
vn 0.000000 0.000000 1.000000
vn 0.000000 0.000000 1.000000
vn 0.000000 0.000000 1.000000
vn 0.000000 0.000000 1.000000
vn 0.000000 0.000000 1.000000
vn 0.000000 0.000000 1.000000
vn 0.000000 0.000000 1.000000
vn 0.000000 0.000000 1.000000
vn 0.000000 0.000000 1.000000
vn 0.000000 0.000000 1.000000
vn 0.000000 0.000000 1.000000
vn 0.000000 0.000000 1.000000
vn 0.000000 0.000000 1.000000
vn 0.000000 0.000000 1.000000
vn 0.000000 0.000000 1.000000
vn 0.000000 0.000000 1.000000
vn 0.000000 0.000000 1.000000
vn 0.000000 0.000000 1.000000
vn 0.000000 0.000000 1.000000
vn 0.000000 0.000000 1.000000
vn 0.000000 0.000000 1.000000
vn 0.000000 0.000000 1.000000
vn 0.000000 0.000000 1.000000
vn 0.000000 0.000000 1.000000
vn 0.000000 0.000000 1.000000
vn 0.000000 0.000000 1.000000
vn 0.000000 0.000000 1.000000
vn 0.000000 0.000000 1.000000
vn 0.000000 0.000000 1.000000
vn 0.000000 0.000000 1.000000
vn 0.000000 0.000000 1.000000
vn 0.000000 0.000000 1.000000
vn 0.000000 0.000000 1.000000
vn 0.000000 0.000000 1.000000
vn 0.000000 0.000000 1.000000
vn 0.000000 0.000000 1.000000
vn 0.000000 0.000000 1.000000
vn 0.000000 0.000000 1.000000
vn 0.000000 0.000000 1.000000
vn 0.000000 0.000000 1.000000
vn 0.000000 0.000000 1.000000
vn 0.000000 0.000000 1.000000
vn 0.000000 0.000000 1.000000
vn 0.000000 0.000000 1.000000
vn 0.000000 0.000000 1.000000
vn 0.000000 0.000000 1.000000
vn 0.000000 0.000000 1.000000
vn 0.000000 0.000000 1.000000
vn 0.000000 0.000000 1.000000
vn 0.000000 0.000000 1.000000
vn 0.000000 0.000000 1.000000
vn 0.000000 0.000000 1.000000
vn 0.000000 0.000000 1.000000
vn 0.000000 0.000000 1.000000
vn 0.000000 0.000000 1.000000
vn 0.000000 0.000000 1.000000
vn 0.000000 0.000000 1.000000
vn 0.000000 0.000000 1.000000
vn 0.000000 0.000000 1.000000
vn 0.000000 0.000000 1.000000
vn 0.000000 0.000000 1.000000
vn 0.000000 0.000000 1.000000
vn 0.000000 0.000000 1.000000
vn 0.000000 0.000000 1.000000
vn 0.000000 0.000000 1.000000
vn 0.000000 0.000000 1.000000
vn 0.000000 0.000000 1.000000
vn 0.000000 0.000000 1.000000
vn 0.000000 0.000000 1.000000
vn 0.000000 0.000000 1.000000
vn 0.000000 0.000000 1.000000
vn 0.000000 0.000000 1.000000
vn 0.000000 0.000000 1.000000
vn 0.000000 0.000000 1.000000
vn 0.000000 0.000000 1.000000
vn 0.000000 0.000000 1.000000
vn 0.000000 0.000000 1.000000
vn 0.000000 0.000000 1.000000
vn 0.000000 0.000000 1.000000
vn 0.000000 0.000000 1.000000
vn 0.000000 0.000000 1.000000
vn 0.000000 0.000000 1.000000
vn 0.000000 0.000000 1.000000
vn 0.000000 0.000000 1.000000
vn 0.000000 0.000000 1.000000
vn 0.000000 0.000000 1.000000
vn 0.000000 0.000000 1.000000
vn 0.000000 0.000000 1.000000
vn 0.000000 0.000000 1.000000
vn 0.000000 0.000000 1.000000
vn 0.000000 0.000000 1.000000
vn 0.000000 0.000000 1.000000
vn 0.000000 0.000000 1.000000
vn 0.000000 0.000000 1.000000
vn 0.000000 0.000000 1.000000
vn 0.000000 0.000000 1.000000
vn 0.000000 0.000000 1.000000
vn 0.000000 0.000000 1.000000
vn 0.000000 0.000000 1.000000
vn 0.000000 0.000000 1.000000
vn 0.000000 0.000000 1.000000
vn 0.000000 0.000000 1.000000
vn 0.000000 0.000000 1.000000
vn 0.000000 0.000000 1.000000
vn 0.000000 0.000000 1.000000
vn 0.000000 0.000000 1.000000
vn 0.000000 0.000000 1.000000
vn 0.000000 0.000000 1.000000
vn 0.000000 0.000000 1.000000
vn 0.000000 0.000000 1.000000
vn 0.000000 0.000000 1.000000
vn 0.000000 0.000000 1.000000
vn 0.000000 0.000000 1.000000
vn 0.000000 0.000000 1.000000
vn 0.000000 0.000000 1.000000
vn 0.000000 0.000000 1.000000
vn 0.000000 0.000000 1.000000
vn 0.000000 0.000000 1.000000
vn 0.000000 0.000000 1.000000
vn 0.000000 0.000000 1.000000
vn 0.000000 0.000000 1.000000
vn 0.000000 0.000000 1.000000
vn 0.000000 0.000000 1.000000
vn 0.000000 0.000000 1.000000
vn 0.000000 0.000000 1.000000
vn 0.000000 0.000000 1.000000
vn 0.000000 0.000000 1.000000
vn 0.000000 0.000000 1.000000
vn 0.000000 0.000000 1.000000
vn 0.000000 0.000000 1.000000
vn 0.000000 0.000000 1.000000
vn 0.000000 0.000000 1.000000
vn 0.000000 0.000000 1.000000
vn 0.000000 0.000000 1.000000
vn 0.000000 0.000000 1.000000
vn 0.000000 0.000000 1.000000
vn 0.000000 0.000000 1.000000
vn 0.000000 0.000000 1.000000
vn 0.000000 0.000000 1.000000
vn 0.000000 0.000000 1.000000
vn 0.000000 0.000000 1.000000
vn 0.000000 0.000000 1.000000
vn 0.000000 0.000000 1.000000
vn 0.000000 0.000000 1.000000
vn 0.000000 0.000000 1.000000
vn 0.000000 0.000000 1.000000
vn 0.000000 0.000000 1.000000
vn 0.000000 0.000000 1.000000
vn 0.000000 0.000000 1.000000
vn 0.000000 0.000000 1.000000
vn 0.000000 0.000000 1.000000
vn 0.000000 0.000000 1.000000
vn 0.000000 0.000000 1.000000
vn 0.000000 0.000000 1.000000
vn 0.000000 0.000000 1.000000
vn 0.000000 0.000000 1.000000
vn 0.000000 0.000000 1.000000
vn 0.000000 0.000000 1.000000
vn 0.000000 0.000000 1.000000
vn 0.000000 0.000000 1.000000
vn 0.000000 0.000000 1.000000
vn 0.000000 0.000000 1.000000
vn 0.000000 0.000000 1.000000
vn 0.000000 0.000000 1.000000
vn 0.000000 0.000000 1.000000
vn 0.000000 0.000000 1.000000
vn 0.000000 0.000000 1.000000
vn 0.000000 0.000000 1.000000
vn 0.000000 0.000000 1.000000
vn 0.000000 0.000000 1.000000
vn 0.000000 0.000000 1.000000
vn 0.000000 0.000000 1.000000
vn 0.000000 0.000000 1.000000
vn 0.000000 0.000000 1.000000
vn 0.000000 0.000000 1.000000
vn 0.000000 0.000000 1.000000
vn 0.000000 0.000000 1.000000
vn 0.000000 0.000000 1.000000
vn 0.000000 0.000000 1.000000
vn 0.000000 0.000000 1.000000
vn 0.000000 0.000000 1.000000
vn 0.000000 0.000000 1.000000
vn 0.000000 0.000000 1.000000
vn 0.000000 0.000000 1.000000
vn 0.000000 0.000000 1.000000
vn 0.000000 0.000000 1.000000
vn 0.000000 0.000000 1.000000
vn 0.000000 0.000000 1.000000
vn 0.000000 0.000000 1.000000
vn 0.000000 0.000000 1.000000
vn 0.000000 0.000000 1.000000
vn 0.000000 0.000000 1.000000
vn 0.000000 0.000000 1.000000
vn 0.000000 0.000000 1.000000
vn 0.000000 0.000000 1.000000
vn 0.000000 0.000000 1.000000
vn 0.000000 0.000000 1.000000
vn 0.000000 0.000000 1.000000
vn 0.000000 0.000000 1.000000
vn 0.000000 0.000000 1.000000
vn 0.000000 0.000000 1.000000
vn 0.000000 0.000000 1.000000
vn 0.000000 0.000000 1.000000
vn 0.000000 0.000000 1.000000
vn 0.000000 0.000000 1.000000
vn 0.000000 0.000000 1.000000
vn 0.000000 0.000000 1.000000
vn 0.000000 0.000000 1.000000
vn 0.000000 0.000000 1.000000
vn 0.000000 0.000000 1.000000
vn 0.000000 0.000000 1.000000
vn 0.000000 0.000000 1.000000
vn 0.000000 0.000000 1.000000
vn 0.000000 0.000000 1.000000
vn 0.000000 0.000000 1.000000
vn 0.000000 0.000000 1.000000
vn 0.000000 0.000000 1.000000
vn 0.000000 0.000000 1.000000
vn 0.000000 0.000000 1.000000
vn 0.000000 0.000000 1.000000
vn 0.000000 0.000000 1.000000
vn 0.000000 0.000000 1.000000
vn 0.000000 0.000000 1.000000
vn 0.000000 0.000000 1.000000
vn 0.000000 0.000000 1.000000
vn 0.000000 0.000000 1.000000
vn 0.000000 0.000000 1.000000
vn 0.000000 0.000000 1.000000
vn 0.000000 0.000000 1.000000
vn 0.000000 0.000000 1.000000
vn 0.000000 0.000000 1.000000
vn 0.000000 0.000000 1.000000
vn 0.000000 0.000000 1.000000
vn 0.000000 0.000000 1.000000
vn 0.000000 0.000000 1.000000
vn 0.000000 0.000000 1.000000
vn 0.000000 0.000000 1.000000
vn 0.000000 0.000000 1.000000
vn 0.000000 0.000000 1.000000
vn 0.000000 0.000000 1.000000
vn 0.000000 0.000000 1.000000
vn 0.000000 0.000000 1.000000
vn 0.000000 0.000000 1.000000
vn 0.000000 0.000000 1.000000
vn 0.000000 0.000000 1.000000
vn -0.000000 0.000000 -1.000000
vn -0.000000 0.000000 -1.000000
vn -0.000000 0.000000 -1.000000
vn -0.000000 0.000000 -1.000000
vn -0.000000 0.000000 -1.000000
vn -0.000000 0.000000 -1.000000
vn -0.000000 0.000000 -1.000000
vn -0.000000 0.000000 -1.000000
vn -0.000000 0.000000 -1.000000
vn -0.000000 0.000000 -1.000000
vn -0.000000 0.000000 -1.000000
vn -0.000000 0.000000 -1.000000
vn -0.000000 0.000000 -1.000000
vn -0.000000 0.000000 -1.000000
vn -0.000000 0.000000 -1.000000
vn -0.000000 0.000000 -1.000000
vn -0.000000 0.000000 -1.000000
vn -0.000000 0.000000 -1.000000
vn -0.000000 0.000000 -1.000000
vn -0.000000 0.000000 -1.000000
vn -0.000000 0.000000 -1.000000
vn -0.000000 0.000000 -1.000000
vn -0.000000 0.000000 -1.000000
vn -0.000000 0.000000 -1.000000
vn -0.000000 0.000000 -1.000000
vn -0.000000 0.000000 -1.000000
vn -0.000000 0.000000 -1.000000
vn -0.000000 0.000000 -1.000000
vn -0.000000 0.000000 -1.000000
vn -0.000000 0.000000 -1.000000
vn -0.000000 0.000000 -1.000000
vn -0.000000 0.000000 -1.000000
vn -0.000000 0.000000 -1.000000
vn -0.000000 0.000000 -1.000000
vn -0.000000 0.000000 -1.000000
vn -0.000000 0.000000 -1.000000
vn -0.000000 0.000000 -1.000000
vn -0.000000 0.000000 -1.000000
vn -0.000000 0.000000 -1.000000
vn -0.000000 0.000000 -1.000000
vn -0.000000 0.000000 -1.000000
vn -0.000000 0.000000 -1.000000
vn -0.000000 0.000000 -1.000000
vn -0.000000 0.000000 -1.000000
vn -0.000000 0.000000 -1.000000
vn -0.000000 0.000000 -1.000000
vn -0.000000 0.000000 -1.000000
vn -0.000000 0.000000 -1.000000
vn -0.000000 0.000000 -1.000000
vn -0.000000 0.000000 -1.000000
vn -0.000000 0.000000 -1.000000
vn -0.000000 0.000000 -1.000000
vn -0.000000 0.000000 -1.000000
vn -0.000000 0.000000 -1.000000
vn -0.000000 0.000000 -1.000000
vn -0.000000 0.000000 -1.000000
vn -0.000000 0.000000 -1.000000
vn -0.000000 0.000000 -1.000000
vn -0.000000 0.000000 -1.000000
vn -0.000000 0.000000 -1.000000
vn -0.000000 0.000000 -1.000000
vn -0.000000 0.000000 -1.000000
vn -0.000000 0.000000 -1.000000
vn -0.000000 0.000000 -1.000000
vn -0.000000 0.000000 -1.000000
vn -0.000000 0.000000 -1.000000
vn -0.000000 0.000000 -1.000000
vn -0.000000 0.000000 -1.000000
vn -0.000000 0.000000 -1.000000
vn -0.000000 0.000000 -1.000000
vn -0.000000 0.000000 -1.000000
vn -0.000000 0.000000 -1.000000
vn -0.000000 0.000000 -1.000000
vn -0.000000 0.000000 -1.000000
vn -0.000000 0.000000 -1.000000
vn -0.000000 0.000000 -1.000000
vn -0.000000 0.000000 -1.000000
vn -0.000000 0.000000 -1.000000
vn -0.000000 0.000000 -1.000000
vn -0.000000 0.000000 -1.000000
vn -0.000000 0.000000 -1.000000
vn -0.000000 0.000000 -1.000000
vn -0.000000 0.000000 -1.000000
vn -0.000000 0.000000 -1.000000
vn -0.000000 0.000000 -1.000000
vn -0.000000 0.000000 -1.000000
vn -0.000000 0.000000 -1.000000
vn -0.000000 0.000000 -1.000000
vn -0.000000 0.000000 -1.000000
vn -0.000000 0.000000 -1.000000
vn -0.000000 0.000000 -1.000000
vn -0.000000 0.000000 -1.000000
vn -0.000000 0.000000 -1.000000
vn -0.000000 0.000000 -1.000000
vn -0.000000 0.000000 -1.000000
vn -0.000000 0.000000 -1.000000
vn -0.000000 0.000000 -1.000000
vn -0.000000 0.000000 -1.000000
vn -0.000000 0.000000 -1.000000
vn -0.000000 0.000000 -1.000000
vn -0.000000 0.000000 -1.000000
vn -0.000000 0.000000 -1.000000
vn -0.000000 0.000000 -1.000000
vn -0.000000 0.000000 -1.000000
vn -0.000000 0.000000 -1.000000
vn -0.000000 0.000000 -1.000000
vn -0.000000 0.000000 -1.000000
vn -0.000000 0.000000 -1.000000
vn -0.000000 0.000000 -1.000000
vn -0.000000 0.000000 -1.000000
vn -0.000000 0.000000 -1.000000
vn -0.000000 0.000000 -1.000000
vn -0.000000 0.000000 -1.000000
vn -0.000000 0.000000 -1.000000
vn -0.000000 0.000000 -1.000000
vn -0.000000 0.000000 -1.000000
vn -0.000000 0.000000 -1.000000
vn -0.000000 0.000000 -1.000000
vn -0.000000 0.000000 -1.000000
vn -0.000000 0.000000 -1.000000
vn -0.000000 0.000000 -1.000000
vn -0.000000 0.000000 -1.000000
vn -0.000000 0.000000 -1.000000
vn -0.000000 0.000000 -1.000000
vn -0.000000 0.000000 -1.000000
vn -0.000000 0.000000 -1.000000
vn -0.000000 0.000000 -1.000000
vn -0.000000 0.000000 -1.000000
vn -0.000000 0.000000 -1.000000
vn -0.000000 0.000000 -1.000000
vn -0.000000 0.000000 -1.000000
vn -0.000000 0.000000 -1.000000
vn -0.000000 0.000000 -1.000000
vn -0.000000 0.000000 -1.000000
vn -0.000000 0.000000 -1.000000
vn -0.000000 0.000000 -1.000000
vn -0.000000 0.000000 -1.000000
vn -0.000000 0.000000 -1.000000
vn -0.000000 0.000000 -1.000000
vn -0.000000 0.000000 -1.000000
vn -0.000000 0.000000 -1.000000
vn -0.000000 0.000000 -1.000000
vn -0.000000 0.000000 -1.000000
vn -0.000000 0.000000 -1.000000
vn -0.000000 0.000000 -1.000000
vn -0.000000 0.000000 -1.000000
vn -0.000000 0.000000 -1.000000
vn -0.000000 0.000000 -1.000000
vn -0.000000 0.000000 -1.000000
vn -0.000000 0.000000 -1.000000
vn -0.000000 0.000000 -1.000000
vn -0.000000 0.000000 -1.000000
vn -0.000000 0.000000 -1.000000
vn -0.000000 0.000000 -1.000000
vn -0.000000 0.000000 -1.000000
vn -0.000000 0.000000 -1.000000
vn -0.000000 0.000000 -1.000000
vn -0.000000 0.000000 -1.000000
vn -0.000000 0.000000 -1.000000
vn -0.000000 0.000000 -1.000000
vn -0.000000 0.000000 -1.000000
vn -0.000000 0.000000 -1.000000
vn -0.000000 0.000000 -1.000000
vn -0.000000 0.000000 -1.000000
vn -0.000000 0.000000 -1.000000
vn -0.000000 0.000000 -1.000000
vn -0.000000 0.000000 -1.000000
vn -0.000000 0.000000 -1.000000
vn -0.000000 0.000000 -1.000000
vn -0.000000 0.000000 -1.000000
vn -0.000000 0.000000 -1.000000
vn -0.000000 0.000000 -1.000000
vn -0.000000 0.000000 -1.000000
vn -0.000000 0.000000 -1.000000
vn -0.000000 0.000000 -1.000000
vn -0.000000 0.000000 -1.000000
vn -0.000000 0.000000 -1.000000
vn -0.000000 0.000000 -1.000000
vn -0.000000 0.000000 -1.000000
vn -0.000000 0.000000 -1.000000
vn -0.000000 0.000000 -1.000000
vn -0.000000 0.000000 -1.000000
vn -0.000000 0.000000 -1.000000
vn -0.000000 0.000000 -1.000000
vn -0.000000 0.000000 -1.000000
vn -0.000000 0.000000 -1.000000
vn -0.000000 0.000000 -1.000000
vn -0.000000 0.000000 -1.000000
vn -0.000000 0.000000 -1.000000
vn -0.000000 0.000000 -1.000000
vn -0.000000 0.000000 -1.000000
vn -0.000000 0.000000 -1.000000
vn -0.000000 0.000000 -1.000000
vn -0.000000 0.000000 -1.000000
vn -0.000000 0.000000 -1.000000
vn -0.000000 0.000000 -1.000000
vn -0.000000 0.000000 -1.000000
vn -0.000000 0.000000 -1.000000
vn -0.000000 0.000000 -1.000000
vn -0.000000 0.000000 -1.000000
vn -0.000000 0.000000 -1.000000
vn -0.000000 0.000000 -1.000000
vn -0.000000 0.000000 -1.000000
vn -0.000000 0.000000 -1.000000
vn -0.000000 0.000000 -1.000000
vn -0.000000 0.000000 -1.000000
vn -0.000000 0.000000 -1.000000
vn -0.000000 0.000000 -1.000000
vn -0.000000 0.000000 -1.000000
vn -0.000000 0.000000 -1.000000
vn -0.000000 0.000000 -1.000000
vn -0.000000 0.000000 -1.000000
vn -0.000000 0.000000 -1.000000
vn -0.000000 0.000000 -1.000000
vn -0.000000 0.000000 -1.000000
vn -0.000000 0.000000 -1.000000
vn -0.000000 0.000000 -1.000000
vn -0.000000 0.000000 -1.000000
vn -0.000000 0.000000 -1.000000
vn -0.000000 0.000000 -1.000000
vn -0.000000 0.000000 -1.000000
vn -0.000000 0.000000 -1.000000
vn -0.000000 0.000000 -1.000000
vn -0.000000 0.000000 -1.000000
vn -0.000000 0.000000 -1.000000
vn -0.000000 0.000000 -1.000000
vn -0.000000 0.000000 -1.000000
vn -0.000000 0.000000 -1.000000
vn -0.000000 0.000000 -1.000000
vn -0.000000 0.000000 -1.000000
vn -0.000000 0.000000 -1.000000
vn -0.000000 0.000000 -1.000000
vn -0.000000 0.000000 -1.000000
vn -0.000000 0.000000 -1.000000
vn -0.000000 0.000000 -1.000000
vn -0.000000 0.000000 -1.000000
vn -0.000000 0.000000 -1.000000
vn -0.000000 0.000000 -1.000000
vn -0.000000 0.000000 -1.000000
vn -0.000000 0.000000 -1.000000
vn -0.000000 0.000000 -1.000000
vn -0.000000 0.000000 -1.000000
vn -0.000000 0.000000 -1.000000
vn -0.000000 0.000000 -1.000000
vn -0.000000 0.000000 -1.000000
vn -0.000000 0.000000 -1.000000
vn -0.000000 0.000000 -1.000000
vn -0.000000 0.000000 -1.000000
vn -0.000000 0.000000 -1.000000
vn -0.000000 0.000000 -1.000000
vn -0.000000 0.000000 -1.000000
vn -0.000000 0.000000 -1.000000
vn -0.000000 0.000000 -1.000000
vn -0.000000 0.000000 -1.000000
vn -0.000000 0.000000 -1.000000
vn -0.000000 0.000000 -1.000000
vn -0.000000 0.000000 -1.000000
vn -0.000000 0.000000 -1.000000
vn -0.000000 0.000000 -1.000000
vn -0.000000 0.000000 -1.000000
vn -0.000000 0.000000 -1.000000
vn -0.000000 0.000000 -1.000000
vn -0.000000 0.000000 -1.000000
vn -0.000000 0.000000 -1.000000
vn -0.000000 0.000000 -1.000000
vn -0.000000 0.000000 -1.000000
vn -0.000000 0.000000 -1.000000
vn -0.000000 0.000000 -1.000000
vn -0.000000 0.000000 -1.000000
vn -0.000000 0.000000 -1.000000
vn -0.000000 0.000000 -1.000000
vn -0.000000 0.000000 -1.000000
vn -0.000000 0.000000 -1.000000
vn -0.000000 0.000000 -1.000000
vn -0.000000 0.000000 -1.000000
vn -0.000000 0.000000 -1.000000
vn -0.000000 0.000000 -1.000000
vn -0.000000 0.000000 -1.000000
vn -0.000000 0.000000 -1.000000
vn -0.000000 0.000000 -1.000000
vn -0.000000 0.000000 -1.000000
vn -0.000000 0.000000 -1.000000
vn -0.000000 0.000000 -1.000000
vn -0.000000 0.000000 -1.000000
vn -0.000000 0.000000 -1.000000
vn -0.000000 0.000000 -1.000000
vn -0.000000 0.000000 -1.000000
vn -0.000000 0.000000 -1.000000
vn -0.000000 0.000000 -1.000000
vn -0.000000 0.000000 -1.000000
vn -0.000000 0.000000 -1.000000
vn -0.000000 0.000000 -1.000000
vn -0.000000 0.000000 -1.000000
vn -0.000000 0.000000 -1.000000
vn -0.000000 0.000000 -1.000000
vn -0.000000 0.000000 -1.000000
vn -0.000000 0.000000 -1.000000
vn -0.000000 0.000000 -1.000000
vn -0.000000 0.000000 -1.000000
vn -0.000000 0.000000 -1.000000
vn -0.000000 0.000000 -1.000000
vn -0.000000 0.000000 -1.000000
vn -0.000000 0.000000 -1.000000
vn -0.000000 0.000000 -1.000000
vn -0.000000 0.000000 -1.000000
vn -0.000000 0.000000 -1.000000
vn -0.000000 0.000000 -1.000000
vn -0.000000 0.000000 -1.000000
vn -0.000000 0.000000 -1.000000
vn -0.000000 0.000000 -1.000000
vn -0.000000 0.000000 -1.000000
vn -0.000000 0.000000 -1.000000
vn -0.000000 0.000000 -1.000000
vn -0.000000 0.000000 -1.000000
vn -0.000000 0.000000 -1.000000
vn -0.000000 0.000000 -1.000000
usemtl ABS(白)
f 3399/5941/5739 3445/5942/5740 3398/5943/5741
f 3398/5943/5741 3445/5942/5740 3422/5944/5742
f 3398/5945/5741 3422/5946/5742 3421/5947/5743
f 3421/5947/5743 3422/5946/5742 3423/5948/5744
f 3421/5947/5743 3423/5948/5744 3420/5949/5745
f 3420/5949/5745 3423/5948/5744 3424/5950/5746
f 3420/5949/5745 3424/5950/5746 3419/5951/5747
f 3419/5951/5747 3424/5950/5746 3425/5952/5748
f 3419/5951/5747 3425/5952/5748 3418/5953/5749
f 3418/5953/5749 3425/5952/5748 3426/5954/5750
f 3418/5953/5749 3426/5954/5750 3417/5955/5751
f 3417/5955/5751 3426/5954/5750 3427/5956/5752
f 3417/5955/5751 3427/5956/5752 3416/5957/5753
f 3416/5957/5753 3427/5956/5752 3428/5958/5754
f 3416/5957/5753 3428/5958/5754 3415/5959/5755
f 3415/5959/5755 3428/5958/5754 3429/5960/5756
f 3415/5959/5755 3429/5960/5756 3414/5961/5757
f 3414/5961/5757 3429/5960/5756 3430/5962/5758
f 3414/5961/5757 3430/5962/5758 3413/5963/5759
f 3413/5963/5759 3430/5962/5758 3431/5964/5760
f 3413/5963/5759 3431/5964/5760 3412/5965/5761
f 3412/5965/5761 3431/5964/5760 3432/5966/5762
f 3412/5965/5761 3432/5966/5762 3411/5967/5763
f 3411/5967/5763 3432/5966/5762 3433/5968/5764
f 3411/5967/5763 3433/5968/5764 3410/5969/5765
f 3410/5969/5765 3433/5968/5764 3434/5970/5766
f 3410/5969/5765 3434/5970/5766 3409/5971/5767
f 3409/5971/5767 3434/5970/5766 3435/5972/5768
f 3409/5971/5767 3435/5972/5768 3408/5973/5769
f 3408/5973/5769 3435/5972/5768 3436/5974/5770
f 3408/5973/5769 3436/5974/5770 3407/5975/5771
f 3407/5975/5771 3436/5974/5770 3437/5976/5772
f 3407/5975/5771 3437/5976/5772 3406/5977/5773
f 3406/5977/5773 3437/5976/5772 3438/5978/5774
f 3406/5977/5773 3438/5978/5774 3405/5979/5775
f 3405/5979/5775 3438/5978/5774 3439/5980/5776
f 3405/5979/5775 3439/5980/5776 3404/5981/5777
f 3404/5981/5777 3439/5980/5776 3440/5982/5778
f 3404/5981/5777 3440/5982/5778 3403/5983/5779
f 3403/5983/5779 3440/5982/5778 3441/5984/5780
f 3403/5983/5779 3441/5984/5780 3402/5985/5781
f 3402/5985/5781 3441/5984/5780 3442/5986/5782
f 3402/5985/5781 3442/5986/5782 3401/5987/5783
f 3401/5987/5783 3442/5986/5782 3443/5988/5784
f 3401/5987/5783 3443/5988/5784 3400/5989/5785
f 3400/5989/5785 3443/5988/5784 3444/5990/5786
f 3400/5989/5785 3444/5990/5786 3399/5941/5739
f 3399/5941/5739 3444/5990/5786 3445/5942/5740
f 3447/5991/5787 3493/5992/5788 3446/5993/5789
f 3446/5993/5789 3493/5992/5788 3470/5994/5790
f 3446/5995/5789 3470/5996/5790 3469/5997/5791
f 3469/5997/5791 3470/5996/5790 3471/5998/5792
f 3469/5997/5791 3471/5998/5792 3468/5999/5793
f 3468/5999/5793 3471/5998/5792 3472/6000/5794
f 3468/5999/5793 3472/6000/5794 3467/6001/5795
f 3467/6001/5795 3472/6000/5794 3473/6002/5796
f 3467/6001/5795 3473/6002/5796 3466/6003/5797
f 3466/6003/5797 3473/6002/5796 3474/6004/5798
f 3466/6003/5797 3474/6004/5798 3465/6005/5799
f 3465/6005/5799 3474/6004/5798 3475/6006/5800
f 3465/6005/5799 3475/6006/5800 3464/6007/5801
f 3464/6007/5801 3475/6006/5800 3476/6008/5802
f 3464/6007/5801 3476/6008/5802 3463/6009/5803
f 3463/6009/5803 3476/6008/5802 3477/6010/5804
f 3463/6009/5803 3477/6010/5804 3462/6011/5805
f 3462/6011/5805 3477/6010/5804 3478/6012/5806
f 3462/6011/5805 3478/6012/5806 3461/6013/5807
f 3461/6013/5807 3478/6012/5806 3479/6014/5808
f 3461/6013/5807 3479/6014/5808 3460/6015/5809
f 3460/6015/5809 3479/6014/5808 3480/6016/5810
f 3460/6015/5809 3480/6016/5810 3459/6017/5811
f 3459/6017/5811 3480/6016/5810 3481/6018/5812
f 3459/6017/5811 3481/6018/5812 3458/6019/5813
f 3458/6019/5813 3481/6018/5812 3482/6020/5814
f 3458/6019/5813 3482/6020/5814 3457/6021/5815
f 3457/6021/5815 3482/6020/5814 3483/6022/5816
f 3457/6021/5815 3483/6022/5816 3456/6023/5817
f 3456/6023/5817 3483/6022/5816 3484/6024/5818
f 3456/6023/5817 3484/6024/5818 3455/6025/5819
f 3455/6025/5819 3484/6024/5818 3485/6026/5820
f 3455/6025/5819 3485/6026/5820 3454/6027/5821
f 3454/6027/5821 3485/6026/5820 3486/6028/5822
f 3454/6027/5821 3486/6028/5822 3453/6029/5823
f 3453/6029/5823 3486/6028/5822 3487/6030/5824
f 3453/6029/5823 3487/6030/5824 3452/6031/5825
f 3452/6031/5825 3487/6030/5824 3488/6032/5826
f 3452/6031/5825 3488/6032/5826 3451/6033/5827
f 3451/6033/5827 3488/6032/5826 3489/6034/5828
f 3451/6033/5827 3489/6034/5828 3450/6035/5829
f 3450/6035/5829 3489/6034/5828 3490/6036/5830
f 3450/6035/5829 3490/6036/5830 3449/6037/5831
f 3449/6037/5831 3490/6036/5830 3491/6038/5832
f 3449/6037/5831 3491/6038/5832 3448/6039/5833
f 3448/6039/5833 3491/6038/5832 3492/6040/5834
f 3448/6039/5833 3492/6040/5834 3447/5991/5787
f 3447/5991/5787 3492/6040/5834 3493/5992/5788
f 3495/6041/5835 3541/6042/5836 3494/6043/5837
f 3494/6043/5837 3541/6042/5836 3518/6044/5838
f 3494/6045/5837 3518/6046/5838 3517/6047/5839
f 3517/6047/5839 3518/6046/5838 3519/6048/5840
f 3517/6047/5839 3519/6048/5840 3516/6049/5841
f 3516/6049/5841 3519/6048/5840 3520/6050/5842
f 3516/6049/5841 3520/6050/5842 3515/6051/5843
f 3515/6051/5843 3520/6050/5842 3521/6052/5844
f 3515/6051/5843 3521/6052/5844 3514/6053/5845
f 3514/6053/5845 3521/6052/5844 3522/6054/5846
f 3514/6053/5845 3522/6054/5846 3513/6055/5847
f 3513/6055/5847 3522/6054/5846 3523/6056/5848
f 3513/6055/5847 3523/6056/5848 3512/6057/5849
f 3512/6057/5849 3523/6056/5848 3524/6058/5850
f 3512/6057/5849 3524/6058/5850 3511/6059/5851
f 3511/6059/5851 3524/6058/5850 3525/6060/5852
f 3511/6059/5851 3525/6060/5852 3510/6061/5853
f 3510/6061/5853 3525/6060/5852 3526/6062/5854
f 3510/6061/5853 3526/6062/5854 3509/6063/5855
f 3509/6063/5855 3526/6062/5854 3527/6064/5856
f 3509/6063/5855 3527/6064/5856 3508/6065/5857
f 3508/6065/5857 3527/6064/5856 3528/6066/5858
f 3508/6065/5857 3528/6066/5858 3507/6067/5859
f 3507/6067/5859 3528/6066/5858 3529/6068/5860
f 3507/6067/5859 3529/6068/5860 3506/6069/5861
f 3506/6069/5861 3529/6068/5860 3530/6070/5862
f 3506/6069/5861 3530/6070/5862 3505/6071/5863
f 3505/6071/5863 3530/6070/5862 3531/6072/5864
f 3505/6071/5863 3531/6072/5864 3504/6073/5865
f 3504/6073/5865 3531/6072/5864 3532/6074/5866
f 3504/6073/5865 3532/6074/5866 3503/6075/5867
f 3503/6075/5867 3532/6074/5866 3533/6076/5868
f 3503/6075/5867 3533/6076/5868 3502/6077/5869
f 3502/6077/5869 3533/6076/5868 3534/6078/5870
f 3502/6077/5869 3534/6078/5870 3501/6079/5871
f 3501/6079/5871 3534/6078/5870 3535/6080/5872
f 3501/6079/5871 3535/6080/5872 3500/6081/5873
f 3500/6081/5873 3535/6080/5872 3536/6082/5874
f 3500/6081/5873 3536/6082/5874 3499/6083/5875
f 3499/6083/5875 3536/6082/5874 3537/6084/5876
f 3499/6083/5875 3537/6084/5876 3498/6085/5877
f 3498/6085/5877 3537/6084/5876 3538/6086/5878
f 3498/6085/5877 3538/6086/5878 3497/6087/5879
f 3497/6087/5879 3538/6086/5878 3539/6088/5880
f 3497/6087/5879 3539/6088/5880 3496/6089/5881
f 3496/6089/5881 3539/6088/5880 3540/6090/5882
f 3496/6089/5881 3540/6090/5882 3495/6041/5835
f 3495/6041/5835 3540/6090/5882 3541/6042/5836
f 3543/6091/5883 3589/6092/5884 3542/6093/5885
f 3542/6093/5885 3589/6092/5884 3566/6094/5886
f 3542/6095/5885 3566/6096/5886 3565/6097/5887
f 3565/6097/5887 3566/6096/5886 3567/6098/5888
f 3565/6097/5887 3567/6098/5888 3564/6099/5889
f 3564/6099/5889 3567/6098/5888 3568/6100/5890
f 3564/6099/5889 3568/6100/5890 3563/6101/5891
f 3563/6101/5891 3568/6100/5890 3569/6102/5892
f 3563/6101/5891 3569/6102/5892 3562/6103/5893
f 3562/6103/5893 3569/6102/5892 3570/6104/5894
f 3562/6103/5893 3570/6104/5894 3561/6105/5895
f 3561/6105/5895 3570/6104/5894 3571/6106/5896
f 3561/6105/5895 3571/6106/5896 3560/6107/5897
f 3560/6107/5897 3571/6106/5896 3572/6108/5898
f 3560/6107/5897 3572/6108/5898 3559/6109/5899
f 3559/6109/5899 3572/6108/5898 3573/6110/5900
f 3559/6109/5899 3573/6110/5900 3558/6111/5901
f 3558/6111/5901 3573/6110/5900 3574/6112/5902
f 3558/6111/5901 3574/6112/5902 3557/6113/5903
f 3557/6113/5903 3574/6112/5902 3575/6114/5904
f 3557/6113/5903 3575/6114/5904 3556/6115/5905
f 3556/6115/5905 3575/6114/5904 3576/6116/5906
f 3556/6115/5905 3576/6116/5906 3555/6117/5907
f 3555/6117/5907 3576/6116/5906 3577/6118/5908
f 3555/6117/5907 3577/6118/5908 3554/6119/5909
f 3554/6119/5909 3577/6118/5908 3578/6120/5910
f 3554/6119/5909 3578/6120/5910 3553/6121/5911
f 3553/6121/5911 3578/6120/5910 3579/6122/5912
f 3553/6121/5911 3579/6122/5912 3552/6123/5913
f 3552/6123/5913 3579/6122/5912 3580/6124/5914
f 3552/6123/5913 3580/6124/5914 3551/6125/5915
f 3551/6125/5915 3580/6124/5914 3581/6126/5916
f 3551/6125/5915 3581/6126/5916 3550/6127/5917
f 3550/6127/5917 3581/6126/5916 3582/6128/5918
f 3550/6127/5917 3582/6128/5918 3549/6129/5919
f 3549/6129/5919 3582/6128/5918 3583/6130/5920
f 3549/6129/5919 3583/6130/5920 3548/6131/5921
f 3548/6131/5921 3583/6130/5920 3584/6132/5922
f 3548/6131/5921 3584/6132/5922 3547/6133/5923
f 3547/6133/5923 3584/6132/5922 3585/6134/5924
f 3547/6133/5923 3585/6134/5924 3546/6135/5925
f 3546/6135/5925 3585/6134/5924 3586/6136/5926
f 3546/6135/5925 3586/6136/5926 3545/6137/5927
f 3545/6137/5927 3586/6136/5926 3587/6138/5928
f 3545/6137/5927 3587/6138/5928 3544/6139/5929
f 3544/6139/5929 3587/6138/5928 3588/6140/5930
f 3544/6139/5929 3588/6140/5930 3543/6091/5883
f 3543/6091/5883 3588/6140/5930 3589/6092/5884
f 3591/6141/5931 3637/6142/5932 3590/6143/5933
f 3590/6143/5933 3637/6142/5932 3614/6144/5934
f 3590/6145/5933 3614/6146/5934 3613/6147/5935
f 3613/6147/5935 3614/6146/5934 3615/6148/5936
f 3613/6147/5935 3615/6148/5936 3612/6149/5937
f 3612/6149/5937 3615/6148/5936 3616/6150/5938
f 3612/6149/5937 3616/6150/5938 3611/6151/5939
f 3611/6151/5939 3616/6150/5938 3617/6152/5940
f 3611/6151/5939 3617/6152/5940 3610/6153/5941
f 3610/6153/5941 3617/6152/5940 3618/6154/5942
f 3610/6153/5941 3618/6154/5942 3609/6155/5943
f 3609/6155/5943 3618/6154/5942 3619/6156/5944
f 3609/6155/5943 3619/6156/5944 3608/6157/5945
f 3608/6157/5945 3619/6156/5944 3620/6158/5946
f 3608/6157/5945 3620/6158/5946 3607/6159/5947
f 3607/6159/5947 3620/6158/5946 3621/6160/5948
f 3607/6159/5947 3621/6160/5948 3606/6161/5949
f 3606/6161/5949 3621/6160/5948 3622/6162/5950
f 3606/6161/5949 3622/6162/5950 3605/6163/5951
f 3605/6163/5951 3622/6162/5950 3623/6164/5952
f 3605/6163/5951 3623/6164/5952 3604/6165/5953
f 3604/6165/5953 3623/6164/5952 3624/6166/5954
f 3604/6165/5953 3624/6166/5954 3603/6167/5955
f 3603/6167/5955 3624/6166/5954 3625/6168/5956
f 3603/6167/5955 3625/6168/5956 3602/6169/5957
f 3602/6169/5957 3625/6168/5956 3626/6170/5958
f 3602/6169/5957 3626/6170/5958 3601/6171/5959
f 3601/6171/5959 3626/6170/5958 3627/6172/5960
f 3601/6171/5959 3627/6172/5960 3600/6173/5961
f 3600/6173/5961 3627/6172/5960 3628/6174/5962
f 3600/6173/5961 3628/6174/5962 3599/6175/5963
f 3599/6175/5963 3628/6174/5962 3629/6176/5964
f 3599/6175/5963 3629/6176/5964 3598/6177/5965
f 3598/6177/5965 3629/6176/5964 3630/6178/5966
f 3598/6177/5965 3630/6178/5966 3597/6179/5967
f 3597/6179/5967 3630/6178/5966 3631/6180/5968
f 3597/6179/5967 3631/6180/5968 3596/6181/5969
f 3596/6181/5969 3631/6180/5968 3632/6182/5970
f 3596/6181/5969 3632/6182/5970 3595/6183/5971
f 3595/6183/5971 3632/6182/5970 3633/6184/5972
f 3595/6183/5971 3633/6184/5972 3594/6185/5973
f 3594/6185/5973 3633/6184/5972 3634/6186/5974
f 3594/6185/5973 3634/6186/5974 3593/6187/5975
f 3593/6187/5975 3634/6186/5974 3635/6188/5976
f 3593/6187/5975 3635/6188/5976 3592/6189/5977
f 3592/6189/5977 3635/6188/5976 3636/6190/5978
f 3592/6189/5977 3636/6190/5978 3591/6141/5931
f 3591/6141/5931 3636/6190/5978 3637/6142/5932
f 3639/6191/5979 3685/6192/5980 3638/6193/5981
f 3638/6193/5981 3685/6192/5980 3662/6194/5982
f 3638/6195/5981 3662/6196/5982 3661/6197/5983
f 3661/6197/5983 3662/6196/5982 3663/6198/5984
f 3661/6197/5983 3663/6198/5984 3660/6199/5985
f 3660/6199/5985 3663/6198/5984 3664/6200/5986
f 3660/6199/5985 3664/6200/5986 3659/6201/5987
f 3659/6201/5987 3664/6200/5986 3665/6202/5988
f 3659/6201/5987 3665/6202/5988 3658/6203/5989
f 3658/6203/5989 3665/6202/5988 3666/6204/5990
f 3658/6203/5989 3666/6204/5990 3657/6205/5991
f 3657/6205/5991 3666/6204/5990 3667/6206/5992
f 3657/6205/5991 3667/6206/5992 3656/6207/5993
f 3656/6207/5993 3667/6206/5992 3668/6208/5994
f 3656/6207/5993 3668/6208/5994 3655/6209/5995
f 3655/6209/5995 3668/6208/5994 3669/6210/5996
f 3655/6209/5995 3669/6210/5996 3654/6211/5997
f 3654/6211/5997 3669/6210/5996 3670/6212/5998
f 3654/6211/5997 3670/6212/5998 3653/6213/5999
f 3653/6213/5999 3670/6212/5998 3671/6214/6000
f 3653/6213/5999 3671/6214/6000 3652/6215/6001
f 3652/6215/6001 3671/6214/6000 3672/6216/6002
f 3652/6215/6001 3672/6216/6002 3651/6217/6003
f 3651/6217/6003 3672/6216/6002 3673/6218/6004
f 3651/6217/6003 3673/6218/6004 3650/6219/6005
f 3650/6219/6005 3673/6218/6004 3674/6220/6006
f 3650/6219/6005 3674/6220/6006 3649/6221/6007
f 3649/6221/6007 3674/6220/6006 3675/6222/6008
f 3649/6221/6007 3675/6222/6008 3648/6223/6009
f 3648/6223/6009 3675/6222/6008 3676/6224/6010
f 3648/6223/6009 3676/6224/6010 3647/6225/6011
f 3647/6225/6011 3676/6224/6010 3677/6226/6012
f 3647/6225/6011 3677/6226/6012 3646/6227/6013
f 3646/6227/6013 3677/6226/6012 3678/6228/6014
f 3646/6227/6013 3678/6228/6014 3645/6229/6015
f 3645/6229/6015 3678/6228/6014 3679/6230/6016
f 3645/6229/6015 3679/6230/6016 3644/6231/6017
f 3644/6231/6017 3679/6230/6016 3680/6232/6018
f 3644/6231/6017 3680/6232/6018 3643/6233/6019
f 3643/6233/6019 3680/6232/6018 3681/6234/6020
f 3643/6233/6019 3681/6234/6020 3642/6235/6021
f 3642/6235/6021 3681/6234/6020 3682/6236/6022
f 3642/6235/6021 3682/6236/6022 3641/6237/6023
f 3641/6237/6023 3682/6236/6022 3683/6238/6024
f 3641/6237/6023 3683/6238/6024 3640/6239/6025
f 3640/6239/6025 3683/6238/6024 3684/6240/6026
f 3640/6239/6025 3684/6240/6026 3639/6191/5979
f 3639/6191/5979 3684/6240/6026 3685/6192/5980
f 3687/6241/6027 3733/6242/6028 3686/6243/6029
f 3686/6243/6029 3733/6242/6028 3710/6244/6030
f 3686/6245/6029 3710/6246/6030 3709/6247/6031
f 3709/6247/6031 3710/6246/6030 3711/6248/6032
f 3709/6247/6031 3711/6248/6032 3708/6249/6033
f 3708/6249/6033 3711/6248/6032 3712/6250/6034
f 3708/6249/6033 3712/6250/6034 3707/6251/6035
f 3707/6251/6035 3712/6250/6034 3713/6252/6036
f 3707/6251/6035 3713/6252/6036 3706/6253/6037
f 3706/6253/6037 3713/6252/6036 3714/6254/6038
f 3706/6253/6037 3714/6254/6038 3705/6255/6039
f 3705/6255/6039 3714/6254/6038 3715/6256/6040
f 3705/6255/6039 3715/6256/6040 3704/6257/6041
f 3704/6257/6041 3715/6256/6040 3716/6258/6042
f 3704/6257/6041 3716/6258/6042 3703/6259/6043
f 3703/6259/6043 3716/6258/6042 3717/6260/6044
f 3703/6259/6043 3717/6260/6044 3702/6261/6045
f 3702/6261/6045 3717/6260/6044 3718/6262/6046
f 3702/6261/6045 3718/6262/6046 3701/6263/6047
f 3701/6263/6047 3718/6262/6046 3719/6264/6048
f 3701/6263/6047 3719/6264/6048 3700/6265/6049
f 3700/6265/6049 3719/6264/6048 3720/6266/6050
f 3700/6265/6049 3720/6266/6050 3699/6267/6051
f 3699/6267/6051 3720/6266/6050 3721/6268/6052
f 3699/6267/6051 3721/6268/6052 3698/6269/6053
f 3698/6269/6053 3721/6268/6052 3722/6270/6054
f 3698/6269/6053 3722/6270/6054 3697/6271/6055
f 3697/6271/6055 3722/6270/6054 3723/6272/6056
f 3697/6271/6055 3723/6272/6056 3696/6273/6057
f 3696/6273/6057 3723/6272/6056 3724/6274/6058
f 3696/6273/6057 3724/6274/6058 3695/6275/6059
f 3695/6275/6059 3724/6274/6058 3725/6276/6060
f 3695/6275/6059 3725/6276/6060 3694/6277/6061
f 3694/6277/6061 3725/6276/6060 3726/6278/6062
f 3694/6277/6061 3726/6278/6062 3693/6279/6063
f 3693/6279/6063 3726/6278/6062 3727/6280/6064
f 3693/6279/6063 3727/6280/6064 3692/6281/6065
f 3692/6281/6065 3727/6280/6064 3728/6282/6066
f 3692/6281/6065 3728/6282/6066 3691/6283/6067
f 3691/6283/6067 3728/6282/6066 3729/6284/6068
f 3691/6283/6067 3729/6284/6068 3690/6285/6069
f 3690/6285/6069 3729/6284/6068 3730/6286/6070
f 3690/6285/6069 3730/6286/6070 3689/6287/6071
f 3689/6287/6071 3730/6286/6070 3731/6288/6072
f 3689/6287/6071 3731/6288/6072 3688/6289/6073
f 3688/6289/6073 3731/6288/6072 3732/6290/6074
f 3688/6289/6073 3732/6290/6074 3687/6241/6027
f 3687/6241/6027 3732/6290/6074 3733/6242/6028
f 3735/6291/6075 3781/6292/6076 3734/6293/6077
f 3734/6293/6077 3781/6292/6076 3758/6294/6078
f 3734/6295/6077 3758/6296/6078 3757/6297/6079
f 3757/6297/6079 3758/6296/6078 3759/6298/6080
f 3757/6297/6079 3759/6298/6080 3756/6299/6081
f 3756/6299/6081 3759/6298/6080 3760/6300/6082
f 3756/6299/6081 3760/6300/6082 3755/6301/6083
f 3755/6301/6083 3760/6300/6082 3761/6302/6084
f 3755/6301/6083 3761/6302/6084 3754/6303/6085
f 3754/6303/6085 3761/6302/6084 3762/6304/6086
f 3754/6303/6085 3762/6304/6086 3753/6305/6087
f 3753/6305/6087 3762/6304/6086 3763/6306/6088
f 3753/6305/6087 3763/6306/6088 3752/6307/6089
f 3752/6307/6089 3763/6306/6088 3764/6308/6090
f 3752/6307/6089 3764/6308/6090 3751/6309/6091
f 3751/6309/6091 3764/6308/6090 3765/6310/6092
f 3751/6309/6091 3765/6310/6092 3750/6311/6093
f 3750/6311/6093 3765/6310/6092 3766/6312/6094
f 3750/6311/6093 3766/6312/6094 3749/6313/6095
f 3749/6313/6095 3766/6312/6094 3767/6314/6096
f 3749/6313/6095 3767/6314/6096 3748/6315/6097
f 3748/6315/6097 3767/6314/6096 3768/6316/6098
f 3748/6315/6097 3768/6316/6098 3747/6317/6099
f 3747/6317/6099 3768/6316/6098 3769/6318/6100
f 3747/6317/6099 3769/6318/6100 3746/6319/6101
f 3746/6319/6101 3769/6318/6100 3770/6320/6102
f 3746/6319/6101 3770/6320/6102 3745/6321/6103
f 3745/6321/6103 3770/6320/6102 3771/6322/6104
f 3745/6321/6103 3771/6322/6104 3744/6323/6105
f 3744/6323/6105 3771/6322/6104 3772/6324/6106
f 3744/6323/6105 3772/6324/6106 3743/6325/6107
f 3743/6325/6107 3772/6324/6106 3773/6326/6108
f 3743/6325/6107 3773/6326/6108 3742/6327/6109
f 3742/6327/6109 3773/6326/6108 3774/6328/6110
f 3742/6327/6109 3774/6328/6110 3741/6329/6111
f 3741/6329/6111 3774/6328/6110 3775/6330/6112
f 3741/6329/6111 3775/6330/6112 3740/6331/6113
f 3740/6331/6113 3775/6330/6112 3776/6332/6114
f 3740/6331/6113 3776/6332/6114 3739/6333/6115
f 3739/6333/6115 3776/6332/6114 3777/6334/6116
f 3739/6333/6115 3777/6334/6116 3738/6335/6117
f 3738/6335/6117 3777/6334/6116 3778/6336/6118
f 3738/6335/6117 3778/6336/6118 3737/6337/6119
f 3737/6337/6119 3778/6336/6118 3779/6338/6120
f 3737/6337/6119 3779/6338/6120 3736/6339/6121
f 3736/6339/6121 3779/6338/6120 3780/6340/6122
f 3736/6339/6121 3780/6340/6122 3735/6291/6075
f 3735/6291/6075 3780/6340/6122 3781/6292/6076
f 3783/6341/6123 3829/6342/6124 3782/6343/6125
f 3782/6343/6125 3829/6342/6124 3806/6344/6126
f 3782/6345/6125 3806/6346/6126 3805/6347/6127
f 3805/6347/6127 3806/6346/6126 3807/6348/6128
f 3805/6347/6127 3807/6348/6128 3804/6349/6129
f 3804/6349/6129 3807/6348/6128 3808/6350/6130
f 3804/6349/6129 3808/6350/6130 3803/6351/6131
f 3803/6351/6131 3808/6350/6130 3809/6352/6132
f 3803/6351/6131 3809/6352/6132 3802/6353/6133
f 3802/6353/6133 3809/6352/6132 3810/6354/6134
f 3802/6353/6133 3810/6354/6134 3801/6355/6135
f 3801/6355/6135 3810/6354/6134 3811/6356/6136
f 3801/6355/6135 3811/6356/6136 3800/6357/6137
f 3800/6357/6137 3811/6356/6136 3812/6358/6138
f 3800/6357/6137 3812/6358/6138 3799/6359/6139
f 3799/6359/6139 3812/6358/6138 3813/6360/6140
f 3799/6359/6139 3813/6360/6140 3798/6361/6141
f 3798/6361/6141 3813/6360/6140 3814/6362/6142
f 3798/6361/6141 3814/6362/6142 3797/6363/6143
f 3797/6363/6143 3814/6362/6142 3815/6364/6144
f 3797/6363/6143 3815/6364/6144 3796/6365/6145
f 3796/6365/6145 3815/6364/6144 3816/6366/6146
f 3796/6365/6145 3816/6366/6146 3795/6367/6147
f 3795/6367/6147 3816/6366/6146 3817/6368/6148
f 3795/6367/6147 3817/6368/6148 3794/6369/6149
f 3794/6369/6149 3817/6368/6148 3818/6370/6150
f 3794/6369/6149 3818/6370/6150 3793/6371/6151
f 3793/6371/6151 3818/6370/6150 3819/6372/6152
f 3793/6371/6151 3819/6372/6152 3792/6373/6153
f 3792/6373/6153 3819/6372/6152 3820/6374/6154
f 3792/6373/6153 3820/6374/6154 3791/6375/6155
f 3791/6375/6155 3820/6374/6154 3821/6376/6156
f 3791/6375/6155 3821/6376/6156 3790/6377/6157
f 3790/6377/6157 3821/6376/6156 3822/6378/6158
f 3790/6377/6157 3822/6378/6158 3789/6379/6159
f 3789/6379/6159 3822/6378/6158 3823/6380/6160
f 3789/6379/6159 3823/6380/6160 3788/6381/6161
f 3788/6381/6161 3823/6380/6160 3824/6382/6162
f 3788/6381/6161 3824/6382/6162 3787/6383/6163
f 3787/6383/6163 3824/6382/6162 3825/6384/6164
f 3787/6383/6163 3825/6384/6164 3786/6385/6165
f 3786/6385/6165 3825/6384/6164 3826/6386/6166
f 3786/6385/6165 3826/6386/6166 3785/6387/6167
f 3785/6387/6167 3826/6386/6166 3827/6388/6168
f 3785/6387/6167 3827/6388/6168 3784/6389/6169
f 3784/6389/6169 3827/6388/6168 3828/6390/6170
f 3784/6389/6169 3828/6390/6170 3783/6341/6123
f 3783/6341/6123 3828/6390/6170 3829/6342/6124
f 3831/6391/6171 3877/6392/6172 3830/6393/6173
f 3830/6393/6173 3877/6392/6172 3854/6394/6174
f 3830/6395/6173 3854/6396/6174 3853/6397/6175
f 3853/6397/6175 3854/6396/6174 3855/6398/6176
f 3853/6397/6175 3855/6398/6176 3852/6399/6177
f 3852/6399/6177 3855/6398/6176 3856/6400/6178
f 3852/6399/6177 3856/6400/6178 3851/6401/6179
f 3851/6401/6179 3856/6400/6178 3857/6402/6180
f 3851/6401/6179 3857/6402/6180 3850/6403/6181
f 3850/6403/6181 3857/6402/6180 3858/6404/6182
f 3850/6403/6181 3858/6404/6182 3849/6405/6183
f 3849/6405/6183 3858/6404/6182 3859/6406/6184
f 3849/6405/6183 3859/6406/6184 3848/6407/6185
f 3848/6407/6185 3859/6406/6184 3860/6408/6186
f 3848/6407/6185 3860/6408/6186 3847/6409/6187
f 3847/6409/6187 3860/6408/6186 3861/6410/6188
f 3847/6409/6187 3861/6410/6188 3846/6411/6189
f 3846/6411/6189 3861/6410/6188 3862/6412/6190
f 3846/6411/6189 3862/6412/6190 3845/6413/6191
f 3845/6413/6191 3862/6412/6190 3863/6414/6192
f 3845/6413/6191 3863/6414/6192 3844/6415/6193
f 3844/6415/6193 3863/6414/6192 3864/6416/6194
f 3844/6415/6193 3864/6416/6194 3843/6417/6195
f 3843/6417/6195 3864/6416/6194 3865/6418/6196
f 3843/6417/6195 3865/6418/6196 3842/6419/6197
f 3842/6419/6197 3865/6418/6196 3866/6420/6198
f 3842/6419/6197 3866/6420/6198 3841/6421/6199
f 3841/6421/6199 3866/6420/6198 3867/6422/6200
f 3841/6421/6199 3867/6422/6200 3840/6423/6201
f 3840/6423/6201 3867/6422/6200 3868/6424/6202
f 3840/6423/6201 3868/6424/6202 3839/6425/6203
f 3839/6425/6203 3868/6424/6202 3869/6426/6204
f 3839/6425/6203 3869/6426/6204 3838/6427/6205
f 3838/6427/6205 3869/6426/6204 3870/6428/6206
f 3838/6427/6205 3870/6428/6206 3837/6429/6207
f 3837/6429/6207 3870/6428/6206 3871/6430/6208
f 3837/6429/6207 3871/6430/6208 3836/6431/6209
f 3836/6431/6209 3871/6430/6208 3872/6432/6210
f 3836/6431/6209 3872/6432/6210 3835/6433/6211
f 3835/6433/6211 3872/6432/6210 3873/6434/6212
f 3835/6433/6211 3873/6434/6212 3834/6435/6213
f 3834/6435/6213 3873/6434/6212 3874/6436/6214
f 3834/6435/6213 3874/6436/6214 3833/6437/6215
f 3833/6437/6215 3874/6436/6214 3875/6438/6216
f 3833/6437/6215 3875/6438/6216 3832/6439/6217
f 3832/6439/6217 3875/6438/6216 3876/6440/6218
f 3832/6439/6217 3876/6440/6218 3831/6391/6171
f 3831/6391/6171 3876/6440/6218 3877/6392/6172
f 3879/6441/6219 3925/6442/6220 3878/6443/6221
f 3878/6443/6221 3925/6442/6220 3902/6444/6222
f 3878/6445/6221 3902/6446/6222 3901/6447/6223
f 3901/6447/6223 3902/6446/6222 3903/6448/6224
f 3901/6447/6223 3903/6448/6224 3900/6449/6225
f 3900/6449/6225 3903/6448/6224 3904/6450/6226
f 3900/6449/6225 3904/6450/6226 3899/6451/6227
f 3899/6451/6227 3904/6450/6226 3905/6452/6228
f 3899/6451/6227 3905/6452/6228 3898/6453/6229
f 3898/6453/6229 3905/6452/6228 3906/6454/6230
f 3898/6453/6229 3906/6454/6230 3897/6455/6231
f 3897/6455/6231 3906/6454/6230 3907/6456/6232
f 3897/6455/6231 3907/6456/6232 3896/6457/6233
f 3896/6457/6233 3907/6456/6232 3908/6458/6234
f 3896/6457/6233 3908/6458/6234 3895/6459/6235
f 3895/6459/6235 3908/6458/6234 3909/6460/6236
f 3895/6459/6235 3909/6460/6236 3894/6461/6237
f 3894/6461/6237 3909/6460/6236 3910/6462/6238
f 3894/6461/6237 3910/6462/6238 3893/6463/6239
f 3893/6463/6239 3910/6462/6238 3911/6464/6240
f 3893/6463/6239 3911/6464/6240 3892/6465/6241
f 3892/6465/6241 3911/6464/6240 3912/6466/6242
f 3892/6465/6241 3912/6466/6242 3891/6467/6243
f 3891/6467/6243 3912/6466/6242 3913/6468/6244
f 3891/6467/6243 3913/6468/6244 3890/6469/6245
f 3890/6469/6245 3913/6468/6244 3914/6470/6246
f 3890/6469/6245 3914/6470/6246 3889/6471/6247
f 3889/6471/6247 3914/6470/6246 3915/6472/6248
f 3889/6471/6247 3915/6472/6248 3888/6473/6249
f 3888/6473/6249 3915/6472/6248 3916/6474/6250
f 3888/6473/6249 3916/6474/6250 3887/6475/6251
f 3887/6475/6251 3916/6474/6250 3917/6476/6252
f 3887/6475/6251 3917/6476/6252 3886/6477/6253
f 3886/6477/6253 3917/6476/6252 3918/6478/6254
f 3886/6477/6253 3918/6478/6254 3885/6479/6255
f 3885/6479/6255 3918/6478/6254 3919/6480/6256
f 3885/6479/6255 3919/6480/6256 3884/6481/6257
f 3884/6481/6257 3919/6480/6256 3920/6482/6258
f 3884/6481/6257 3920/6482/6258 3883/6483/6259
f 3883/6483/6259 3920/6482/6258 3921/6484/6260
f 3883/6483/6259 3921/6484/6260 3882/6485/6261
f 3882/6485/6261 3921/6484/6260 3922/6486/6262
f 3882/6485/6261 3922/6486/6262 3881/6487/6263
f 3881/6487/6263 3922/6486/6262 3923/6488/6264
f 3881/6487/6263 3923/6488/6264 3880/6489/6265
f 3880/6489/6265 3923/6488/6264 3924/6490/6266
f 3880/6489/6265 3924/6490/6266 3879/6441/6219
f 3879/6441/6219 3924/6490/6266 3925/6442/6220
f 3927/6491/6267 3973/6492/6268 3926/6493/6269
f 3926/6493/6269 3973/6492/6268 3950/6494/6270
f 3926/6495/6269 3950/6496/6270 3949/6497/6271
f 3949/6497/6271 3950/6496/6270 3951/6498/6272
f 3949/6497/6271 3951/6498/6272 3948/6499/6273
f 3948/6499/6273 3951/6498/6272 3952/6500/6274
f 3948/6499/6273 3952/6500/6274 3947/6501/6275
f 3947/6501/6275 3952/6500/6274 3953/6502/6276
f 3947/6501/6275 3953/6502/6276 3946/6503/6277
f 3946/6503/6277 3953/6502/6276 3954/6504/6278
f 3946/6503/6277 3954/6504/6278 3945/6505/6279
f 3945/6505/6279 3954/6504/6278 3955/6506/6280
f 3945/6505/6279 3955/6506/6280 3944/6507/6281
f 3944/6507/6281 3955/6506/6280 3956/6508/6282
f 3944/6507/6281 3956/6508/6282 3943/6509/6283
f 3943/6509/6283 3956/6508/6282 3957/6510/6284
f 3943/6509/6283 3957/6510/6284 3942/6511/6285
f 3942/6511/6285 3957/6510/6284 3958/6512/6286
f 3942/6511/6285 3958/6512/6286 3941/6513/6287
f 3941/6513/6287 3958/6512/6286 3959/6514/6288
f 3941/6513/6287 3959/6514/6288 3940/6515/6289
f 3940/6515/6289 3959/6514/6288 3960/6516/6290
f 3940/6515/6289 3960/6516/6290 3939/6517/6291
f 3939/6517/6291 3960/6516/6290 3961/6518/6292
f 3939/6517/6291 3961/6518/6292 3938/6519/6293
f 3938/6519/6293 3961/6518/6292 3962/6520/6294
f 3938/6519/6293 3962/6520/6294 3937/6521/6295
f 3937/6521/6295 3962/6520/6294 3963/6522/6296
f 3937/6521/6295 3963/6522/6296 3936/6523/6297
f 3936/6523/6297 3963/6522/6296 3964/6524/6298
f 3936/6523/6297 3964/6524/6298 3935/6525/6299
f 3935/6525/6299 3964/6524/6298 3965/6526/6300
f 3935/6525/6299 3965/6526/6300 3934/6527/6301
f 3934/6527/6301 3965/6526/6300 3966/6528/6302
f 3934/6527/6301 3966/6528/6302 3933/6529/6303
f 3933/6529/6303 3966/6528/6302 3967/6530/6304
f 3933/6529/6303 3967/6530/6304 3932/6531/6305
f 3932/6531/6305 3967/6530/6304 3968/6532/6306
f 3932/6531/6305 3968/6532/6306 3931/6533/6307
f 3931/6533/6307 3968/6532/6306 3969/6534/6308
f 3931/6533/6307 3969/6534/6308 3930/6535/6309
f 3930/6535/6309 3969/6534/6308 3970/6536/6310
f 3930/6535/6309 3970/6536/6310 3929/6537/6311
f 3929/6537/6311 3970/6536/6310 3971/6538/6312
f 3929/6537/6311 3971/6538/6312 3928/6539/6313
f 3928/6539/6313 3971/6538/6312 3972/6540/6314
f 3928/6539/6313 3972/6540/6314 3927/6491/6267
f 3927/6491/6267 3972/6540/6314 3973/6492/6268
f 3975/6541/6315 4021/6542/6316 3974/6543/6317
f 3974/6543/6317 4021/6542/6316 3998/6544/6318
f 3974/6545/6317 3998/6546/6318 3997/6547/6319
f 3997/6547/6319 3998/6546/6318 3999/6548/6320
f 3997/6547/6319 3999/6548/6320 3996/6549/6321
f 3996/6549/6321 3999/6548/6320 4000/6550/6322
f 3996/6549/6321 4000/6550/6322 3995/6551/6323
f 3995/6551/6323 4000/6550/6322 4001/6552/6324
f 3995/6551/6323 4001/6552/6324 3994/6553/6325
f 3994/6553/6325 4001/6552/6324 4002/6554/6326
f 3994/6553/6325 4002/6554/6326 3993/6555/6327
f 3993/6555/6327 4002/6554/6326 4003/6556/6328
f 3993/6555/6327 4003/6556/6328 3992/6557/6329
f 3992/6557/6329 4003/6556/6328 4004/6558/6330
f 3992/6557/6329 4004/6558/6330 3991/6559/6331
f 3991/6559/6331 4004/6558/6330 4005/6560/6332
f 3991/6559/6331 4005/6560/6332 3990/6561/6333
f 3990/6561/6333 4005/6560/6332 4006/6562/6334
f 3990/6561/6333 4006/6562/6334 3989/6563/6335
f 3989/6563/6335 4006/6562/6334 4007/6564/6336
f 3989/6563/6335 4007/6564/6336 3988/6565/6337
f 3988/6565/6337 4007/6564/6336 4008/6566/6338
f 3988/6565/6337 4008/6566/6338 3987/6567/6339
f 3987/6567/6339 4008/6566/6338 4009/6568/6340
f 3987/6567/6339 4009/6568/6340 3986/6569/6341
f 3986/6569/6341 4009/6568/6340 4010/6570/6342
f 3986/6569/6341 4010/6570/6342 3985/6571/6343
f 3985/6571/6343 4010/6570/6342 4011/6572/6344
f 3985/6571/6343 4011/6572/6344 3984/6573/6345
f 3984/6573/6345 4011/6572/6344 4012/6574/6346
f 3984/6573/6345 4012/6574/6346 3983/6575/6347
f 3983/6575/6347 4012/6574/6346 4013/6576/6348
f 3983/6575/6347 4013/6576/6348 3982/6577/6349
f 3982/6577/6349 4013/6576/6348 4014/6578/6350
f 3982/6577/6349 4014/6578/6350 3981/6579/6351
f 3981/6579/6351 4014/6578/6350 4015/6580/6352
f 3981/6579/6351 4015/6580/6352 3980/6581/6353
f 3980/6581/6353 4015/6580/6352 4016/6582/6354
f 3980/6581/6353 4016/6582/6354 3979/6583/6355
f 3979/6583/6355 4016/6582/6354 4017/6584/6356
f 3979/6583/6355 4017/6584/6356 3978/6585/6357
f 3978/6585/6357 4017/6584/6356 4018/6586/6358
f 3978/6585/6357 4018/6586/6358 3977/6587/6359
f 3977/6587/6359 4018/6586/6358 4019/6588/6360
f 3977/6587/6359 4019/6588/6360 3976/6589/6361
f 3976/6589/6361 4019/6588/6360 4020/6590/6362
f 3976/6589/6361 4020/6590/6362 3975/6541/6315
f 3975/6541/6315 4020/6590/6362 4021/6542/6316
f 4022/6591/6363 4023/6592/6364 4025/6593/6365
f 4025/6593/6365 4023/6592/6364 4024/6594/6366
f 4026/6595/6367 4022/6596/6368 4027/6597/6369
f 4027/6597/6369 4022/6596/6368 4025/6598/6370
f 4028/6599/6371 4026/6600/6372 4029/6601/6373
f 4029/6601/6373 4026/6600/6372 4027/6602/6374
f 4023/6603/6375 4028/6604/6376 4024/6605/6377
f 4024/6605/6377 4028/6604/6376 4029/6606/6378
f 3975/6607/6379 3974/6608/6380 4029/6609/6381
f 4029/6609/6381 3974/6608/6380 3997/6610/6382
f 4029/6609/6381 3997/6610/6382 3399/6611/6383
f 3399/6611/6383 3997/6610/6382 3400/6612/6384
f 3400/6612/6384 3997/6610/6382 3996/6613/6385
f 3400/6612/6384 3996/6613/6385 3401/6614/6386
f 3401/6614/6386 3996/6613/6385 3995/6615/6387
f 3401/6614/6386 3995/6615/6387 3402/6616/6388
f 3402/6616/6388 3995/6615/6387 3994/6617/6389
f 3402/6616/6388 3994/6617/6389 3403/6618/6390
f 3403/6618/6390 3994/6617/6389 3993/6619/6391
f 3403/6618/6390 3993/6619/6391 3404/6620/6392
f 3404/6620/6392 3993/6619/6391 3992/6621/6393
f 3404/6620/6392 3992/6621/6393 3405/6622/6394
f 3405/6622/6394 3992/6621/6393 3642/6623/6395
f 3405/6622/6394 3642/6623/6395 3641/6624/6396
f 3991/6625/6397 3898/6626/6398 3992/6621/6393
f 3992/6621/6393 3898/6626/6398 3496/6627/6399
f 3992/6621/6393 3496/6627/6399 3642/6623/6395
f 3642/6623/6395 3496/6627/6399 3495/6628/6400
f 3642/6623/6395 3495/6628/6400 3643/6629/6401
f 3643/6629/6401 3495/6628/6400 3494/6630/6402
f 3643/6629/6401 3494/6630/6402 3517/6631/6403
f 3990/6632/6404 3900/6633/6405 3991/6625/6397
f 3991/6625/6397 3900/6633/6405 3899/6634/6406
f 3991/6625/6397 3899/6634/6406 3898/6626/6398
f 3900/6633/6405 3990/6632/6404 3901/6635/6407
f 3901/6635/6407 3990/6632/6404 3989/6636/6408
f 3901/6635/6407 3989/6636/6408 3878/6637/6409
f 3878/6637/6409 3989/6636/6408 3988/6638/6410
f 3878/6637/6409 3988/6638/6410 3879/6639/6411
f 3879/6639/6411 3988/6638/6410 3987/6640/6412
f 3879/6639/6411 3987/6640/6412 3880/6641/6413
f 3880/6641/6413 3987/6640/6412 3986/6642/6414
f 3880/6641/6413 3986/6642/6414 3881/6643/6415
f 3881/6643/6415 3986/6642/6414 3985/6644/6416
f 3881/6643/6415 3985/6644/6416 3882/6645/6417
f 3882/6645/6417 3985/6644/6416 3591/6646/6418
f 3882/6645/6417 3591/6646/6418 3590/6647/6419
f 3591/6646/6418 3985/6644/6416 3592/6648/6420
f 3592/6648/6420 3985/6644/6416 3984/6649/6421
f 3592/6648/6420 3984/6649/6421 3593/6650/6422
f 3593/6650/6422 3984/6649/6421 3983/6651/6423
f 3593/6650/6422 3983/6651/6423 3594/6652/6424
f 3594/6652/6424 3983/6651/6423 3982/6653/6425
f 3594/6652/6424 3982/6653/6425 3595/6654/6426
f 3595/6654/6426 3982/6653/6425 3981/6655/6427
f 3595/6654/6426 3981/6655/6427 4029/6609/6381
f 4029/6609/6381 3981/6655/6427 3980/6656/6428
f 4029/6609/6381 3980/6656/6428 3979/6657/6429
f 3979/6657/6429 3978/6658/6430 4029/6609/6381
f 4029/6609/6381 3978/6658/6430 3977/6659/6431
f 4029/6609/6381 3977/6659/6431 3976/6660/6432
f 3976/6660/6432 3975/6607/6379 4029/6609/6381
f 3949/6661/6433 3699/6662/6434 3926/6663/6435
f 3926/6663/6435 3699/6662/6434 3698/6664/6436
f 3926/6663/6435 3698/6664/6436 3927/6665/6437
f 3927/6665/6437 3698/6664/6436 3697/6666/6438
f 3927/6665/6437 3697/6666/6438 3757/6667/6439
f 3757/6667/6439 3697/6666/6438 3696/6668/6440
f 3757/6667/6439 3696/6668/6440 3734/6669/6441
f 3734/6669/6441 3696/6668/6440 3510/6670/6442
f 3734/6669/6441 3510/6670/6442 3735/6671/6443
f 3735/6671/6443 3510/6670/6442 3509/6672/6444
f 3735/6671/6443 3509/6672/6444 3736/6673/6445
f 3736/6673/6445 3509/6672/6444 3508/6674/6446
f 3736/6673/6445 3508/6674/6446 3464/6675/6447
f 3464/6675/6447 3508/6674/6446 3465/6676/6448
f 3465/6676/6448 3508/6674/6446 3507/6677/6449
f 3465/6676/6448 3507/6677/6449 3466/6678/6450
f 3466/6678/6450 3507/6677/6449 3506/6679/6451
f 3466/6678/6450 3506/6679/6451 3505/6680/6452
f 3699/6662/6434 3949/6661/6433 3700/6681/6453
f 3700/6681/6453 3949/6661/6433 3948/6682/6454
f 3700/6681/6453 3948/6682/6454 3701/6683/6455
f 3701/6683/6455 3948/6682/6454 3947/6684/6456
f 3701/6683/6455 3947/6684/6456 3702/6685/6457
f 3702/6685/6457 3947/6684/6456 3946/6686/6458
f 3702/6685/6457 3946/6686/6458 3703/6687/6459
f 3703/6687/6459 3946/6686/6458 3945/6688/6460
f 3703/6687/6459 3945/6688/6460 4025/6689/6461
f 4025/6689/6461 3945/6688/6460 3944/6690/6462
f 4025/6689/6461 3944/6690/6462 3943/6691/6463
f 3943/6691/6463 3942/6692/6464 4025/6689/6461
f 4025/6689/6461 3942/6692/6464 3941/6693/6465
f 4025/6689/6461 3941/6693/6465 3940/6694/6466
f 3940/6694/6466 3939/6695/6467 4025/6689/6461
f 4025/6689/6461 3939/6695/6467 3938/6696/6468
f 4025/6689/6461 3938/6696/6468 3937/6697/6469
f 4025/6689/6461 3937/6697/6469 3747/6698/6470
f 3747/6698/6470 3937/6697/6469 3936/6699/6471
f 3747/6698/6470 3936/6699/6471 3748/6700/6472
f 3748/6700/6472 3936/6699/6471 3935/6701/6473
f 3748/6700/6472 3935/6701/6473 3749/6702/6474
f 3749/6702/6474 3935/6701/6473 3934/6703/6475
f 3749/6702/6474 3934/6703/6475 3750/6704/6476
f 3750/6704/6476 3934/6703/6475 3933/6705/6477
f 3750/6704/6476 3933/6705/6477 3751/6706/6478
f 3751/6706/6478 3933/6705/6477 3932/6707/6479
f 3751/6706/6478 3932/6707/6479 3752/6708/6480
f 3752/6708/6480 3932/6707/6479 3753/6709/6481
f 3753/6709/6481 3932/6707/6479 3931/6710/6482
f 3753/6709/6481 3931/6710/6482 3754/6711/6483
f 3754/6711/6483 3931/6710/6482 3930/6712/6484
f 3754/6711/6483 3930/6712/6484 3755/6713/6485
f 3755/6713/6485 3930/6712/6484 3929/6714/6486
f 3755/6713/6485 3929/6714/6486 3756/6715/6487
f 3756/6715/6487 3929/6714/6486 3928/6716/6488
f 3756/6715/6487 3928/6716/6488 3757/6667/6439
f 3757/6667/6439 3928/6716/6488 3927/6665/6437
f 3496/6627/6399 3898/6626/6398 3565/6717/6489
f 3565/6717/6489 3898/6626/6398 3897/6718/6490
f 3565/6717/6489 3897/6718/6490 3542/6719/6491
f 3542/6719/6491 3897/6718/6490 3543/6720/6492
f 3543/6720/6492 3897/6718/6490 3896/6721/6493
f 3543/6720/6492 3896/6721/6493 3544/6722/6494
f 3544/6722/6494 3896/6721/6493 3895/6723/6495
f 3544/6722/6494 3895/6723/6495 3545/6724/6496
f 3545/6724/6496 3895/6723/6495 3894/6725/6497
f 3545/6724/6496 3894/6725/6497 3546/6726/6498
f 3546/6726/6498 3894/6725/6497 3893/6727/6499
f 3546/6726/6498 3893/6727/6499 3547/6728/6500
f 3547/6728/6500 3893/6727/6499 3892/6729/6501
f 3547/6728/6500 3892/6729/6501 3548/6730/6502
f 3548/6730/6502 3892/6729/6501 3891/6731/6503
f 3548/6730/6502 3891/6731/6503 3606/6732/6504
f 3606/6732/6504 3891/6731/6503 3890/6733/6505
f 3606/6732/6504 3890/6733/6505 3607/6734/6506
f 3607/6734/6506 3890/6733/6505 3889/6735/6507
f 3607/6734/6506 3889/6735/6507 3608/6736/6508
f 3608/6736/6508 3889/6735/6507 3888/6737/6509
f 3608/6736/6508 3888/6737/6509 3887/6738/6510
f 3608/6736/6508 3887/6738/6510 3609/6739/6511
f 3609/6739/6511 3887/6738/6510 3886/6740/6512
f 3609/6739/6511 3886/6740/6512 3610/6741/6513
f 3610/6741/6513 3886/6740/6512 3885/6742/6514
f 3610/6741/6513 3885/6742/6514 3611/6743/6515
f 3611/6743/6515 3885/6742/6514 3884/6744/6516
f 3611/6743/6515 3884/6744/6516 3612/6745/6517
f 3612/6745/6517 3884/6744/6516 3883/6746/6518
f 3612/6745/6517 3883/6746/6518 3613/6747/6519
f 3613/6747/6519 3883/6746/6518 3590/6647/6419
f 3590/6647/6419 3883/6746/6518 3882/6645/6417
f 3853/6748/6520 3603/6749/6521 3830/6750/6522
f 3830/6750/6522 3603/6749/6521 3602/6751/6523
f 3830/6750/6522 3602/6751/6523 3831/6752/6524
f 3831/6752/6524 3602/6751/6523 3601/6753/6525
f 3831/6752/6524 3601/6753/6525 3832/6754/6526
f 3832/6754/6526 3601/6753/6525 3600/6755/6527
f 3832/6754/6526 3600/6755/6527 3833/6756/6528
f 3833/6756/6528 3600/6755/6527 3599/6757/6529
f 3833/6756/6528 3599/6757/6529 3834/6758/6530
f 3834/6758/6530 3599/6757/6529 3598/6759/6531
f 3834/6758/6530 3598/6759/6531 3835/6760/6532
f 3835/6760/6532 3598/6759/6531 3597/6761/6533
f 3835/6760/6532 3597/6761/6533 4027/6762/6534
f 4027/6762/6534 3597/6761/6533 3596/6763/6535
f 4027/6762/6534 3596/6763/6535 4029/6609/6381
f 4029/6609/6381 3596/6763/6535 3595/6654/6426
f 3603/6749/6521 3853/6748/6520 3783/6764/6536
f 3783/6764/6536 3853/6748/6520 3852/6765/6537
f 3783/6764/6536 3852/6765/6537 3784/6766/6538
f 3784/6766/6538 3852/6765/6537 3851/6767/6539
f 3784/6766/6538 3851/6767/6539 3785/6768/6540
f 3785/6768/6540 3851/6767/6539 3850/6769/6541
f 3785/6768/6540 3850/6769/6541 3786/6770/6542
f 3786/6770/6542 3850/6769/6541 3849/6771/6543
f 3786/6770/6542 3849/6771/6543 3787/6772/6544
f 3787/6772/6544 3849/6771/6543 3848/6773/6545
f 3787/6772/6544 3848/6773/6545 3788/6774/6546
f 3788/6774/6546 3848/6773/6545 3789/6775/6547
f 3789/6775/6547 3848/6773/6545 3847/6776/6548
f 3789/6775/6547 3847/6776/6548 3790/6777/6549
f 3790/6777/6549 3847/6776/6548 3846/6778/6550
f 3790/6777/6549 3846/6778/6550 3791/6779/6551
f 3791/6779/6551 3846/6778/6550 3845/6780/6552
f 3791/6779/6551 3845/6780/6552 3792/6781/6553
f 3792/6781/6553 3845/6780/6552 3844/6782/6554
f 3792/6781/6553 3844/6782/6554 3793/6783/6555
f 3793/6783/6555 3844/6782/6554 3843/6784/6556
f 3793/6783/6555 3843/6784/6556 4027/6762/6534
f 4027/6762/6534 3843/6784/6556 3842/6785/6557
f 4027/6762/6534 3842/6785/6557 3841/6786/6558
f 3841/6786/6558 3840/6787/6559 4027/6762/6534
f 4027/6762/6534 3840/6787/6559 3839/6788/6560
f 4027/6762/6534 3839/6788/6560 3838/6789/6561
f 3838/6789/6561 3837/6790/6562 4027/6762/6534
f 4027/6762/6534 3837/6790/6562 3836/6791/6563
f 4027/6762/6534 3836/6791/6563 3835/6760/6532
f 3805/6792/6564 3550/6793/6565 3782/6794/6566
f 3782/6794/6566 3550/6793/6565 3604/6795/6567
f 3782/6794/6566 3604/6795/6567 3783/6764/6536
f 3783/6764/6536 3604/6795/6567 3603/6749/6521
f 3550/6793/6565 3805/6792/6564 3551/6796/6568
f 3551/6796/6568 3805/6792/6564 3804/6797/6569
f 3551/6796/6568 3804/6797/6569 3552/6798/6570
f 3552/6798/6570 3804/6797/6569 3452/6799/6571
f 3552/6798/6570 3452/6799/6571 3451/6800/6572
f 3804/6797/6569 3803/6801/6573 3452/6799/6571
f 3452/6799/6571 3803/6801/6573 3802/6802/6574
f 3452/6799/6571 3802/6802/6574 3453/6803/6575
f 3453/6803/6575 3802/6802/6574 3801/6804/6576
f 3453/6803/6575 3801/6804/6576 3454/6805/6577
f 3454/6805/6577 3801/6804/6576 3800/6806/6578
f 3454/6805/6577 3800/6806/6578 3455/6807/6579
f 3455/6807/6579 3800/6806/6578 3456/6808/6580
f 3456/6808/6580 3800/6806/6578 3799/6809/6581
f 3456/6808/6580 3799/6809/6581 3457/6810/6582
f 3457/6810/6582 3799/6809/6581 3798/6811/6583
f 3457/6810/6582 3798/6811/6583 3458/6812/6584
f 3458/6812/6584 3798/6811/6583 3742/6813/6585
f 3458/6812/6584 3742/6813/6585 3459/6814/6586
f 3459/6814/6586 3742/6813/6585 3741/6815/6587
f 3459/6814/6586 3741/6815/6587 3460/6816/6588
f 3460/6816/6588 3741/6815/6587 3740/6817/6589
f 3460/6816/6588 3740/6817/6589 3461/6818/6590
f 3461/6818/6590 3740/6817/6589 3462/6819/6591
f 3462/6819/6591 3740/6817/6589 3739/6820/6592
f 3462/6819/6591 3739/6820/6592 3463/6821/6593
f 3463/6821/6593 3739/6820/6592 3738/6822/6594
f 3463/6821/6593 3738/6822/6594 3464/6675/6447
f 3464/6675/6447 3738/6822/6594 3737/6823/6595
f 3464/6675/6447 3737/6823/6595 3736/6673/6445
f 3798/6811/6583 3797/6824/6596 3742/6813/6585
f 3742/6813/6585 3797/6824/6596 3743/6825/6597
f 3743/6825/6597 3797/6824/6596 3796/6826/6598
f 3743/6825/6597 3796/6826/6598 3744/6827/6599
f 3744/6827/6599 3796/6826/6598 3795/6828/6600
f 3744/6827/6599 3795/6828/6600 3745/6829/6601
f 3745/6829/6601 3795/6828/6600 4027/6762/6534
f 3745/6829/6601 4027/6762/6534 4025/6689/6461
f 3795/6828/6600 3794/6830/6602 4027/6762/6534
f 4027/6762/6534 3794/6830/6602 3793/6783/6555
f 3747/6698/6470 3746/6831/6603 4025/6689/6461
f 4025/6689/6461 3746/6831/6603 3745/6829/6601
f 3709/6832/6604 3658/6833/6605 3686/6834/6606
f 3686/6834/6606 3658/6833/6605 3657/6835/6607
f 3686/6834/6606 3657/6835/6607 3687/6836/6608
f 3687/6836/6608 3657/6835/6607 3688/6837/6609
f 3688/6837/6609 3657/6835/6607 3656/6838/6610
f 3688/6837/6609 3656/6838/6610 3689/6839/6611
f 3689/6839/6611 3656/6838/6610 3655/6840/6612
f 3689/6839/6611 3655/6840/6612 3690/6841/6613
f 3690/6841/6613 3655/6840/6612 3654/6842/6614
f 3690/6841/6613 3654/6842/6614 3691/6843/6615
f 3691/6843/6615 3654/6842/6614 3653/6844/6616
f 3691/6843/6615 3653/6844/6616 3692/6845/6617
f 3692/6845/6617 3653/6844/6616 3652/6846/6618
f 3692/6845/6617 3652/6846/6618 3651/6847/6619
f 3708/6848/6620 3412/6849/6621 3709/6832/6604
f 3709/6832/6604 3412/6849/6621 3411/6850/6622
f 3709/6832/6604 3411/6850/6622 3658/6833/6605
f 3658/6833/6605 3411/6850/6622 3659/6851/6623
f 3659/6851/6623 3411/6850/6622 3410/6852/6624
f 3659/6851/6623 3410/6852/6624 3660/6853/6625
f 3660/6853/6625 3410/6852/6624 3409/6854/6626
f 3660/6853/6625 3409/6854/6626 3661/6855/6627
f 3661/6855/6627 3409/6854/6626 3408/6856/6628
f 3661/6855/6627 3408/6856/6628 3638/6857/6629
f 3638/6857/6629 3408/6856/6628 3407/6858/6630
f 3638/6857/6629 3407/6858/6630 3639/6859/6631
f 3639/6859/6631 3407/6858/6630 3406/6860/6632
f 3639/6859/6631 3406/6860/6632 3640/6861/6633
f 3640/6861/6633 3406/6860/6632 3405/6622/6394
f 3640/6861/6633 3405/6622/6394 3641/6624/6396
f 3412/6849/6621 3708/6848/6620 3413/6862/6634
f 3413/6862/6634 3708/6848/6620 3707/6863/6635
f 3413/6862/6634 3707/6863/6635 3414/6864/6636
f 3414/6864/6636 3707/6863/6635 3706/6865/6637
f 3414/6864/6636 3706/6865/6637 3415/6866/6638
f 3415/6866/6638 3706/6865/6637 3705/6867/6639
f 3415/6866/6638 3705/6867/6639 4024/6868/6640
f 4024/6868/6640 3705/6867/6639 3704/6869/6641
f 4024/6868/6640 3704/6869/6641 4025/6689/6461
f 4025/6689/6461 3704/6869/6641 3703/6687/6459
f 3696/6668/6440 3695/6870/6642 3510/6670/6442
f 3510/6670/6442 3695/6870/6642 3511/6871/6643
f 3511/6871/6643 3695/6870/6642 3694/6872/6644
f 3511/6871/6643 3694/6872/6644 3512/6873/6645
f 3512/6873/6645 3694/6872/6644 3649/6874/6646
f 3512/6873/6645 3649/6874/6646 3648/6875/6647
f 3649/6874/6646 3694/6872/6644 3650/6876/6648
f 3650/6876/6648 3694/6872/6644 3693/6877/6649
f 3650/6876/6648 3693/6877/6649 3651/6847/6619
f 3651/6847/6619 3693/6877/6649 3692/6845/6617
f 3512/6873/6645 3648/6875/6647 3513/6878/6650
f 3513/6878/6650 3648/6875/6647 3647/6879/6651
f 3513/6878/6650 3647/6879/6651 3514/6880/6652
f 3514/6880/6652 3647/6879/6651 3646/6881/6653
f 3514/6880/6652 3646/6881/6653 3515/6882/6654
f 3515/6882/6654 3646/6881/6653 3645/6883/6655
f 3515/6882/6654 3645/6883/6655 3516/6884/6656
f 3516/6884/6656 3645/6883/6655 3644/6885/6657
f 3516/6884/6656 3644/6885/6657 3517/6631/6403
f 3517/6631/6403 3644/6885/6657 3643/6629/6401
f 3548/6730/6502 3606/6732/6504 3549/6886/6658
f 3549/6886/6658 3606/6732/6504 3605/6887/6659
f 3549/6886/6658 3605/6887/6659 3550/6793/6565
f 3550/6793/6565 3605/6887/6659 3604/6795/6567
f 3565/6717/6489 3564/6888/6660 3496/6627/6399
f 3496/6627/6399 3564/6888/6660 3563/6889/6661
f 3496/6627/6399 3563/6889/6661 3497/6890/6662
f 3497/6890/6662 3563/6889/6661 3562/6891/6663
f 3497/6890/6662 3562/6891/6663 3498/6892/6664
f 3498/6892/6664 3562/6891/6663 3499/6893/6665
f 3499/6893/6665 3562/6891/6663 3561/6894/6666
f 3499/6893/6665 3561/6894/6666 3500/6895/6667
f 3500/6895/6667 3561/6894/6666 3560/6896/6668
f 3500/6895/6667 3560/6896/6668 3501/6897/6669
f 3501/6897/6669 3560/6896/6668 3559/6898/6670
f 3501/6897/6669 3559/6898/6670 3502/6899/6671
f 3502/6899/6671 3559/6898/6670 3558/6900/6672
f 3502/6899/6671 3558/6900/6672 3446/6901/6673
f 3446/6901/6673 3558/6900/6672 3447/6902/6674
f 3447/6902/6674 3558/6900/6672 3557/6903/6675
f 3447/6902/6674 3557/6903/6675 3448/6904/6676
f 3448/6904/6676 3557/6903/6675 3556/6905/6677
f 3448/6904/6676 3556/6905/6677 3449/6906/6678
f 3449/6906/6678 3556/6905/6677 3555/6907/6679
f 3449/6906/6678 3555/6907/6679 3450/6908/6680
f 3450/6908/6680 3555/6907/6679 3554/6909/6681
f 3450/6908/6680 3554/6909/6681 3553/6910/6682
f 3450/6908/6680 3553/6910/6682 3451/6800/6572
f 3451/6800/6572 3553/6910/6682 3552/6798/6570
f 3466/6678/6450 3505/6680/6452 3467/6911/6683
f 3467/6911/6683 3505/6680/6452 3504/6912/6684
f 3467/6911/6683 3504/6912/6684 3468/6913/6685
f 3468/6913/6685 3504/6912/6684 3503/6914/6686
f 3468/6913/6685 3503/6914/6686 3469/6915/6687
f 3469/6915/6687 3503/6914/6686 3502/6899/6671
f 3469/6915/6687 3502/6899/6671 3446/6901/6673
f 3399/6611/6383 3398/6916/6688 4024/6868/6640
f 4024/6868/6640 3398/6916/6688 3421/6917/6689
f 4024/6868/6640 3421/6917/6689 3420/6918/6690
f 3420/6918/6690 3419/6919/6691 4024/6868/6640
f 4024/6868/6640 3419/6919/6691 3418/6920/6692
f 4024/6868/6640 3418/6920/6692 3417/6921/6693
f 3417/6921/6693 3416/6922/6694 4024/6868/6640
f 4024/6868/6640 3416/6922/6694 3415/6866/6638
f 4029/6609/6381 3399/6611/6383 4024/6868/6640
f 3999/6923/6695 3998/6924/6696 4028/6925/6697
f 4028/6925/6697 3998/6924/6696 4021/6926/6698
f 4028/6925/6697 4021/6926/6698 4020/6927/6699
f 4020/6927/6699 4019/6928/6700 4028/6925/6697
f 4028/6925/6697 4019/6928/6700 4018/6929/6701
f 4028/6925/6697 4018/6929/6701 4017/6930/6702
f 4017/6930/6702 4016/6931/6703 4028/6925/6697
f 4028/6925/6697 4016/6931/6703 4015/6932/6704
f 4028/6925/6697 4015/6932/6704 3633/6933/6705
f 3633/6933/6705 4015/6932/6704 3634/6934/6706
f 3634/6934/6706 4015/6932/6704 4014/6935/6707
f 3634/6934/6706 4014/6935/6707 3635/6936/6708
f 3635/6936/6708 4014/6935/6707 4013/6937/6709
f 3635/6936/6708 4013/6937/6709 3636/6938/6710
f 3636/6938/6710 4013/6937/6709 4012/6939/6711
f 3636/6938/6710 4012/6939/6711 3637/6940/6712
f 3637/6940/6712 4012/6939/6711 4011/6941/6713
f 3637/6940/6712 4011/6941/6713 3922/6942/6714
f 3922/6942/6714 4011/6941/6713 3923/6943/6715
f 3923/6943/6715 4011/6941/6713 4010/6944/6716
f 3923/6943/6715 4010/6944/6716 3924/6945/6717
f 3924/6945/6717 4010/6944/6716 4009/6946/6718
f 3924/6945/6717 4009/6946/6718 3925/6947/6719
f 3925/6947/6719 4009/6946/6718 4008/6948/6720
f 3925/6947/6719 4008/6948/6720 3902/6949/6721
f 3902/6949/6721 4008/6948/6720 4007/6950/6722
f 3902/6949/6721 4007/6950/6722 3903/6951/6723
f 3903/6951/6723 4007/6950/6722 4006/6952/6724
f 3903/6951/6723 4006/6952/6724 3904/6953/6725
f 3904/6953/6725 4006/6952/6724 4005/6954/6726
f 3904/6953/6725 4005/6954/6726 3905/6955/6727
f 3905/6955/6727 4005/6954/6726 3906/6956/6728
f 3906/6956/6728 4005/6954/6726 4004/6957/6729
f 3906/6956/6728 4004/6957/6729 3540/6958/6730
f 3540/6958/6730 4004/6957/6729 3682/6959/6731
f 3540/6958/6730 3682/6959/6731 3541/6960/6732
f 3541/6960/6732 3682/6959/6731 3681/6961/6733
f 3541/6960/6732 3681/6961/6733 3518/6962/6734
f 3518/6962/6734 3681/6961/6733 3519/6963/6735
f 3519/6963/6735 3681/6961/6733 3680/6964/6736
f 3519/6963/6735 3680/6964/6736 3520/6965/6737
f 3520/6965/6737 3680/6964/6736 3679/6966/6738
f 3520/6965/6737 3679/6966/6738 3521/6967/6739
f 3521/6967/6739 3679/6966/6738 3678/6968/6740
f 3521/6967/6739 3678/6968/6740 3522/6969/6741
f 3522/6969/6741 3678/6968/6740 3677/6970/6742
f 3522/6969/6741 3677/6970/6742 3523/6971/6743
f 3523/6971/6743 3677/6970/6742 3676/6972/6744
f 3523/6971/6743 3676/6972/6744 3524/6973/6745
f 3524/6973/6745 3676/6972/6744 3675/6974/6746
f 3524/6973/6745 3675/6974/6746 3726/6975/6747
f 3726/6975/6747 3675/6974/6746 3674/6976/6748
f 3726/6975/6747 3674/6976/6748 3727/6977/6749
f 3727/6977/6749 3674/6976/6748 3673/6978/6750
f 3727/6977/6749 3673/6978/6750 3728/6979/6751
f 3728/6979/6751 3673/6978/6750 3672/6980/6752
f 3728/6979/6751 3672/6980/6752 3671/6981/6753
f 4003/6982/6754 3440/6983/6755 4004/6957/6729
f 4004/6957/6729 3440/6983/6755 3439/6984/6756
f 4004/6957/6729 3439/6984/6756 3682/6959/6731
f 3682/6959/6731 3439/6984/6756 3683/6985/6757
f 3683/6985/6757 3439/6984/6756 3684/6986/6758
f 3684/6986/6758 3439/6984/6756 3438/6987/6759
f 3684/6986/6758 3438/6987/6759 3685/6988/6760
f 3685/6988/6760 3438/6987/6759 3437/6989/6761
f 3685/6988/6760 3437/6989/6761 3662/6990/6762
f 3662/6990/6762 3437/6989/6761 3436/6991/6763
f 3662/6990/6762 3436/6991/6763 3663/6992/6764
f 3663/6992/6764 3436/6991/6763 3435/6993/6765
f 3663/6992/6764 3435/6993/6765 3664/6994/6766
f 3664/6994/6766 3435/6993/6765 3434/6995/6767
f 3664/6994/6766 3434/6995/6767 3665/6996/6768
f 3665/6996/6768 3434/6995/6767 3433/6997/6769
f 3665/6996/6768 3433/6997/6769 3666/6998/6770
f 3666/6998/6770 3433/6997/6769 3711/6999/6771
f 3666/6998/6770 3711/6999/6771 3710/7000/6772
f 3440/6983/6755 4003/6982/6754 3441/7001/6773
f 3441/7001/6773 4003/6982/6754 4002/7002/6774
f 3441/7001/6773 4002/7002/6774 3442/7003/6775
f 3442/7003/6775 4002/7002/6774 4001/7004/6776
f 3442/7003/6775 4001/7004/6776 3443/7005/6777
f 3443/7005/6777 4001/7004/6776 4000/7006/6778
f 3443/7005/6777 4000/7006/6778 3444/7007/6779
f 3444/7007/6779 4000/7006/6778 3999/6923/6695
f 3444/7007/6779 3999/6923/6695 3445/7008/6780
f 3445/7008/6780 3999/6923/6695 4028/6925/6697
f 3445/7008/6780 4028/6925/6697 4023/7009/6781
f 3973/7010/6782 3723/7011/6783 3950/7012/6784
f 3950/7012/6784 3723/7011/6783 3722/7013/6785
f 3950/7012/6784 3722/7013/6785 3951/7014/6786
f 3951/7014/6786 3722/7013/6785 3721/7015/6787
f 3951/7014/6786 3721/7015/6787 3952/7016/6788
f 3952/7016/6788 3721/7015/6787 3720/7017/6789
f 3952/7016/6788 3720/7017/6789 3953/7018/6790
f 3953/7018/6790 3720/7017/6789 3719/7019/6791
f 3953/7018/6790 3719/7019/6791 3954/7020/6792
f 3954/7020/6792 3719/7019/6791 3718/7021/6793
f 3954/7020/6792 3718/7021/6793 3955/7022/6794
f 3955/7022/6794 3718/7021/6793 3717/7023/6795
f 3955/7022/6794 3717/7023/6795 4022/7024/6796
f 4022/7024/6796 3717/7023/6795 3716/7025/6797
f 4022/7024/6796 3716/7025/6797 4023/7009/6781
f 4023/7009/6781 3716/7025/6797 3715/7026/6798
f 4023/7009/6781 3715/7026/6798 3429/7027/6799
f 3429/7027/6799 3715/7026/6798 3430/7028/6800
f 3430/7028/6800 3715/7026/6798 3714/7029/6801
f 3430/7028/6800 3714/7029/6801 3431/7030/6802
f 3431/7030/6802 3714/7029/6801 3713/7031/6803
f 3431/7030/6802 3713/7031/6803 3432/7032/6804
f 3432/7032/6804 3713/7031/6803 3712/7033/6805
f 3432/7032/6804 3712/7033/6805 3433/6997/6769
f 3433/6997/6769 3712/7033/6805 3711/6999/6771
f 3723/7011/6783 3973/7010/6782 3759/7034/6806
f 3759/7034/6806 3973/7010/6782 3972/7035/6807
f 3759/7034/6806 3972/7035/6807 3760/7036/6808
f 3760/7036/6808 3972/7035/6807 3971/7037/6809
f 3760/7036/6808 3971/7037/6809 3761/7038/6810
f 3761/7038/6810 3971/7037/6809 3970/7039/6811
f 3761/7038/6810 3970/7039/6811 3762/7040/6812
f 3762/7040/6812 3970/7039/6811 3969/7041/6813
f 3762/7040/6812 3969/7041/6813 3763/7042/6814
f 3763/7042/6814 3969/7041/6813 3968/7043/6815
f 3763/7042/6814 3968/7043/6815 3764/7044/6816
f 3764/7044/6816 3968/7043/6815 3765/7045/6817
f 3765/7045/6817 3968/7043/6815 3967/7046/6818
f 3765/7045/6817 3967/7046/6818 3766/7047/6819
f 3766/7047/6819 3967/7046/6818 3966/7048/6820
f 3766/7047/6819 3966/7048/6820 3767/7049/6821
f 3767/7049/6821 3966/7048/6820 3965/7050/6822
f 3767/7049/6821 3965/7050/6822 3768/7051/6823
f 3768/7051/6823 3965/7050/6822 3964/7052/6824
f 3768/7051/6823 3964/7052/6824 3769/7053/6825
f 3769/7053/6825 3964/7052/6824 3963/7054/6826
f 3769/7053/6825 3963/7054/6826 4022/7024/6796
f 4022/7024/6796 3963/7054/6826 3962/7055/6827
f 4022/7024/6796 3962/7055/6827 3961/7056/6828
f 3961/7056/6828 3960/7057/6829 4022/7024/6796
f 4022/7024/6796 3960/7057/6829 3959/7058/6830
f 4022/7024/6796 3959/7058/6830 3958/7059/6831
f 3958/7059/6831 3957/7060/6832 4022/7024/6796
f 4022/7024/6796 3957/7060/6832 3956/7061/6833
f 4022/7024/6796 3956/7061/6833 3955/7022/6794
f 3637/6940/6712 3922/6942/6714 3614/7062/6834
f 3614/7062/6834 3922/6942/6714 3921/7063/6835
f 3614/7062/6834 3921/7063/6835 3615/7064/6836
f 3615/7064/6836 3921/7063/6835 3616/7065/6837
f 3616/7065/6837 3921/7063/6835 3920/7066/6838
f 3616/7065/6837 3920/7066/6838 3617/7067/6839
f 3617/7067/6839 3920/7066/6838 3919/7068/6840
f 3617/7067/6839 3919/7068/6840 3618/7069/6841
f 3618/7069/6841 3919/7068/6840 3918/7070/6842
f 3618/7069/6841 3918/7070/6842 3619/7071/6843
f 3619/7071/6843 3918/7070/6842 3917/7072/6844
f 3619/7071/6843 3917/7072/6844 3620/7073/6845
f 3620/7073/6845 3917/7072/6844 3916/7074/6846
f 3620/7073/6845 3916/7074/6846 3915/7075/6847
f 3620/7073/6845 3915/7075/6847 3621/7076/6848
f 3621/7076/6848 3915/7075/6847 3914/7077/6849
f 3621/7076/6848 3914/7077/6849 3622/7078/6850
f 3622/7078/6850 3914/7077/6849 3913/7079/6851
f 3622/7078/6850 3913/7079/6851 3584/7080/6852
f 3584/7080/6852 3913/7079/6851 3912/7081/6853
f 3584/7080/6852 3912/7081/6853 3585/7082/6854
f 3585/7082/6854 3912/7081/6853 3911/7083/6855
f 3585/7082/6854 3911/7083/6855 3586/7084/6856
f 3586/7084/6856 3911/7083/6855 3910/7085/6857
f 3586/7084/6856 3910/7085/6857 3587/7086/6858
f 3587/7086/6858 3910/7085/6857 3909/7087/6859
f 3587/7086/6858 3909/7087/6859 3588/7088/6860
f 3588/7088/6860 3909/7087/6859 3908/7089/6861
f 3588/7088/6860 3908/7089/6861 3589/7090/6862
f 3589/7090/6862 3908/7089/6861 3907/7091/6863
f 3589/7090/6862 3907/7091/6863 3566/7092/6864
f 3566/7092/6864 3907/7091/6863 3567/7093/6865
f 3567/7093/6865 3907/7091/6863 3906/6956/6728
f 3567/7093/6865 3906/6956/6728 3540/6958/6730
f 3877/7094/6866 3627/7095/6867 3854/7096/6868
f 3854/7096/6868 3627/7095/6867 3626/7097/6869
f 3854/7096/6868 3626/7097/6869 3855/7098/6870
f 3855/7098/6870 3626/7097/6869 3625/7099/6871
f 3855/7098/6870 3625/7099/6871 3829/7100/6872
f 3829/7100/6872 3625/7099/6871 3624/7101/6873
f 3829/7100/6872 3624/7101/6873 3806/7102/6874
f 3806/7102/6874 3624/7101/6873 3582/7103/6875
f 3806/7102/6874 3582/7103/6875 3807/7104/6876
f 3807/7104/6876 3582/7103/6875 3581/7105/6877
f 3807/7104/6876 3581/7105/6877 3808/7106/6878
f 3808/7106/6878 3581/7105/6877 3580/7107/6879
f 3808/7106/6878 3580/7107/6879 3488/7108/6880
f 3488/7108/6880 3580/7107/6879 3489/7109/6881
f 3489/7109/6881 3580/7107/6879 3579/7110/6882
f 3489/7109/6881 3579/7110/6882 3490/7111/6883
f 3490/7111/6883 3579/7110/6882 3578/7112/6884
f 3490/7111/6883 3578/7112/6884 3577/7113/6885
f 3627/7095/6867 3877/7094/6866 3628/7114/6886
f 3628/7114/6886 3877/7094/6866 3876/7115/6887
f 3628/7114/6886 3876/7115/6887 3629/7116/6888
f 3629/7116/6888 3876/7115/6887 3875/7117/6889
f 3629/7116/6888 3875/7117/6889 3630/7118/6890
f 3630/7118/6890 3875/7117/6889 3874/7119/6891
f 3630/7118/6890 3874/7119/6891 3631/7120/6892
f 3631/7120/6892 3874/7119/6891 3873/7121/6893
f 3631/7120/6892 3873/7121/6893 4026/7122/6894
f 4026/7122/6894 3873/7121/6893 3872/7123/6895
f 4026/7122/6894 3872/7123/6895 3871/7124/6896
f 3871/7124/6896 3870/7125/6897 4026/7122/6894
f 4026/7122/6894 3870/7125/6897 3869/7126/6898
f 4026/7122/6894 3869/7126/6898 3868/7127/6899
f 3868/7127/6899 3867/7128/6900 4026/7122/6894
f 4026/7122/6894 3867/7128/6900 3866/7129/6901
f 4026/7122/6894 3866/7129/6901 3865/7130/6902
f 4026/7122/6894 3865/7130/6902 3819/7131/6903
f 3819/7131/6903 3865/7130/6902 3864/7132/6904
f 3819/7131/6903 3864/7132/6904 3820/7133/6905
f 3820/7133/6905 3864/7132/6904 3863/7134/6906
f 3820/7133/6905 3863/7134/6906 3821/7135/6907
f 3821/7135/6907 3863/7134/6906 3862/7136/6908
f 3821/7135/6907 3862/7136/6908 3822/7137/6909
f 3822/7137/6909 3862/7136/6908 3861/7138/6910
f 3822/7137/6909 3861/7138/6910 3823/7139/6911
f 3823/7139/6911 3861/7138/6910 3860/7140/6912
f 3823/7139/6911 3860/7140/6912 3824/7141/6913
f 3824/7141/6913 3860/7140/6912 3825/7142/6914
f 3825/7142/6914 3860/7140/6912 3859/7143/6915
f 3825/7142/6914 3859/7143/6915 3826/7144/6916
f 3826/7144/6916 3859/7143/6915 3858/7145/6917
f 3826/7144/6916 3858/7145/6917 3827/7146/6918
f 3827/7146/6918 3858/7145/6917 3857/7147/6919
f 3827/7146/6918 3857/7147/6919 3828/7148/6920
f 3828/7148/6920 3857/7147/6919 3856/7149/6921
f 3828/7148/6920 3856/7149/6921 3829/7100/6872
f 3829/7100/6872 3856/7149/6921 3855/7098/6870
f 3819/7131/6903 3818/7150/6922 4026/7122/6894
f 4026/7122/6894 3818/7150/6922 3817/7151/6923
f 4026/7122/6894 3817/7151/6923 3771/7152/6924
f 3771/7152/6924 3817/7151/6923 3772/7153/6925
f 3772/7153/6925 3817/7151/6923 3816/7154/6926
f 3772/7153/6925 3816/7154/6926 3773/7155/6927
f 3773/7155/6927 3816/7154/6926 3815/7156/6928
f 3773/7155/6927 3815/7156/6928 3774/7157/6929
f 3774/7157/6929 3815/7156/6928 3814/7158/6930
f 3774/7157/6929 3814/7158/6930 3482/7159/6931
f 3482/7159/6931 3814/7158/6930 3483/7160/6932
f 3483/7160/6932 3814/7158/6930 3813/7161/6933
f 3483/7160/6932 3813/7161/6933 3484/7162/6934
f 3484/7162/6934 3813/7161/6933 3812/7163/6935
f 3484/7162/6934 3812/7163/6935 3485/7164/6936
f 3485/7164/6936 3812/7163/6935 3486/7165/6937
f 3486/7165/6937 3812/7163/6935 3811/7166/6938
f 3486/7165/6937 3811/7166/6938 3487/7167/6939
f 3487/7167/6939 3811/7166/6938 3810/7168/6940
f 3487/7167/6939 3810/7168/6940 3488/7108/6880
f 3488/7108/6880 3810/7168/6940 3809/7169/6941
f 3488/7108/6880 3809/7169/6941 3808/7106/6878
f 3781/7170/6942 3526/7171/6943 3758/7172/6944
f 3758/7172/6944 3526/7171/6943 3724/7173/6945
f 3758/7172/6944 3724/7173/6945 3759/7034/6806
f 3759/7034/6806 3724/7173/6945 3723/7011/6783
f 3526/7171/6943 3781/7170/6942 3527/7174/6946
f 3527/7174/6946 3781/7170/6942 3780/7175/6947
f 3527/7174/6946 3780/7175/6947 3528/7176/6948
f 3528/7176/6948 3780/7175/6947 3476/7177/6949
f 3528/7176/6948 3476/7177/6949 3475/7178/6950
f 3780/7175/6947 3779/7179/6951 3476/7177/6949
f 3476/7177/6949 3779/7179/6951 3778/7180/6952
f 3476/7177/6949 3778/7180/6952 3477/7181/6953
f 3477/7181/6953 3778/7180/6952 3777/7182/6954
f 3477/7181/6953 3777/7182/6954 3478/7183/6955
f 3478/7183/6955 3777/7182/6954 3776/7184/6956
f 3478/7183/6955 3776/7184/6956 3479/7185/6957
f 3479/7185/6957 3776/7184/6956 3480/7186/6958
f 3480/7186/6958 3776/7184/6956 3775/7187/6959
f 3480/7186/6958 3775/7187/6959 3481/7188/6960
f 3481/7188/6960 3775/7187/6959 3774/7157/6929
f 3481/7188/6960 3774/7157/6929 3482/7159/6931
f 4026/7122/6894 3771/7152/6924 4022/7024/6796
f 4022/7024/6796 3771/7152/6924 3770/7189/6961
f 4022/7024/6796 3770/7189/6961 3769/7053/6825
f 3666/6998/6770 3710/7000/6772 3667/7190/6962
f 3667/7190/6962 3710/7000/6772 3733/7191/6963
f 3667/7190/6962 3733/7191/6963 3732/7192/6964
f 3667/7190/6962 3732/7192/6964 3668/7193/6965
f 3668/7193/6965 3732/7192/6964 3731/7194/6966
f 3668/7193/6965 3731/7194/6966 3669/7195/6967
f 3669/7195/6967 3731/7194/6966 3730/7196/6968
f 3669/7195/6967 3730/7196/6968 3670/7197/6969
f 3670/7197/6969 3730/7196/6968 3729/7198/6970
f 3670/7197/6969 3729/7198/6970 3671/6981/6753
f 3671/6981/6753 3729/7198/6970 3728/6979/6751
f 3524/6973/6745 3726/6975/6747 3525/7199/6971
f 3525/7199/6971 3726/6975/6747 3725/7200/6972
f 3525/7199/6971 3725/7200/6972 3526/7171/6943
f 3526/7171/6943 3725/7200/6972 3724/7173/6945
f 3633/6933/6705 3632/7201/6973 4028/6925/6697
f 4028/6925/6697 3632/7201/6973 4026/7122/6894
f 4026/7122/6894 3632/7201/6973 3631/7120/6892
f 3624/7101/6873 3623/7202/6974 3582/7103/6875
f 3582/7103/6875 3623/7202/6974 3583/7203/6975
f 3583/7203/6975 3623/7202/6974 3622/7078/6850
f 3583/7203/6975 3622/7078/6850 3584/7080/6852
f 3490/7111/6883 3577/7113/6885 3491/7204/6976
f 3491/7204/6976 3577/7113/6885 3576/7205/6977
f 3491/7204/6976 3576/7205/6977 3492/7206/6978
f 3492/7206/6978 3576/7205/6977 3575/7207/6979
f 3492/7206/6978 3575/7207/6979 3493/7208/6980
f 3493/7208/6980 3575/7207/6979 3574/7209/6981
f 3493/7208/6980 3574/7209/6981 3470/7210/6982
f 3470/7210/6982 3574/7209/6981 3534/7211/6983
f 3470/7210/6982 3534/7211/6983 3471/7212/6984
f 3471/7212/6984 3534/7211/6983 3533/7213/6985
f 3471/7212/6984 3533/7213/6985 3472/7214/6986
f 3472/7214/6986 3533/7213/6985 3532/7215/6987
f 3472/7214/6986 3532/7215/6987 3473/7216/6988
f 3473/7216/6988 3532/7215/6987 3531/7217/6989
f 3473/7216/6988 3531/7217/6989 3474/7218/6990
f 3474/7218/6990 3531/7217/6989 3530/7219/6991
f 3474/7218/6990 3530/7219/6991 3529/7220/6992
f 3574/7209/6981 3573/7221/6993 3534/7211/6983
f 3534/7211/6983 3573/7221/6993 3535/7222/6994
f 3535/7222/6994 3573/7221/6993 3572/7223/6995
f 3535/7222/6994 3572/7223/6995 3536/7224/6996
f 3536/7224/6996 3572/7223/6995 3571/7225/6997
f 3536/7224/6996 3571/7225/6997 3537/7226/6998
f 3537/7226/6998 3571/7225/6997 3570/7227/6999
f 3537/7226/6998 3570/7227/6999 3538/7228/7000
f 3538/7228/7000 3570/7227/6999 3539/7229/7001
f 3539/7229/7001 3570/7227/6999 3569/7230/7002
f 3539/7229/7001 3569/7230/7002 3540/6958/6730
f 3540/6958/6730 3569/7230/7002 3568/7231/7003
f 3540/6958/6730 3568/7231/7003 3567/7093/6865
f 3474/7218/6990 3529/7220/6992 3475/7178/6950
f 3475/7178/6950 3529/7220/6992 3528/7176/6948
f 3423/7232/7004 3422/7233/7005 4023/7009/6781
f 4023/7009/6781 3422/7233/7005 3445/7008/6780
f 3429/7027/6799 3428/7234/7006 4023/7009/6781
f 4023/7009/6781 3428/7234/7006 3427/7235/7007
f 4023/7009/6781 3427/7235/7007 3426/7236/7008
f 3426/7236/7008 3425/7237/7009 4023/7009/6781
f 4023/7009/6781 3425/7237/7009 3424/7238/7010
f 4023/7009/6781 3424/7238/7010 3423/7232/7004
# 4029 vertices
# 7238 texture params
# 7010 normals
# 8150 facets

# 6 groups
