# WaveFront *.obj file (generated by Autodesk ATF)

mtllib TR_IMU16607.mtl

g ボディ1

v 1.390000 -0.015000 0.160240
v 1.390000 -0.045000 0.160240
v 1.390000 -0.045000 0.198250
v 1.390000 -0.015000 0.198250
v 1.390100 -0.045000 0.155250
v 1.390100 -0.015000 0.155250
v 1.390100 -0.015000 0.198250
v 1.390100 -0.045000 0.198250
v 1.390000 -0.045000 0.155250
v 1.390000 -0.015000 0.155250
v 1.390000 -0.045000 0.155240
v 1.390000 -0.015000 0.155240
v 1.355000 -0.015000 0.160240
v 1.355000 -0.015000 0.155240
v 1.355000 -0.045000 0.160240
v 1.352074 -0.044712 0.160240
v 1.349260 -0.043858 0.160240
v 1.346666 -0.042472 0.160240
v 1.344393 -0.040607 0.160240
v 1.342528 -0.038334 0.160240
v 1.341142 -0.035740 0.160240
v 1.340288 -0.032926 0.160240
v 1.340000 -0.030000 0.160240
v 1.340288 -0.027074 0.160240
v 1.341142 -0.024260 0.160240
v 1.342528 -0.021666 0.160240
v 1.344393 -0.019393 0.160240
v 1.346666 -0.017528 0.160240
v 1.349260 -0.016142 0.160240
v 1.352074 -0.015288 0.160240
v 1.352074 -0.015288 0.155240
v 1.349260 -0.016142 0.155240
v 1.346666 -0.017528 0.155240
v 1.344393 -0.019393 0.155240
v 1.342528 -0.021666 0.155240
v 1.341142 -0.024260 0.155240
v 1.340288 -0.027074 0.155240
v 1.340000 -0.030000 0.155240
v 1.340288 -0.032926 0.155240
v 1.341142 -0.035740 0.155240
v 1.342528 -0.038334 0.155240
v 1.344393 -0.040607 0.155240
v 1.346666 -0.042472 0.155240
v 1.349260 -0.043858 0.155240
v 1.352074 -0.044712 0.155240
v 1.355000 -0.045000 0.155240
vt 0.000000 0.004990 0.000000
vt 0.030000 0.004990 0.000000
vt 0.000000 0.043000 0.000000
vt 0.030000 0.043000 0.000000
vt 0.000000 0.000000 0.000000
vt 0.030000 0.000000 0.000000
vt 0.000000 0.043000 0.000000
vt 0.030000 0.043000 0.000000
vt 0.000000 0.700000 0.000000
vt 0.030000 0.700000 0.000000
vt 0.000000 0.700100 0.000000
vt 0.030000 0.700100 0.000000
vt -0.000000 0.700100 0.000000
vt -0.030000 0.700100 0.000000
vt -0.000000 0.700000 0.000000
vt -0.030000 0.700000 0.000000
vt 0.000000 0.004990 0.000000
vt 0.030000 0.004990 0.000000
vt 0.000000 0.005000 0.000000
vt 0.030000 0.005000 0.000000
vt 0.000000 0.005000 0.000000
vt 0.000000 0.000000 0.000000
vt 0.035000 0.004990 0.000000
vt 0.035000 0.000000 0.000000
vt 0.035100 0.004990 0.000000
vt 0.035100 -0.038010 0.000000
vt 0.035000 -0.038010 0.000000
vt 0.035000 0.005000 0.000000
vt -0.005000 -0.047124 0.000000
vt -0.000000 -0.047124 0.000000
vt -0.005000 -0.044179 0.000000
vt -0.000000 -0.044179 0.000000
vt -0.005000 -0.041233 0.000000
vt 0.000000 -0.041233 0.000000
vt -0.005000 -0.038288 0.000000
vt -0.000000 -0.038288 0.000000
vt -0.005000 -0.035343 0.000000
vt -0.000000 -0.035343 0.000000
vt -0.005000 -0.032398 0.000000
vt 0.000000 -0.032398 0.000000
vt -0.005000 -0.029452 0.000000
vt 0.000000 -0.029452 0.000000
vt -0.005000 -0.026507 0.000000
vt -0.000000 -0.026507 0.000000
vt -0.005000 -0.023562 0.000000
vt -0.000000 -0.023562 0.000000
vt -0.005000 -0.020617 0.000000
vt -0.000000 -0.020617 0.000000
vt -0.005000 -0.017671 0.000000
vt 0.000000 -0.017671 0.000000
vt -0.005000 -0.014726 0.000000
vt 0.000000 -0.014726 0.000000
vt -0.005000 -0.011781 0.000000
vt -0.000000 -0.011781 0.000000
vt -0.005000 -0.008836 0.000000
vt -0.000000 -0.008836 0.000000
vt -0.005000 -0.005890 0.000000
vt 0.000000 -0.005890 0.000000
vt -0.005000 -0.002945 0.000000
vt -0.000000 -0.002945 0.000000
vt -0.005000 0.000000 0.000000
vt -0.000000 0.000000 0.000000
vt 0.035000 -0.000000 0.000000
vt -0.000000 0.004990 0.000000
vt 0.000000 0.000000 0.000000
vt -0.000100 0.004990 0.000000
vt -0.000100 -0.038010 0.000000
vt 0.035000 0.005000 0.000000
vt -0.000000 0.005000 0.000000
vt 0.000000 -0.038010 0.000000
vt -0.000000 0.700000 0.000000
vt -0.030000 0.700000 0.000000
vt -0.000000 0.665000 0.000000
vt -0.030000 0.665000 0.000000
vt -0.015000 0.650000 0.000000
vt -0.017926 0.650288 0.000000
vt -0.020740 0.651142 0.000000
vt -0.023334 0.652528 0.000000
vt -0.025607 0.654393 0.000000
vt -0.027472 0.656666 0.000000
vt -0.028858 0.659260 0.000000
vt -0.029712 0.662074 0.000000
vt -0.012074 0.650288 0.000000
vt -0.009260 0.651142 0.000000
vt -0.006666 0.652528 0.000000
vt -0.004393 0.654393 0.000000
vt -0.002528 0.656666 0.000000
vt -0.001142 0.659260 0.000000
vt -0.000288 0.662074 0.000000
vt 0.030000 0.700000 0.000000
vt 0.000000 0.700000 0.000000
vt 0.030000 0.665000 0.000000
vt 0.000000 0.665000 0.000000
vt 0.015000 0.650000 0.000000
vt 0.012074 0.650288 0.000000
vt 0.009260 0.651142 0.000000
vt 0.006666 0.652528 0.000000
vt 0.004393 0.654393 0.000000
vt 0.002528 0.656666 0.000000
vt 0.001142 0.659260 0.000000
vt 0.000288 0.662074 0.000000
vt 0.017926 0.650288 0.000000
vt 0.020740 0.651142 0.000000
vt 0.023334 0.652528 0.000000
vt 0.025607 0.654393 0.000000
vt 0.027472 0.656666 0.000000
vt 0.028858 0.659260 0.000000
vt 0.029712 0.662074 0.000000
vn -1.000000 -0.000000 0.000000
vn -1.000000 -0.000000 0.000000
vn -1.000000 -0.000000 0.000000
vn -1.000000 -0.000000 0.000000
vn 1.000000 0.000000 -0.000000
vn 1.000000 0.000000 -0.000000
vn 1.000000 0.000000 -0.000000
vn 1.000000 0.000000 -0.000000
vn -0.000000 -0.000000 -1.000000
vn -0.000000 -0.000000 -1.000000
vn -0.000000 -0.000000 -1.000000
vn -0.000000 -0.000000 -1.000000
vn 0.000000 0.000000 1.000000
vn 0.000000 0.000000 1.000000
vn 0.000000 0.000000 1.000000
vn 0.000000 0.000000 1.000000
vn 1.000000 0.000000 -0.000000
vn 1.000000 0.000000 -0.000000
vn 1.000000 0.000000 -0.000000
vn 1.000000 0.000000 -0.000000
vn -0.000000 1.000000 0.000000
vn -0.000000 1.000000 0.000000
vn -0.000000 1.000000 0.000000
vn -0.000000 1.000000 0.000000
vn -0.000000 1.000000 0.000000
vn -0.000000 1.000000 0.000000
vn -0.000000 1.000000 0.000000
vn -0.000000 1.000000 0.000000
vn 0.000000 -1.000000 0.000000
vn 0.000000 -1.000000 0.000000
vn -0.195090 -0.980785 0.000000
vn -0.195090 -0.980785 0.000000
vn -0.382683 -0.923880 0.000000
vn -0.382683 -0.923880 0.000000
vn -0.555570 -0.831470 0.000000
vn -0.555570 -0.831470 0.000000
vn -0.707107 -0.707107 0.000000
vn -0.707107 -0.707107 0.000000
vn -0.831470 -0.555570 0.000000
vn -0.831470 -0.555570 0.000000
vn -0.923880 -0.382683 0.000000
vn -0.923880 -0.382683 0.000000
vn -0.980785 -0.195090 0.000000
vn -0.980785 -0.195090 0.000000
vn -1.000000 -0.000000 0.000000
vn -1.000000 -0.000000 0.000000
vn -0.980785 0.195090 0.000000
vn -0.980785 0.195090 0.000000
vn -0.923880 0.382683 0.000000
vn -0.923880 0.382683 0.000000
vn -0.831470 0.555570 0.000000
vn -0.831470 0.555570 0.000000
vn -0.707107 0.707107 0.000000
vn -0.707107 0.707107 0.000000
vn -0.555570 0.831470 0.000000
vn -0.555570 0.831470 0.000000
vn -0.382683 0.923880 0.000000
vn -0.382683 0.923880 0.000000
vn -0.195090 0.980785 0.000000
vn -0.195090 0.980785 0.000000
vn 0.000000 -1.000000 0.000000
vn 0.000000 -1.000000 0.000000
vn 0.000000 -1.000000 0.000000
vn 0.000000 -1.000000 0.000000
vn 0.000000 -1.000000 0.000000
vn 0.000000 -1.000000 0.000000
vn 0.000000 0.000000 1.000000
vn 0.000000 0.000000 1.000000
vn 0.000000 0.000000 1.000000
vn 0.000000 0.000000 1.000000
vn 0.000000 0.000000 1.000000
vn 0.000000 0.000000 1.000000
vn 0.000000 0.000000 1.000000
vn 0.000000 0.000000 1.000000
vn 0.000000 0.000000 1.000000
vn 0.000000 0.000000 1.000000
vn 0.000000 0.000000 1.000000
vn 0.000000 0.000000 1.000000
vn 0.000000 0.000000 1.000000
vn 0.000000 0.000000 1.000000
vn 0.000000 0.000000 1.000000
vn 0.000000 0.000000 1.000000
vn 0.000000 0.000000 1.000000
vn 0.000000 0.000000 1.000000
vn 0.000000 0.000000 1.000000
vn -0.000000 -0.000000 -1.000000
vn -0.000000 -0.000000 -1.000000
vn -0.000000 -0.000000 -1.000000
vn -0.000000 -0.000000 -1.000000
vn -0.000000 -0.000000 -1.000000
vn -0.000000 -0.000000 -1.000000
vn -0.000000 -0.000000 -1.000000
vn -0.000000 -0.000000 -1.000000
vn -0.000000 -0.000000 -1.000000
vn -0.000000 -0.000000 -1.000000
vn -0.000000 -0.000000 -1.000000
vn -0.000000 -0.000000 -1.000000
vn -0.000000 -0.000000 -1.000000
vn -0.000000 -0.000000 -1.000000
vn -0.000000 -0.000000 -1.000000
vn -0.000000 -0.000000 -1.000000
vn -0.000000 -0.000000 -1.000000
vn -0.000000 -0.000000 -1.000000
vn -0.000000 -0.000000 -1.000000
usemtl Opaque(191,191,191)
f 1/1/1 2/2/2 4/3/3
f 4/3/3 2/2/2 3/4/4
f 5/5/5 6/6/6 8/7/7
f 8/7/7 6/6/6 7/8/8
f 9/9/9 10/10/10 5/11/11
f 5/11/11 10/10/10 6/12/12
f 8/13/13 7/14/14 3/15/15
f 3/15/15 7/14/14 4/16/16
f 10/17/17 9/18/18 12/19/19
f 12/19/19 9/18/18 11/20/20
f 14/21/21 13/22/22 10/23/23
f 10/23/23 13/22/22 1/24/24
f 10/23/23 1/24/24 6/25/25
f 6/25/25 1/24/24 7/26/26
f 7/26/26 1/24/24 4/27/27
f 10/23/23 12/28/28 14/21/21
f 46/29/29 15/30/30 45/31/31
f 45/31/31 15/30/30 16/32/32
f 45/31/31 16/32/32 44/33/33
f 44/33/33 16/32/32 17/34/34
f 44/33/33 17/34/34 43/35/35
f 43/35/35 17/34/34 18/36/36
f 43/35/35 18/36/36 42/37/37
f 42/37/37 18/36/36 19/38/38
f 42/37/37 19/38/38 41/39/39
f 41/39/39 19/38/38 20/40/40
f 41/39/39 20/40/40 40/41/41
f 40/41/41 20/40/40 21/42/42
f 40/41/41 21/42/42 39/43/43
f 39/43/43 21/42/42 22/44/44
f 39/43/43 22/44/44 38/45/45
f 38/45/45 22/44/44 23/46/46
f 38/45/45 23/46/46 37/47/47
f 37/47/47 23/46/46 24/48/48
f 37/47/47 24/48/48 36/49/49
f 36/49/49 24/48/48 25/50/50
f 36/49/49 25/50/50 35/51/51
f 35/51/51 25/50/50 26/52/52
f 35/51/51 26/52/52 34/53/53
f 34/53/53 26/52/52 27/54/54
f 34/53/53 27/54/54 33/55/55
f 33/55/55 27/54/54 28/56/56
f 33/55/55 28/56/56 32/57/57
f 32/57/57 28/56/56 29/58/58
f 32/57/57 29/58/58 31/59/59
f 31/59/59 29/58/58 30/60/60
f 31/59/59 30/60/60 14/61/21
f 14/61/21 30/60/60 13/62/22
f 15/63/30 9/64/61 2/65/62
f 2/65/62 9/64/61 5/66/63
f 2/65/62 5/66/63 8/67/64
f 15/63/30 46/68/29 9/64/61
f 9/64/61 46/68/29 11/69/65
f 8/67/64 3/70/66 2/65/62
f 2/71/67 1/72/68 15/73/69
f 15/73/69 1/72/68 13/74/70
f 15/73/69 13/74/70 23/75/71
f 23/75/71 13/74/70 24/76/72
f 24/76/72 13/74/70 25/77/73
f 25/77/73 13/74/70 26/78/74
f 26/78/74 13/74/70 27/79/75
f 27/79/75 13/74/70 28/80/76
f 28/80/76 13/74/70 29/81/77
f 29/81/77 13/74/70 30/82/78
f 23/75/71 22/83/79 15/73/69
f 15/73/69 22/83/79 21/84/80
f 15/73/69 21/84/80 20/85/81
f 20/85/81 19/86/82 15/73/69
f 15/73/69 19/86/82 18/87/83
f 15/73/69 18/87/83 17/88/84
f 17/88/84 16/89/85 15/73/69
f 12/90/86 11/91/87 14/92/88
f 14/92/88 11/91/87 46/93/89
f 14/92/88 46/93/89 38/94/90
f 38/94/90 46/93/89 39/95/91
f 39/95/91 46/93/89 40/96/92
f 40/96/92 46/93/89 41/97/93
f 41/97/93 46/93/89 42/98/94
f 42/98/94 46/93/89 43/99/95
f 43/99/95 46/93/89 44/100/96
f 44/100/96 46/93/89 45/101/97
f 38/94/90 37/102/98 14/92/88
f 14/92/88 37/102/98 36/103/99
f 14/92/88 36/103/99 35/104/100
f 35/104/100 34/105/101 14/92/88
f 14/92/88 34/105/101 33/106/102
f 14/92/88 33/106/102 32/107/103
f 32/107/103 31/108/104 14/92/88
g ボディ2

v 1.390000 0.085000 0.160240
v 1.390000 0.055000 0.160240
v 1.390000 0.055000 0.198250
v 1.390000 0.085000 0.198250
v 1.390100 0.055000 0.155250
v 1.390100 0.085000 0.155250
v 1.390100 0.085000 0.198250
v 1.390100 0.055000 0.198250
v 1.390000 0.055000 0.155250
v 1.390000 0.085000 0.155250
v 1.390000 0.055000 0.155240
v 1.390000 0.085000 0.155240
v 1.355000 0.085000 0.160240
v 1.355000 0.085000 0.155240
v 1.355000 0.055000 0.160240
v 1.352074 0.055288 0.160240
v 1.349260 0.056142 0.160240
v 1.346666 0.057528 0.160240
v 1.344393 0.059393 0.160240
v 1.342528 0.061666 0.160240
v 1.341142 0.064260 0.160240
v 1.340288 0.067074 0.160240
v 1.340000 0.070000 0.160240
v 1.340288 0.072926 0.160240
v 1.341142 0.075740 0.160240
v 1.342528 0.078334 0.160240
v 1.344393 0.080607 0.160240
v 1.346666 0.082472 0.160240
v 1.349260 0.083858 0.160240
v 1.352074 0.084712 0.160240
v 1.352074 0.084712 0.155240
v 1.349260 0.083858 0.155240
v 1.346666 0.082472 0.155240
v 1.344393 0.080607 0.155240
v 1.342528 0.078334 0.155240
v 1.341142 0.075740 0.155240
v 1.340288 0.072926 0.155240
v 1.340000 0.070000 0.155240
v 1.340288 0.067074 0.155240
v 1.341142 0.064260 0.155240
v 1.342528 0.061666 0.155240
v 1.344393 0.059393 0.155240
v 1.346666 0.057528 0.155240
v 1.349260 0.056142 0.155240
v 1.352074 0.055288 0.155240
v 1.355000 0.055000 0.155240
vt 0.000000 0.004990 0.000000
vt 0.030000 0.004990 0.000000
vt 0.000000 0.043000 0.000000
vt 0.030000 0.043000 0.000000
vt 0.000000 0.000000 0.000000
vt 0.030000 0.000000 0.000000
vt 0.000000 0.043000 0.000000
vt 0.030000 0.043000 0.000000
vt 0.100000 0.700000 0.000000
vt 0.130000 0.700000 0.000000
vt 0.100000 0.700100 0.000000
vt 0.130000 0.700100 0.000000
vt -0.100000 0.700100 0.000000
vt -0.130000 0.700100 0.000000
vt -0.100000 0.700000 0.000000
vt -0.130000 0.700000 0.000000
vt 0.000000 0.004990 0.000000
vt 0.030000 0.004990 0.000000
vt 0.000000 0.005000 0.000000
vt 0.030000 0.005000 0.000000
vt 0.000000 0.005000 0.000000
vt 0.000000 0.000000 0.000000
vt 0.035000 0.004990 0.000000
vt 0.035000 0.000000 0.000000
vt 0.035100 0.004990 0.000000
vt 0.035100 -0.038010 0.000000
vt 0.035000 -0.038010 0.000000
vt 0.035000 0.005000 0.000000
vt -0.005000 -0.047124 0.000000
vt -0.000000 -0.047124 0.000000
vt -0.005000 -0.044179 0.000000
vt -0.000000 -0.044179 0.000000
vt -0.005000 -0.041233 0.000000
vt 0.000000 -0.041233 0.000000
vt -0.005000 -0.038288 0.000000
vt -0.000000 -0.038288 0.000000
vt -0.005000 -0.035343 0.000000
vt -0.000000 -0.035343 0.000000
vt -0.005000 -0.032398 0.000000
vt 0.000000 -0.032398 0.000000
vt -0.005000 -0.029452 0.000000
vt 0.000000 -0.029452 0.000000
vt -0.005000 -0.026507 0.000000
vt -0.000000 -0.026507 0.000000
vt -0.005000 -0.023562 0.000000
vt -0.000000 -0.023562 0.000000
vt -0.005000 -0.020617 0.000000
vt -0.000000 -0.020617 0.000000
vt -0.005000 -0.017671 0.000000
vt 0.000000 -0.017671 0.000000
vt -0.005000 -0.014726 0.000000
vt 0.000000 -0.014726 0.000000
vt -0.005000 -0.011781 0.000000
vt -0.000000 -0.011781 0.000000
vt -0.005000 -0.008836 0.000000
vt -0.000000 -0.008836 0.000000
vt -0.005000 -0.005890 0.000000
vt 0.000000 -0.005890 0.000000
vt -0.005000 -0.002945 0.000000
vt -0.000000 -0.002945 0.000000
vt -0.005000 0.000000 0.000000
vt -0.000000 0.000000 0.000000
vt 0.035000 -0.000000 0.000000
vt -0.000000 0.004990 0.000000
vt 0.000000 0.000000 0.000000
vt -0.000100 0.004990 0.000000
vt -0.000100 -0.038010 0.000000
vt 0.035000 0.005000 0.000000
vt -0.000000 0.005000 0.000000
vt 0.000000 -0.038010 0.000000
vt -0.100000 0.700000 0.000000
vt -0.130000 0.700000 0.000000
vt -0.100000 0.665000 0.000000
vt -0.130000 0.665000 0.000000
vt -0.115000 0.650000 0.000000
vt -0.117926 0.650288 0.000000
vt -0.120740 0.651142 0.000000
vt -0.123334 0.652528 0.000000
vt -0.125607 0.654393 0.000000
vt -0.127472 0.656666 0.000000
vt -0.128858 0.659260 0.000000
vt -0.129712 0.662074 0.000000
vt -0.112074 0.650288 0.000000
vt -0.109260 0.651142 0.000000
vt -0.106666 0.652528 0.000000
vt -0.104393 0.654393 0.000000
vt -0.102528 0.656666 0.000000
vt -0.101142 0.659260 0.000000
vt -0.100288 0.662074 0.000000
vt 0.130000 0.700000 0.000000
vt 0.100000 0.700000 0.000000
vt 0.130000 0.665000 0.000000
vt 0.100000 0.665000 0.000000
vt 0.115000 0.650000 0.000000
vt 0.112074 0.650288 0.000000
vt 0.109260 0.651142 0.000000
vt 0.106666 0.652528 0.000000
vt 0.104393 0.654393 0.000000
vt 0.102528 0.656666 0.000000
vt 0.101142 0.659260 0.000000
vt 0.100288 0.662074 0.000000
vt 0.117926 0.650288 0.000000
vt 0.120740 0.651142 0.000000
vt 0.123334 0.652528 0.000000
vt 0.125607 0.654393 0.000000
vt 0.127472 0.656666 0.000000
vt 0.128858 0.659260 0.000000
vt 0.129712 0.662074 0.000000
vn -1.000000 -0.000000 0.000000
vn -1.000000 -0.000000 0.000000
vn -1.000000 -0.000000 0.000000
vn -1.000000 -0.000000 0.000000
vn 1.000000 0.000000 -0.000000
vn 1.000000 0.000000 -0.000000
vn 1.000000 0.000000 -0.000000
vn 1.000000 0.000000 -0.000000
vn -0.000000 -0.000000 -1.000000
vn -0.000000 -0.000000 -1.000000
vn -0.000000 -0.000000 -1.000000
vn -0.000000 -0.000000 -1.000000
vn 0.000000 0.000000 1.000000
vn 0.000000 0.000000 1.000000
vn 0.000000 0.000000 1.000000
vn 0.000000 0.000000 1.000000
vn 1.000000 0.000000 -0.000000
vn 1.000000 0.000000 -0.000000
vn 1.000000 0.000000 -0.000000
vn 1.000000 0.000000 -0.000000
vn -0.000000 1.000000 0.000000
vn -0.000000 1.000000 0.000000
vn -0.000000 1.000000 0.000000
vn -0.000000 1.000000 0.000000
vn -0.000000 1.000000 0.000000
vn -0.000000 1.000000 0.000000
vn -0.000000 1.000000 0.000000
vn -0.000000 1.000000 0.000000
vn 0.000000 -1.000000 0.000000
vn 0.000000 -1.000000 0.000000
vn -0.195090 -0.980785 0.000000
vn -0.195090 -0.980785 0.000000
vn -0.382683 -0.923880 0.000000
vn -0.382683 -0.923880 0.000000
vn -0.555570 -0.831470 0.000000
vn -0.555570 -0.831470 0.000000
vn -0.707107 -0.707107 0.000000
vn -0.707107 -0.707107 0.000000
vn -0.831470 -0.555570 0.000000
vn -0.831470 -0.555570 0.000000
vn -0.923880 -0.382683 0.000000
vn -0.923880 -0.382683 0.000000
vn -0.980785 -0.195090 0.000000
vn -0.980785 -0.195090 0.000000
vn -1.000000 -0.000000 0.000000
vn -1.000000 -0.000000 0.000000
vn -0.980785 0.195090 0.000000
vn -0.980785 0.195090 0.000000
vn -0.923880 0.382683 0.000000
vn -0.923880 0.382683 0.000000
vn -0.831470 0.555570 0.000000
vn -0.831470 0.555570 0.000000
vn -0.707107 0.707107 0.000000
vn -0.707107 0.707107 0.000000
vn -0.555570 0.831470 0.000000
vn -0.555570 0.831470 0.000000
vn -0.382683 0.923880 0.000000
vn -0.382683 0.923880 0.000000
vn -0.195090 0.980785 0.000000
vn -0.195090 0.980785 0.000000
vn 0.000000 -1.000000 0.000000
vn 0.000000 -1.000000 0.000000
vn 0.000000 -1.000000 0.000000
vn 0.000000 -1.000000 0.000000
vn 0.000000 -1.000000 0.000000
vn 0.000000 -1.000000 0.000000
vn 0.000000 0.000000 1.000000
vn 0.000000 0.000000 1.000000
vn 0.000000 0.000000 1.000000
vn 0.000000 0.000000 1.000000
vn 0.000000 0.000000 1.000000
vn 0.000000 0.000000 1.000000
vn 0.000000 0.000000 1.000000
vn 0.000000 0.000000 1.000000
vn 0.000000 0.000000 1.000000
vn 0.000000 0.000000 1.000000
vn 0.000000 0.000000 1.000000
vn 0.000000 0.000000 1.000000
vn 0.000000 0.000000 1.000000
vn 0.000000 0.000000 1.000000
vn 0.000000 0.000000 1.000000
vn 0.000000 0.000000 1.000000
vn 0.000000 0.000000 1.000000
vn 0.000000 0.000000 1.000000
vn 0.000000 0.000000 1.000000
vn -0.000000 -0.000000 -1.000000
vn -0.000000 -0.000000 -1.000000
vn -0.000000 -0.000000 -1.000000
vn -0.000000 -0.000000 -1.000000
vn -0.000000 -0.000000 -1.000000
vn -0.000000 -0.000000 -1.000000
vn -0.000000 -0.000000 -1.000000
vn -0.000000 -0.000000 -1.000000
vn -0.000000 -0.000000 -1.000000
vn -0.000000 -0.000000 -1.000000
vn -0.000000 -0.000000 -1.000000
vn -0.000000 -0.000000 -1.000000
vn -0.000000 -0.000000 -1.000000
vn -0.000000 -0.000000 -1.000000
vn -0.000000 -0.000000 -1.000000
vn -0.000000 -0.000000 -1.000000
vn -0.000000 -0.000000 -1.000000
vn -0.000000 -0.000000 -1.000000
vn -0.000000 -0.000000 -1.000000
f 47/109/105 48/110/106 50/111/107
f 50/111/107 48/110/106 49/112/108
f 51/113/109 52/114/110 54/115/111
f 54/115/111 52/114/110 53/116/112
f 55/117/113 56/118/114 51/119/115
f 51/119/115 56/118/114 52/120/116
f 54/121/117 53/122/118 49/123/119
f 49/123/119 53/122/118 50/124/120
f 56/125/121 55/126/122 58/127/123
f 58/127/123 55/126/122 57/128/124
f 60/129/125 59/130/126 56/131/127
f 56/131/127 59/130/126 47/132/128
f 56/131/127 47/132/128 52/133/129
f 52/133/129 47/132/128 53/134/130
f 53/134/130 47/132/128 50/135/131
f 56/131/127 58/136/132 60/129/125
f 92/137/133 61/138/134 91/139/135
f 91/139/135 61/138/134 62/140/136
f 91/139/135 62/140/136 90/141/137
f 90/141/137 62/140/136 63/142/138
f 90/141/137 63/142/138 89/143/139
f 89/143/139 63/142/138 64/144/140
f 89/143/139 64/144/140 88/145/141
f 88/145/141 64/144/140 65/146/142
f 88/145/141 65/146/142 87/147/143
f 87/147/143 65/146/142 66/148/144
f 87/147/143 66/148/144 86/149/145
f 86/149/145 66/148/144 67/150/146
f 86/149/145 67/150/146 85/151/147
f 85/151/147 67/150/146 68/152/148
f 85/151/147 68/152/148 84/153/149
f 84/153/149 68/152/148 69/154/150
f 84/153/149 69/154/150 83/155/151
f 83/155/151 69/154/150 70/156/152
f 83/155/151 70/156/152 82/157/153
f 82/157/153 70/156/152 71/158/154
f 82/157/153 71/158/154 81/159/155
f 81/159/155 71/158/154 72/160/156
f 81/159/155 72/160/156 80/161/157
f 80/161/157 72/160/156 73/162/158
f 80/161/157 73/162/158 79/163/159
f 79/163/159 73/162/158 74/164/160
f 79/163/159 74/164/160 78/165/161
f 78/165/161 74/164/160 75/166/162
f 78/165/161 75/166/162 77/167/163
f 77/167/163 75/166/162 76/168/164
f 77/167/163 76/168/164 60/169/125
f 60/169/125 76/168/164 59/170/126
f 61/171/134 55/172/165 48/173/166
f 48/173/166 55/172/165 51/174/167
f 48/173/166 51/174/167 54/175/168
f 61/171/134 92/176/133 55/172/165
f 55/172/165 92/176/133 57/177/169
f 54/175/168 49/178/170 48/173/166
f 48/179/171 47/180/172 61/181/173
f 61/181/173 47/180/172 59/182/174
f 61/181/173 59/182/174 69/183/175
f 69/183/175 59/182/174 70/184/176
f 70/184/176 59/182/174 71/185/177
f 71/185/177 59/182/174 72/186/178
f 72/186/178 59/182/174 73/187/179
f 73/187/179 59/182/174 74/188/180
f 74/188/180 59/182/174 75/189/181
f 75/189/181 59/182/174 76/190/182
f 69/183/175 68/191/183 61/181/173
f 61/181/173 68/191/183 67/192/184
f 61/181/173 67/192/184 66/193/185
f 66/193/185 65/194/186 61/181/173
f 61/181/173 65/194/186 64/195/187
f 61/181/173 64/195/187 63/196/188
f 63/196/188 62/197/189 61/181/173
f 58/198/190 57/199/191 60/200/192
f 60/200/192 57/199/191 92/201/193
f 60/200/192 92/201/193 84/202/194
f 84/202/194 92/201/193 85/203/195
f 85/203/195 92/201/193 86/204/196
f 86/204/196 92/201/193 87/205/197
f 87/205/197 92/201/193 88/206/198
f 88/206/198 92/201/193 89/207/199
f 89/207/199 92/201/193 90/208/200
f 90/208/200 92/201/193 91/209/201
f 84/202/194 83/210/202 60/200/192
f 60/200/192 83/210/202 82/211/203
f 60/200/192 82/211/203 81/212/204
f 81/212/204 80/213/205 60/200/192
f 60/200/192 80/213/205 79/214/206
f 60/200/192 79/214/206 78/215/207
f 78/215/207 77/216/208 60/200/192
g ボディ3

v 1.390000 0.185000 0.160240
v 1.390000 0.155000 0.160240
v 1.390000 0.155000 0.198250
v 1.390000 0.185000 0.198250
v 1.390100 0.155000 0.155250
v 1.390100 0.185000 0.155250
v 1.390100 0.185000 0.198250
v 1.390100 0.155000 0.198250
v 1.390000 0.155000 0.155250
v 1.390000 0.185000 0.155250
v 1.390000 0.155000 0.155240
v 1.390000 0.185000 0.155240
v 1.355000 0.185000 0.160240
v 1.355000 0.185000 0.155240
v 1.355000 0.155000 0.160240
v 1.352074 0.155288 0.160240
v 1.349260 0.156142 0.160240
v 1.346666 0.157528 0.160240
v 1.344393 0.159393 0.160240
v 1.342528 0.161666 0.160240
v 1.341142 0.164260 0.160240
v 1.340288 0.167074 0.160240
v 1.340000 0.170000 0.160240
v 1.340288 0.172926 0.160240
v 1.341142 0.175740 0.160240
v 1.342528 0.178334 0.160240
v 1.344393 0.180607 0.160240
v 1.346666 0.182472 0.160240
v 1.349260 0.183858 0.160240
v 1.352074 0.184712 0.160240
v 1.352074 0.184712 0.155240
v 1.349260 0.183858 0.155240
v 1.346666 0.182472 0.155240
v 1.344393 0.180607 0.155240
v 1.342528 0.178334 0.155240
v 1.341142 0.175740 0.155240
v 1.340288 0.172926 0.155240
v 1.340000 0.170000 0.155240
v 1.340288 0.167074 0.155240
v 1.341142 0.164260 0.155240
v 1.342528 0.161666 0.155240
v 1.344393 0.159393 0.155240
v 1.346666 0.157528 0.155240
v 1.349260 0.156142 0.155240
v 1.352074 0.155288 0.155240
v 1.355000 0.155000 0.155240
vt 0.000000 0.004990 0.000000
vt 0.030000 0.004990 0.000000
vt 0.000000 0.043000 0.000000
vt 0.030000 0.043000 0.000000
vt 0.000000 0.000000 0.000000
vt 0.030000 0.000000 0.000000
vt 0.000000 0.043000 0.000000
vt 0.030000 0.043000 0.000000
vt 0.200000 0.700000 0.000000
vt 0.230000 0.700000 0.000000
vt 0.200000 0.700100 0.000000
vt 0.230000 0.700100 0.000000
vt -0.200000 0.700100 0.000000
vt -0.230000 0.700100 0.000000
vt -0.200000 0.700000 0.000000
vt -0.230000 0.700000 0.000000
vt 0.000000 0.004990 0.000000
vt 0.030000 0.004990 0.000000
vt 0.000000 0.005000 0.000000
vt 0.030000 0.005000 0.000000
vt 0.000000 0.005000 0.000000
vt 0.000000 0.000000 0.000000
vt 0.035000 0.004990 0.000000
vt 0.035000 0.000000 0.000000
vt 0.035100 0.004990 0.000000
vt 0.035100 -0.038010 0.000000
vt 0.035000 -0.038010 0.000000
vt 0.035000 0.005000 0.000000
vt -0.005000 -0.047124 0.000000
vt -0.000000 -0.047124 0.000000
vt -0.005000 -0.044179 0.000000
vt -0.000000 -0.044179 0.000000
vt -0.005000 -0.041233 0.000000
vt 0.000000 -0.041233 0.000000
vt -0.005000 -0.038288 0.000000
vt -0.000000 -0.038288 0.000000
vt -0.005000 -0.035343 0.000000
vt -0.000000 -0.035343 0.000000
vt -0.005000 -0.032398 0.000000
vt 0.000000 -0.032398 0.000000
vt -0.005000 -0.029452 0.000000
vt 0.000000 -0.029452 0.000000
vt -0.005000 -0.026507 0.000000
vt -0.000000 -0.026507 0.000000
vt -0.005000 -0.023562 0.000000
vt -0.000000 -0.023562 0.000000
vt -0.005000 -0.020617 0.000000
vt -0.000000 -0.020617 0.000000
vt -0.005000 -0.017671 0.000000
vt 0.000000 -0.017671 0.000000
vt -0.005000 -0.014726 0.000000
vt 0.000000 -0.014726 0.000000
vt -0.005000 -0.011781 0.000000
vt -0.000000 -0.011781 0.000000
vt -0.005000 -0.008836 0.000000
vt -0.000000 -0.008836 0.000000
vt -0.005000 -0.005890 0.000000
vt 0.000000 -0.005890 0.000000
vt -0.005000 -0.002945 0.000000
vt -0.000000 -0.002945 0.000000
vt -0.005000 0.000000 0.000000
vt -0.000000 0.000000 0.000000
vt 0.035000 -0.000000 0.000000
vt -0.000000 0.004990 0.000000
vt 0.000000 0.000000 0.000000
vt -0.000100 0.004990 0.000000
vt -0.000100 -0.038010 0.000000
vt 0.035000 0.005000 0.000000
vt -0.000000 0.005000 0.000000
vt 0.000000 -0.038010 0.000000
vt -0.200000 0.700000 0.000000
vt -0.230000 0.700000 0.000000
vt -0.200000 0.665000 0.000000
vt -0.230000 0.665000 0.000000
vt -0.215000 0.650000 0.000000
vt -0.217926 0.650288 0.000000
vt -0.220740 0.651142 0.000000
vt -0.223334 0.652528 0.000000
vt -0.225607 0.654393 0.000000
vt -0.227472 0.656666 0.000000
vt -0.228858 0.659260 0.000000
vt -0.229712 0.662074 0.000000
vt -0.212074 0.650288 0.000000
vt -0.209260 0.651142 0.000000
vt -0.206666 0.652528 0.000000
vt -0.204393 0.654393 0.000000
vt -0.202528 0.656666 0.000000
vt -0.201142 0.659260 0.000000
vt -0.200288 0.662074 0.000000
vt 0.230000 0.700000 0.000000
vt 0.200000 0.700000 0.000000
vt 0.230000 0.665000 0.000000
vt 0.200000 0.665000 0.000000
vt 0.215000 0.650000 0.000000
vt 0.212074 0.650288 0.000000
vt 0.209260 0.651142 0.000000
vt 0.206666 0.652528 0.000000
vt 0.204393 0.654393 0.000000
vt 0.202528 0.656666 0.000000
vt 0.201142 0.659260 0.000000
vt 0.200288 0.662074 0.000000
vt 0.217926 0.650288 0.000000
vt 0.220740 0.651142 0.000000
vt 0.223334 0.652528 0.000000
vt 0.225607 0.654393 0.000000
vt 0.227472 0.656666 0.000000
vt 0.228858 0.659260 0.000000
vt 0.229712 0.662074 0.000000
vn -1.000000 -0.000000 0.000000
vn -1.000000 -0.000000 0.000000
vn -1.000000 -0.000000 0.000000
vn -1.000000 -0.000000 0.000000
vn 1.000000 0.000000 -0.000000
vn 1.000000 0.000000 -0.000000
vn 1.000000 0.000000 -0.000000
vn 1.000000 0.000000 -0.000000
vn -0.000000 -0.000000 -1.000000
vn -0.000000 -0.000000 -1.000000
vn -0.000000 -0.000000 -1.000000
vn -0.000000 -0.000000 -1.000000
vn 0.000000 0.000000 1.000000
vn 0.000000 0.000000 1.000000
vn 0.000000 0.000000 1.000000
vn 0.000000 0.000000 1.000000
vn 1.000000 0.000000 -0.000000
vn 1.000000 0.000000 -0.000000
vn 1.000000 0.000000 -0.000000
vn 1.000000 0.000000 -0.000000
vn -0.000000 1.000000 0.000000
vn -0.000000 1.000000 0.000000
vn -0.000000 1.000000 0.000000
vn -0.000000 1.000000 0.000000
vn -0.000000 1.000000 0.000000
vn -0.000000 1.000000 0.000000
vn -0.000000 1.000000 0.000000
vn -0.000000 1.000000 0.000000
vn 0.000000 -1.000000 0.000000
vn 0.000000 -1.000000 0.000000
vn -0.195090 -0.980785 0.000000
vn -0.195090 -0.980785 0.000000
vn -0.382683 -0.923880 0.000000
vn -0.382683 -0.923880 0.000000
vn -0.555570 -0.831470 0.000000
vn -0.555570 -0.831470 0.000000
vn -0.707107 -0.707107 0.000000
vn -0.707107 -0.707107 0.000000
vn -0.831470 -0.555570 0.000000
vn -0.831470 -0.555570 0.000000
vn -0.923880 -0.382683 0.000000
vn -0.923880 -0.382683 0.000000
vn -0.980785 -0.195090 0.000000
vn -0.980785 -0.195090 0.000000
vn -1.000000 -0.000000 0.000000
vn -1.000000 -0.000000 0.000000
vn -0.980785 0.195090 0.000000
vn -0.980785 0.195090 0.000000
vn -0.923880 0.382683 0.000000
vn -0.923880 0.382683 0.000000
vn -0.831470 0.555570 0.000000
vn -0.831470 0.555570 0.000000
vn -0.707107 0.707107 0.000000
vn -0.707107 0.707107 0.000000
vn -0.555570 0.831470 0.000000
vn -0.555570 0.831470 0.000000
vn -0.382683 0.923880 0.000000
vn -0.382683 0.923880 0.000000
vn -0.195090 0.980785 0.000000
vn -0.195090 0.980785 0.000000
vn 0.000000 -1.000000 0.000000
vn 0.000000 -1.000000 0.000000
vn 0.000000 -1.000000 0.000000
vn 0.000000 -1.000000 0.000000
vn 0.000000 -1.000000 0.000000
vn 0.000000 -1.000000 0.000000
vn 0.000000 0.000000 1.000000
vn 0.000000 0.000000 1.000000
vn 0.000000 0.000000 1.000000
vn 0.000000 0.000000 1.000000
vn 0.000000 0.000000 1.000000
vn 0.000000 0.000000 1.000000
vn 0.000000 0.000000 1.000000
vn 0.000000 0.000000 1.000000
vn 0.000000 0.000000 1.000000
vn 0.000000 0.000000 1.000000
vn 0.000000 0.000000 1.000000
vn 0.000000 0.000000 1.000000
vn 0.000000 0.000000 1.000000
vn 0.000000 0.000000 1.000000
vn 0.000000 0.000000 1.000000
vn 0.000000 0.000000 1.000000
vn 0.000000 0.000000 1.000000
vn 0.000000 0.000000 1.000000
vn 0.000000 0.000000 1.000000
vn -0.000000 -0.000000 -1.000000
vn -0.000000 -0.000000 -1.000000
vn -0.000000 -0.000000 -1.000000
vn -0.000000 -0.000000 -1.000000
vn -0.000000 -0.000000 -1.000000
vn -0.000000 -0.000000 -1.000000
vn -0.000000 -0.000000 -1.000000
vn -0.000000 -0.000000 -1.000000
vn -0.000000 -0.000000 -1.000000
vn -0.000000 -0.000000 -1.000000
vn -0.000000 -0.000000 -1.000000
vn -0.000000 -0.000000 -1.000000
vn -0.000000 -0.000000 -1.000000
vn -0.000000 -0.000000 -1.000000
vn -0.000000 -0.000000 -1.000000
vn -0.000000 -0.000000 -1.000000
vn -0.000000 -0.000000 -1.000000
vn -0.000000 -0.000000 -1.000000
vn -0.000000 -0.000000 -1.000000
f 93/217/209 94/218/210 96/219/211
f 96/219/211 94/218/210 95/220/212
f 97/221/213 98/222/214 100/223/215
f 100/223/215 98/222/214 99/224/216
f 101/225/217 102/226/218 97/227/219
f 97/227/219 102/226/218 98/228/220
f 100/229/221 99/230/222 95/231/223
f 95/231/223 99/230/222 96/232/224
f 102/233/225 101/234/226 104/235/227
f 104/235/227 101/234/226 103/236/228
f 106/237/229 105/238/230 102/239/231
f 102/239/231 105/238/230 93/240/232
f 102/239/231 93/240/232 98/241/233
f 98/241/233 93/240/232 99/242/234
f 99/242/234 93/240/232 96/243/235
f 102/239/231 104/244/236 106/237/229
f 138/245/237 107/246/238 137/247/239
f 137/247/239 107/246/238 108/248/240
f 137/247/239 108/248/240 136/249/241
f 136/249/241 108/248/240 109/250/242
f 136/249/241 109/250/242 135/251/243
f 135/251/243 109/250/242 110/252/244
f 135/251/243 110/252/244 134/253/245
f 134/253/245 110/252/244 111/254/246
f 134/253/245 111/254/246 133/255/247
f 133/255/247 111/254/246 112/256/248
f 133/255/247 112/256/248 132/257/249
f 132/257/249 112/256/248 113/258/250
f 132/257/249 113/258/250 131/259/251
f 131/259/251 113/258/250 114/260/252
f 131/259/251 114/260/252 130/261/253
f 130/261/253 114/260/252 115/262/254
f 130/261/253 115/262/254 129/263/255
f 129/263/255 115/262/254 116/264/256
f 129/263/255 116/264/256 128/265/257
f 128/265/257 116/264/256 117/266/258
f 128/265/257 117/266/258 127/267/259
f 127/267/259 117/266/258 118/268/260
f 127/267/259 118/268/260 126/269/261
f 126/269/261 118/268/260 119/270/262
f 126/269/261 119/270/262 125/271/263
f 125/271/263 119/270/262 120/272/264
f 125/271/263 120/272/264 124/273/265
f 124/273/265 120/272/264 121/274/266
f 124/273/265 121/274/266 123/275/267
f 123/275/267 121/274/266 122/276/268
f 123/275/267 122/276/268 106/277/229
f 106/277/229 122/276/268 105/278/230
f 107/279/238 101/280/269 94/281/270
f 94/281/270 101/280/269 97/282/271
f 94/281/270 97/282/271 100/283/272
f 107/279/238 138/284/237 101/280/269
f 101/280/269 138/284/237 103/285/273
f 100/283/272 95/286/274 94/281/270
f 94/287/275 93/288/276 107/289/277
f 107/289/277 93/288/276 105/290/278
f 107/289/277 105/290/278 115/291/279
f 115/291/279 105/290/278 116/292/280
f 116/292/280 105/290/278 117/293/281
f 117/293/281 105/290/278 118/294/282
f 118/294/282 105/290/278 119/295/283
f 119/295/283 105/290/278 120/296/284
f 120/296/284 105/290/278 121/297/285
f 121/297/285 105/290/278 122/298/286
f 115/291/279 114/299/287 107/289/277
f 107/289/277 114/299/287 113/300/288
f 107/289/277 113/300/288 112/301/289
f 112/301/289 111/302/290 107/289/277
f 107/289/277 111/302/290 110/303/291
f 107/289/277 110/303/291 109/304/292
f 109/304/292 108/305/293 107/289/277
f 104/306/294 103/307/295 106/308/296
f 106/308/296 103/307/295 138/309/297
f 106/308/296 138/309/297 130/310/298
f 130/310/298 138/309/297 131/311/299
f 131/311/299 138/309/297 132/312/300
f 132/312/300 138/309/297 133/313/301
f 133/313/301 138/309/297 134/314/302
f 134/314/302 138/309/297 135/315/303
f 135/315/303 138/309/297 136/316/304
f 136/316/304 138/309/297 137/317/305
f 130/310/298 129/318/306 106/308/296
f 106/308/296 129/318/306 128/319/307
f 106/308/296 128/319/307 127/320/308
f 127/320/308 126/321/309 106/308/296
f 106/308/296 126/321/309 125/322/310
f 106/308/296 125/322/310 124/323/311
f 124/323/311 123/324/312 106/308/296
g ボディ4

v 1.390000 0.285000 0.160240
v 1.390000 0.255000 0.160240
v 1.390000 0.255000 0.198250
v 1.390000 0.285000 0.198250
v 1.390100 0.255000 0.155250
v 1.390100 0.285000 0.155250
v 1.390100 0.285000 0.198250
v 1.390100 0.255000 0.198250
v 1.390000 0.255000 0.155250
v 1.390000 0.285000 0.155250
v 1.390000 0.255000 0.155240
v 1.390000 0.285000 0.155240
v 1.355000 0.285000 0.160240
v 1.355000 0.285000 0.155240
v 1.355000 0.255000 0.160240
v 1.352074 0.255288 0.160240
v 1.349260 0.256142 0.160240
v 1.346666 0.257528 0.160240
v 1.344393 0.259393 0.160240
v 1.342528 0.261666 0.160240
v 1.341142 0.264260 0.160240
v 1.340288 0.267074 0.160240
v 1.340000 0.270000 0.160240
v 1.340288 0.272926 0.160240
v 1.341142 0.275740 0.160240
v 1.342528 0.278334 0.160240
v 1.344393 0.280607 0.160240
v 1.346666 0.282472 0.160240
v 1.349260 0.283858 0.160240
v 1.352074 0.284712 0.160240
v 1.352074 0.284712 0.155240
v 1.349260 0.283858 0.155240
v 1.346666 0.282472 0.155240
v 1.344393 0.280607 0.155240
v 1.342528 0.278334 0.155240
v 1.341142 0.275740 0.155240
v 1.340288 0.272926 0.155240
v 1.340000 0.270000 0.155240
v 1.340288 0.267074 0.155240
v 1.341142 0.264260 0.155240
v 1.342528 0.261666 0.155240
v 1.344393 0.259393 0.155240
v 1.346666 0.257528 0.155240
v 1.349260 0.256142 0.155240
v 1.352074 0.255288 0.155240
v 1.355000 0.255000 0.155240
vt 0.000000 0.004990 0.000000
vt 0.030000 0.004990 0.000000
vt 0.000000 0.043000 0.000000
vt 0.030000 0.043000 0.000000
vt 0.000000 0.000000 0.000000
vt 0.030000 0.000000 0.000000
vt 0.000000 0.043000 0.000000
vt 0.030000 0.043000 0.000000
vt 0.300000 0.700000 0.000000
vt 0.330000 0.700000 0.000000
vt 0.300000 0.700100 0.000000
vt 0.330000 0.700100 0.000000
vt -0.300000 0.700100 0.000000
vt -0.330000 0.700100 0.000000
vt -0.300000 0.700000 0.000000
vt -0.330000 0.700000 0.000000
vt 0.000000 0.004990 0.000000
vt 0.030000 0.004990 0.000000
vt 0.000000 0.005000 0.000000
vt 0.030000 0.005000 0.000000
vt 0.000000 0.005000 0.000000
vt 0.000000 0.000000 0.000000
vt 0.035000 0.004990 0.000000
vt 0.035000 0.000000 0.000000
vt 0.035100 0.004990 0.000000
vt 0.035100 -0.038010 0.000000
vt 0.035000 -0.038010 0.000000
vt 0.035000 0.005000 0.000000
vt -0.005000 -0.047124 0.000000
vt -0.000000 -0.047124 0.000000
vt -0.005000 -0.044179 0.000000
vt -0.000000 -0.044179 0.000000
vt -0.005000 -0.041233 0.000000
vt 0.000000 -0.041233 0.000000
vt -0.005000 -0.038288 0.000000
vt -0.000000 -0.038288 0.000000
vt -0.005000 -0.035343 0.000000
vt -0.000000 -0.035343 0.000000
vt -0.005000 -0.032398 0.000000
vt 0.000000 -0.032398 0.000000
vt -0.005000 -0.029452 0.000000
vt 0.000000 -0.029452 0.000000
vt -0.005000 -0.026507 0.000000
vt -0.000000 -0.026507 0.000000
vt -0.005000 -0.023562 0.000000
vt -0.000000 -0.023562 0.000000
vt -0.005000 -0.020617 0.000000
vt -0.000000 -0.020617 0.000000
vt -0.005000 -0.017671 0.000000
vt 0.000000 -0.017671 0.000000
vt -0.005000 -0.014726 0.000000
vt 0.000000 -0.014726 0.000000
vt -0.005000 -0.011781 0.000000
vt -0.000000 -0.011781 0.000000
vt -0.005000 -0.008836 0.000000
vt -0.000000 -0.008836 0.000000
vt -0.005000 -0.005890 0.000000
vt 0.000000 -0.005890 0.000000
vt -0.005000 -0.002945 0.000000
vt -0.000000 -0.002945 0.000000
vt -0.005000 0.000000 0.000000
vt -0.000000 0.000000 0.000000
vt 0.035000 -0.000000 0.000000
vt -0.000000 0.004990 0.000000
vt 0.000000 0.000000 0.000000
vt -0.000100 0.004990 0.000000
vt -0.000100 -0.038010 0.000000
vt 0.035000 0.005000 0.000000
vt -0.000000 0.005000 0.000000
vt 0.000000 -0.038010 0.000000
vt -0.300000 0.700000 0.000000
vt -0.330000 0.700000 0.000000
vt -0.300000 0.665000 0.000000
vt -0.330000 0.665000 0.000000
vt -0.315000 0.650000 0.000000
vt -0.317926 0.650288 0.000000
vt -0.320740 0.651142 0.000000
vt -0.323334 0.652528 0.000000
vt -0.325607 0.654393 0.000000
vt -0.327472 0.656666 0.000000
vt -0.328858 0.659260 0.000000
vt -0.329712 0.662074 0.000000
vt -0.312074 0.650288 0.000000
vt -0.309260 0.651142 0.000000
vt -0.306666 0.652528 0.000000
vt -0.304393 0.654393 0.000000
vt -0.302528 0.656666 0.000000
vt -0.301142 0.659260 0.000000
vt -0.300288 0.662074 0.000000
vt 0.330000 0.700000 0.000000
vt 0.300000 0.700000 0.000000
vt 0.330000 0.665000 0.000000
vt 0.300000 0.665000 0.000000
vt 0.315000 0.650000 0.000000
vt 0.312074 0.650288 0.000000
vt 0.309260 0.651142 0.000000
vt 0.306666 0.652528 0.000000
vt 0.304393 0.654393 0.000000
vt 0.302528 0.656666 0.000000
vt 0.301142 0.659260 0.000000
vt 0.300288 0.662074 0.000000
vt 0.317926 0.650288 0.000000
vt 0.320740 0.651142 0.000000
vt 0.323334 0.652528 0.000000
vt 0.325607 0.654393 0.000000
vt 0.327472 0.656666 0.000000
vt 0.328858 0.659260 0.000000
vt 0.329712 0.662074 0.000000
vn -1.000000 -0.000000 0.000000
vn -1.000000 -0.000000 0.000000
vn -1.000000 -0.000000 0.000000
vn -1.000000 -0.000000 0.000000
vn 1.000000 0.000000 -0.000000
vn 1.000000 0.000000 -0.000000
vn 1.000000 0.000000 -0.000000
vn 1.000000 0.000000 -0.000000
vn -0.000000 -0.000000 -1.000000
vn -0.000000 -0.000000 -1.000000
vn -0.000000 -0.000000 -1.000000
vn -0.000000 -0.000000 -1.000000
vn 0.000000 0.000000 1.000000
vn 0.000000 0.000000 1.000000
vn 0.000000 0.000000 1.000000
vn 0.000000 0.000000 1.000000
vn 1.000000 0.000000 -0.000000
vn 1.000000 0.000000 -0.000000
vn 1.000000 0.000000 -0.000000
vn 1.000000 0.000000 -0.000000
vn -0.000000 1.000000 0.000000
vn -0.000000 1.000000 0.000000
vn -0.000000 1.000000 0.000000
vn -0.000000 1.000000 0.000000
vn -0.000000 1.000000 0.000000
vn -0.000000 1.000000 0.000000
vn -0.000000 1.000000 0.000000
vn -0.000000 1.000000 0.000000
vn 0.000000 -1.000000 0.000000
vn 0.000000 -1.000000 0.000000
vn -0.195090 -0.980785 0.000000
vn -0.195090 -0.980785 0.000000
vn -0.382683 -0.923880 0.000000
vn -0.382683 -0.923880 0.000000
vn -0.555570 -0.831470 0.000000
vn -0.555570 -0.831470 0.000000
vn -0.707107 -0.707107 0.000000
vn -0.707107 -0.707107 0.000000
vn -0.831470 -0.555570 0.000000
vn -0.831470 -0.555570 0.000000
vn -0.923880 -0.382683 0.000000
vn -0.923880 -0.382683 0.000000
vn -0.980785 -0.195090 0.000000
vn -0.980785 -0.195090 0.000000
vn -1.000000 -0.000000 0.000000
vn -1.000000 -0.000000 0.000000
vn -0.980785 0.195090 0.000000
vn -0.980785 0.195090 0.000000
vn -0.923880 0.382683 0.000000
vn -0.923880 0.382683 0.000000
vn -0.831470 0.555570 0.000000
vn -0.831470 0.555570 0.000000
vn -0.707107 0.707107 0.000000
vn -0.707107 0.707107 0.000000
vn -0.555570 0.831470 0.000000
vn -0.555570 0.831470 0.000000
vn -0.382683 0.923880 0.000000
vn -0.382683 0.923880 0.000000
vn -0.195090 0.980785 0.000000
vn -0.195090 0.980785 0.000000
vn 0.000000 -1.000000 0.000000
vn 0.000000 -1.000000 0.000000
vn 0.000000 -1.000000 0.000000
vn 0.000000 -1.000000 0.000000
vn 0.000000 -1.000000 0.000000
vn 0.000000 -1.000000 0.000000
vn 0.000000 0.000000 1.000000
vn 0.000000 0.000000 1.000000
vn 0.000000 0.000000 1.000000
vn 0.000000 0.000000 1.000000
vn 0.000000 0.000000 1.000000
vn 0.000000 0.000000 1.000000
vn 0.000000 0.000000 1.000000
vn 0.000000 0.000000 1.000000
vn 0.000000 0.000000 1.000000
vn 0.000000 0.000000 1.000000
vn 0.000000 0.000000 1.000000
vn 0.000000 0.000000 1.000000
vn 0.000000 0.000000 1.000000
vn 0.000000 0.000000 1.000000
vn 0.000000 0.000000 1.000000
vn 0.000000 0.000000 1.000000
vn 0.000000 0.000000 1.000000
vn 0.000000 0.000000 1.000000
vn 0.000000 0.000000 1.000000
vn -0.000000 -0.000000 -1.000000
vn -0.000000 -0.000000 -1.000000
vn -0.000000 -0.000000 -1.000000
vn -0.000000 -0.000000 -1.000000
vn -0.000000 -0.000000 -1.000000
vn -0.000000 -0.000000 -1.000000
vn -0.000000 -0.000000 -1.000000
vn -0.000000 -0.000000 -1.000000
vn -0.000000 -0.000000 -1.000000
vn -0.000000 -0.000000 -1.000000
vn -0.000000 -0.000000 -1.000000
vn -0.000000 -0.000000 -1.000000
vn -0.000000 -0.000000 -1.000000
vn -0.000000 -0.000000 -1.000000
vn -0.000000 -0.000000 -1.000000
vn -0.000000 -0.000000 -1.000000
vn -0.000000 -0.000000 -1.000000
vn -0.000000 -0.000000 -1.000000
vn -0.000000 -0.000000 -1.000000
f 139/325/313 140/326/314 142/327/315
f 142/327/315 140/326/314 141/328/316
f 143/329/317 144/330/318 146/331/319
f 146/331/319 144/330/318 145/332/320
f 147/333/321 148/334/322 143/335/323
f 143/335/323 148/334/322 144/336/324
f 146/337/325 145/338/326 141/339/327
f 141/339/327 145/338/326 142/340/328
f 148/341/329 147/342/330 150/343/331
f 150/343/331 147/342/330 149/344/332
f 152/345/333 151/346/334 148/347/335
f 148/347/335 151/346/334 139/348/336
f 148/347/335 139/348/336 144/349/337
f 144/349/337 139/348/336 145/350/338
f 145/350/338 139/348/336 142/351/339
f 148/347/335 150/352/340 152/345/333
f 184/353/341 153/354/342 183/355/343
f 183/355/343 153/354/342 154/356/344
f 183/355/343 154/356/344 182/357/345
f 182/357/345 154/356/344 155/358/346
f 182/357/345 155/358/346 181/359/347
f 181/359/347 155/358/346 156/360/348
f 181/359/347 156/360/348 180/361/349
f 180/361/349 156/360/348 157/362/350
f 180/361/349 157/362/350 179/363/351
f 179/363/351 157/362/350 158/364/352
f 179/363/351 158/364/352 178/365/353
f 178/365/353 158/364/352 159/366/354
f 178/365/353 159/366/354 177/367/355
f 177/367/355 159/366/354 160/368/356
f 177/367/355 160/368/356 176/369/357
f 176/369/357 160/368/356 161/370/358
f 176/369/357 161/370/358 175/371/359
f 175/371/359 161/370/358 162/372/360
f 175/371/359 162/372/360 174/373/361
f 174/373/361 162/372/360 163/374/362
f 174/373/361 163/374/362 173/375/363
f 173/375/363 163/374/362 164/376/364
f 173/375/363 164/376/364 172/377/365
f 172/377/365 164/376/364 165/378/366
f 172/377/365 165/378/366 171/379/367
f 171/379/367 165/378/366 166/380/368
f 171/379/367 166/380/368 170/381/369
f 170/381/369 166/380/368 167/382/370
f 170/381/369 167/382/370 169/383/371
f 169/383/371 167/382/370 168/384/372
f 169/383/371 168/384/372 152/385/333
f 152/385/333 168/384/372 151/386/334
f 153/387/342 147/388/373 140/389/374
f 140/389/374 147/388/373 143/390/375
f 140/389/374 143/390/375 146/391/376
f 153/387/342 184/392/341 147/388/373
f 147/388/373 184/392/341 149/393/377
f 146/391/376 141/394/378 140/389/374
f 140/395/379 139/396/380 153/397/381
f 153/397/381 139/396/380 151/398/382
f 153/397/381 151/398/382 161/399/383
f 161/399/383 151/398/382 162/400/384
f 162/400/384 151/398/382 163/401/385
f 163/401/385 151/398/382 164/402/386
f 164/402/386 151/398/382 165/403/387
f 165/403/387 151/398/382 166/404/388
f 166/404/388 151/398/382 167/405/389
f 167/405/389 151/398/382 168/406/390
f 161/399/383 160/407/391 153/397/381
f 153/397/381 160/407/391 159/408/392
f 153/397/381 159/408/392 158/409/393
f 158/409/393 157/410/394 153/397/381
f 153/397/381 157/410/394 156/411/395
f 153/397/381 156/411/395 155/412/396
f 155/412/396 154/413/397 153/397/381
f 150/414/398 149/415/399 152/416/400
f 152/416/400 149/415/399 184/417/401
f 152/416/400 184/417/401 176/418/402
f 176/418/402 184/417/401 177/419/403
f 177/419/403 184/417/401 178/420/404
f 178/420/404 184/417/401 179/421/405
f 179/421/405 184/417/401 180/422/406
f 180/422/406 184/417/401 181/423/407
f 181/423/407 184/417/401 182/424/408
f 182/424/408 184/417/401 183/425/409
f 176/418/402 175/426/410 152/416/400
f 152/416/400 175/426/410 174/427/411
f 152/416/400 174/427/411 173/428/412
f 173/428/412 172/429/413 152/416/400
f 152/416/400 172/429/413 171/430/414
f 152/416/400 171/430/414 170/431/415
f 170/431/415 169/432/416 152/416/400
g ボディ5

v 1.225000 0.470000 0.160240
v 1.255000 0.470000 0.160240
v 1.255000 0.470000 0.198250
v 1.225000 0.470000 0.198250
v 1.255000 0.470100 0.155250
v 1.225000 0.470100 0.155250
v 1.225000 0.470100 0.198250
v 1.255000 0.470100 0.198250
v 1.255000 0.470000 0.155250
v 1.225000 0.470000 0.155250
v 1.255000 0.470000 0.155240
v 1.225000 0.470000 0.155240
v 1.255000 0.435000 0.160240
v 1.254712 0.432074 0.160240
v 1.253858 0.429260 0.160240
v 1.252472 0.426666 0.160240
v 1.250607 0.424393 0.160240
v 1.248334 0.422528 0.160240
v 1.245740 0.421142 0.160240
v 1.242926 0.420288 0.160240
v 1.240000 0.420000 0.160240
v 1.237074 0.420288 0.160240
v 1.234260 0.421142 0.160240
v 1.231666 0.422528 0.160240
v 1.229393 0.424393 0.160240
v 1.227528 0.426666 0.160240
v 1.226142 0.429260 0.160240
v 1.225288 0.432074 0.160240
v 1.225000 0.435000 0.160240
v 1.225000 0.435000 0.155240
v 1.225288 0.432074 0.155240
v 1.226142 0.429260 0.155240
v 1.227528 0.426666 0.155240
v 1.229393 0.424393 0.155240
v 1.231666 0.422528 0.155240
v 1.234260 0.421142 0.155240
v 1.237074 0.420288 0.155240
v 1.240000 0.420000 0.155240
v 1.242926 0.420288 0.155240
v 1.245740 0.421142 0.155240
v 1.248334 0.422528 0.155240
v 1.250607 0.424393 0.155240
v 1.252472 0.426666 0.155240
v 1.253858 0.429260 0.155240
v 1.254712 0.432074 0.155240
v 1.255000 0.435000 0.155240
vt -0.000000 0.004990 0.000000
vt 0.030000 0.004990 0.000000
vt -0.000000 0.043000 0.000000
vt 0.030000 0.043000 0.000000
vt 0.000000 0.000000 0.000000
vt 0.030000 0.000000 0.000000
vt 0.000000 0.043000 0.000000
vt 0.030000 0.043000 0.000000
vt 0.515000 0.535000 0.000000
vt 0.515100 0.535000 0.000000
vt 0.515000 0.565000 0.000000
vt 0.515100 0.565000 0.000000
vt -0.515000 0.565000 0.000000
vt -0.515100 0.565000 0.000000
vt -0.515000 0.535000 0.000000
vt -0.515100 0.535000 0.000000
vt 0.000000 0.004990 0.000000
vt 0.030000 0.004990 0.000000
vt 0.000000 0.005000 0.000000
vt 0.030000 0.005000 0.000000
vt -0.005000 -0.023562 0.000000
vt 0.000000 -0.023562 0.000000
vt -0.005000 -0.020617 0.000000
vt 0.000000 -0.020617 0.000000
vt -0.005000 -0.017671 0.000000
vt -0.000000 -0.017671 0.000000
vt -0.005000 -0.014726 0.000000
vt -0.000000 -0.014726 0.000000
vt -0.005000 -0.011781 0.000000
vt 0.000000 -0.011781 0.000000
vt -0.005000 -0.008836 0.000000
vt 0.000000 -0.008836 0.000000
vt -0.005000 -0.005890 0.000000
vt -0.000000 -0.005890 0.000000
vt -0.005000 -0.002945 0.000000
vt 0.000000 -0.002945 0.000000
vt -0.005000 0.000000 0.000000
vt -0.000000 0.000000 0.000000
vt -0.005000 0.002945 0.000000
vt -0.000000 0.002945 0.000000
vt -0.005000 0.005890 0.000000
vt 0.000000 0.005890 0.000000
vt -0.005000 0.008836 0.000000
vt -0.000000 0.008836 0.000000
vt -0.005000 0.011781 0.000000
vt -0.000000 0.011781 0.000000
vt -0.005000 0.014726 0.000000
vt 0.000000 0.014726 0.000000
vt -0.005000 0.017671 0.000000
vt 0.000000 0.017671 0.000000
vt -0.005000 0.020617 0.000000
vt -0.000000 0.020617 0.000000
vt -0.005000 0.023562 0.000000
vt 0.000000 0.023562 0.000000
vt 0.035000 0.000000 0.000000
vt 0.000000 0.004990 0.000000
vt 0.000000 0.000000 0.000000
vt -0.000100 0.004990 0.000000
vt -0.000100 -0.038010 0.000000
vt 0.035000 0.005000 0.000000
vt 0.000000 0.005000 0.000000
vt 0.000000 -0.038010 0.000000
vt 0.000000 0.005000 0.000000
vt 0.000000 0.000000 0.000000
vt 0.035000 0.004990 0.000000
vt 0.035000 0.000000 0.000000
vt 0.035100 0.004990 0.000000
vt 0.035100 -0.038010 0.000000
vt 0.035000 -0.038010 0.000000
vt 0.035000 0.005000 0.000000
vt -0.515000 0.565000 0.000000
vt -0.515000 0.535000 0.000000
vt -0.480000 0.565000 0.000000
vt -0.480000 0.535000 0.000000
vt -0.465000 0.550000 0.000000
vt -0.465288 0.547074 0.000000
vt -0.466142 0.544260 0.000000
vt -0.467528 0.541666 0.000000
vt -0.469393 0.539393 0.000000
vt -0.471666 0.537528 0.000000
vt -0.474260 0.536142 0.000000
vt -0.477074 0.535288 0.000000
vt -0.465288 0.552926 0.000000
vt -0.466142 0.555740 0.000000
vt -0.467528 0.558334 0.000000
vt -0.469393 0.560607 0.000000
vt -0.471666 0.562472 0.000000
vt -0.474260 0.563858 0.000000
vt -0.477074 0.564712 0.000000
vt 0.515000 0.535000 0.000000
vt 0.480000 0.565000 0.000000
vt 0.480000 0.535000 0.000000
vt 0.465000 0.550000 0.000000
vt 0.465288 0.547074 0.000000
vt 0.515000 0.565000 0.000000
vt 0.477074 0.564712 0.000000
vt 0.474260 0.563858 0.000000
vt 0.471666 0.562472 0.000000
vt 0.469393 0.560607 0.000000
vt 0.467528 0.558334 0.000000
vt 0.466142 0.555740 0.000000
vt 0.465288 0.552926 0.000000
vt 0.466142 0.544260 0.000000
vt 0.467528 0.541666 0.000000
vt 0.469393 0.539393 0.000000
vt 0.471666 0.537528 0.000000
vt 0.474260 0.536142 0.000000
vt 0.477074 0.535288 0.000000
vn 0.000000 -1.000000 0.000000
vn 0.000000 -1.000000 0.000000
vn 0.000000 -1.000000 0.000000
vn 0.000000 -1.000000 0.000000
vn -0.000000 1.000000 0.000000
vn -0.000000 1.000000 0.000000
vn -0.000000 1.000000 0.000000
vn -0.000000 1.000000 0.000000
vn -0.000000 -0.000000 -1.000000
vn -0.000000 -0.000000 -1.000000
vn -0.000000 -0.000000 -1.000000
vn -0.000000 -0.000000 -1.000000
vn 0.000000 0.000000 1.000000
vn 0.000000 0.000000 1.000000
vn 0.000000 0.000000 1.000000
vn 0.000000 0.000000 1.000000
vn -0.000000 1.000000 0.000000
vn -0.000000 1.000000 0.000000
vn -0.000000 1.000000 0.000000
vn -0.000000 1.000000 0.000000
vn 1.000000 0.000000 -0.000000
vn 1.000000 0.000000 -0.000000
vn 0.980785 -0.195090 -0.000000
vn 0.980785 -0.195090 -0.000000
vn 0.923880 -0.382683 -0.000000
vn 0.923880 -0.382683 -0.000000
vn 0.831470 -0.555570 -0.000000
vn 0.831470 -0.555570 -0.000000
vn 0.707107 -0.707107 -0.000000
vn 0.707107 -0.707107 -0.000000
vn 0.555570 -0.831470 -0.000000
vn 0.555570 -0.831470 -0.000000
vn 0.382683 -0.923880 -0.000000
vn 0.382683 -0.923880 -0.000000
vn 0.195090 -0.980785 -0.000000
vn 0.195090 -0.980785 -0.000000
vn 0.000000 -1.000000 -0.000000
vn 0.000000 -1.000000 0.000000
vn -0.195090 -0.980785 0.000000
vn -0.195090 -0.980785 0.000000
vn -0.382683 -0.923880 0.000000
vn -0.382683 -0.923880 0.000000
vn -0.555570 -0.831470 0.000000
vn -0.555570 -0.831470 0.000000
vn -0.707107 -0.707107 0.000000
vn -0.707107 -0.707107 0.000000
vn -0.831470 -0.555570 0.000000
vn -0.831470 -0.555570 0.000000
vn -0.923880 -0.382683 0.000000
vn -0.923880 -0.382683 0.000000
vn -0.980785 -0.195090 0.000000
vn -0.980785 -0.195090 0.000000
vn -1.000000 -0.000000 0.000000
vn -1.000000 -0.000000 0.000000
vn 1.000000 0.000000 -0.000000
vn 1.000000 0.000000 -0.000000
vn 1.000000 0.000000 -0.000000
vn 1.000000 0.000000 -0.000000
vn 1.000000 0.000000 -0.000000
vn 1.000000 0.000000 -0.000000
vn -1.000000 -0.000000 0.000000
vn -1.000000 -0.000000 0.000000
vn -1.000000 -0.000000 0.000000
vn -1.000000 -0.000000 0.000000
vn -1.000000 -0.000000 0.000000
vn -1.000000 -0.000000 0.000000
vn 0.000000 0.000000 1.000000
vn 0.000000 0.000000 1.000000
vn 0.000000 0.000000 1.000000
vn 0.000000 0.000000 1.000000
vn 0.000000 0.000000 1.000000
vn 0.000000 0.000000 1.000000
vn 0.000000 0.000000 1.000000
vn 0.000000 0.000000 1.000000
vn 0.000000 0.000000 1.000000
vn 0.000000 0.000000 1.000000
vn 0.000000 0.000000 1.000000
vn 0.000000 0.000000 1.000000
vn 0.000000 0.000000 1.000000
vn 0.000000 0.000000 1.000000
vn 0.000000 0.000000 1.000000
vn 0.000000 0.000000 1.000000
vn 0.000000 0.000000 1.000000
vn 0.000000 0.000000 1.000000
vn 0.000000 0.000000 1.000000
vn -0.000000 -0.000000 -1.000000
vn -0.000000 -0.000000 -1.000000
vn -0.000000 -0.000000 -1.000000
vn -0.000000 -0.000000 -1.000000
vn -0.000000 -0.000000 -1.000000
vn -0.000000 -0.000000 -1.000000
vn -0.000000 -0.000000 -1.000000
vn -0.000000 -0.000000 -1.000000
vn -0.000000 -0.000000 -1.000000
vn -0.000000 -0.000000 -1.000000
vn -0.000000 -0.000000 -1.000000
vn -0.000000 -0.000000 -1.000000
vn -0.000000 -0.000000 -1.000000
vn -0.000000 -0.000000 -1.000000
vn -0.000000 -0.000000 -1.000000
vn -0.000000 -0.000000 -1.000000
vn -0.000000 -0.000000 -1.000000
vn -0.000000 -0.000000 -1.000000
vn -0.000000 -0.000000 -1.000000
f 185/433/417 186/434/418 188/435/419
f 188/435/419 186/434/418 187/436/420
f 189/437/421 190/438/422 192/439/423
f 192/439/423 190/438/422 191/440/424
f 194/441/425 190/442/426 193/443/427
f 193/443/427 190/442/426 189/444/428
f 187/445/429 192/446/430 188/447/431
f 188/447/431 192/446/430 191/448/432
f 194/449/433 193/450/434 196/451/435
f 196/451/435 193/450/434 195/452/436
f 230/453/437 197/454/438 229/455/439
f 229/455/439 197/454/438 198/456/440
f 229/455/439 198/456/440 228/457/441
f 228/457/441 198/456/440 199/458/442
f 228/457/441 199/458/442 227/459/443
f 227/459/443 199/458/442 200/460/444
f 227/459/443 200/460/444 226/461/445
f 226/461/445 200/460/444 201/462/446
f 226/461/445 201/462/446 225/463/447
f 225/463/447 201/462/446 202/464/448
f 225/463/447 202/464/448 224/465/449
f 224/465/449 202/464/448 203/466/450
f 224/465/449 203/466/450 223/467/451
f 223/467/451 203/466/450 204/468/452
f 223/467/451 204/468/452 222/469/453
f 222/469/453 204/468/452 205/470/454
f 222/469/453 205/470/454 221/471/455
f 221/471/455 205/470/454 206/472/456
f 221/471/455 206/472/456 220/473/457
f 220/473/457 206/472/456 207/474/458
f 220/473/457 207/474/458 219/475/459
f 219/475/459 207/474/458 208/476/460
f 219/475/459 208/476/460 218/477/461
f 218/477/461 208/476/460 209/478/462
f 218/477/461 209/478/462 217/479/463
f 217/479/463 209/478/462 210/480/464
f 217/479/463 210/480/464 216/481/465
f 216/481/465 210/480/464 211/482/466
f 216/481/465 211/482/466 215/483/467
f 215/483/467 211/482/466 212/484/468
f 215/483/467 212/484/468 214/485/469
f 214/485/469 212/484/468 213/486/470
f 197/487/438 193/488/471 186/489/472
f 186/489/472 193/488/471 189/490/473
f 186/489/472 189/490/473 192/491/474
f 197/487/438 230/492/437 193/488/471
f 193/488/471 230/492/437 195/493/475
f 192/491/474 187/494/476 186/489/472
f 214/495/469 213/496/470 194/497/477
f 194/497/477 213/496/470 185/498/478
f 194/497/477 185/498/478 190/499/479
f 190/499/479 185/498/478 191/500/480
f 191/500/480 185/498/478 188/501/481
f 194/497/477 196/502/482 214/495/469
f 186/503/483 185/504/484 197/505/485
f 197/505/485 185/504/484 213/506/486
f 197/505/485 213/506/486 205/507/487
f 205/507/487 213/506/486 206/508/488
f 206/508/488 213/506/486 207/509/489
f 207/509/489 213/506/486 208/510/490
f 208/510/490 213/506/486 209/511/491
f 209/511/491 213/506/486 210/512/492
f 210/512/492 213/506/486 211/513/493
f 211/513/493 213/506/486 212/514/494
f 205/507/487 204/515/495 197/505/485
f 197/505/485 204/515/495 203/516/496
f 197/505/485 203/516/496 202/517/497
f 202/517/497 201/518/498 197/505/485
f 197/505/485 201/518/498 200/519/499
f 197/505/485 200/519/499 199/520/500
f 199/520/500 198/521/501 197/505/485
f 196/522/502 230/523/503 214/524/504
f 214/524/504 230/523/503 222/525/505
f 214/524/504 222/525/505 221/526/506
f 196/522/502 195/527/507 230/523/503
f 229/528/508 228/529/509 230/523/503
f 230/523/503 228/529/509 227/530/510
f 230/523/503 227/530/510 226/531/511
f 226/531/511 225/532/512 230/523/503
f 230/523/503 225/532/512 224/533/513
f 230/523/503 224/533/513 223/534/514
f 223/534/514 222/525/505 230/523/503
f 221/526/506 220/535/515 214/524/504
f 214/524/504 220/535/515 219/536/516
f 214/524/504 219/536/516 218/537/517
f 218/537/517 217/538/518 214/524/504
f 214/524/504 217/538/518 216/539/519
f 214/524/504 216/539/519 215/540/520
g ボディ6

v 1.125000 0.470000 0.160240
v 1.155000 0.470000 0.160240
v 1.155000 0.470000 0.198250
v 1.125000 0.470000 0.198250
v 1.155000 0.470100 0.155250
v 1.125000 0.470100 0.155250
v 1.125000 0.470100 0.198250
v 1.155000 0.470100 0.198250
v 1.155000 0.470000 0.155250
v 1.125000 0.470000 0.155250
v 1.155000 0.470000 0.155240
v 1.125000 0.470000 0.155240
v 1.155000 0.435000 0.160240
v 1.154712 0.432074 0.160240
v 1.153858 0.429260 0.160240
v 1.152472 0.426666 0.160240
v 1.150607 0.424393 0.160240
v 1.148334 0.422528 0.160240
v 1.145740 0.421142 0.160240
v 1.142926 0.420288 0.160240
v 1.140000 0.420000 0.160240
v 1.137074 0.420288 0.160240
v 1.134260 0.421142 0.160240
v 1.131666 0.422528 0.160240
v 1.129393 0.424393 0.160240
v 1.127528 0.426666 0.160240
v 1.126142 0.429260 0.160240
v 1.125288 0.432074 0.160240
v 1.125000 0.435000 0.160240
v 1.125000 0.435000 0.155240
v 1.125288 0.432074 0.155240
v 1.126142 0.429260 0.155240
v 1.127528 0.426666 0.155240
v 1.129393 0.424393 0.155240
v 1.131666 0.422528 0.155240
v 1.134260 0.421142 0.155240
v 1.137074 0.420288 0.155240
v 1.140000 0.420000 0.155240
v 1.142926 0.420288 0.155240
v 1.145740 0.421142 0.155240
v 1.148334 0.422528 0.155240
v 1.150607 0.424393 0.155240
v 1.152472 0.426666 0.155240
v 1.153858 0.429260 0.155240
v 1.154712 0.432074 0.155240
v 1.155000 0.435000 0.155240
vt -0.000000 0.004990 0.000000
vt 0.030000 0.004990 0.000000
vt -0.000000 0.043000 0.000000
vt 0.030000 0.043000 0.000000
vt 0.000000 0.000000 0.000000
vt 0.030000 -0.000000 0.000000
vt 0.000000 0.043000 0.000000
vt 0.030000 0.043000 0.000000
vt 0.515000 0.435000 0.000000
vt 0.515100 0.435000 0.000000
vt 0.515000 0.465000 0.000000
vt 0.515100 0.465000 0.000000
vt -0.515000 0.465000 0.000000
vt -0.515100 0.465000 0.000000
vt -0.515000 0.435000 0.000000
vt -0.515100 0.435000 0.000000
vt 0.000000 0.004990 0.000000
vt 0.030000 0.004990 0.000000
vt 0.000000 0.005000 0.000000
vt 0.030000 0.005000 0.000000
vt -0.005000 -0.023562 0.000000
vt -0.000000 -0.023562 0.000000
vt -0.005000 -0.020617 0.000000
vt 0.000000 -0.020617 0.000000
vt -0.005000 -0.017671 0.000000
vt -0.000000 -0.017671 0.000000
vt -0.005000 -0.014726 0.000000
vt -0.000000 -0.014726 0.000000
vt -0.005000 -0.011781 0.000000
vt 0.000000 -0.011781 0.000000
vt -0.005000 -0.008836 0.000000
vt 0.000000 -0.008836 0.000000
vt -0.005000 -0.005890 0.000000
vt -0.000000 -0.005890 0.000000
vt -0.005000 -0.002945 0.000000
vt 0.000000 -0.002945 0.000000
vt -0.005000 0.000000 0.000000
vt -0.000000 0.000000 0.000000
vt -0.005000 0.002945 0.000000
vt -0.000000 0.002945 0.000000
vt -0.005000 0.005890 0.000000
vt 0.000000 0.005890 0.000000
vt -0.005000 0.008836 0.000000
vt -0.000000 0.008836 0.000000
vt -0.005000 0.011781 0.000000
vt -0.000000 0.011781 0.000000
vt -0.005000 0.014726 0.000000
vt 0.000000 0.014726 0.000000
vt -0.005000 0.017671 0.000000
vt 0.000000 0.017671 0.000000
vt -0.005000 0.020617 0.000000
vt -0.000000 0.020617 0.000000
vt -0.005000 0.023562 0.000000
vt -0.000000 0.023562 0.000000
vt 0.035000 0.000000 0.000000
vt 0.000000 0.004990 0.000000
vt 0.000000 0.000000 0.000000
vt -0.000100 0.004990 0.000000
vt -0.000100 -0.038010 0.000000
vt 0.035000 0.005000 0.000000
vt 0.000000 0.005000 0.000000
vt 0.000000 -0.038010 0.000000
vt 0.000000 0.005000 0.000000
vt 0.000000 0.000000 0.000000
vt 0.035000 0.004990 0.000000
vt 0.035000 0.000000 0.000000
vt 0.035100 0.004990 0.000000
vt 0.035100 -0.038010 0.000000
vt 0.035000 -0.038010 0.000000
vt 0.035000 0.005000 0.000000
vt -0.515000 0.465000 0.000000
vt -0.515000 0.435000 0.000000
vt -0.480000 0.465000 0.000000
vt -0.480000 0.435000 0.000000
vt -0.465000 0.450000 0.000000
vt -0.465288 0.447074 0.000000
vt -0.466142 0.444260 0.000000
vt -0.467528 0.441666 0.000000
vt -0.469393 0.439393 0.000000
vt -0.471666 0.437528 0.000000
vt -0.474260 0.436142 0.000000
vt -0.477074 0.435288 0.000000
vt -0.465288 0.452926 0.000000
vt -0.466142 0.455740 0.000000
vt -0.467528 0.458334 0.000000
vt -0.469393 0.460607 0.000000
vt -0.471666 0.462472 0.000000
vt -0.474260 0.463858 0.000000
vt -0.477074 0.464712 0.000000
vt 0.515000 0.435000 0.000000
vt 0.480000 0.465000 0.000000
vt 0.480000 0.435000 0.000000
vt 0.465000 0.450000 0.000000
vt 0.465288 0.447074 0.000000
vt 0.515000 0.465000 0.000000
vt 0.477074 0.464712 0.000000
vt 0.474260 0.463858 0.000000
vt 0.471666 0.462472 0.000000
vt 0.469393 0.460607 0.000000
vt 0.467528 0.458334 0.000000
vt 0.466142 0.455740 0.000000
vt 0.465288 0.452926 0.000000
vt 0.466142 0.444260 0.000000
vt 0.467528 0.441666 0.000000
vt 0.469393 0.439393 0.000000
vt 0.471666 0.437528 0.000000
vt 0.474260 0.436142 0.000000
vt 0.477074 0.435288 0.000000
vn 0.000000 -1.000000 0.000000
vn 0.000000 -1.000000 0.000000
vn 0.000000 -1.000000 0.000000
vn 0.000000 -1.000000 0.000000
vn -0.000000 1.000000 0.000000
vn -0.000000 1.000000 0.000000
vn -0.000000 1.000000 0.000000
vn -0.000000 1.000000 0.000000
vn -0.000000 -0.000000 -1.000000
vn -0.000000 -0.000000 -1.000000
vn -0.000000 -0.000000 -1.000000
vn -0.000000 -0.000000 -1.000000
vn 0.000000 0.000000 1.000000
vn 0.000000 0.000000 1.000000
vn 0.000000 0.000000 1.000000
vn 0.000000 0.000000 1.000000
vn -0.000000 1.000000 0.000000
vn -0.000000 1.000000 0.000000
vn -0.000000 1.000000 0.000000
vn -0.000000 1.000000 0.000000
vn 1.000000 0.000000 -0.000000
vn 1.000000 0.000000 -0.000000
vn 0.980785 -0.195090 -0.000000
vn 0.980785 -0.195090 -0.000000
vn 0.923880 -0.382683 -0.000000
vn 0.923880 -0.382683 -0.000000
vn 0.831470 -0.555570 -0.000000
vn 0.831470 -0.555570 -0.000000
vn 0.707107 -0.707107 -0.000000
vn 0.707107 -0.707107 -0.000000
vn 0.555570 -0.831470 -0.000000
vn 0.555570 -0.831470 -0.000000
vn 0.382683 -0.923880 -0.000000
vn 0.382683 -0.923880 -0.000000
vn 0.195090 -0.980785 -0.000000
vn 0.195090 -0.980785 -0.000000
vn 0.000000 -1.000000 -0.000000
vn 0.000000 -1.000000 0.000000
vn -0.195090 -0.980785 0.000000
vn -0.195090 -0.980785 0.000000
vn -0.382683 -0.923880 0.000000
vn -0.382683 -0.923880 0.000000
vn -0.555570 -0.831470 0.000000
vn -0.555570 -0.831470 0.000000
vn -0.707107 -0.707107 0.000000
vn -0.707107 -0.707107 0.000000
vn -0.831470 -0.555570 0.000000
vn -0.831470 -0.555570 0.000000
vn -0.923880 -0.382683 0.000000
vn -0.923880 -0.382683 0.000000
vn -0.980785 -0.195090 0.000000
vn -0.980785 -0.195090 0.000000
vn -1.000000 -0.000000 0.000000
vn -1.000000 -0.000000 0.000000
vn 1.000000 0.000000 -0.000000
vn 1.000000 0.000000 -0.000000
vn 1.000000 0.000000 -0.000000
vn 1.000000 0.000000 -0.000000
vn 1.000000 0.000000 -0.000000
vn 1.000000 0.000000 -0.000000
vn -1.000000 -0.000000 0.000000
vn -1.000000 -0.000000 0.000000
vn -1.000000 -0.000000 0.000000
vn -1.000000 -0.000000 0.000000
vn -1.000000 -0.000000 0.000000
vn -1.000000 -0.000000 0.000000
vn 0.000000 0.000000 1.000000
vn 0.000000 0.000000 1.000000
vn 0.000000 0.000000 1.000000
vn 0.000000 0.000000 1.000000
vn 0.000000 0.000000 1.000000
vn 0.000000 0.000000 1.000000
vn 0.000000 0.000000 1.000000
vn 0.000000 0.000000 1.000000
vn 0.000000 0.000000 1.000000
vn 0.000000 0.000000 1.000000
vn 0.000000 0.000000 1.000000
vn 0.000000 0.000000 1.000000
vn 0.000000 0.000000 1.000000
vn 0.000000 0.000000 1.000000
vn 0.000000 0.000000 1.000000
vn 0.000000 0.000000 1.000000
vn 0.000000 0.000000 1.000000
vn 0.000000 0.000000 1.000000
vn 0.000000 0.000000 1.000000
vn -0.000000 -0.000000 -1.000000
vn -0.000000 -0.000000 -1.000000
vn -0.000000 -0.000000 -1.000000
vn -0.000000 -0.000000 -1.000000
vn -0.000000 -0.000000 -1.000000
vn -0.000000 -0.000000 -1.000000
vn -0.000000 -0.000000 -1.000000
vn -0.000000 -0.000000 -1.000000
vn -0.000000 -0.000000 -1.000000
vn -0.000000 -0.000000 -1.000000
vn -0.000000 -0.000000 -1.000000
vn -0.000000 -0.000000 -1.000000
vn -0.000000 -0.000000 -1.000000
vn -0.000000 -0.000000 -1.000000
vn -0.000000 -0.000000 -1.000000
vn -0.000000 -0.000000 -1.000000
vn -0.000000 -0.000000 -1.000000
vn -0.000000 -0.000000 -1.000000
vn -0.000000 -0.000000 -1.000000
f 231/541/521 232/542/522 234/543/523
f 234/543/523 232/542/522 233/544/524
f 235/545/525 236/546/526 238/547/527
f 238/547/527 236/546/526 237/548/528
f 240/549/529 236/550/530 239/551/531
f 239/551/531 236/550/530 235/552/532
f 233/553/533 238/554/534 234/555/535
f 234/555/535 238/554/534 237/556/536
f 240/557/537 239/558/538 242/559/539
f 242/559/539 239/558/538 241/560/540
f 276/561/541 243/562/542 275/563/543
f 275/563/543 243/562/542 244/564/544
f 275/563/543 244/564/544 274/565/545
f 274/565/545 244/564/544 245/566/546
f 274/565/545 245/566/546 273/567/547
f 273/567/547 245/566/546 246/568/548
f 273/567/547 246/568/548 272/569/549
f 272/569/549 246/568/548 247/570/550
f 272/569/549 247/570/550 271/571/551
f 271/571/551 247/570/550 248/572/552
f 271/571/551 248/572/552 270/573/553
f 270/573/553 248/572/552 249/574/554
f 270/573/553 249/574/554 269/575/555
f 269/575/555 249/574/554 250/576/556
f 269/575/555 250/576/556 268/577/557
f 268/577/557 250/576/556 251/578/558
f 268/577/557 251/578/558 267/579/559
f 267/579/559 251/578/558 252/580/560
f 267/579/559 252/580/560 266/581/561
f 266/581/561 252/580/560 253/582/562
f 266/581/561 253/582/562 265/583/563
f 265/583/563 253/582/562 254/584/564
f 265/583/563 254/584/564 264/585/565
f 264/585/565 254/584/564 255/586/566
f 264/585/565 255/586/566 263/587/567
f 263/587/567 255/586/566 256/588/568
f 263/587/567 256/588/568 262/589/569
f 262/589/569 256/588/568 257/590/570
f 262/589/569 257/590/570 261/591/571
f 261/591/571 257/590/570 258/592/572
f 261/591/571 258/592/572 260/593/573
f 260/593/573 258/592/572 259/594/574
f 243/595/542 239/596/575 232/597/576
f 232/597/576 239/596/575 235/598/577
f 232/597/576 235/598/577 238/599/578
f 243/595/542 276/600/541 239/596/575
f 239/596/575 276/600/541 241/601/579
f 238/599/578 233/602/580 232/597/576
f 260/603/573 259/604/574 240/605/581
f 240/605/581 259/604/574 231/606/582
f 240/605/581 231/606/582 236/607/583
f 236/607/583 231/606/582 237/608/584
f 237/608/584 231/606/582 234/609/585
f 240/605/581 242/610/586 260/603/573
f 232/611/587 231/612/588 243/613/589
f 243/613/589 231/612/588 259/614/590
f 243/613/589 259/614/590 251/615/591
f 251/615/591 259/614/590 252/616/592
f 252/616/592 259/614/590 253/617/593
f 253/617/593 259/614/590 254/618/594
f 254/618/594 259/614/590 255/619/595
f 255/619/595 259/614/590 256/620/596
f 256/620/596 259/614/590 257/621/597
f 257/621/597 259/614/590 258/622/598
f 251/615/591 250/623/599 243/613/589
f 243/613/589 250/623/599 249/624/600
f 243/613/589 249/624/600 248/625/601
f 248/625/601 247/626/602 243/613/589
f 243/613/589 247/626/602 246/627/603
f 243/613/589 246/627/603 245/628/604
f 245/628/604 244/629/605 243/613/589
f 242/630/606 276/631/607 260/632/608
f 260/632/608 276/631/607 268/633/609
f 260/632/608 268/633/609 267/634/610
f 242/630/606 241/635/611 276/631/607
f 275/636/612 274/637/613 276/631/607
f 276/631/607 274/637/613 273/638/614
f 276/631/607 273/638/614 272/639/615
f 272/639/615 271/640/616 276/631/607
f 276/631/607 271/640/616 270/641/617
f 276/631/607 270/641/617 269/642/618
f 269/642/618 268/633/609 276/631/607
f 267/634/610 266/643/619 260/632/608
f 260/632/608 266/643/619 265/644/620
f 260/632/608 265/644/620 264/645/621
f 264/645/621 263/646/622 260/632/608
f 260/632/608 263/646/622 262/647/623
f 260/632/608 262/647/623 261/648/624
g ボディ7

v 1.025000 0.470000 0.160240
v 1.055000 0.470000 0.160240
v 1.055000 0.470000 0.198250
v 1.025000 0.470000 0.198250
v 1.055000 0.470100 0.155250
v 1.025000 0.470100 0.155250
v 1.025000 0.470100 0.198250
v 1.055000 0.470100 0.198250
v 1.055000 0.470000 0.155250
v 1.025000 0.470000 0.155250
v 1.055000 0.470000 0.155240
v 1.025000 0.470000 0.155240
v 1.055000 0.435000 0.160240
v 1.054712 0.432074 0.160240
v 1.053858 0.429260 0.160240
v 1.052472 0.426666 0.160240
v 1.050607 0.424393 0.160240
v 1.048334 0.422528 0.160240
v 1.045740 0.421142 0.160240
v 1.042926 0.420288 0.160240
v 1.040000 0.420000 0.160240
v 1.037074 0.420288 0.160240
v 1.034260 0.421142 0.160240
v 1.031666 0.422528 0.160240
v 1.029393 0.424393 0.160240
v 1.027528 0.426666 0.160240
v 1.026142 0.429260 0.160240
v 1.025288 0.432074 0.160240
v 1.025000 0.435000 0.160240
v 1.025000 0.435000 0.155240
v 1.025288 0.432074 0.155240
v 1.026142 0.429260 0.155240
v 1.027528 0.426666 0.155240
v 1.029393 0.424393 0.155240
v 1.031666 0.422528 0.155240
v 1.034260 0.421142 0.155240
v 1.037074 0.420288 0.155240
v 1.040000 0.420000 0.155240
v 1.042926 0.420288 0.155240
v 1.045740 0.421142 0.155240
v 1.048334 0.422528 0.155240
v 1.050607 0.424393 0.155240
v 1.052472 0.426666 0.155240
v 1.053858 0.429260 0.155240
v 1.054712 0.432074 0.155240
v 1.055000 0.435000 0.155240
vt -0.000000 0.004990 0.000000
vt 0.030000 0.004990 0.000000
vt -0.000000 0.043000 0.000000
vt 0.030000 0.043000 0.000000
vt 0.000000 0.000000 0.000000
vt 0.030000 0.000000 0.000000
vt 0.000000 0.043000 0.000000
vt 0.030000 0.043000 0.000000
vt 0.515000 0.335000 0.000000
vt 0.515100 0.335000 0.000000
vt 0.515000 0.365000 0.000000
vt 0.515100 0.365000 0.000000
vt -0.515000 0.365000 0.000000
vt -0.515100 0.365000 0.000000
vt -0.515000 0.335000 0.000000
vt -0.515100 0.335000 0.000000
vt 0.000000 0.004990 0.000000
vt 0.030000 0.004990 0.000000
vt 0.000000 0.005000 0.000000
vt 0.030000 0.005000 0.000000
vt -0.005000 -0.023562 0.000000
vt 0.000000 -0.023562 0.000000
vt -0.005000 -0.020617 0.000000
vt 0.000000 -0.020617 0.000000
vt -0.005000 -0.017671 0.000000
vt -0.000000 -0.017671 0.000000
vt -0.005000 -0.014726 0.000000
vt -0.000000 -0.014726 0.000000
vt -0.005000 -0.011781 0.000000
vt 0.000000 -0.011781 0.000000
vt -0.005000 -0.008836 0.000000
vt 0.000000 -0.008836 0.000000
vt -0.005000 -0.005890 0.000000
vt -0.000000 -0.005890 0.000000
vt -0.005000 -0.002945 0.000000
vt 0.000000 -0.002945 0.000000
vt -0.005000 -0.000000 0.000000
vt 0.000000 -0.000000 0.000000
vt -0.005000 0.002945 0.000000
vt -0.000000 0.002945 0.000000
vt -0.005000 0.005890 0.000000
vt 0.000000 0.005890 0.000000
vt -0.005000 0.008836 0.000000
vt -0.000000 0.008836 0.000000
vt -0.005000 0.011781 0.000000
vt -0.000000 0.011781 0.000000
vt -0.005000 0.014726 0.000000
vt 0.000000 0.014726 0.000000
vt -0.005000 0.017671 0.000000
vt 0.000000 0.017671 0.000000
vt -0.005000 0.020617 0.000000
vt -0.000000 0.020617 0.000000
vt -0.005000 0.023562 0.000000
vt -0.000000 0.023562 0.000000
vt 0.035000 0.000000 0.000000
vt 0.000000 0.004990 0.000000
vt 0.000000 0.000000 0.000000
vt -0.000100 0.004990 0.000000
vt -0.000100 -0.038010 0.000000
vt 0.035000 0.005000 0.000000
vt 0.000000 0.005000 0.000000
vt 0.000000 -0.038010 0.000000
vt 0.000000 0.005000 0.000000
vt 0.000000 0.000000 0.000000
vt 0.035000 0.004990 0.000000
vt 0.035000 0.000000 0.000000
vt 0.035100 0.004990 0.000000
vt 0.035100 -0.038010 0.000000
vt 0.035000 -0.038010 0.000000
vt 0.035000 0.005000 0.000000
vt -0.515000 0.365000 0.000000
vt -0.515000 0.335000 0.000000
vt -0.480000 0.365000 0.000000
vt -0.480000 0.335000 0.000000
vt -0.465000 0.350000 0.000000
vt -0.465288 0.347074 0.000000
vt -0.466142 0.344260 0.000000
vt -0.467528 0.341666 0.000000
vt -0.469393 0.339393 0.000000
vt -0.471666 0.337528 0.000000
vt -0.474260 0.336142 0.000000
vt -0.477074 0.335288 0.000000
vt -0.465288 0.352926 0.000000
vt -0.466142 0.355740 0.000000
vt -0.467528 0.358334 0.000000
vt -0.469393 0.360607 0.000000
vt -0.471666 0.362472 0.000000
vt -0.474260 0.363858 0.000000
vt -0.477074 0.364712 0.000000
vt 0.515000 0.335000 0.000000
vt 0.480000 0.365000 0.000000
vt 0.480000 0.335000 0.000000
vt 0.465000 0.350000 0.000000
vt 0.465288 0.347074 0.000000
vt 0.515000 0.365000 0.000000
vt 0.477074 0.364712 0.000000
vt 0.474260 0.363858 0.000000
vt 0.471666 0.362472 0.000000
vt 0.469393 0.360607 0.000000
vt 0.467528 0.358334 0.000000
vt 0.466142 0.355740 0.000000
vt 0.465288 0.352926 0.000000
vt 0.466142 0.344260 0.000000
vt 0.467528 0.341666 0.000000
vt 0.469393 0.339393 0.000000
vt 0.471666 0.337528 0.000000
vt 0.474260 0.336142 0.000000
vt 0.477074 0.335288 0.000000
vn 0.000000 -1.000000 0.000000
vn 0.000000 -1.000000 0.000000
vn 0.000000 -1.000000 0.000000
vn 0.000000 -1.000000 0.000000
vn -0.000000 1.000000 0.000000
vn -0.000000 1.000000 0.000000
vn -0.000000 1.000000 0.000000
vn -0.000000 1.000000 0.000000
vn -0.000000 -0.000000 -1.000000
vn -0.000000 -0.000000 -1.000000
vn -0.000000 -0.000000 -1.000000
vn -0.000000 -0.000000 -1.000000
vn 0.000000 0.000000 1.000000
vn 0.000000 0.000000 1.000000
vn 0.000000 0.000000 1.000000
vn 0.000000 0.000000 1.000000
vn -0.000000 1.000000 0.000000
vn -0.000000 1.000000 0.000000
vn -0.000000 1.000000 0.000000
vn -0.000000 1.000000 0.000000
vn 1.000000 0.000000 -0.000000
vn 1.000000 0.000000 -0.000000
vn 0.980785 -0.195090 -0.000000
vn 0.980785 -0.195090 -0.000000
vn 0.923880 -0.382683 -0.000000
vn 0.923880 -0.382683 -0.000000
vn 0.831470 -0.555570 -0.000000
vn 0.831470 -0.555570 -0.000000
vn 0.707107 -0.707107 -0.000000
vn 0.707107 -0.707107 -0.000000
vn 0.555570 -0.831470 -0.000000
vn 0.555570 -0.831470 -0.000000
vn 0.382683 -0.923880 -0.000000
vn 0.382683 -0.923880 -0.000000
vn 0.195090 -0.980785 -0.000000
vn 0.195090 -0.980785 -0.000000
vn 0.000000 -1.000000 -0.000000
vn 0.000000 -1.000000 -0.000000
vn -0.195090 -0.980785 0.000000
vn -0.195090 -0.980785 0.000000
vn -0.382683 -0.923880 0.000000
vn -0.382683 -0.923880 0.000000
vn -0.555570 -0.831470 0.000000
vn -0.555570 -0.831470 0.000000
vn -0.707107 -0.707107 0.000000
vn -0.707107 -0.707107 0.000000
vn -0.831470 -0.555570 0.000000
vn -0.831470 -0.555570 0.000000
vn -0.923880 -0.382683 0.000000
vn -0.923880 -0.382683 0.000000
vn -0.980785 -0.195090 0.000000
vn -0.980785 -0.195090 0.000000
vn -1.000000 -0.000000 0.000000
vn -1.000000 -0.000000 0.000000
vn 1.000000 0.000000 -0.000000
vn 1.000000 0.000000 -0.000000
vn 1.000000 0.000000 -0.000000
vn 1.000000 0.000000 -0.000000
vn 1.000000 0.000000 -0.000000
vn 1.000000 0.000000 -0.000000
vn -1.000000 -0.000000 0.000000
vn -1.000000 -0.000000 0.000000
vn -1.000000 -0.000000 0.000000
vn -1.000000 -0.000000 0.000000
vn -1.000000 -0.000000 0.000000
vn -1.000000 -0.000000 0.000000
vn 0.000000 0.000000 1.000000
vn 0.000000 0.000000 1.000000
vn 0.000000 0.000000 1.000000
vn 0.000000 0.000000 1.000000
vn 0.000000 0.000000 1.000000
vn 0.000000 0.000000 1.000000
vn 0.000000 0.000000 1.000000
vn 0.000000 0.000000 1.000000
vn 0.000000 0.000000 1.000000
vn 0.000000 0.000000 1.000000
vn 0.000000 0.000000 1.000000
vn 0.000000 0.000000 1.000000
vn 0.000000 0.000000 1.000000
vn 0.000000 0.000000 1.000000
vn 0.000000 0.000000 1.000000
vn 0.000000 0.000000 1.000000
vn 0.000000 0.000000 1.000000
vn 0.000000 0.000000 1.000000
vn 0.000000 0.000000 1.000000
vn -0.000000 -0.000000 -1.000000
vn -0.000000 -0.000000 -1.000000
vn -0.000000 -0.000000 -1.000000
vn -0.000000 -0.000000 -1.000000
vn -0.000000 -0.000000 -1.000000
vn -0.000000 -0.000000 -1.000000
vn -0.000000 -0.000000 -1.000000
vn -0.000000 -0.000000 -1.000000
vn -0.000000 -0.000000 -1.000000
vn -0.000000 -0.000000 -1.000000
vn -0.000000 -0.000000 -1.000000
vn -0.000000 -0.000000 -1.000000
vn -0.000000 -0.000000 -1.000000
vn -0.000000 -0.000000 -1.000000
vn -0.000000 -0.000000 -1.000000
vn -0.000000 -0.000000 -1.000000
vn -0.000000 -0.000000 -1.000000
vn -0.000000 -0.000000 -1.000000
vn -0.000000 -0.000000 -1.000000
f 277/649/625 278/650/626 280/651/627
f 280/651/627 278/650/626 279/652/628
f 281/653/629 282/654/630 284/655/631
f 284/655/631 282/654/630 283/656/632
f 286/657/633 282/658/634 285/659/635
f 285/659/635 282/658/634 281/660/636
f 279/661/637 284/662/638 280/663/639
f 280/663/639 284/662/638 283/664/640
f 286/665/641 285/666/642 288/667/643
f 288/667/643 285/666/642 287/668/644
f 322/669/645 289/670/646 321/671/647
f 321/671/647 289/670/646 290/672/648
f 321/671/647 290/672/648 320/673/649
f 320/673/649 290/672/648 291/674/650
f 320/673/649 291/674/650 319/675/651
f 319/675/651 291/674/650 292/676/652
f 319/675/651 292/676/652 318/677/653
f 318/677/653 292/676/652 293/678/654
f 318/677/653 293/678/654 317/679/655
f 317/679/655 293/678/654 294/680/656
f 317/679/655 294/680/656 316/681/657
f 316/681/657 294/680/656 295/682/658
f 316/681/657 295/682/658 315/683/659
f 315/683/659 295/682/658 296/684/660
f 315/683/659 296/684/660 314/685/661
f 314/685/661 296/684/660 297/686/662
f 314/685/661 297/686/662 313/687/663
f 313/687/663 297/686/662 298/688/664
f 313/687/663 298/688/664 312/689/665
f 312/689/665 298/688/664 299/690/666
f 312/689/665 299/690/666 311/691/667
f 311/691/667 299/690/666 300/692/668
f 311/691/667 300/692/668 310/693/669
f 310/693/669 300/692/668 301/694/670
f 310/693/669 301/694/670 309/695/671
f 309/695/671 301/694/670 302/696/672
f 309/695/671 302/696/672 308/697/673
f 308/697/673 302/696/672 303/698/674
f 308/697/673 303/698/674 307/699/675
f 307/699/675 303/698/674 304/700/676
f 307/699/675 304/700/676 306/701/677
f 306/701/677 304/700/676 305/702/678
f 289/703/646 285/704/679 278/705/680
f 278/705/680 285/704/679 281/706/681
f 278/705/680 281/706/681 284/707/682
f 289/703/646 322/708/645 285/704/679
f 285/704/679 322/708/645 287/709/683
f 284/707/682 279/710/684 278/705/680
f 306/711/677 305/712/678 286/713/685
f 286/713/685 305/712/678 277/714/686
f 286/713/685 277/714/686 282/715/687
f 282/715/687 277/714/686 283/716/688
f 283/716/688 277/714/686 280/717/689
f 286/713/685 288/718/690 306/711/677
f 278/719/691 277/720/692 289/721/693
f 289/721/693 277/720/692 305/722/694
f 289/721/693 305/722/694 297/723/695
f 297/723/695 305/722/694 298/724/696
f 298/724/696 305/722/694 299/725/697
f 299/725/697 305/722/694 300/726/698
f 300/726/698 305/722/694 301/727/699
f 301/727/699 305/722/694 302/728/700
f 302/728/700 305/722/694 303/729/701
f 303/729/701 305/722/694 304/730/702
f 297/723/695 296/731/703 289/721/693
f 289/721/693 296/731/703 295/732/704
f 289/721/693 295/732/704 294/733/705
f 294/733/705 293/734/706 289/721/693
f 289/721/693 293/734/706 292/735/707
f 289/721/693 292/735/707 291/736/708
f 291/736/708 290/737/709 289/721/693
f 288/738/710 322/739/711 306/740/712
f 306/740/712 322/739/711 314/741/713
f 306/740/712 314/741/713 313/742/714
f 288/738/710 287/743/715 322/739/711
f 321/744/716 320/745/717 322/739/711
f 322/739/711 320/745/717 319/746/718
f 322/739/711 319/746/718 318/747/719
f 318/747/719 317/748/720 322/739/711
f 322/739/711 317/748/720 316/749/721
f 322/739/711 316/749/721 315/750/722
f 315/750/722 314/741/713 322/739/711
f 313/742/714 312/751/723 306/740/712
f 306/740/712 312/751/723 311/752/724
f 306/740/712 311/752/724 310/753/725
f 310/753/725 309/754/726 306/740/712
f 306/740/712 309/754/726 308/755/727
f 306/740/712 308/755/727 307/756/728
g ボディ8

v 0.925000 0.470000 0.160240
v 0.955000 0.470000 0.160240
v 0.955000 0.470000 0.198250
v 0.925000 0.470000 0.198250
v 0.955000 0.470100 0.155250
v 0.925000 0.470100 0.155250
v 0.925000 0.470100 0.198250
v 0.955000 0.470100 0.198250
v 0.955000 0.470000 0.155250
v 0.925000 0.470000 0.155250
v 0.955000 0.470000 0.155240
v 0.925000 0.470000 0.155240
v 0.955000 0.435000 0.160240
v 0.954712 0.432074 0.160240
v 0.953858 0.429260 0.160240
v 0.952472 0.426666 0.160240
v 0.950607 0.424393 0.160240
v 0.948334 0.422528 0.160240
v 0.945740 0.421142 0.160240
v 0.942926 0.420288 0.160240
v 0.940000 0.420000 0.160240
v 0.937074 0.420288 0.160240
v 0.934260 0.421142 0.160240
v 0.931666 0.422528 0.160240
v 0.929393 0.424393 0.160240
v 0.927528 0.426666 0.160240
v 0.926142 0.429260 0.160240
v 0.925288 0.432074 0.160240
v 0.925000 0.435000 0.160240
v 0.925000 0.435000 0.155240
v 0.925288 0.432074 0.155240
v 0.926142 0.429260 0.155240
v 0.927528 0.426666 0.155240
v 0.929393 0.424393 0.155240
v 0.931666 0.422528 0.155240
v 0.934260 0.421142 0.155240
v 0.937074 0.420288 0.155240
v 0.940000 0.420000 0.155240
v 0.942926 0.420288 0.155240
v 0.945740 0.421142 0.155240
v 0.948334 0.422528 0.155240
v 0.950607 0.424393 0.155240
v 0.952472 0.426666 0.155240
v 0.953858 0.429260 0.155240
v 0.954712 0.432074 0.155240
v 0.955000 0.435000 0.155240
vt -0.000000 0.004990 0.000000
vt 0.030000 0.004990 0.000000
vt -0.000000 0.043000 0.000000
vt 0.030000 0.043000 0.000000
vt 0.000000 0.000000 0.000000
vt 0.030000 0.000000 0.000000
vt 0.000000 0.043000 0.000000
vt 0.030000 0.043000 0.000000
vt 0.515000 0.235000 0.000000
vt 0.515100 0.235000 0.000000
vt 0.515000 0.265000 0.000000
vt 0.515100 0.265000 0.000000
vt -0.515000 0.265000 0.000000
vt -0.515100 0.265000 0.000000
vt -0.515000 0.235000 0.000000
vt -0.515100 0.235000 0.000000
vt 0.000000 0.004990 0.000000
vt 0.030000 0.004990 0.000000
vt 0.000000 0.005000 0.000000
vt 0.030000 0.005000 0.000000
vt -0.005000 -0.023562 0.000000
vt 0.000000 -0.023562 0.000000
vt -0.005000 -0.020617 0.000000
vt 0.000000 -0.020617 0.000000
vt -0.005000 -0.017671 0.000000
vt -0.000000 -0.017671 0.000000
vt -0.005000 -0.014726 0.000000
vt -0.000000 -0.014726 0.000000
vt -0.005000 -0.011781 0.000000
vt 0.000000 -0.011781 0.000000
vt -0.005000 -0.008836 0.000000
vt 0.000000 -0.008836 0.000000
vt -0.005000 -0.005890 0.000000
vt -0.000000 -0.005890 0.000000
vt -0.005000 -0.002945 0.000000
vt 0.000000 -0.002945 0.000000
vt -0.005000 0.000000 0.000000
vt -0.000000 0.000000 0.000000
vt -0.005000 0.002945 0.000000
vt -0.000000 0.002945 0.000000
vt -0.005000 0.005890 0.000000
vt 0.000000 0.005890 0.000000
vt -0.005000 0.008836 0.000000
vt -0.000000 0.008836 0.000000
vt -0.005000 0.011781 0.000000
vt -0.000000 0.011781 0.000000
vt -0.005000 0.014726 0.000000
vt 0.000000 0.014726 0.000000
vt -0.005000 0.017671 0.000000
vt 0.000000 0.017671 0.000000
vt -0.005000 0.020617 0.000000
vt -0.000000 0.020617 0.000000
vt -0.005000 0.023562 0.000000
vt -0.000000 0.023562 0.000000
vt 0.035000 0.000000 0.000000
vt 0.000000 0.004990 0.000000
vt 0.000000 0.000000 0.000000
vt -0.000100 0.004990 0.000000
vt -0.000100 -0.038010 0.000000
vt 0.035000 0.005000 0.000000
vt 0.000000 0.005000 0.000000
vt 0.000000 -0.038010 0.000000
vt 0.000000 0.005000 0.000000
vt 0.000000 0.000000 0.000000
vt 0.035000 0.004990 0.000000
vt 0.035000 0.000000 0.000000
vt 0.035100 0.004990 0.000000
vt 0.035100 -0.038010 0.000000
vt 0.035000 -0.038010 0.000000
vt 0.035000 0.005000 0.000000
vt -0.515000 0.265000 0.000000
vt -0.515000 0.235000 0.000000
vt -0.480000 0.265000 0.000000
vt -0.480000 0.235000 0.000000
vt -0.465000 0.250000 0.000000
vt -0.465288 0.247074 0.000000
vt -0.466142 0.244260 0.000000
vt -0.467528 0.241666 0.000000
vt -0.469393 0.239393 0.000000
vt -0.471666 0.237528 0.000000
vt -0.474260 0.236142 0.000000
vt -0.477074 0.235288 0.000000
vt -0.465288 0.252926 0.000000
vt -0.466142 0.255740 0.000000
vt -0.467528 0.258334 0.000000
vt -0.469393 0.260607 0.000000
vt -0.471666 0.262472 0.000000
vt -0.474260 0.263858 0.000000
vt -0.477074 0.264712 0.000000
vt 0.515000 0.235000 0.000000
vt 0.480000 0.265000 0.000000
vt 0.480000 0.235000 0.000000
vt 0.465000 0.250000 0.000000
vt 0.465288 0.247074 0.000000
vt 0.515000 0.265000 0.000000
vt 0.477074 0.264712 0.000000
vt 0.474260 0.263858 0.000000
vt 0.471666 0.262472 0.000000
vt 0.469393 0.260607 0.000000
vt 0.467528 0.258334 0.000000
vt 0.466142 0.255740 0.000000
vt 0.465288 0.252926 0.000000
vt 0.466142 0.244260 0.000000
vt 0.467528 0.241666 0.000000
vt 0.469393 0.239393 0.000000
vt 0.471666 0.237528 0.000000
vt 0.474260 0.236142 0.000000
vt 0.477074 0.235288 0.000000
vn 0.000000 -1.000000 0.000000
vn 0.000000 -1.000000 0.000000
vn 0.000000 -1.000000 0.000000
vn 0.000000 -1.000000 0.000000
vn -0.000000 1.000000 0.000000
vn -0.000000 1.000000 0.000000
vn -0.000000 1.000000 0.000000
vn -0.000000 1.000000 0.000000
vn -0.000000 -0.000000 -1.000000
vn -0.000000 -0.000000 -1.000000
vn -0.000000 -0.000000 -1.000000
vn -0.000000 -0.000000 -1.000000
vn 0.000000 0.000000 1.000000
vn 0.000000 0.000000 1.000000
vn 0.000000 0.000000 1.000000
vn 0.000000 0.000000 1.000000
vn -0.000000 1.000000 0.000000
vn -0.000000 1.000000 0.000000
vn -0.000000 1.000000 0.000000
vn -0.000000 1.000000 0.000000
vn 1.000000 0.000000 -0.000000
vn 1.000000 0.000000 -0.000000
vn 0.980785 -0.195090 -0.000000
vn 0.980785 -0.195090 -0.000000
vn 0.923880 -0.382683 -0.000000
vn 0.923880 -0.382683 -0.000000
vn 0.831470 -0.555570 -0.000000
vn 0.831470 -0.555570 -0.000000
vn 0.707107 -0.707107 -0.000000
vn 0.707107 -0.707107 -0.000000
vn 0.555570 -0.831470 -0.000000
vn 0.555570 -0.831470 -0.000000
vn 0.382683 -0.923880 -0.000000
vn 0.382683 -0.923880 -0.000000
vn 0.195090 -0.980785 -0.000000
vn 0.195090 -0.980785 -0.000000
vn 0.000000 -1.000000 -0.000000
vn 0.000000 -1.000000 0.000000
vn -0.195090 -0.980785 0.000000
vn -0.195090 -0.980785 0.000000
vn -0.382683 -0.923880 0.000000
vn -0.382683 -0.923880 0.000000
vn -0.555570 -0.831470 0.000000
vn -0.555570 -0.831470 0.000000
vn -0.707107 -0.707107 0.000000
vn -0.707107 -0.707107 0.000000
vn -0.831470 -0.555570 0.000000
vn -0.831470 -0.555570 0.000000
vn -0.923880 -0.382683 0.000000
vn -0.923880 -0.382683 0.000000
vn -0.980785 -0.195090 0.000000
vn -0.980785 -0.195090 0.000000
vn -1.000000 -0.000000 0.000000
vn -1.000000 -0.000000 0.000000
vn 1.000000 0.000000 -0.000000
vn 1.000000 0.000000 -0.000000
vn 1.000000 0.000000 -0.000000
vn 1.000000 0.000000 -0.000000
vn 1.000000 0.000000 -0.000000
vn 1.000000 0.000000 -0.000000
vn -1.000000 -0.000000 0.000000
vn -1.000000 -0.000000 0.000000
vn -1.000000 -0.000000 0.000000
vn -1.000000 -0.000000 0.000000
vn -1.000000 -0.000000 0.000000
vn -1.000000 -0.000000 0.000000
vn 0.000000 0.000000 1.000000
vn 0.000000 0.000000 1.000000
vn 0.000000 0.000000 1.000000
vn 0.000000 0.000000 1.000000
vn 0.000000 0.000000 1.000000
vn 0.000000 0.000000 1.000000
vn 0.000000 0.000000 1.000000
vn 0.000000 0.000000 1.000000
vn 0.000000 0.000000 1.000000
vn 0.000000 0.000000 1.000000
vn 0.000000 0.000000 1.000000
vn 0.000000 0.000000 1.000000
vn 0.000000 0.000000 1.000000
vn 0.000000 0.000000 1.000000
vn 0.000000 0.000000 1.000000
vn 0.000000 0.000000 1.000000
vn 0.000000 0.000000 1.000000
vn 0.000000 0.000000 1.000000
vn 0.000000 0.000000 1.000000
vn -0.000000 -0.000000 -1.000000
vn -0.000000 -0.000000 -1.000000
vn -0.000000 -0.000000 -1.000000
vn -0.000000 -0.000000 -1.000000
vn -0.000000 -0.000000 -1.000000
vn -0.000000 -0.000000 -1.000000
vn -0.000000 -0.000000 -1.000000
vn -0.000000 -0.000000 -1.000000
vn -0.000000 -0.000000 -1.000000
vn -0.000000 -0.000000 -1.000000
vn -0.000000 -0.000000 -1.000000
vn -0.000000 -0.000000 -1.000000
vn -0.000000 -0.000000 -1.000000
vn -0.000000 -0.000000 -1.000000
vn -0.000000 -0.000000 -1.000000
vn -0.000000 -0.000000 -1.000000
vn -0.000000 -0.000000 -1.000000
vn -0.000000 -0.000000 -1.000000
vn -0.000000 -0.000000 -1.000000
f 323/757/729 324/758/730 326/759/731
f 326/759/731 324/758/730 325/760/732
f 327/761/733 328/762/734 330/763/735
f 330/763/735 328/762/734 329/764/736
f 332/765/737 328/766/738 331/767/739
f 331/767/739 328/766/738 327/768/740
f 325/769/741 330/770/742 326/771/743
f 326/771/743 330/770/742 329/772/744
f 332/773/745 331/774/746 334/775/747
f 334/775/747 331/774/746 333/776/748
f 368/777/749 335/778/750 367/779/751
f 367/779/751 335/778/750 336/780/752
f 367/779/751 336/780/752 366/781/753
f 366/781/753 336/780/752 337/782/754
f 366/781/753 337/782/754 365/783/755
f 365/783/755 337/782/754 338/784/756
f 365/783/755 338/784/756 364/785/757
f 364/785/757 338/784/756 339/786/758
f 364/785/757 339/786/758 363/787/759
f 363/787/759 339/786/758 340/788/760
f 363/787/759 340/788/760 362/789/761
f 362/789/761 340/788/760 341/790/762
f 362/789/761 341/790/762 361/791/763
f 361/791/763 341/790/762 342/792/764
f 361/791/763 342/792/764 360/793/765
f 360/793/765 342/792/764 343/794/766
f 360/793/765 343/794/766 359/795/767
f 359/795/767 343/794/766 344/796/768
f 359/795/767 344/796/768 358/797/769
f 358/797/769 344/796/768 345/798/770
f 358/797/769 345/798/770 357/799/771
f 357/799/771 345/798/770 346/800/772
f 357/799/771 346/800/772 356/801/773
f 356/801/773 346/800/772 347/802/774
f 356/801/773 347/802/774 355/803/775
f 355/803/775 347/802/774 348/804/776
f 355/803/775 348/804/776 354/805/777
f 354/805/777 348/804/776 349/806/778
f 354/805/777 349/806/778 353/807/779
f 353/807/779 349/806/778 350/808/780
f 353/807/779 350/808/780 352/809/781
f 352/809/781 350/808/780 351/810/782
f 335/811/750 331/812/783 324/813/784
f 324/813/784 331/812/783 327/814/785
f 324/813/784 327/814/785 330/815/786
f 335/811/750 368/816/749 331/812/783
f 331/812/783 368/816/749 333/817/787
f 330/815/786 325/818/788 324/813/784
f 352/819/781 351/820/782 332/821/789
f 332/821/789 351/820/782 323/822/790
f 332/821/789 323/822/790 328/823/791
f 328/823/791 323/822/790 329/824/792
f 329/824/792 323/822/790 326/825/793
f 332/821/789 334/826/794 352/819/781
f 324/827/795 323/828/796 335/829/797
f 335/829/797 323/828/796 351/830/798
f 335/829/797 351/830/798 343/831/799
f 343/831/799 351/830/798 344/832/800
f 344/832/800 351/830/798 345/833/801
f 345/833/801 351/830/798 346/834/802
f 346/834/802 351/830/798 347/835/803
f 347/835/803 351/830/798 348/836/804
f 348/836/804 351/830/798 349/837/805
f 349/837/805 351/830/798 350/838/806
f 343/831/799 342/839/807 335/829/797
f 335/829/797 342/839/807 341/840/808
f 335/829/797 341/840/808 340/841/809
f 340/841/809 339/842/810 335/829/797
f 335/829/797 339/842/810 338/843/811
f 335/829/797 338/843/811 337/844/812
f 337/844/812 336/845/813 335/829/797
f 334/846/814 368/847/815 352/848/816
f 352/848/816 368/847/815 360/849/817
f 352/848/816 360/849/817 359/850/818
f 334/846/814 333/851/819 368/847/815
f 367/852/820 366/853/821 368/847/815
f 368/847/815 366/853/821 365/854/822
f 368/847/815 365/854/822 364/855/823
f 364/855/823 363/856/824 368/847/815
f 368/847/815 363/856/824 362/857/825
f 368/847/815 362/857/825 361/858/826
f 361/858/826 360/849/817 368/847/815
f 359/850/818 358/859/827 352/848/816
f 352/848/816 358/859/827 357/860/828
f 352/848/816 357/860/828 356/861/829
f 356/861/829 355/862/830 352/848/816
f 352/848/816 355/862/830 354/863/831
f 352/848/816 354/863/831 353/864/832
g ボディ9

v 0.825000 0.470000 0.160240
v 0.855000 0.470000 0.160240
v 0.855000 0.470000 0.198250
v 0.825000 0.470000 0.198250
v 0.855000 0.470100 0.155250
v 0.825000 0.470100 0.155250
v 0.825000 0.470100 0.198250
v 0.855000 0.470100 0.198250
v 0.855000 0.470000 0.155250
v 0.825000 0.470000 0.155250
v 0.855000 0.470000 0.155240
v 0.825000 0.470000 0.155240
v 0.855000 0.435000 0.160240
v 0.854712 0.432074 0.160240
v 0.853858 0.429260 0.160240
v 0.852472 0.426666 0.160240
v 0.850607 0.424393 0.160240
v 0.848334 0.422528 0.160240
v 0.845740 0.421142 0.160240
v 0.842926 0.420288 0.160240
v 0.840000 0.420000 0.160240
v 0.837074 0.420288 0.160240
v 0.834260 0.421142 0.160240
v 0.831666 0.422528 0.160240
v 0.829393 0.424393 0.160240
v 0.827528 0.426666 0.160240
v 0.826142 0.429260 0.160240
v 0.825288 0.432074 0.160240
v 0.825000 0.435000 0.160240
v 0.825000 0.435000 0.155240
v 0.825288 0.432074 0.155240
v 0.826142 0.429260 0.155240
v 0.827528 0.426666 0.155240
v 0.829393 0.424393 0.155240
v 0.831666 0.422528 0.155240
v 0.834260 0.421142 0.155240
v 0.837074 0.420288 0.155240
v 0.840000 0.420000 0.155240
v 0.842926 0.420288 0.155240
v 0.845740 0.421142 0.155240
v 0.848334 0.422528 0.155240
v 0.850607 0.424393 0.155240
v 0.852472 0.426666 0.155240
v 0.853858 0.429260 0.155240
v 0.854712 0.432074 0.155240
v 0.855000 0.435000 0.155240
vt -0.000000 0.004990 0.000000
vt 0.030000 0.004990 0.000000
vt -0.000000 0.043000 0.000000
vt 0.030000 0.043000 0.000000
vt 0.000000 0.000000 0.000000
vt 0.030000 -0.000000 0.000000
vt 0.000000 0.043000 0.000000
vt 0.030000 0.043000 0.000000
vt 0.515000 0.135000 0.000000
vt 0.515100 0.135000 0.000000
vt 0.515000 0.165000 0.000000
vt 0.515100 0.165000 0.000000
vt -0.515000 0.165000 0.000000
vt -0.515100 0.165000 0.000000
vt -0.515000 0.135000 0.000000
vt -0.515100 0.135000 0.000000
vt 0.000000 0.004990 0.000000
vt 0.030000 0.004990 0.000000
vt 0.000000 0.005000 0.000000
vt 0.030000 0.005000 0.000000
vt -0.005000 -0.023562 0.000000
vt 0.000000 -0.023562 0.000000
vt -0.005000 -0.020617 0.000000
vt 0.000000 -0.020617 0.000000
vt -0.005000 -0.017671 0.000000
vt -0.000000 -0.017671 0.000000
vt -0.005000 -0.014726 0.000000
vt -0.000000 -0.014726 0.000000
vt -0.005000 -0.011781 0.000000
vt 0.000000 -0.011781 0.000000
vt -0.005000 -0.008836 0.000000
vt 0.000000 -0.008836 0.000000
vt -0.005000 -0.005890 0.000000
vt -0.000000 -0.005890 0.000000
vt -0.005000 -0.002945 0.000000
vt 0.000000 -0.002945 0.000000
vt -0.005000 0.000000 0.000000
vt -0.000000 0.000000 0.000000
vt -0.005000 0.002945 0.000000
vt -0.000000 0.002945 0.000000
vt -0.005000 0.005890 0.000000
vt 0.000000 0.005890 0.000000
vt -0.005000 0.008836 0.000000
vt -0.000000 0.008836 0.000000
vt -0.005000 0.011781 0.000000
vt -0.000000 0.011781 0.000000
vt -0.005000 0.014726 0.000000
vt 0.000000 0.014726 0.000000
vt -0.005000 0.017671 0.000000
vt 0.000000 0.017671 0.000000
vt -0.005000 0.020617 0.000000
vt -0.000000 0.020617 0.000000
vt -0.005000 0.023562 0.000000
vt -0.000000 0.023562 0.000000
vt 0.035000 0.000000 0.000000
vt 0.000000 0.004990 0.000000
vt 0.000000 0.000000 0.000000
vt -0.000100 0.004990 0.000000
vt -0.000100 -0.038010 0.000000
vt 0.035000 0.005000 0.000000
vt 0.000000 0.005000 0.000000
vt 0.000000 -0.038010 0.000000
vt 0.000000 0.005000 0.000000
vt 0.000000 0.000000 0.000000
vt 0.035000 0.004990 0.000000
vt 0.035000 0.000000 0.000000
vt 0.035100 0.004990 0.000000
vt 0.035100 -0.038010 0.000000
vt 0.035000 -0.038010 0.000000
vt 0.035000 0.005000 0.000000
vt -0.515000 0.165000 0.000000
vt -0.515000 0.135000 0.000000
vt -0.480000 0.165000 0.000000
vt -0.480000 0.135000 0.000000
vt -0.465000 0.150000 0.000000
vt -0.465288 0.147074 0.000000
vt -0.466142 0.144260 0.000000
vt -0.467528 0.141666 0.000000
vt -0.469393 0.139393 0.000000
vt -0.471666 0.137528 0.000000
vt -0.474260 0.136142 0.000000
vt -0.477074 0.135288 0.000000
vt -0.465288 0.152926 0.000000
vt -0.466142 0.155740 0.000000
vt -0.467528 0.158334 0.000000
vt -0.469393 0.160607 0.000000
vt -0.471666 0.162472 0.000000
vt -0.474260 0.163858 0.000000
vt -0.477074 0.164712 0.000000
vt 0.515000 0.135000 0.000000
vt 0.480000 0.165000 0.000000
vt 0.480000 0.135000 0.000000
vt 0.465000 0.150000 0.000000
vt 0.465288 0.147074 0.000000
vt 0.515000 0.165000 0.000000
vt 0.477074 0.164712 0.000000
vt 0.474260 0.163858 0.000000
vt 0.471666 0.162472 0.000000
vt 0.469393 0.160607 0.000000
vt 0.467528 0.158334 0.000000
vt 0.466142 0.155740 0.000000
vt 0.465288 0.152926 0.000000
vt 0.466142 0.144260 0.000000
vt 0.467528 0.141666 0.000000
vt 0.469393 0.139393 0.000000
vt 0.471666 0.137528 0.000000
vt 0.474260 0.136142 0.000000
vt 0.477074 0.135288 0.000000
vn 0.000000 -1.000000 0.000000
vn 0.000000 -1.000000 0.000000
vn 0.000000 -1.000000 0.000000
vn 0.000000 -1.000000 0.000000
vn -0.000000 1.000000 0.000000
vn -0.000000 1.000000 0.000000
vn -0.000000 1.000000 0.000000
vn -0.000000 1.000000 0.000000
vn -0.000000 -0.000000 -1.000000
vn -0.000000 -0.000000 -1.000000
vn -0.000000 -0.000000 -1.000000
vn -0.000000 -0.000000 -1.000000
vn 0.000000 0.000000 1.000000
vn 0.000000 0.000000 1.000000
vn 0.000000 0.000000 1.000000
vn 0.000000 0.000000 1.000000
vn -0.000000 1.000000 0.000000
vn -0.000000 1.000000 0.000000
vn -0.000000 1.000000 0.000000
vn -0.000000 1.000000 0.000000
vn 1.000000 0.000000 -0.000000
vn 1.000000 0.000000 -0.000000
vn 0.980785 -0.195090 -0.000000
vn 0.980785 -0.195090 -0.000000
vn 0.923880 -0.382683 -0.000000
vn 0.923880 -0.382683 -0.000000
vn 0.831470 -0.555570 -0.000000
vn 0.831470 -0.555570 -0.000000
vn 0.707107 -0.707107 -0.000000
vn 0.707107 -0.707107 -0.000000
vn 0.555570 -0.831470 -0.000000
vn 0.555570 -0.831470 -0.000000
vn 0.382683 -0.923880 -0.000000
vn 0.382683 -0.923880 -0.000000
vn 0.195090 -0.980785 -0.000000
vn 0.195090 -0.980785 -0.000000
vn 0.000000 -1.000000 -0.000000
vn 0.000000 -1.000000 0.000000
vn -0.195090 -0.980785 0.000000
vn -0.195090 -0.980785 0.000000
vn -0.382683 -0.923880 0.000000
vn -0.382683 -0.923880 0.000000
vn -0.555570 -0.831470 0.000000
vn -0.555570 -0.831470 0.000000
vn -0.707107 -0.707107 0.000000
vn -0.707107 -0.707107 0.000000
vn -0.831470 -0.555570 0.000000
vn -0.831470 -0.555570 0.000000
vn -0.923880 -0.382683 0.000000
vn -0.923880 -0.382683 0.000000
vn -0.980785 -0.195090 0.000000
vn -0.980785 -0.195090 0.000000
vn -1.000000 -0.000000 0.000000
vn -1.000000 -0.000000 0.000000
vn 1.000000 0.000000 -0.000000
vn 1.000000 0.000000 -0.000000
vn 1.000000 0.000000 -0.000000
vn 1.000000 0.000000 -0.000000
vn 1.000000 0.000000 -0.000000
vn 1.000000 0.000000 -0.000000
vn -1.000000 -0.000000 0.000000
vn -1.000000 -0.000000 0.000000
vn -1.000000 -0.000000 0.000000
vn -1.000000 -0.000000 0.000000
vn -1.000000 -0.000000 0.000000
vn -1.000000 -0.000000 0.000000
vn 0.000000 0.000000 1.000000
vn 0.000000 0.000000 1.000000
vn 0.000000 0.000000 1.000000
vn 0.000000 0.000000 1.000000
vn 0.000000 0.000000 1.000000
vn 0.000000 0.000000 1.000000
vn 0.000000 0.000000 1.000000
vn 0.000000 0.000000 1.000000
vn 0.000000 0.000000 1.000000
vn 0.000000 0.000000 1.000000
vn 0.000000 0.000000 1.000000
vn 0.000000 0.000000 1.000000
vn 0.000000 0.000000 1.000000
vn 0.000000 0.000000 1.000000
vn 0.000000 0.000000 1.000000
vn 0.000000 0.000000 1.000000
vn 0.000000 0.000000 1.000000
vn 0.000000 0.000000 1.000000
vn 0.000000 0.000000 1.000000
vn -0.000000 -0.000000 -1.000000
vn -0.000000 -0.000000 -1.000000
vn -0.000000 -0.000000 -1.000000
vn -0.000000 -0.000000 -1.000000
vn -0.000000 -0.000000 -1.000000
vn -0.000000 -0.000000 -1.000000
vn -0.000000 -0.000000 -1.000000
vn -0.000000 -0.000000 -1.000000
vn -0.000000 -0.000000 -1.000000
vn -0.000000 -0.000000 -1.000000
vn -0.000000 -0.000000 -1.000000
vn -0.000000 -0.000000 -1.000000
vn -0.000000 -0.000000 -1.000000
vn -0.000000 -0.000000 -1.000000
vn -0.000000 -0.000000 -1.000000
vn -0.000000 -0.000000 -1.000000
vn -0.000000 -0.000000 -1.000000
vn -0.000000 -0.000000 -1.000000
vn -0.000000 -0.000000 -1.000000
f 369/865/833 370/866/834 372/867/835
f 372/867/835 370/866/834 371/868/836
f 373/869/837 374/870/838 376/871/839
f 376/871/839 374/870/838 375/872/840
f 378/873/841 374/874/842 377/875/843
f 377/875/843 374/874/842 373/876/844
f 371/877/845 376/878/846 372/879/847
f 372/879/847 376/878/846 375/880/848
f 378/881/849 377/882/850 380/883/851
f 380/883/851 377/882/850 379/884/852
f 414/885/853 381/886/854 413/887/855
f 413/887/855 381/886/854 382/888/856
f 413/887/855 382/888/856 412/889/857
f 412/889/857 382/888/856 383/890/858
f 412/889/857 383/890/858 411/891/859
f 411/891/859 383/890/858 384/892/860
f 411/891/859 384/892/860 410/893/861
f 410/893/861 384/892/860 385/894/862
f 410/893/861 385/894/862 409/895/863
f 409/895/863 385/894/862 386/896/864
f 409/895/863 386/896/864 408/897/865
f 408/897/865 386/896/864 387/898/866
f 408/897/865 387/898/866 407/899/867
f 407/899/867 387/898/866 388/900/868
f 407/899/867 388/900/868 406/901/869
f 406/901/869 388/900/868 389/902/870
f 406/901/869 389/902/870 405/903/871
f 405/903/871 389/902/870 390/904/872
f 405/903/871 390/904/872 404/905/873
f 404/905/873 390/904/872 391/906/874
f 404/905/873 391/906/874 403/907/875
f 403/907/875 391/906/874 392/908/876
f 403/907/875 392/908/876 402/909/877
f 402/909/877 392/908/876 393/910/878
f 402/909/877 393/910/878 401/911/879
f 401/911/879 393/910/878 394/912/880
f 401/911/879 394/912/880 400/913/881
f 400/913/881 394/912/880 395/914/882
f 400/913/881 395/914/882 399/915/883
f 399/915/883 395/914/882 396/916/884
f 399/915/883 396/916/884 398/917/885
f 398/917/885 396/916/884 397/918/886
f 381/919/854 377/920/887 370/921/888
f 370/921/888 377/920/887 373/922/889
f 370/921/888 373/922/889 376/923/890
f 381/919/854 414/924/853 377/920/887
f 377/920/887 414/924/853 379/925/891
f 376/923/890 371/926/892 370/921/888
f 398/927/885 397/928/886 378/929/893
f 378/929/893 397/928/886 369/930/894
f 378/929/893 369/930/894 374/931/895
f 374/931/895 369/930/894 375/932/896
f 375/932/896 369/930/894 372/933/897
f 378/929/893 380/934/898 398/927/885
f 370/935/899 369/936/900 381/937/901
f 381/937/901 369/936/900 397/938/902
f 381/937/901 397/938/902 389/939/903
f 389/939/903 397/938/902 390/940/904
f 390/940/904 397/938/902 391/941/905
f 391/941/905 397/938/902 392/942/906
f 392/942/906 397/938/902 393/943/907
f 393/943/907 397/938/902 394/944/908
f 394/944/908 397/938/902 395/945/909
f 395/945/909 397/938/902 396/946/910
f 389/939/903 388/947/911 381/937/901
f 381/937/901 388/947/911 387/948/912
f 381/937/901 387/948/912 386/949/913
f 386/949/913 385/950/914 381/937/901
f 381/937/901 385/950/914 384/951/915
f 381/937/901 384/951/915 383/952/916
f 383/952/916 382/953/917 381/937/901
f 380/954/918 414/955/919 398/956/920
f 398/956/920 414/955/919 406/957/921
f 398/956/920 406/957/921 405/958/922
f 380/954/918 379/959/923 414/955/919
f 413/960/924 412/961/925 414/955/919
f 414/955/919 412/961/925 411/962/926
f 414/955/919 411/962/926 410/963/927
f 410/963/927 409/964/928 414/955/919
f 414/955/919 409/964/928 408/965/929
f 414/955/919 408/965/929 407/966/930
f 407/966/930 406/957/921 414/955/919
f 405/958/922 404/967/931 398/956/920
f 398/956/920 404/967/931 403/968/932
f 398/956/920 403/968/932 402/969/933
f 402/969/933 401/970/934 398/956/920
f 398/956/920 401/970/934 400/971/935
f 398/956/920 400/971/935 399/972/936
g ボディ10

v 0.790000 -0.188000 0.365250
v 0.786118 -0.187489 0.365250
v 0.782500 -0.185990 0.365250
v 0.779393 -0.183607 0.365250
v 0.777010 -0.180500 0.365250
v 0.775511 -0.176882 0.365250
v 0.775000 -0.173000 0.365250
v 0.775511 -0.169118 0.365250
v 0.777010 -0.165500 0.365250
v 0.779393 -0.162393 0.365250
v 0.782500 -0.160010 0.365250
v 0.786118 -0.158511 0.365250
v 0.790000 -0.158000 0.365250
v 0.793882 -0.158511 0.365250
v 0.797500 -0.160010 0.365250
v 0.800607 -0.162393 0.365250
v 0.802990 -0.165500 0.365250
v 0.804489 -0.169118 0.365250
v 0.805000 -0.173000 0.365250
v 0.804489 -0.176882 0.365250
v 0.802990 -0.180500 0.365250
v 0.800607 -0.183607 0.365250
v 0.797500 -0.185990 0.365250
v 0.793882 -0.187489 0.365250
v 0.790000 -0.188000 0.370250
v 0.793882 -0.187489 0.370250
v 0.797500 -0.185990 0.370250
v 0.800607 -0.183607 0.370250
v 0.802990 -0.180500 0.370250
v 0.804489 -0.176882 0.370250
v 0.805000 -0.173000 0.370250
v 0.804489 -0.169118 0.370250
v 0.802990 -0.165500 0.370250
v 0.800607 -0.162393 0.370250
v 0.797500 -0.160010 0.370250
v 0.793882 -0.158511 0.370250
v 0.790000 -0.158000 0.370250
v 0.786118 -0.158511 0.370250
v 0.782500 -0.160010 0.370250
v 0.779393 -0.162393 0.370250
v 0.777010 -0.165500 0.370250
v 0.775511 -0.169118 0.370250
v 0.775000 -0.173000 0.370250
v 0.775511 -0.176882 0.370250
v 0.777010 -0.180500 0.370250
v 0.779393 -0.183607 0.370250
v 0.782500 -0.185990 0.370250
v 0.786118 -0.187489 0.370250
v 0.855000 -0.230000 0.160240
v 0.825000 -0.230000 0.160240
v 0.825000 -0.230000 0.160250
v 0.855000 -0.230000 0.160250
v 0.825000 -0.230100 0.155250
v 0.855000 -0.230100 0.155250
v 0.855000 -0.230100 0.198250
v 0.825000 -0.230100 0.198250
v 0.825000 -0.230000 0.155250
v 0.855000 -0.230000 0.155250
v 0.855000 -0.230000 0.198250
v 0.825000 -0.230000 0.198250
v 0.955000 -0.230000 0.160240
v 0.925000 -0.230000 0.160240
v 0.925000 -0.230000 0.160250
v 0.955000 -0.230000 0.160250
v 0.925000 -0.230100 0.155250
v 0.955000 -0.230100 0.155250
v 0.955000 -0.230100 0.198250
v 0.925000 -0.230100 0.198250
v 0.925000 -0.230000 0.155250
v 0.955000 -0.230000 0.155250
v 0.955000 -0.230000 0.198250
v 0.925000 -0.230000 0.198250
v 1.055000 -0.230000 0.160240
v 1.025000 -0.230000 0.160240
v 1.025000 -0.230000 0.160250
v 1.055000 -0.230000 0.160250
v 1.025000 -0.230100 0.155250
v 1.055000 -0.230100 0.155250
v 1.055000 -0.230100 0.198250
v 1.025000 -0.230100 0.198250
v 1.025000 -0.230000 0.155250
v 1.055000 -0.230000 0.155250
v 1.055000 -0.230000 0.198250
v 1.025000 -0.230000 0.198250
v 1.155000 -0.230000 0.160240
v 1.125000 -0.230000 0.160240
v 1.125000 -0.230000 0.160250
v 1.155000 -0.230000 0.160250
v 1.125000 -0.230100 0.155250
v 1.155000 -0.230100 0.155250
v 1.155000 -0.230100 0.198250
v 1.125000 -0.230100 0.198250
v 1.125000 -0.230000 0.155250
v 1.155000 -0.230000 0.155250
v 1.155000 -0.230000 0.198250
v 1.125000 -0.230000 0.198250
v 1.255000 -0.230000 0.160240
v 1.225000 -0.230000 0.160240
v 1.225000 -0.230000 0.160250
v 1.255000 -0.230000 0.160250
v 1.225000 -0.230100 0.155250
v 1.255000 -0.230100 0.155250
v 1.255000 -0.230100 0.198250
v 1.225000 -0.230100 0.198250
v 1.225000 -0.230000 0.155250
v 1.255000 -0.230000 0.155250
v 1.255000 -0.230000 0.198250
v 1.225000 -0.230000 0.198250
v 0.689900 0.285000 0.155250
v 0.689900 0.255000 0.155250
v 0.689900 0.255000 0.198250
v 0.689900 0.285000 0.198250
v 0.690000 0.255000 0.160240
v 0.690000 0.285000 0.160240
v 0.690000 0.285000 0.160250
v 0.690000 0.255000 0.160250
v 0.690000 0.255000 0.155250
v 0.690000 0.285000 0.155250
v 0.690000 0.255000 0.198250
v 0.690000 0.285000 0.198250
v 0.689900 0.185000 0.155250
v 0.689900 0.155000 0.155250
v 0.689900 0.155000 0.198250
v 0.689900 0.185000 0.198250
v 0.690000 0.155000 0.160240
v 0.690000 0.185000 0.160240
v 0.690000 0.185000 0.160250
v 0.690000 0.155000 0.160250
v 0.690000 0.155000 0.155250
v 0.690000 0.185000 0.155250
v 0.690000 0.155000 0.198250
v 0.690000 0.185000 0.198250
v 0.689900 0.085000 0.155250
v 0.689900 0.055000 0.155250
v 0.689900 0.055000 0.198250
v 0.689900 0.085000 0.198250
v 0.690000 0.055000 0.160240
v 0.690000 0.085000 0.160240
v 0.690000 0.085000 0.160250
v 0.690000 0.055000 0.160250
v 0.690000 0.055000 0.155250
v 0.690000 0.085000 0.155250
v 0.690000 0.055000 0.198250
v 0.690000 0.085000 0.198250
v 0.689900 -0.015000 0.155250
v 0.689900 -0.045000 0.155250
v 0.689900 -0.045000 0.198250
v 0.689900 -0.015000 0.198250
v 0.690000 -0.045000 0.160240
v 0.690000 -0.015000 0.160240
v 0.690000 -0.015000 0.160250
v 0.690000 -0.045000 0.160250
v 0.690000 -0.045000 0.155250
v 0.690000 -0.015000 0.155250
v 0.690000 -0.045000 0.198250
v 0.690000 -0.015000 0.198250
v 0.711000 0.448800 0.370250
v 1.368800 0.448800 0.370250
v 1.389800 0.469800 0.349250
v 0.690000 0.469800 0.349250
v 1.368800 -0.209000 0.370250
v 1.389800 -0.230000 0.349250
v 0.711000 -0.209000 0.370250
v 0.690000 -0.230000 0.349250
v 0.690000 -0.230000 0.160250
v 0.690000 0.469800 0.160250
v 1.389800 0.469800 0.160250
v 1.389800 -0.230000 0.160250
v 0.925000 -0.230000 0.155240
v 0.955000 -0.230000 0.155240
v 0.955000 -0.195000 0.160240
v 0.955000 -0.195000 0.155240
v 0.925000 -0.195000 0.160240
v 0.925511 -0.191118 0.160240
v 0.927010 -0.187500 0.160240
v 0.929393 -0.184393 0.160240
v 0.932500 -0.182010 0.160240
v 0.936118 -0.180511 0.160240
v 0.940000 -0.180000 0.160240
v 0.943882 -0.180511 0.160240
v 0.947500 -0.182010 0.160240
v 0.950607 -0.184393 0.160240
v 0.952990 -0.187500 0.160240
v 0.954489 -0.191118 0.160240
v 0.954489 -0.191118 0.155240
v 0.952990 -0.187500 0.155240
v 0.950607 -0.184393 0.155240
v 0.947500 -0.182010 0.155240
v 0.943882 -0.180511 0.155240
v 0.940000 -0.180000 0.155240
v 0.936118 -0.180511 0.155240
v 0.932500 -0.182010 0.155240
v 0.929393 -0.184393 0.155240
v 0.927010 -0.187500 0.155240
v 0.925511 -0.191118 0.155240
v 0.925000 -0.195000 0.155240
v 1.025000 -0.230000 0.155240
v 1.055000 -0.230000 0.155240
v 1.055000 -0.195000 0.160240
v 1.055000 -0.195000 0.155240
v 1.025000 -0.195000 0.160240
v 1.025511 -0.191118 0.160240
v 1.027010 -0.187500 0.160240
v 1.029393 -0.184393 0.160240
v 1.032500 -0.182010 0.160240
v 1.036118 -0.180511 0.160240
v 1.040000 -0.180000 0.160240
v 1.043882 -0.180511 0.160240
v 1.047500 -0.182010 0.160240
v 1.050607 -0.184393 0.160240
v 1.052990 -0.187500 0.160240
v 1.054489 -0.191118 0.160240
v 1.054489 -0.191118 0.155240
v 1.052990 -0.187500 0.155240
v 1.050607 -0.184393 0.155240
v 1.047500 -0.182010 0.155240
v 1.043882 -0.180511 0.155240
v 1.040000 -0.180000 0.155240
v 1.036118 -0.180511 0.155240
v 1.032500 -0.182010 0.155240
v 1.029393 -0.184393 0.155240
v 1.027010 -0.187500 0.155240
v 1.025511 -0.191118 0.155240
v 1.025000 -0.195000 0.155240
v 1.125000 -0.230000 0.155240
v 1.155000 -0.230000 0.155240
v 1.155000 -0.195000 0.160240
v 1.155000 -0.195000 0.155240
v 1.125000 -0.195000 0.160240
v 1.125511 -0.191118 0.160240
v 1.127010 -0.187500 0.160240
v 1.129393 -0.184393 0.160240
v 1.132500 -0.182010 0.160240
v 1.136118 -0.180511 0.160240
v 1.140000 -0.180000 0.160240
v 1.143882 -0.180511 0.160240
v 1.147500 -0.182010 0.160240
v 1.150607 -0.184393 0.160240
v 1.152990 -0.187500 0.160240
v 1.154489 -0.191118 0.160240
v 1.154489 -0.191118 0.155240
v 1.152990 -0.187500 0.155240
v 1.150607 -0.184393 0.155240
v 1.147500 -0.182010 0.155240
v 1.143882 -0.180511 0.155240
v 1.140000 -0.180000 0.155240
v 1.136118 -0.180511 0.155240
v 1.132500 -0.182010 0.155240
v 1.129393 -0.184393 0.155240
v 1.127010 -0.187500 0.155240
v 1.125511 -0.191118 0.155240
v 1.125000 -0.195000 0.155240
v 1.225000 -0.230000 0.155240
v 1.255000 -0.230000 0.155240
v 1.255000 -0.195000 0.160240
v 1.255000 -0.195000 0.155240
v 1.225000 -0.195000 0.160240
v 1.225511 -0.191118 0.160240
v 1.227010 -0.187500 0.160240
v 1.229393 -0.184393 0.160240
v 1.232500 -0.182010 0.160240
v 1.236118 -0.180511 0.160240
v 1.240000 -0.180000 0.160240
v 1.243882 -0.180511 0.160240
v 1.247500 -0.182010 0.160240
v 1.250607 -0.184393 0.160240
v 1.252990 -0.187500 0.160240
v 1.254489 -0.191118 0.160240
v 1.254489 -0.191118 0.155240
v 1.252990 -0.187500 0.155240
v 1.250607 -0.184393 0.155240
v 1.247500 -0.182010 0.155240
v 1.243882 -0.180511 0.155240
v 1.240000 -0.180000 0.155240
v 1.236118 -0.180511 0.155240
v 1.232500 -0.182010 0.155240
v 1.229393 -0.184393 0.155240
v 1.227010 -0.187500 0.155240
v 1.225511 -0.191118 0.155240
v 1.225000 -0.195000 0.155240
v 0.825000 -0.230000 0.155240
v 0.855000 -0.230000 0.155240
v 0.855000 -0.195000 0.160240
v 0.855000 -0.195000 0.155240
v 0.825000 -0.195000 0.160240
v 0.825511 -0.191118 0.160240
v 0.827010 -0.187500 0.160240
v 0.829393 -0.184393 0.160240
v 0.832500 -0.182010 0.160240
v 0.836118 -0.180511 0.160240
v 0.840000 -0.180000 0.160240
v 0.843882 -0.180511 0.160240
v 0.847500 -0.182010 0.160240
v 0.850607 -0.184393 0.160240
v 0.852990 -0.187500 0.160240
v 0.854489 -0.191118 0.160240
v 0.854489 -0.191118 0.155240
v 0.852990 -0.187500 0.155240
v 0.850607 -0.184393 0.155240
v 0.847500 -0.182010 0.155240
v 0.843882 -0.180511 0.155240
v 0.840000 -0.180000 0.155240
v 0.836118 -0.180511 0.155240
v 0.832500 -0.182010 0.155240
v 0.829393 -0.184393 0.155240
v 0.827010 -0.187500 0.155240
v 0.825511 -0.191118 0.155240
v 0.825000 -0.195000 0.155240
v 0.725000 0.285000 0.160240
v 0.728882 0.284489 0.160240
v 0.732500 0.282990 0.160240
v 0.735607 0.280607 0.160240
v 0.737990 0.277500 0.160240
v 0.739489 0.273882 0.160240
v 0.740000 0.270000 0.160240
v 0.739489 0.266118 0.160240
v 0.737990 0.262500 0.160240
v 0.735607 0.259393 0.160240
v 0.732500 0.257010 0.160240
v 0.728882 0.255511 0.160240
v 0.725000 0.255000 0.160240
v 0.725000 0.255000 0.155240
v 0.728882 0.255511 0.155240
v 0.732500 0.257010 0.155240
v 0.735607 0.259393 0.155240
v 0.737990 0.262500 0.155240
v 0.739489 0.266118 0.155240
v 0.740000 0.270000 0.155240
v 0.739489 0.273882 0.155240
v 0.737990 0.277500 0.155240
v 0.735607 0.280607 0.155240
v 0.732500 0.282990 0.155240
v 0.728882 0.284489 0.155240
v 0.725000 0.285000 0.155240
v 0.690000 0.285000 0.155240
v 0.690000 0.255000 0.155240
v 0.725000 0.185000 0.160240
v 0.728882 0.184489 0.160240
v 0.732500 0.182990 0.160240
v 0.735607 0.180607 0.160240
v 0.737990 0.177500 0.160240
v 0.739489 0.173882 0.160240
v 0.740000 0.170000 0.160240
v 0.739489 0.166118 0.160240
v 0.737990 0.162500 0.160240
v 0.735607 0.159393 0.160240
v 0.732500 0.157010 0.160240
v 0.728882 0.155511 0.160240
v 0.725000 0.155000 0.160240
v 0.725000 0.155000 0.155240
v 0.728882 0.155511 0.155240
v 0.732500 0.157010 0.155240
v 0.735607 0.159393 0.155240
v 0.737990 0.162500 0.155240
v 0.739489 0.166118 0.155240
v 0.740000 0.170000 0.155240
v 0.739489 0.173882 0.155240
v 0.737990 0.177500 0.155240
v 0.735607 0.180607 0.155240
v 0.732500 0.182990 0.155240
v 0.728882 0.184489 0.155240
v 0.725000 0.185000 0.155240
v 0.690000 0.185000 0.155240
v 0.690000 0.155000 0.155240
v 0.725000 0.085000 0.160240
v 0.728882 0.084489 0.160240
v 0.732500 0.082990 0.160240
v 0.735607 0.080607 0.160240
v 0.737990 0.077500 0.160240
v 0.739489 0.073882 0.160240
v 0.740000 0.070000 0.160240
v 0.739489 0.066118 0.160240
v 0.737990 0.062500 0.160240
v 0.735607 0.059393 0.160240
v 0.732500 0.057010 0.160240
v 0.728882 0.055511 0.160240
v 0.725000 0.055000 0.160240
v 0.725000 0.055000 0.155240
v 0.728882 0.055511 0.155240
v 0.732500 0.057010 0.155240
v 0.735607 0.059393 0.155240
v 0.737990 0.062500 0.155240
v 0.739489 0.066118 0.155240
v 0.740000 0.070000 0.155240
v 0.739489 0.073882 0.155240
v 0.737990 0.077500 0.155240
v 0.735607 0.080607 0.155240
v 0.732500 0.082990 0.155240
v 0.728882 0.084489 0.155240
v 0.725000 0.085000 0.155240
v 0.690000 0.085000 0.155240
v 0.690000 0.055000 0.155240
v 0.725000 -0.015000 0.160240
v 0.728882 -0.015511 0.160240
v 0.732500 -0.017010 0.160240
v 0.735607 -0.019393 0.160240
v 0.737990 -0.022500 0.160240
v 0.739489 -0.026118 0.160240
v 0.740000 -0.030000 0.160240
v 0.739489 -0.033882 0.160240
v 0.737990 -0.037500 0.160240
v 0.735607 -0.040607 0.160240
v 0.732500 -0.042990 0.160240
v 0.728882 -0.044489 0.160240
v 0.725000 -0.045000 0.160240
v 0.725000 -0.045000 0.155240
v 0.728882 -0.044489 0.155240
v 0.732500 -0.042990 0.155240
v 0.735607 -0.040607 0.155240
v 0.737990 -0.037500 0.155240
v 0.739489 -0.033882 0.155240
v 0.740000 -0.030000 0.155240
v 0.739489 -0.026118 0.155240
v 0.737990 -0.022500 0.155240
v 0.735607 -0.019393 0.155240
v 0.732500 -0.017010 0.155240
v 0.728882 -0.015511 0.155240
v 0.725000 -0.015000 0.155240
v 0.690000 -0.015000 0.155240
v 0.690000 -0.045000 0.155240
vt 0.005000 -0.043197 0.000000
vt 0.000000 -0.043197 0.000000
vt 0.005000 -0.047124 0.000000
vt 0.000000 -0.047124 0.000000
vt 0.005000 0.047124 0.000000
vt 0.000000 0.047124 0.000000
vt 0.005000 0.043197 0.000000
vt -0.000000 0.043197 0.000000
vt 0.005000 0.039270 0.000000
vt -0.000000 0.039270 0.000000
vt 0.005000 0.035343 0.000000
vt -0.000000 0.035343 0.000000
vt 0.005000 0.031416 0.000000
vt -0.000000 0.031416 0.000000
vt 0.005000 0.027489 0.000000
vt -0.000000 0.027489 0.000000
vt 0.005000 0.023562 0.000000
vt -0.000000 0.023562 0.000000
vt 0.005000 0.019635 0.000000
vt -0.000000 0.019635 0.000000
vt 0.005000 0.015708 0.000000
vt -0.000000 0.015708 0.000000
vt 0.005000 0.011781 0.000000
vt -0.000000 0.011781 0.000000
vt 0.005000 0.007854 0.000000
vt -0.000000 0.007854 0.000000
vt 0.005000 0.003927 0.000000
vt -0.000000 0.003927 0.000000
vt 0.005000 0.000000 0.000000
vt 0.000000 0.000000 0.000000
vt 0.005000 -0.003927 0.000000
vt 0.000000 -0.003927 0.000000
vt 0.005000 -0.007854 0.000000
vt 0.000000 -0.007854 0.000000
vt 0.005000 -0.011781 0.000000
vt 0.000000 -0.011781 0.000000
vt 0.005000 -0.015708 0.000000
vt 0.000000 -0.015708 0.000000
vt 0.005000 -0.019635 0.000000
vt 0.000000 -0.019635 0.000000
vt 0.005000 -0.023562 0.000000
vt 0.000000 -0.023562 0.000000
vt 0.005000 -0.027489 0.000000
vt 0.000000 -0.027489 0.000000
vt 0.005000 -0.031416 0.000000
vt 0.000000 -0.031416 0.000000
vt 0.005000 -0.035343 0.000000
vt 0.000000 -0.035343 0.000000
vt 0.005000 -0.039270 0.000000
vt 0.000000 -0.039270 0.000000
vt 0.014489 0.003882 0.000000
vt -0.014489 0.003882 0.000000
vt 0.015000 -0.000000 0.000000
vt -0.015000 0.000000 0.000000
vt 0.014489 -0.003882 0.000000
vt -0.014489 -0.003882 0.000000
vt 0.012990 -0.007500 0.000000
vt -0.012990 -0.007500 0.000000
vt 0.010607 -0.010607 0.000000
vt -0.010607 -0.010607 0.000000
vt 0.007500 -0.012990 0.000000
vt -0.007500 -0.012990 0.000000
vt 0.003882 -0.014489 0.000000
vt -0.003882 -0.014489 0.000000
vt -0.000000 -0.015000 0.000000
vt -0.012990 0.007500 0.000000
vt 0.012990 0.007500 0.000000
vt -0.010607 0.010607 0.000000
vt 0.010607 0.010607 0.000000
vt -0.007500 0.012990 0.000000
vt 0.007500 0.012990 0.000000
vt -0.003882 0.014489 0.000000
vt 0.003882 0.014489 0.000000
vt -0.000000 0.015000 0.000000
vt 0.000000 0.004990 0.000000
vt 0.030000 0.004990 0.000000
vt 0.000000 0.005000 0.000000
vt 0.030000 0.005000 0.000000
vt -0.000000 0.000000 0.000000
vt 0.030000 0.000000 0.000000
vt -0.000000 0.043000 0.000000
vt 0.030000 0.043000 0.000000
vt -0.185000 0.165000 0.000000
vt -0.185100 0.165000 0.000000
vt -0.185000 0.135000 0.000000
vt -0.185100 0.135000 0.000000
vt 0.185000 0.135000 0.000000
vt 0.185100 0.135000 0.000000
vt 0.185000 0.165000 0.000000
vt 0.185100 0.165000 0.000000
vt 0.000000 0.004990 0.000000
vt 0.030000 0.004990 0.000000
vt 0.000000 0.005000 0.000000
vt 0.030000 0.005000 0.000000
vt -0.000000 0.000000 0.000000
vt 0.030000 -0.000000 0.000000
vt -0.000000 0.043000 0.000000
vt 0.030000 0.043000 0.000000
vt -0.185000 0.265000 0.000000
vt -0.185100 0.265000 0.000000
vt -0.185000 0.235000 0.000000
vt -0.185100 0.235000 0.000000
vt 0.185000 0.235000 0.000000
vt 0.185100 0.235000 0.000000
vt 0.185000 0.265000 0.000000
vt 0.185100 0.265000 0.000000
vt 0.000000 0.004990 0.000000
vt 0.030000 0.004990 0.000000
vt 0.000000 0.005000 0.000000
vt 0.030000 0.005000 0.000000
vt -0.000000 0.000000 0.000000
vt 0.030000 -0.000000 0.000000
vt -0.000000 0.043000 0.000000
vt 0.030000 0.043000 0.000000
vt -0.185000 0.365000 0.000000
vt -0.185100 0.365000 0.000000
vt -0.185000 0.335000 0.000000
vt -0.185100 0.335000 0.000000
vt 0.185000 0.335000 0.000000
vt 0.185100 0.335000 0.000000
vt 0.185000 0.365000 0.000000
vt 0.185100 0.365000 0.000000
vt 0.000000 0.004990 0.000000
vt 0.030000 0.004990 0.000000
vt 0.000000 0.005000 0.000000
vt 0.030000 0.005000 0.000000
vt -0.000000 0.000000 0.000000
vt 0.030000 0.000000 0.000000
vt -0.000000 0.043000 0.000000
vt 0.030000 0.043000 0.000000
vt -0.185000 0.465000 0.000000
vt -0.185100 0.465000 0.000000
vt -0.185000 0.435000 0.000000
vt -0.185100 0.435000 0.000000
vt 0.185000 0.435000 0.000000
vt 0.185100 0.435000 0.000000
vt 0.185000 0.465000 0.000000
vt 0.185100 0.465000 0.000000
vt 0.000000 0.004990 0.000000
vt 0.030000 0.004990 0.000000
vt 0.000000 0.005000 0.000000
vt 0.030000 0.005000 0.000000
vt -0.000000 0.000000 0.000000
vt 0.030000 -0.000000 0.000000
vt -0.000000 0.043000 0.000000
vt 0.030000 0.043000 0.000000
vt -0.185000 0.565000 0.000000
vt -0.185100 0.565000 0.000000
vt -0.185000 0.535000 0.000000
vt -0.185100 0.535000 0.000000
vt 0.185000 0.535000 0.000000
vt 0.185100 0.535000 0.000000
vt 0.185000 0.565000 0.000000
vt 0.185100 0.565000 0.000000
vt 0.000000 0.000000 0.000000
vt 0.030000 0.000000 0.000000
vt 0.000000 0.043000 0.000000
vt 0.030000 0.043000 0.000000
vt 0.000000 0.004990 0.000000
vt 0.030000 0.004990 0.000000
vt 0.000000 0.005000 0.000000
vt 0.030000 0.005000 0.000000
vt 0.300000 -0.000100 0.000000
vt 0.330000 -0.000100 0.000000
vt 0.300000 0.000000 0.000000
vt 0.330000 0.000000 0.000000
vt -0.300000 -0.000000 0.000000
vt -0.330000 -0.000000 0.000000
vt -0.300000 -0.000100 0.000000
vt -0.330000 -0.000100 0.000000
vt 0.000000 0.000000 0.000000
vt 0.030000 0.000000 0.000000
vt 0.000000 0.043000 0.000000
vt 0.030000 0.043000 0.000000
vt 0.000000 0.004990 0.000000
vt 0.030000 0.004990 0.000000
vt 0.000000 0.005000 0.000000
vt 0.030000 0.005000 0.000000
vt 0.200000 -0.000100 0.000000
vt 0.230000 -0.000100 0.000000
vt 0.200000 0.000000 0.000000
vt 0.230000 0.000000 0.000000
vt -0.200000 -0.000000 0.000000
vt -0.230000 -0.000000 0.000000
vt -0.200000 -0.000100 0.000000
vt -0.230000 -0.000100 0.000000
vt 0.000000 0.000000 0.000000
vt 0.030000 0.000000 0.000000
vt 0.000000 0.043000 0.000000
vt 0.030000 0.043000 0.000000
vt 0.000000 0.004990 0.000000
vt 0.030000 0.004990 0.000000
vt 0.000000 0.005000 0.000000
vt 0.030000 0.005000 0.000000
vt 0.100000 -0.000100 0.000000
vt 0.130000 -0.000100 0.000000
vt 0.100000 0.000000 0.000000
vt 0.130000 0.000000 0.000000
vt -0.100000 -0.000000 0.000000
vt -0.130000 -0.000000 0.000000
vt -0.100000 -0.000100 0.000000
vt -0.130000 -0.000100 0.000000
vt 0.000000 0.000000 0.000000
vt 0.030000 0.000000 0.000000
vt 0.000000 0.043000 0.000000
vt 0.030000 0.043000 0.000000
vt 0.000000 0.004990 0.000000
vt 0.030000 0.004990 0.000000
vt 0.000000 0.005000 0.000000
vt 0.030000 0.005000 0.000000
vt 0.000000 -0.000100 0.000000
vt 0.030000 -0.000100 0.000000
vt 0.000000 0.000000 0.000000
vt 0.030000 0.000000 0.000000
vt 0.000000 -0.000000 0.000000
vt -0.030000 -0.000000 0.000000
vt 0.000000 -0.000100 0.000000
vt -0.030000 -0.000100 0.000000
vt 0.014849 -0.328900 0.000000
vt 0.014849 0.328900 0.000000
vt -0.014849 -0.349900 0.000000
vt -0.014849 0.349900 0.000000
vt -0.678800 -0.014849 0.000000
vt -0.021000 -0.014849 0.000000
vt -0.699800 0.014849 0.000000
vt -0.000000 0.014849 0.000000
vt -0.014849 0.021000 0.000000
vt 0.014849 0.000000 0.000000
vt -0.014849 0.678800 0.000000
vt 0.014849 0.699800 0.000000
vt -0.349900 -0.014849 0.000000
vt 0.349900 -0.014849 0.000000
vt -0.328900 0.014849 0.000000
vt 0.328900 0.014849 0.000000
vt 0.214800 0.000000 0.000000
vt 0.284800 0.000000 0.000000
vt 0.214800 0.038000 0.000000
vt 0.284800 0.038000 0.000000
vt 0.000000 0.189000 0.000000
vt 0.314800 0.038000 0.000000
vt 0.384800 0.038000 0.000000
vt 0.384800 0.000000 0.000000
vt 0.314800 0.000000 0.000000
vt 0.699800 0.189000 0.000000
vt 0.414800 0.038000 0.000000
vt 0.484800 0.038000 0.000000
vt 0.484800 0.000000 0.000000
vt 0.414800 0.000000 0.000000
vt 0.514800 0.038000 0.000000
vt 0.699800 0.000000 0.000000
vt 0.514800 0.000000 0.000000
vt 0.184800 0.038000 0.000000
vt 0.000000 0.000000 0.000000
vt 0.184800 0.000000 0.000000
vt 0.699800 0.189000 0.000000
vt 0.000000 0.189000 0.000000
vt 0.699800 0.000000 0.000000
vt 0.000000 0.000000 0.000000
vt -0.678800 0.021000 0.000000
vt -0.069990 0.107500 0.000000
vt -0.678800 0.678800 0.000000
vt -0.067607 0.110607 0.000000
vt -0.021000 0.678800 0.000000
vt -0.064500 0.112990 0.000000
vt -0.060882 0.114489 0.000000
vt -0.021000 0.021000 0.000000
vt -0.067607 0.089393 0.000000
vt -0.069990 0.092500 0.000000
vt -0.071489 0.096118 0.000000
vt -0.042511 0.103882 0.000000
vt -0.042000 0.100000 0.000000
vt -0.042511 0.096118 0.000000
vt -0.044010 0.092500 0.000000
vt -0.046393 0.089393 0.000000
vt -0.049500 0.087010 0.000000
vt -0.053118 0.085511 0.000000
vt -0.057000 0.085000 0.000000
vt -0.060882 0.085511 0.000000
vt -0.064500 0.087010 0.000000
vt -0.072000 0.100000 0.000000
vt -0.071489 0.103882 0.000000
vt -0.057000 0.115000 0.000000
vt -0.053118 0.114489 0.000000
vt -0.049500 0.112990 0.000000
vt -0.046393 0.110607 0.000000
vt -0.044010 0.107500 0.000000
vt 0.699800 0.189000 0.000000
vt 0.000000 0.189000 0.000000
vt 0.699800 0.000000 0.000000
vt 0.000000 0.000000 0.000000
vt 0.165000 -0.000000 0.000000
vt 0.235000 -0.000000 0.000000
vt 0.165000 0.038000 0.000000
vt 0.235000 0.038000 0.000000
vt -0.000000 0.189000 0.000000
vt 0.265000 0.038000 0.000000
vt 0.335000 0.038000 0.000000
vt 0.335000 0.000000 0.000000
vt 0.265000 0.000000 0.000000
vt 0.699800 0.189000 0.000000
vt 0.365000 0.038000 0.000000
vt 0.435000 0.038000 0.000000
vt 0.435000 0.000000 0.000000
vt 0.365000 0.000000 0.000000
vt 0.465000 0.038000 0.000000
vt 0.535000 0.038000 0.000000
vt 0.565000 0.038000 0.000000
vt 0.465000 -0.000000 0.000000
vt 0.535000 0.000000 0.000000
vt 0.565000 -0.000000 0.000000
vt 0.699800 -0.000000 0.000000
vt 0.135000 0.038000 0.000000
vt -0.000000 0.000000 0.000000
vt 0.135000 -0.000000 0.000000
vt 0.000000 0.699800 0.000000
vt 0.000000 0.565000 0.000000
vt 0.699800 0.699800 0.000000
vt 0.000000 0.535000 0.000000
vt 0.000000 0.465000 0.000000
vt 0.000000 0.435000 0.000000
vt 0.415000 -0.000000 0.000000
vt 0.485000 -0.000000 0.000000
vt 0.385000 -0.000000 0.000000
vt 0.000000 0.365000 0.000000
vt 0.000000 0.335000 0.000000
vt 0.000000 0.265000 0.000000
vt 0.285000 -0.000000 0.000000
vt 0.315000 -0.000000 0.000000
vt 0.000000 0.235000 0.000000
vt 0.215000 -0.000000 0.000000
vt 0.185000 -0.000000 0.000000
vt 0.000000 0.165000 0.000000
vt 0.000000 0.135000 0.000000
vt -0.000000 -0.000000 0.000000
vt 0.515000 -0.000000 0.000000
vt 0.699800 -0.000000 0.000000
vt -0.000000 0.004990 0.000000
vt 0.030000 0.004990 0.000000
vt -0.000000 0.005000 0.000000
vt 0.030000 0.005000 0.000000
vt 0.000000 0.005000 0.000000
vt 0.000000 0.000000 0.000000
vt 0.035000 0.004990 0.000000
vt 0.035000 0.000000 0.000000
vt 0.035100 0.004990 0.000000
vt 0.035000 -0.000010 0.000000
vt 0.035100 -0.038010 0.000000
vt 0.035000 -0.038010 0.000000
vt 0.035000 0.005000 0.000000
vt -0.005000 -0.023562 0.000000
vt -0.000000 -0.023562 0.000000
vt -0.005000 -0.019635 0.000000
vt -0.000000 -0.019635 0.000000
vt -0.005000 -0.015708 0.000000
vt 0.000000 -0.015708 0.000000
vt -0.005000 -0.011781 0.000000
vt -0.000000 -0.011781 0.000000
vt -0.005000 -0.007854 0.000000
vt -0.000000 -0.007854 0.000000
vt -0.005000 -0.003927 0.000000
vt 0.000000 -0.003927 0.000000
vt -0.005000 0.000000 0.000000
vt -0.000000 0.000000 0.000000
vt -0.005000 0.003927 0.000000
vt -0.000000 0.003927 0.000000
vt -0.005000 0.007854 0.000000
vt 0.000000 0.007854 0.000000
vt -0.005000 0.011781 0.000000
vt 0.000000 0.011781 0.000000
vt -0.005000 0.015708 0.000000
vt -0.000000 0.015708 0.000000
vt -0.005000 0.019635 0.000000
vt 0.000000 0.019635 0.000000
vt -0.005000 0.023562 0.000000
vt 0.000000 0.023562 0.000000
vt 0.035000 0.000000 0.000000
vt 0.000000 0.004990 0.000000
vt 0.000000 0.000000 0.000000
vt -0.000100 0.004990 0.000000
vt 0.000000 -0.000010 0.000000
vt -0.000100 -0.038010 0.000000
vt 0.000000 -0.038010 0.000000
vt 0.035000 0.005000 0.000000
vt 0.000000 0.005000 0.000000
vt 0.185000 0.265000 0.000000
vt 0.150000 0.265000 0.000000
vt 0.185000 0.235000 0.000000
vt 0.150000 0.235000 0.000000
vt 0.135000 0.250000 0.000000
vt 0.135511 0.246118 0.000000
vt 0.146118 0.264489 0.000000
vt 0.142500 0.262990 0.000000
vt 0.139393 0.260607 0.000000
vt 0.137010 0.257500 0.000000
vt 0.135511 0.253882 0.000000
vt 0.137010 0.242500 0.000000
vt 0.139393 0.239393 0.000000
vt 0.142500 0.237010 0.000000
vt 0.146118 0.235511 0.000000
vt -0.185000 0.265000 0.000000
vt -0.185000 0.235000 0.000000
vt -0.150000 0.265000 0.000000
vt -0.150000 0.235000 0.000000
vt -0.135000 0.250000 0.000000
vt -0.135511 0.246118 0.000000
vt -0.137010 0.242500 0.000000
vt -0.139393 0.239393 0.000000
vt -0.142500 0.237010 0.000000
vt -0.146118 0.235511 0.000000
vt -0.135511 0.253882 0.000000
vt -0.137010 0.257500 0.000000
vt -0.139393 0.260607 0.000000
vt -0.142500 0.262990 0.000000
vt -0.146118 0.264489 0.000000
vt -0.000000 0.004990 0.000000
vt 0.030000 0.004990 0.000000
vt -0.000000 0.005000 0.000000
vt 0.030000 0.005000 0.000000
vt 0.000000 0.005000 0.000000
vt 0.000000 0.000000 0.000000
vt 0.035000 0.004990 0.000000
vt 0.035000 0.000000 0.000000
vt 0.035100 0.004990 0.000000
vt 0.035000 -0.000010 0.000000
vt 0.035100 -0.038010 0.000000
vt 0.035000 -0.038010 0.000000
vt 0.035000 0.005000 0.000000
vt -0.005000 -0.023562 0.000000
vt -0.000000 -0.023562 0.000000
vt -0.005000 -0.019635 0.000000
vt -0.000000 -0.019635 0.000000
vt -0.005000 -0.015708 0.000000
vt 0.000000 -0.015708 0.000000
vt -0.005000 -0.011781 0.000000
vt -0.000000 -0.011781 0.000000
vt -0.005000 -0.007854 0.000000
vt -0.000000 -0.007854 0.000000
vt -0.005000 -0.003927 0.000000
vt 0.000000 -0.003927 0.000000
vt -0.005000 0.000000 0.000000
vt -0.000000 0.000000 0.000000
vt -0.005000 0.003927 0.000000
vt -0.000000 0.003927 0.000000
vt -0.005000 0.007854 0.000000
vt 0.000000 0.007854 0.000000
vt -0.005000 0.011781 0.000000
vt 0.000000 0.011781 0.000000
vt -0.005000 0.015708 0.000000
vt -0.000000 0.015708 0.000000
vt -0.005000 0.019635 0.000000
vt 0.000000 0.019635 0.000000
vt -0.005000 0.023562 0.000000
vt 0.000000 0.023562 0.000000
vt 0.035000 0.000000 0.000000
vt 0.000000 0.004990 0.000000
vt 0.000000 0.000000 0.000000
vt -0.000100 0.004990 0.000000
vt 0.000000 -0.000010 0.000000
vt -0.000100 -0.038010 0.000000
vt 0.000000 -0.038010 0.000000
vt 0.035000 0.005000 0.000000
vt 0.000000 0.005000 0.000000
vt 0.185000 0.365000 0.000000
vt 0.150000 0.365000 0.000000
vt 0.185000 0.335000 0.000000
vt 0.150000 0.335000 0.000000
vt 0.135000 0.350000 0.000000
vt 0.135511 0.346118 0.000000
vt 0.146118 0.364489 0.000000
vt 0.142500 0.362990 0.000000
vt 0.139393 0.360607 0.000000
vt 0.137010 0.357500 0.000000
vt 0.135511 0.353882 0.000000
vt 0.137010 0.342500 0.000000
vt 0.139393 0.339393 0.000000
vt 0.142500 0.337010 0.000000
vt 0.146118 0.335511 0.000000
vt -0.185000 0.365000 0.000000
vt -0.185000 0.335000 0.000000
vt -0.150000 0.365000 0.000000
vt -0.150000 0.335000 0.000000
vt -0.135000 0.350000 0.000000
vt -0.135511 0.346118 0.000000
vt -0.137010 0.342500 0.000000
vt -0.139393 0.339393 0.000000
vt -0.142500 0.337010 0.000000
vt -0.146118 0.335511 0.000000
vt -0.135511 0.353882 0.000000
vt -0.137010 0.357500 0.000000
vt -0.139393 0.360607 0.000000
vt -0.142500 0.362990 0.000000
vt -0.146118 0.364489 0.000000
vt -0.000000 0.004990 0.000000
vt 0.030000 0.004990 0.000000
vt -0.000000 0.005000 0.000000
vt 0.030000 0.005000 0.000000
vt 0.000000 0.005000 0.000000
vt 0.000000 0.000000 0.000000
vt 0.035000 0.004990 0.000000
vt 0.035000 0.000000 0.000000
vt 0.035100 0.004990 0.000000
vt 0.035000 -0.000010 0.000000
vt 0.035100 -0.038010 0.000000
vt 0.035000 -0.038010 0.000000
vt 0.035000 0.005000 0.000000
vt -0.005000 -0.023562 0.000000
vt -0.000000 -0.023562 0.000000
vt -0.005000 -0.019635 0.000000
vt -0.000000 -0.019635 0.000000
vt -0.005000 -0.015708 0.000000
vt 0.000000 -0.015708 0.000000
vt -0.005000 -0.011781 0.000000
vt -0.000000 -0.011781 0.000000
vt -0.005000 -0.007854 0.000000
vt -0.000000 -0.007854 0.000000
vt -0.005000 -0.003927 0.000000
vt 0.000000 -0.003927 0.000000
vt -0.005000 0.000000 0.000000
vt -0.000000 0.000000 0.000000
vt -0.005000 0.003927 0.000000
vt -0.000000 0.003927 0.000000
vt -0.005000 0.007854 0.000000
vt 0.000000 0.007854 0.000000
vt -0.005000 0.011781 0.000000
vt 0.000000 0.011781 0.000000
vt -0.005000 0.015708 0.000000
vt -0.000000 0.015708 0.000000
vt -0.005000 0.019635 0.000000
vt 0.000000 0.019635 0.000000
vt -0.005000 0.023562 0.000000
vt -0.000000 0.023562 0.000000
vt 0.035000 0.000000 0.000000
vt 0.000000 0.004990 0.000000
vt 0.000000 0.000000 0.000000
vt -0.000100 0.004990 0.000000
vt 0.000000 -0.000010 0.000000
vt -0.000100 -0.038010 0.000000
vt 0.000000 -0.038010 0.000000
vt 0.035000 0.005000 0.000000
vt 0.000000 0.005000 0.000000
vt 0.185000 0.465000 0.000000
vt 0.150000 0.465000 0.000000
vt 0.185000 0.435000 0.000000
vt 0.150000 0.435000 0.000000
vt 0.135000 0.450000 0.000000
vt 0.135511 0.446118 0.000000
vt 0.146118 0.464489 0.000000
vt 0.142500 0.462990 0.000000
vt 0.139393 0.460607 0.000000
vt 0.137010 0.457500 0.000000
vt 0.135511 0.453882 0.000000
vt 0.137010 0.442500 0.000000
vt 0.139393 0.439393 0.000000
vt 0.142500 0.437010 0.000000
vt 0.146118 0.435511 0.000000
vt -0.185000 0.465000 0.000000
vt -0.185000 0.435000 0.000000
vt -0.150000 0.465000 0.000000
vt -0.150000 0.435000 0.000000
vt -0.135000 0.450000 0.000000
vt -0.135511 0.446118 0.000000
vt -0.137010 0.442500 0.000000
vt -0.139393 0.439393 0.000000
vt -0.142500 0.437010 0.000000
vt -0.146118 0.435511 0.000000
vt -0.135511 0.453882 0.000000
vt -0.137010 0.457500 0.000000
vt -0.139393 0.460607 0.000000
vt -0.142500 0.462990 0.000000
vt -0.146118 0.464489 0.000000
vt -0.000000 0.004990 0.000000
vt 0.030000 0.004990 0.000000
vt -0.000000 0.005000 0.000000
vt 0.030000 0.005000 0.000000
vt 0.000000 0.005000 0.000000
vt 0.000000 0.000000 0.000000
vt 0.035000 0.004990 0.000000
vt 0.035000 0.000000 0.000000
vt 0.035100 0.004990 0.000000
vt 0.035000 -0.000010 0.000000
vt 0.035100 -0.038010 0.000000
vt 0.035000 -0.038010 0.000000
vt 0.035000 0.005000 0.000000
vt -0.005000 -0.023562 0.000000
vt 0.000000 -0.023562 0.000000
vt -0.005000 -0.019635 0.000000
vt -0.000000 -0.019635 0.000000
vt -0.005000 -0.015708 0.000000
vt 0.000000 -0.015708 0.000000
vt -0.005000 -0.011781 0.000000
vt -0.000000 -0.011781 0.000000
vt -0.005000 -0.007854 0.000000
vt -0.000000 -0.007854 0.000000
vt -0.005000 -0.003927 0.000000
vt 0.000000 -0.003927 0.000000
vt -0.005000 0.000000 0.000000
vt -0.000000 0.000000 0.000000
vt -0.005000 0.003927 0.000000
vt -0.000000 0.003927 0.000000
vt -0.005000 0.007854 0.000000
vt 0.000000 0.007854 0.000000
vt -0.005000 0.011781 0.000000
vt 0.000000 0.011781 0.000000
vt -0.005000 0.015708 0.000000
vt -0.000000 0.015708 0.000000
vt -0.005000 0.019635 0.000000
vt 0.000000 0.019635 0.000000
vt -0.005000 0.023562 0.000000
vt 0.000000 0.023562 0.000000
vt 0.035000 0.000000 0.000000
vt 0.000000 0.004990 0.000000
vt 0.000000 0.000000 0.000000
vt -0.000100 0.004990 0.000000
vt 0.000000 -0.000010 0.000000
vt -0.000100 -0.038010 0.000000
vt 0.000000 -0.038010 0.000000
vt 0.035000 0.005000 0.000000
vt 0.000000 0.005000 0.000000
vt 0.185000 0.565000 0.000000
vt 0.150000 0.565000 0.000000
vt 0.185000 0.535000 0.000000
vt 0.150000 0.535000 0.000000
vt 0.135000 0.550000 0.000000
vt 0.135511 0.546118 0.000000
vt 0.146118 0.564489 0.000000
vt 0.142500 0.562990 0.000000
vt 0.139393 0.560607 0.000000
vt 0.137010 0.557500 0.000000
vt 0.135511 0.553882 0.000000
vt 0.137010 0.542500 0.000000
vt 0.139393 0.539393 0.000000
vt 0.142500 0.537010 0.000000
vt 0.146118 0.535511 0.000000
vt -0.185000 0.565000 0.000000
vt -0.185000 0.535000 0.000000
vt -0.150000 0.565000 0.000000
vt -0.150000 0.535000 0.000000
vt -0.135000 0.550000 0.000000
vt -0.135511 0.546118 0.000000
vt -0.137010 0.542500 0.000000
vt -0.139393 0.539393 0.000000
vt -0.142500 0.537010 0.000000
vt -0.146118 0.535511 0.000000
vt -0.135511 0.553882 0.000000
vt -0.137010 0.557500 0.000000
vt -0.139393 0.560607 0.000000
vt -0.142500 0.562990 0.000000
vt -0.146118 0.564489 0.000000
vt -0.000000 0.004990 0.000000
vt 0.030000 0.004990 0.000000
vt -0.000000 0.005000 0.000000
vt 0.030000 0.005000 0.000000
vt 0.000000 0.005000 0.000000
vt 0.000000 0.000000 0.000000
vt 0.035000 0.004990 0.000000
vt 0.035000 0.000000 0.000000
vt 0.035100 0.004990 0.000000
vt 0.035000 -0.000010 0.000000
vt 0.035100 -0.038010 0.000000
vt 0.035000 -0.038010 0.000000
vt 0.035000 0.005000 0.000000
vt -0.005000 -0.023562 0.000000
vt -0.000000 -0.023562 0.000000
vt -0.005000 -0.019635 0.000000
vt -0.000000 -0.019635 0.000000
vt -0.005000 -0.015708 0.000000
vt 0.000000 -0.015708 0.000000
vt -0.005000 -0.011781 0.000000
vt -0.000000 -0.011781 0.000000
vt -0.005000 -0.007854 0.000000
vt -0.000000 -0.007854 0.000000
vt -0.005000 -0.003927 0.000000
vt 0.000000 -0.003927 0.000000
vt -0.005000 0.000000 0.000000
vt -0.000000 0.000000 0.000000
vt -0.005000 0.003927 0.000000
vt -0.000000 0.003927 0.000000
vt -0.005000 0.007854 0.000000
vt 0.000000 0.007854 0.000000
vt -0.005000 0.011781 0.000000
vt 0.000000 0.011781 0.000000
vt -0.005000 0.015708 0.000000
vt -0.000000 0.015708 0.000000
vt -0.005000 0.019635 0.000000
vt 0.000000 0.019635 0.000000
vt -0.005000 0.023562 0.000000
vt 0.000000 0.023562 0.000000
vt 0.035000 0.000000 0.000000
vt 0.000000 0.004990 0.000000
vt 0.000000 0.000000 0.000000
vt -0.000100 0.004990 0.000000
vt 0.000000 -0.000010 0.000000
vt -0.000100 -0.038010 0.000000
vt 0.000000 -0.038010 0.000000
vt 0.035000 0.005000 0.000000
vt 0.000000 0.005000 0.000000
vt 0.185000 0.165000 0.000000
vt 0.150000 0.165000 0.000000
vt 0.185000 0.135000 0.000000
vt 0.150000 0.135000 0.000000
vt 0.135000 0.150000 0.000000
vt 0.135511 0.146118 0.000000
vt 0.146118 0.164489 0.000000
vt 0.142500 0.162990 0.000000
vt 0.139393 0.160607 0.000000
vt 0.137010 0.157500 0.000000
vt 0.135511 0.153882 0.000000
vt 0.137010 0.142500 0.000000
vt 0.139393 0.139393 0.000000
vt 0.142500 0.137010 0.000000
vt 0.146118 0.135511 0.000000
vt -0.185000 0.165000 0.000000
vt -0.185000 0.135000 0.000000
vt -0.150000 0.165000 0.000000
vt -0.150000 0.135000 0.000000
vt -0.135000 0.150000 0.000000
vt -0.135511 0.146118 0.000000
vt -0.137010 0.142500 0.000000
vt -0.139393 0.139393 0.000000
vt -0.142500 0.137010 0.000000
vt -0.146118 0.135511 0.000000
vt -0.135511 0.153882 0.000000
vt -0.137010 0.157500 0.000000
vt -0.139393 0.160607 0.000000
vt -0.142500 0.162990 0.000000
vt -0.146118 0.164489 0.000000
vt -0.005000 0.000000 0.000000
vt -0.000000 0.000000 0.000000
vt -0.005000 0.003927 0.000000
vt -0.000000 0.003927 0.000000
vt -0.005000 0.007854 0.000000
vt 0.000000 0.007854 0.000000
vt -0.005000 0.011781 0.000000
vt 0.000000 0.011781 0.000000
vt -0.005000 0.015708 0.000000
vt -0.000000 0.015708 0.000000
vt -0.005000 0.019635 0.000000
vt 0.000000 0.019635 0.000000
vt -0.005000 0.023562 0.000000
vt 0.000000 0.023562 0.000000
vt -0.005000 0.027489 0.000000
vt 0.000000 0.027489 0.000000
vt -0.005000 0.031416 0.000000
vt -0.000000 0.031416 0.000000
vt -0.005000 0.035343 0.000000
vt 0.000000 0.035343 0.000000
vt -0.005000 0.039270 0.000000
vt 0.000000 0.039270 0.000000
vt -0.005000 0.043197 0.000000
vt -0.000000 0.043197 0.000000
vt -0.005000 0.047124 0.000000
vt -0.000000 0.047124 0.000000
vt 0.035000 -0.000000 0.000000
vt 0.000000 0.004990 0.000000
vt 0.000000 0.000000 0.000000
vt -0.000100 0.004990 0.000000
vt -0.000000 -0.000010 0.000000
vt -0.000100 -0.038010 0.000000
vt -0.000000 -0.038010 0.000000
vt 0.035000 0.005000 0.000000
vt 0.000000 0.005000 0.000000
vt 0.000000 0.004990 0.000000
vt 0.030000 0.004990 0.000000
vt 0.000000 0.005000 0.000000
vt 0.030000 0.005000 0.000000
vt -0.000000 0.005000 0.000000
vt 0.000000 0.000000 0.000000
vt 0.035000 0.004990 0.000000
vt 0.035000 0.000000 0.000000
vt 0.035100 0.004990 0.000000
vt 0.035000 -0.000010 0.000000
vt 0.035100 -0.038010 0.000000
vt 0.035000 -0.038010 0.000000
vt 0.035000 0.005000 0.000000
vt -0.330000 -0.000000 0.000000
vt -0.300000 -0.000000 0.000000
vt -0.330000 0.035000 0.000000
vt -0.300000 0.035000 0.000000
vt -0.315000 0.050000 0.000000
vt -0.311118 0.049489 0.000000
vt -0.307500 0.047990 0.000000
vt -0.304393 0.045607 0.000000
vt -0.302010 0.042500 0.000000
vt -0.300511 0.038882 0.000000
vt -0.318882 0.049489 0.000000
vt -0.322500 0.047990 0.000000
vt -0.325607 0.045607 0.000000
vt -0.327990 0.042500 0.000000
vt -0.329489 0.038882 0.000000
vt 0.300000 -0.000000 0.000000
vt 0.330000 -0.000000 0.000000
vt 0.300000 0.035000 0.000000
vt 0.330000 0.035000 0.000000
vt 0.315000 0.050000 0.000000
vt 0.318882 0.049489 0.000000
vt 0.322500 0.047990 0.000000
vt 0.325607 0.045607 0.000000
vt 0.327990 0.042500 0.000000
vt 0.329489 0.038882 0.000000
vt 0.311118 0.049489 0.000000
vt 0.307500 0.047990 0.000000
vt 0.304393 0.045607 0.000000
vt 0.302010 0.042500 0.000000
vt 0.300511 0.038882 0.000000
vt -0.005000 0.000000 0.000000
vt -0.000000 0.000000 0.000000
vt -0.005000 0.003927 0.000000
vt -0.000000 0.003927 0.000000
vt -0.005000 0.007854 0.000000
vt 0.000000 0.007854 0.000000
vt -0.005000 0.011781 0.000000
vt 0.000000 0.011781 0.000000
vt -0.005000 0.015708 0.000000
vt -0.000000 0.015708 0.000000
vt -0.005000 0.019635 0.000000
vt 0.000000 0.019635 0.000000
vt -0.005000 0.023562 0.000000
vt 0.000000 0.023562 0.000000
vt -0.005000 0.027489 0.000000
vt 0.000000 0.027489 0.000000
vt -0.005000 0.031416 0.000000
vt -0.000000 0.031416 0.000000
vt -0.005000 0.035343 0.000000
vt 0.000000 0.035343 0.000000
vt -0.005000 0.039270 0.000000
vt 0.000000 0.039270 0.000000
vt -0.005000 0.043197 0.000000
vt -0.000000 0.043197 0.000000
vt -0.005000 0.047124 0.000000
vt -0.000000 0.047124 0.000000
vt 0.035000 -0.000000 0.000000
vt 0.000000 0.004990 0.000000
vt 0.000000 0.000000 0.000000
vt -0.000100 0.004990 0.000000
vt -0.000000 -0.000010 0.000000
vt -0.000100 -0.038010 0.000000
vt -0.000000 -0.038010 0.000000
vt 0.035000 0.005000 0.000000
vt 0.000000 0.005000 0.000000
vt 0.000000 0.004990 0.000000
vt 0.030000 0.004990 0.000000
vt 0.000000 0.005000 0.000000
vt 0.030000 0.005000 0.000000
vt -0.000000 0.005000 0.000000
vt 0.000000 0.000000 0.000000
vt 0.035000 0.004990 0.000000
vt 0.035000 0.000000 0.000000
vt 0.035100 0.004990 0.000000
vt 0.035000 -0.000010 0.000000
vt 0.035100 -0.038010 0.000000
vt 0.035000 -0.038010 0.000000
vt 0.035000 0.005000 0.000000
vt -0.230000 -0.000000 0.000000
vt -0.200000 -0.000000 0.000000
vt -0.230000 0.035000 0.000000
vt -0.200000 0.035000 0.000000
vt -0.215000 0.050000 0.000000
vt -0.211118 0.049489 0.000000
vt -0.207500 0.047990 0.000000
vt -0.204393 0.045607 0.000000
vt -0.202010 0.042500 0.000000
vt -0.200511 0.038882 0.000000
vt -0.218882 0.049489 0.000000
vt -0.222500 0.047990 0.000000
vt -0.225607 0.045607 0.000000
vt -0.227990 0.042500 0.000000
vt -0.229489 0.038882 0.000000
vt 0.200000 -0.000000 0.000000
vt 0.230000 -0.000000 0.000000
vt 0.200000 0.035000 0.000000
vt 0.230000 0.035000 0.000000
vt 0.215000 0.050000 0.000000
vt 0.218882 0.049489 0.000000
vt 0.222500 0.047990 0.000000
vt 0.225607 0.045607 0.000000
vt 0.227990 0.042500 0.000000
vt 0.229489 0.038882 0.000000
vt 0.211118 0.049489 0.000000
vt 0.207500 0.047990 0.000000
vt 0.204393 0.045607 0.000000
vt 0.202010 0.042500 0.000000
vt 0.200511 0.038882 0.000000
vt -0.005000 0.000000 0.000000
vt -0.000000 0.000000 0.000000
vt -0.005000 0.003927 0.000000
vt -0.000000 0.003927 0.000000
vt -0.005000 0.007854 0.000000
vt 0.000000 0.007854 0.000000
vt -0.005000 0.011781 0.000000
vt 0.000000 0.011781 0.000000
vt -0.005000 0.015708 0.000000
vt -0.000000 0.015708 0.000000
vt -0.005000 0.019635 0.000000
vt 0.000000 0.019635 0.000000
vt -0.005000 0.023562 0.000000
vt 0.000000 0.023562 0.000000
vt -0.005000 0.027489 0.000000
vt 0.000000 0.027489 0.000000
vt -0.005000 0.031416 0.000000
vt -0.000000 0.031416 0.000000
vt -0.005000 0.035343 0.000000
vt 0.000000 0.035343 0.000000
vt -0.005000 0.039270 0.000000
vt 0.000000 0.039270 0.000000
vt -0.005000 0.043197 0.000000
vt -0.000000 0.043197 0.000000
vt -0.005000 0.047124 0.000000
vt -0.000000 0.047124 0.000000
vt 0.035000 -0.000000 0.000000
vt 0.000000 0.004990 0.000000
vt 0.000000 0.000000 0.000000
vt -0.000100 0.004990 0.000000
vt -0.000000 -0.000010 0.000000
vt -0.000100 -0.038010 0.000000
vt -0.000000 -0.038010 0.000000
vt 0.035000 0.005000 0.000000
vt 0.000000 0.005000 0.000000
vt 0.000000 0.004990 0.000000
vt 0.030000 0.004990 0.000000
vt 0.000000 0.005000 0.000000
vt 0.030000 0.005000 0.000000
vt -0.000000 0.005000 0.000000
vt 0.000000 0.000000 0.000000
vt 0.035000 0.004990 0.000000
vt 0.035000 0.000000 0.000000
vt 0.035100 0.004990 0.000000
vt 0.035000 -0.000010 0.000000
vt 0.035100 -0.038010 0.000000
vt 0.035000 -0.038010 0.000000
vt 0.035000 0.005000 0.000000
vt -0.130000 -0.000000 0.000000
vt -0.100000 -0.000000 0.000000
vt -0.130000 0.035000 0.000000
vt -0.100000 0.035000 0.000000
vt -0.115000 0.050000 0.000000
vt -0.111118 0.049489 0.000000
vt -0.107500 0.047990 0.000000
vt -0.104393 0.045607 0.000000
vt -0.102010 0.042500 0.000000
vt -0.100511 0.038882 0.000000
vt -0.118882 0.049489 0.000000
vt -0.122500 0.047990 0.000000
vt -0.125607 0.045607 0.000000
vt -0.127990 0.042500 0.000000
vt -0.129489 0.038882 0.000000
vt 0.100000 -0.000000 0.000000
vt 0.130000 -0.000000 0.000000
vt 0.100000 0.035000 0.000000
vt 0.130000 0.035000 0.000000
vt 0.115000 0.050000 0.000000
vt 0.118882 0.049489 0.000000
vt 0.122500 0.047990 0.000000
vt 0.125607 0.045607 0.000000
vt 0.127990 0.042500 0.000000
vt 0.129489 0.038882 0.000000
vt 0.111118 0.049489 0.000000
vt 0.107500 0.047990 0.000000
vt 0.104393 0.045607 0.000000
vt 0.102010 0.042500 0.000000
vt 0.100511 0.038882 0.000000
vt -0.005000 0.000000 0.000000
vt -0.000000 0.000000 0.000000
vt -0.005000 0.003927 0.000000
vt -0.000000 0.003927 0.000000
vt -0.005000 0.007854 0.000000
vt 0.000000 0.007854 0.000000
vt -0.005000 0.011781 0.000000
vt 0.000000 0.011781 0.000000
vt -0.005000 0.015708 0.000000
vt -0.000000 0.015708 0.000000
vt -0.005000 0.019635 0.000000
vt 0.000000 0.019635 0.000000
vt -0.005000 0.023562 0.000000
vt 0.000000 0.023562 0.000000
vt -0.005000 0.027489 0.000000
vt 0.000000 0.027489 0.000000
vt -0.005000 0.031416 0.000000
vt -0.000000 0.031416 0.000000
vt -0.005000 0.035343 0.000000
vt 0.000000 0.035343 0.000000
vt -0.005000 0.039270 0.000000
vt 0.000000 0.039270 0.000000
vt -0.005000 0.043197 0.000000
vt -0.000000 0.043197 0.000000
vt -0.005000 0.047124 0.000000
vt -0.000000 0.047124 0.000000
vt 0.035000 -0.000000 0.000000
vt 0.000000 0.004990 0.000000
vt 0.000000 0.000000 0.000000
vt -0.000100 0.004990 0.000000
vt -0.000000 -0.000010 0.000000
vt -0.000100 -0.038010 0.000000
vt -0.000000 -0.038010 0.000000
vt 0.035000 0.005000 0.000000
vt 0.000000 0.005000 0.000000
vt 0.000000 0.004990 0.000000
vt 0.030000 0.004990 0.000000
vt 0.000000 0.005000 0.000000
vt 0.030000 0.005000 0.000000
vt -0.000000 0.005000 0.000000
vt 0.000000 0.000000 0.000000
vt 0.035000 0.004990 0.000000
vt 0.035000 0.000000 0.000000
vt 0.035100 0.004990 0.000000
vt 0.035000 -0.000010 0.000000
vt 0.035100 -0.038010 0.000000
vt 0.035000 -0.038010 0.000000
vt 0.035000 0.005000 0.000000
vt -0.030000 -0.000000 0.000000
vt 0.000000 -0.000000 0.000000
vt -0.030000 0.035000 0.000000
vt 0.000000 0.035000 0.000000
vt -0.015000 0.050000 0.000000
vt -0.011118 0.049489 0.000000
vt -0.007500 0.047990 0.000000
vt -0.004393 0.045607 0.000000
vt -0.002010 0.042500 0.000000
vt -0.000511 0.038882 0.000000
vt -0.018882 0.049489 0.000000
vt -0.022500 0.047990 0.000000
vt -0.025607 0.045607 0.000000
vt -0.027990 0.042500 0.000000
vt -0.029489 0.038882 0.000000
vt -0.000000 -0.000000 0.000000
vt 0.030000 -0.000000 0.000000
vt 0.000000 0.035000 0.000000
vt 0.030000 0.035000 0.000000
vt 0.015000 0.050000 0.000000
vt 0.018882 0.049489 0.000000
vt 0.022500 0.047990 0.000000
vt 0.025607 0.045607 0.000000
vt 0.027990 0.042500 0.000000
vt 0.029489 0.038882 0.000000
vt 0.011118 0.049489 0.000000
vt 0.007500 0.047990 0.000000
vt 0.004393 0.045607 0.000000
vt 0.002010 0.042500 0.000000
vt 0.000511 0.038882 0.000000
vn 0.258819 0.965926 -0.000000
vn 0.258819 0.965926 -0.000000
vn -0.000000 1.000000 -0.000000
vn -0.000000 1.000000 -0.000000
vn -0.258819 0.965926 0.000000
vn -0.258819 0.965926 0.000000
vn -0.500000 0.866025 0.000000
vn -0.500000 0.866025 0.000000
vn -0.707107 0.707107 0.000000
vn -0.707107 0.707107 0.000000
vn -0.866025 0.500000 0.000000
vn -0.866025 0.500000 0.000000
vn -0.965926 0.258819 0.000000
vn -0.965926 0.258819 0.000000
vn -1.000000 -0.000000 0.000000
vn -1.000000 -0.000000 0.000000
vn -0.965926 -0.258819 0.000000
vn -0.965926 -0.258819 0.000000
vn -0.866025 -0.500000 0.000000
vn -0.866025 -0.500000 0.000000
vn -0.707107 -0.707107 0.000000
vn -0.707107 -0.707107 0.000000
vn -0.500000 -0.866025 0.000000
vn -0.500000 -0.866025 0.000000
vn -0.258819 -0.965926 0.000000
vn -0.258819 -0.965926 0.000000
vn 0.000000 -1.000000 0.000000
vn 0.000000 -1.000000 0.000000
vn 0.258819 -0.965926 -0.000000
vn 0.258819 -0.965926 -0.000000
vn 0.500000 -0.866025 -0.000000
vn 0.500000 -0.866025 -0.000000
vn 0.707107 -0.707107 -0.000000
vn 0.707107 -0.707107 -0.000000
vn 0.866025 -0.500000 -0.000000
vn 0.866025 -0.500000 -0.000000
vn 0.965926 -0.258819 -0.000000
vn 0.965926 -0.258819 -0.000000
vn 1.000000 0.000000 -0.000000
vn 1.000000 0.000000 -0.000000
vn 0.965926 0.258819 -0.000000
vn 0.965926 0.258819 -0.000000
vn 0.866025 0.500000 -0.000000
vn 0.866025 0.500000 -0.000000
vn 0.707107 0.707107 -0.000000
vn 0.707107 0.707107 -0.000000
vn 0.500000 0.866025 -0.000000
vn 0.500000 0.866025 -0.000000
vn 0.000000 0.000000 1.000000
vn 0.000000 0.000000 1.000000
vn 0.000000 0.000000 1.000000
vn 0.000000 0.000000 1.000000
vn 0.000000 0.000000 1.000000
vn 0.000000 0.000000 1.000000
vn 0.000000 0.000000 1.000000
vn 0.000000 0.000000 1.000000
vn 0.000000 0.000000 1.000000
vn 0.000000 0.000000 1.000000
vn 0.000000 0.000000 1.000000
vn 0.000000 0.000000 1.000000
vn 0.000000 0.000000 1.000000
vn 0.000000 0.000000 1.000000
vn 0.000000 0.000000 1.000000
vn 0.000000 0.000000 1.000000
vn 0.000000 0.000000 1.000000
vn 0.000000 0.000000 1.000000
vn 0.000000 0.000000 1.000000
vn 0.000000 0.000000 1.000000
vn 0.000000 0.000000 1.000000
vn 0.000000 0.000000 1.000000
vn 0.000000 0.000000 1.000000
vn 0.000000 0.000000 1.000000
vn -0.000000 1.000000 0.000000
vn -0.000000 1.000000 0.000000
vn -0.000000 1.000000 0.000000
vn -0.000000 1.000000 0.000000
vn 0.000000 -1.000000 0.000000
vn 0.000000 -1.000000 0.000000
vn 0.000000 -1.000000 0.000000
vn 0.000000 -1.000000 0.000000
vn -0.000000 -0.000000 -1.000000
vn -0.000000 -0.000000 -1.000000
vn -0.000000 -0.000000 -1.000000
vn -0.000000 -0.000000 -1.000000
vn 0.000000 0.000000 1.000000
vn 0.000000 0.000000 1.000000
vn 0.000000 0.000000 1.000000
vn 0.000000 0.000000 1.000000
vn -0.000000 1.000000 0.000000
vn -0.000000 1.000000 0.000000
vn -0.000000 1.000000 0.000000
vn -0.000000 1.000000 0.000000
vn 0.000000 -1.000000 0.000000
vn 0.000000 -1.000000 0.000000
vn 0.000000 -1.000000 0.000000
vn 0.000000 -1.000000 0.000000
vn -0.000000 -0.000000 -1.000000
vn -0.000000 -0.000000 -1.000000
vn -0.000000 -0.000000 -1.000000
vn -0.000000 -0.000000 -1.000000
vn 0.000000 0.000000 1.000000
vn 0.000000 0.000000 1.000000
vn 0.000000 0.000000 1.000000
vn 0.000000 0.000000 1.000000
vn -0.000000 1.000000 0.000000
vn -0.000000 1.000000 0.000000
vn -0.000000 1.000000 0.000000
vn -0.000000 1.000000 0.000000
vn 0.000000 -1.000000 0.000000
vn 0.000000 -1.000000 0.000000
vn 0.000000 -1.000000 0.000000
vn 0.000000 -1.000000 0.000000
vn -0.000000 -0.000000 -1.000000
vn -0.000000 -0.000000 -1.000000
vn -0.000000 -0.000000 -1.000000
vn -0.000000 -0.000000 -1.000000
vn 0.000000 0.000000 1.000000
vn 0.000000 0.000000 1.000000
vn 0.000000 0.000000 1.000000
vn 0.000000 0.000000 1.000000
vn -0.000000 1.000000 0.000000
vn -0.000000 1.000000 0.000000
vn -0.000000 1.000000 0.000000
vn -0.000000 1.000000 0.000000
vn 0.000000 -1.000000 0.000000
vn 0.000000 -1.000000 0.000000
vn 0.000000 -1.000000 0.000000
vn 0.000000 -1.000000 0.000000
vn -0.000000 -0.000000 -1.000000
vn -0.000000 -0.000000 -1.000000
vn -0.000000 -0.000000 -1.000000
vn -0.000000 -0.000000 -1.000000
vn 0.000000 0.000000 1.000000
vn 0.000000 0.000000 1.000000
vn 0.000000 0.000000 1.000000
vn 0.000000 0.000000 1.000000
vn -0.000000 1.000000 0.000000
vn -0.000000 1.000000 0.000000
vn -0.000000 1.000000 0.000000
vn -0.000000 1.000000 0.000000
vn 0.000000 -1.000000 0.000000
vn 0.000000 -1.000000 0.000000
vn 0.000000 -1.000000 0.000000
vn 0.000000 -1.000000 0.000000
vn -0.000000 -0.000000 -1.000000
vn -0.000000 -0.000000 -1.000000
vn -0.000000 -0.000000 -1.000000
vn -0.000000 -0.000000 -1.000000
vn 0.000000 0.000000 1.000000
vn 0.000000 0.000000 1.000000
vn 0.000000 0.000000 1.000000
vn 0.000000 0.000000 1.000000
vn -1.000000 -0.000000 0.000000
vn -1.000000 -0.000000 0.000000
vn -1.000000 -0.000000 0.000000
vn -1.000000 -0.000000 0.000000
vn 1.000000 0.000000 -0.000000
vn 1.000000 0.000000 -0.000000
vn 1.000000 0.000000 -0.000000
vn 1.000000 0.000000 -0.000000
vn -0.000000 -0.000000 -1.000000
vn -0.000000 -0.000000 -1.000000
vn -0.000000 -0.000000 -1.000000
vn -0.000000 -0.000000 -1.000000
vn 0.000000 0.000000 1.000000
vn 0.000000 0.000000 1.000000
vn 0.000000 0.000000 1.000000
vn 0.000000 0.000000 1.000000
vn -1.000000 -0.000000 0.000000
vn -1.000000 -0.000000 0.000000
vn -1.000000 -0.000000 0.000000
vn -1.000000 -0.000000 0.000000
vn 1.000000 0.000000 -0.000000
vn 1.000000 0.000000 -0.000000
vn 1.000000 0.000000 -0.000000
vn 1.000000 0.000000 -0.000000
vn -0.000000 -0.000000 -1.000000
vn -0.000000 -0.000000 -1.000000
vn -0.000000 -0.000000 -1.000000
vn -0.000000 -0.000000 -1.000000
vn 0.000000 0.000000 1.000000
vn 0.000000 0.000000 1.000000
vn 0.000000 0.000000 1.000000
vn 0.000000 0.000000 1.000000
vn -1.000000 -0.000000 0.000000
vn -1.000000 -0.000000 0.000000
vn -1.000000 -0.000000 0.000000
vn -1.000000 -0.000000 0.000000
vn 1.000000 0.000000 -0.000000
vn 1.000000 0.000000 -0.000000
vn 1.000000 0.000000 -0.000000
vn 1.000000 0.000000 -0.000000
vn -0.000000 -0.000000 -1.000000
vn -0.000000 -0.000000 -1.000000
vn -0.000000 -0.000000 -1.000000
vn -0.000000 -0.000000 -1.000000
vn 0.000000 0.000000 1.000000
vn 0.000000 0.000000 1.000000
vn 0.000000 0.000000 1.000000
vn 0.000000 0.000000 1.000000
vn -1.000000 -0.000000 0.000000
vn -1.000000 -0.000000 0.000000
vn -1.000000 -0.000000 0.000000
vn -1.000000 -0.000000 0.000000
vn 1.000000 0.000000 -0.000000
vn 1.000000 0.000000 -0.000000
vn 1.000000 0.000000 -0.000000
vn 1.000000 0.000000 -0.000000
vn -0.000000 -0.000000 -1.000000
vn -0.000000 -0.000000 -1.000000
vn -0.000000 -0.000000 -1.000000
vn -0.000000 -0.000000 -1.000000
vn 0.000000 0.000000 1.000000
vn 0.000000 0.000000 1.000000
vn 0.000000 0.000000 1.000000
vn 0.000000 0.000000 1.000000
vn -0.000000 0.707107 0.707107
vn -0.000000 0.707107 0.707107
vn -0.000000 0.707107 0.707107
vn -0.000000 0.707107 0.707107
vn 0.707107 0.000000 0.707107
vn 0.707107 0.000000 0.707107
vn 0.707107 0.000000 0.707107
vn 0.707107 0.000000 0.707107
vn 0.000000 -0.707107 0.707107
vn 0.000000 -0.707107 0.707107
vn 0.000000 -0.707107 0.707107
vn 0.000000 -0.707107 0.707107
vn -0.707107 -0.000000 0.707107
vn -0.707107 -0.000000 0.707107
vn -0.707107 -0.000000 0.707107
vn -0.707107 -0.000000 0.707107
vn -1.000000 -0.000000 0.000000
vn -1.000000 -0.000000 0.000000
vn -1.000000 -0.000000 0.000000
vn -1.000000 -0.000000 0.000000
vn -1.000000 -0.000000 0.000000
vn -1.000000 -0.000000 0.000000
vn -1.000000 -0.000000 0.000000
vn -1.000000 -0.000000 0.000000
vn -1.000000 -0.000000 0.000000
vn -1.000000 -0.000000 0.000000
vn -1.000000 -0.000000 0.000000
vn -1.000000 -0.000000 0.000000
vn -1.000000 -0.000000 0.000000
vn -1.000000 -0.000000 0.000000
vn -1.000000 -0.000000 0.000000
vn -1.000000 -0.000000 0.000000
vn -1.000000 -0.000000 0.000000
vn -1.000000 -0.000000 0.000000
vn -1.000000 -0.000000 0.000000
vn -1.000000 -0.000000 0.000000
vn -0.000000 1.000000 0.000000
vn -0.000000 1.000000 0.000000
vn -0.000000 1.000000 0.000000
vn -0.000000 1.000000 0.000000
vn 0.000000 0.000000 1.000000
vn 0.000000 0.000000 1.000000
vn 0.000000 0.000000 1.000000
vn 0.000000 0.000000 1.000000
vn 0.000000 0.000000 1.000000
vn 0.000000 0.000000 1.000000
vn 0.000000 0.000000 1.000000
vn 0.000000 0.000000 1.000000
vn 0.000000 0.000000 1.000000
vn 0.000000 0.000000 1.000000
vn 0.000000 0.000000 1.000000
vn 0.000000 0.000000 1.000000
vn 0.000000 0.000000 1.000000
vn 0.000000 0.000000 1.000000
vn 0.000000 0.000000 1.000000
vn 0.000000 0.000000 1.000000
vn 0.000000 0.000000 1.000000
vn 0.000000 0.000000 1.000000
vn 0.000000 0.000000 1.000000
vn 0.000000 0.000000 1.000000
vn 0.000000 0.000000 1.000000
vn 0.000000 0.000000 1.000000
vn 0.000000 0.000000 1.000000
vn 0.000000 0.000000 1.000000
vn 0.000000 0.000000 1.000000
vn 0.000000 0.000000 1.000000
vn 0.000000 0.000000 1.000000
vn 0.000000 0.000000 1.000000
vn 1.000000 0.000000 -0.000000
vn 1.000000 0.000000 -0.000000
vn 1.000000 0.000000 -0.000000
vn 1.000000 0.000000 -0.000000
vn 0.000000 -1.000000 0.000000
vn 0.000000 -1.000000 0.000000
vn 0.000000 -1.000000 0.000000
vn 0.000000 -1.000000 0.000000
vn 0.000000 -1.000000 0.000000
vn 0.000000 -1.000000 0.000000
vn 0.000000 -1.000000 0.000000
vn 0.000000 -1.000000 0.000000
vn 0.000000 -1.000000 0.000000
vn 0.000000 -1.000000 0.000000
vn 0.000000 -1.000000 0.000000
vn 0.000000 -1.000000 0.000000
vn 0.000000 -1.000000 0.000000
vn 0.000000 -1.000000 0.000000
vn 0.000000 -1.000000 0.000000
vn 0.000000 -1.000000 0.000000
vn 0.000000 -1.000000 0.000000
vn 0.000000 -1.000000 0.000000
vn 0.000000 -1.000000 0.000000
vn 0.000000 -1.000000 0.000000
vn 0.000000 -1.000000 0.000000
vn 0.000000 -1.000000 0.000000
vn 0.000000 -1.000000 0.000000
vn 0.000000 -1.000000 0.000000
vn -0.000000 -0.000000 -1.000000
vn -0.000000 -0.000000 -1.000000
vn -0.000000 -0.000000 -1.000000
vn -0.000000 -0.000000 -1.000000
vn -0.000000 -0.000000 -1.000000
vn -0.000000 -0.000000 -1.000000
vn -0.000000 -0.000000 -1.000000
vn -0.000000 -0.000000 -1.000000
vn -0.000000 -0.000000 -1.000000
vn -0.000000 -0.000000 -1.000000
vn -0.000000 -0.000000 -1.000000
vn -0.000000 -0.000000 -1.000000
vn -0.000000 -0.000000 -1.000000
vn -0.000000 -0.000000 -1.000000
vn -0.000000 -0.000000 -1.000000
vn -0.000000 -0.000000 -1.000000
vn -0.000000 -0.000000 -1.000000
vn -0.000000 -0.000000 -1.000000
vn -0.000000 -0.000000 -1.000000
vn -0.000000 -0.000000 -1.000000
vn -0.000000 -0.000000 -1.000000
vn -0.000000 -0.000000 -1.000000
vn 0.000000 -1.000000 0.000000
vn 0.000000 -1.000000 0.000000
vn 0.000000 -1.000000 0.000000
vn 0.000000 -1.000000 0.000000
vn 1.000000 0.000000 -0.000000
vn 1.000000 0.000000 -0.000000
vn 1.000000 0.000000 -0.000000
vn 1.000000 0.000000 -0.000000
vn 1.000000 0.000000 -0.000000
vn 1.000000 0.000000 -0.000000
vn 1.000000 0.000000 -0.000000
vn 1.000000 0.000000 -0.000000
vn 1.000000 0.000000 -0.000000
vn -1.000000 -0.000000 0.000000
vn -1.000000 -0.000000 0.000000
vn -0.965926 0.258819 0.000000
vn -0.965926 0.258819 0.000000
vn -0.866025 0.500000 0.000000
vn -0.866025 0.500000 0.000000
vn -0.707107 0.707107 0.000000
vn -0.707107 0.707107 0.000000
vn -0.500000 0.866025 0.000000
vn -0.500000 0.866025 0.000000
vn -0.258819 0.965926 0.000000
vn -0.258819 0.965926 0.000000
vn -0.000000 1.000000 -0.000000
vn -0.000000 1.000000 0.000000
vn 0.258819 0.965926 -0.000000
vn 0.258819 0.965926 -0.000000
vn 0.500000 0.866025 -0.000000
vn 0.500000 0.866025 -0.000000
vn 0.707107 0.707107 -0.000000
vn 0.707107 0.707107 -0.000000
vn 0.866025 0.500000 -0.000000
vn 0.866025 0.500000 -0.000000
vn 0.965926 0.258819 -0.000000
vn 0.965926 0.258819 -0.000000
vn -1.000000 -0.000000 0.000000
vn -1.000000 -0.000000 0.000000
vn -1.000000 -0.000000 0.000000
vn -1.000000 -0.000000 0.000000
vn -1.000000 -0.000000 0.000000
vn -1.000000 -0.000000 0.000000
vn -1.000000 -0.000000 0.000000
vn 0.000000 0.000000 1.000000
vn 0.000000 0.000000 1.000000
vn 0.000000 0.000000 1.000000
vn 0.000000 0.000000 1.000000
vn 0.000000 0.000000 1.000000
vn 0.000000 0.000000 1.000000
vn 0.000000 0.000000 1.000000
vn 0.000000 0.000000 1.000000
vn 0.000000 0.000000 1.000000
vn 0.000000 0.000000 1.000000
vn 0.000000 0.000000 1.000000
vn 0.000000 0.000000 1.000000
vn 0.000000 0.000000 1.000000
vn 0.000000 0.000000 1.000000
vn 0.000000 0.000000 1.000000
vn -0.000000 -0.000000 -1.000000
vn -0.000000 -0.000000 -1.000000
vn -0.000000 -0.000000 -1.000000
vn -0.000000 -0.000000 -1.000000
vn -0.000000 -0.000000 -1.000000
vn -0.000000 -0.000000 -1.000000
vn -0.000000 -0.000000 -1.000000
vn -0.000000 -0.000000 -1.000000
vn -0.000000 -0.000000 -1.000000
vn -0.000000 -0.000000 -1.000000
vn -0.000000 -0.000000 -1.000000
vn -0.000000 -0.000000 -1.000000
vn -0.000000 -0.000000 -1.000000
vn -0.000000 -0.000000 -1.000000
vn -0.000000 -0.000000 -1.000000
vn 0.000000 -1.000000 0.000000
vn 0.000000 -1.000000 0.000000
vn 0.000000 -1.000000 0.000000
vn 0.000000 -1.000000 0.000000
vn 1.000000 0.000000 -0.000000
vn 1.000000 0.000000 -0.000000
vn 1.000000 0.000000 -0.000000
vn 1.000000 0.000000 -0.000000
vn 1.000000 0.000000 -0.000000
vn 1.000000 0.000000 -0.000000
vn 1.000000 0.000000 -0.000000
vn 1.000000 0.000000 -0.000000
vn 1.000000 0.000000 -0.000000
vn -1.000000 -0.000000 0.000000
vn -1.000000 -0.000000 0.000000
vn -0.965926 0.258819 0.000000
vn -0.965926 0.258819 0.000000
vn -0.866025 0.500000 0.000000
vn -0.866025 0.500000 0.000000
vn -0.707107 0.707107 0.000000
vn -0.707107 0.707107 0.000000
vn -0.500000 0.866025 0.000000
vn -0.500000 0.866025 0.000000
vn -0.258819 0.965926 0.000000
vn -0.258819 0.965926 0.000000
vn -0.000000 1.000000 -0.000000
vn -0.000000 1.000000 0.000000
vn 0.258819 0.965926 -0.000000
vn 0.258819 0.965926 -0.000000
vn 0.500000 0.866025 -0.000000
vn 0.500000 0.866025 -0.000000
vn 0.707107 0.707107 -0.000000
vn 0.707107 0.707107 -0.000000
vn 0.866025 0.500000 -0.000000
vn 0.866025 0.500000 -0.000000
vn 0.965926 0.258819 -0.000000
vn 0.965926 0.258819 -0.000000
vn -1.000000 -0.000000 0.000000
vn -1.000000 -0.000000 0.000000
vn -1.000000 -0.000000 0.000000
vn -1.000000 -0.000000 0.000000
vn -1.000000 -0.000000 0.000000
vn -1.000000 -0.000000 0.000000
vn -1.000000 -0.000000 0.000000
vn 0.000000 0.000000 1.000000
vn 0.000000 0.000000 1.000000
vn 0.000000 0.000000 1.000000
vn 0.000000 0.000000 1.000000
vn 0.000000 0.000000 1.000000
vn 0.000000 0.000000 1.000000
vn 0.000000 0.000000 1.000000
vn 0.000000 0.000000 1.000000
vn 0.000000 0.000000 1.000000
vn 0.000000 0.000000 1.000000
vn 0.000000 0.000000 1.000000
vn 0.000000 0.000000 1.000000
vn 0.000000 0.000000 1.000000
vn 0.000000 0.000000 1.000000
vn 0.000000 0.000000 1.000000
vn -0.000000 -0.000000 -1.000000
vn -0.000000 -0.000000 -1.000000
vn -0.000000 -0.000000 -1.000000
vn -0.000000 -0.000000 -1.000000
vn -0.000000 -0.000000 -1.000000
vn -0.000000 -0.000000 -1.000000
vn -0.000000 -0.000000 -1.000000
vn -0.000000 -0.000000 -1.000000
vn -0.000000 -0.000000 -1.000000
vn -0.000000 -0.000000 -1.000000
vn -0.000000 -0.000000 -1.000000
vn -0.000000 -0.000000 -1.000000
vn -0.000000 -0.000000 -1.000000
vn -0.000000 -0.000000 -1.000000
vn -0.000000 -0.000000 -1.000000
vn 0.000000 -1.000000 0.000000
vn 0.000000 -1.000000 0.000000
vn 0.000000 -1.000000 0.000000
vn 0.000000 -1.000000 0.000000
vn 1.000000 0.000000 -0.000000
vn 1.000000 0.000000 -0.000000
vn 1.000000 0.000000 -0.000000
vn 1.000000 0.000000 -0.000000
vn 1.000000 0.000000 -0.000000
vn 1.000000 0.000000 -0.000000
vn 1.000000 0.000000 -0.000000
vn 1.000000 0.000000 -0.000000
vn 1.000000 0.000000 -0.000000
vn -1.000000 -0.000000 0.000000
vn -1.000000 -0.000000 0.000000
vn -0.965926 0.258819 0.000000
vn -0.965926 0.258819 0.000000
vn -0.866025 0.500000 0.000000
vn -0.866025 0.500000 0.000000
vn -0.707107 0.707107 0.000000
vn -0.707107 0.707107 0.000000
vn -0.500000 0.866025 0.000000
vn -0.500000 0.866025 0.000000
vn -0.258819 0.965926 0.000000
vn -0.258819 0.965926 0.000000
vn -0.000000 1.000000 -0.000000
vn -0.000000 1.000000 0.000000
vn 0.258819 0.965926 -0.000000
vn 0.258819 0.965926 -0.000000
vn 0.500000 0.866025 -0.000000
vn 0.500000 0.866025 -0.000000
vn 0.707107 0.707107 -0.000000
vn 0.707107 0.707107 -0.000000
vn 0.866025 0.500000 -0.000000
vn 0.866025 0.500000 -0.000000
vn 0.965926 0.258819 -0.000000
vn 0.965926 0.258819 -0.000000
vn -1.000000 -0.000000 0.000000
vn -1.000000 -0.000000 0.000000
vn -1.000000 -0.000000 0.000000
vn -1.000000 -0.000000 0.000000
vn -1.000000 -0.000000 0.000000
vn -1.000000 -0.000000 0.000000
vn -1.000000 -0.000000 0.000000
vn 0.000000 0.000000 1.000000
vn 0.000000 0.000000 1.000000
vn 0.000000 0.000000 1.000000
vn 0.000000 0.000000 1.000000
vn 0.000000 0.000000 1.000000
vn 0.000000 0.000000 1.000000
vn 0.000000 0.000000 1.000000
vn 0.000000 0.000000 1.000000
vn 0.000000 0.000000 1.000000
vn 0.000000 0.000000 1.000000
vn 0.000000 0.000000 1.000000
vn 0.000000 0.000000 1.000000
vn 0.000000 0.000000 1.000000
vn 0.000000 0.000000 1.000000
vn 0.000000 0.000000 1.000000
vn -0.000000 -0.000000 -1.000000
vn -0.000000 -0.000000 -1.000000
vn -0.000000 -0.000000 -1.000000
vn -0.000000 -0.000000 -1.000000
vn -0.000000 -0.000000 -1.000000
vn -0.000000 -0.000000 -1.000000
vn -0.000000 -0.000000 -1.000000
vn -0.000000 -0.000000 -1.000000
vn -0.000000 -0.000000 -1.000000
vn -0.000000 -0.000000 -1.000000
vn -0.000000 -0.000000 -1.000000
vn -0.000000 -0.000000 -1.000000
vn -0.000000 -0.000000 -1.000000
vn -0.000000 -0.000000 -1.000000
vn -0.000000 -0.000000 -1.000000
vn 0.000000 -1.000000 0.000000
vn 0.000000 -1.000000 0.000000
vn 0.000000 -1.000000 0.000000
vn 0.000000 -1.000000 0.000000
vn 1.000000 0.000000 -0.000000
vn 1.000000 0.000000 -0.000000
vn 1.000000 0.000000 -0.000000
vn 1.000000 0.000000 -0.000000
vn 1.000000 0.000000 -0.000000
vn 1.000000 0.000000 -0.000000
vn 1.000000 0.000000 -0.000000
vn 1.000000 0.000000 -0.000000
vn 1.000000 0.000000 -0.000000
vn -1.000000 -0.000000 0.000000
vn -1.000000 -0.000000 0.000000
vn -0.965926 0.258819 0.000000
vn -0.965926 0.258819 0.000000
vn -0.866025 0.500000 0.000000
vn -0.866025 0.500000 0.000000
vn -0.707107 0.707107 0.000000
vn -0.707107 0.707107 0.000000
vn -0.500000 0.866025 0.000000
vn -0.500000 0.866025 0.000000
vn -0.258819 0.965926 0.000000
vn -0.258819 0.965926 0.000000
vn -0.000000 1.000000 -0.000000
vn -0.000000 1.000000 0.000000
vn 0.258819 0.965926 -0.000000
vn 0.258819 0.965926 -0.000000
vn 0.500000 0.866025 -0.000000
vn 0.500000 0.866025 -0.000000
vn 0.707107 0.707107 -0.000000
vn 0.707107 0.707107 -0.000000
vn 0.866025 0.500000 -0.000000
vn 0.866025 0.500000 -0.000000
vn 0.965926 0.258819 -0.000000
vn 0.965926 0.258819 -0.000000
vn -1.000000 -0.000000 0.000000
vn -1.000000 -0.000000 0.000000
vn -1.000000 -0.000000 0.000000
vn -1.000000 -0.000000 0.000000
vn -1.000000 -0.000000 0.000000
vn -1.000000 -0.000000 0.000000
vn -1.000000 -0.000000 0.000000
vn 0.000000 0.000000 1.000000
vn 0.000000 0.000000 1.000000
vn 0.000000 0.000000 1.000000
vn 0.000000 0.000000 1.000000
vn 0.000000 0.000000 1.000000
vn 0.000000 0.000000 1.000000
vn 0.000000 0.000000 1.000000
vn 0.000000 0.000000 1.000000
vn 0.000000 0.000000 1.000000
vn 0.000000 0.000000 1.000000
vn 0.000000 0.000000 1.000000
vn 0.000000 0.000000 1.000000
vn 0.000000 0.000000 1.000000
vn 0.000000 0.000000 1.000000
vn 0.000000 0.000000 1.000000
vn -0.000000 -0.000000 -1.000000
vn -0.000000 -0.000000 -1.000000
vn -0.000000 -0.000000 -1.000000
vn -0.000000 -0.000000 -1.000000
vn -0.000000 -0.000000 -1.000000
vn -0.000000 -0.000000 -1.000000
vn -0.000000 -0.000000 -1.000000
vn -0.000000 -0.000000 -1.000000
vn -0.000000 -0.000000 -1.000000
vn -0.000000 -0.000000 -1.000000
vn -0.000000 -0.000000 -1.000000
vn -0.000000 -0.000000 -1.000000
vn -0.000000 -0.000000 -1.000000
vn -0.000000 -0.000000 -1.000000
vn -0.000000 -0.000000 -1.000000
vn 0.000000 -1.000000 0.000000
vn 0.000000 -1.000000 0.000000
vn 0.000000 -1.000000 0.000000
vn 0.000000 -1.000000 0.000000
vn 1.000000 0.000000 -0.000000
vn 1.000000 0.000000 -0.000000
vn 1.000000 0.000000 -0.000000
vn 1.000000 0.000000 -0.000000
vn 1.000000 0.000000 -0.000000
vn 1.000000 0.000000 -0.000000
vn 1.000000 0.000000 -0.000000
vn 1.000000 0.000000 -0.000000
vn 1.000000 0.000000 -0.000000
vn -1.000000 -0.000000 0.000000
vn -1.000000 -0.000000 0.000000
vn -0.965926 0.258819 0.000000
vn -0.965926 0.258819 0.000000
vn -0.866025 0.500000 0.000000
vn -0.866025 0.500000 0.000000
vn -0.707107 0.707107 0.000000
vn -0.707107 0.707107 0.000000
vn -0.500000 0.866025 0.000000
vn -0.500000 0.866025 0.000000
vn -0.258819 0.965926 0.000000
vn -0.258819 0.965926 0.000000
vn -0.000000 1.000000 -0.000000
vn -0.000000 1.000000 0.000000
vn 0.258819 0.965926 -0.000000
vn 0.258819 0.965926 -0.000000
vn 0.500000 0.866025 -0.000000
vn 0.500000 0.866025 -0.000000
vn 0.707107 0.707107 -0.000000
vn 0.707107 0.707107 -0.000000
vn 0.866025 0.500000 -0.000000
vn 0.866025 0.500000 -0.000000
vn 0.965926 0.258819 -0.000000
vn 0.965926 0.258819 -0.000000
vn -1.000000 -0.000000 0.000000
vn -1.000000 -0.000000 0.000000
vn -1.000000 -0.000000 0.000000
vn -1.000000 -0.000000 0.000000
vn -1.000000 -0.000000 0.000000
vn -1.000000 -0.000000 0.000000
vn -1.000000 -0.000000 0.000000
vn 0.000000 0.000000 1.000000
vn 0.000000 0.000000 1.000000
vn 0.000000 0.000000 1.000000
vn 0.000000 0.000000 1.000000
vn 0.000000 0.000000 1.000000
vn 0.000000 0.000000 1.000000
vn 0.000000 0.000000 1.000000
vn 0.000000 0.000000 1.000000
vn 0.000000 0.000000 1.000000
vn 0.000000 0.000000 1.000000
vn 0.000000 0.000000 1.000000
vn 0.000000 0.000000 1.000000
vn 0.000000 0.000000 1.000000
vn 0.000000 0.000000 1.000000
vn 0.000000 0.000000 1.000000
vn -0.000000 -0.000000 -1.000000
vn -0.000000 -0.000000 -1.000000
vn -0.000000 -0.000000 -1.000000
vn -0.000000 -0.000000 -1.000000
vn -0.000000 -0.000000 -1.000000
vn -0.000000 -0.000000 -1.000000
vn -0.000000 -0.000000 -1.000000
vn -0.000000 -0.000000 -1.000000
vn -0.000000 -0.000000 -1.000000
vn -0.000000 -0.000000 -1.000000
vn -0.000000 -0.000000 -1.000000
vn -0.000000 -0.000000 -1.000000
vn -0.000000 -0.000000 -1.000000
vn -0.000000 -0.000000 -1.000000
vn -0.000000 -0.000000 -1.000000
vn -0.000000 1.000000 -0.000000
vn -0.000000 1.000000 0.000000
vn 0.258819 0.965926 -0.000000
vn 0.258819 0.965926 -0.000000
vn 0.500000 0.866025 -0.000000
vn 0.500000 0.866025 -0.000000
vn 0.707107 0.707107 -0.000000
vn 0.707107 0.707107 -0.000000
vn 0.866025 0.500000 -0.000000
vn 0.866025 0.500000 -0.000000
vn 0.965926 0.258819 -0.000000
vn 0.965926 0.258819 -0.000000
vn 1.000000 0.000000 -0.000000
vn 1.000000 0.000000 -0.000000
vn 0.965926 -0.258819 -0.000000
vn 0.965926 -0.258819 -0.000000
vn 0.866025 -0.500000 -0.000000
vn 0.866025 -0.500000 -0.000000
vn 0.707107 -0.707107 -0.000000
vn 0.707107 -0.707107 -0.000000
vn 0.500000 -0.866025 -0.000000
vn 0.500000 -0.866025 -0.000000
vn 0.258819 -0.965926 -0.000000
vn 0.258819 -0.965926 -0.000000
vn 0.000000 -1.000000 -0.000000
vn 0.000000 -1.000000 -0.000000
vn -0.000000 1.000000 0.000000
vn -0.000000 1.000000 0.000000
vn -0.000000 1.000000 0.000000
vn -0.000000 1.000000 0.000000
vn -0.000000 1.000000 0.000000
vn -0.000000 1.000000 0.000000
vn -0.000000 1.000000 0.000000
vn -1.000000 -0.000000 0.000000
vn -1.000000 -0.000000 0.000000
vn -1.000000 -0.000000 0.000000
vn -1.000000 -0.000000 0.000000
vn 0.000000 -1.000000 0.000000
vn 0.000000 -1.000000 0.000000
vn 0.000000 -1.000000 0.000000
vn 0.000000 -1.000000 0.000000
vn 0.000000 -1.000000 0.000000
vn 0.000000 -1.000000 0.000000
vn 0.000000 -1.000000 0.000000
vn 0.000000 0.000000 1.000000
vn 0.000000 0.000000 1.000000
vn 0.000000 0.000000 1.000000
vn 0.000000 0.000000 1.000000
vn 0.000000 0.000000 1.000000
vn 0.000000 0.000000 1.000000
vn 0.000000 0.000000 1.000000
vn 0.000000 0.000000 1.000000
vn 0.000000 0.000000 1.000000
vn 0.000000 0.000000 1.000000
vn 0.000000 0.000000 1.000000
vn 0.000000 0.000000 1.000000
vn 0.000000 0.000000 1.000000
vn 0.000000 0.000000 1.000000
vn 0.000000 0.000000 1.000000
vn -0.000000 -0.000000 -1.000000
vn -0.000000 -0.000000 -1.000000
vn -0.000000 -0.000000 -1.000000
vn -0.000000 -0.000000 -1.000000
vn -0.000000 -0.000000 -1.000000
vn -0.000000 -0.000000 -1.000000
vn -0.000000 -0.000000 -1.000000
vn -0.000000 -0.000000 -1.000000
vn -0.000000 -0.000000 -1.000000
vn -0.000000 -0.000000 -1.000000
vn -0.000000 -0.000000 -1.000000
vn -0.000000 -0.000000 -1.000000
vn -0.000000 -0.000000 -1.000000
vn -0.000000 -0.000000 -1.000000
vn -0.000000 -0.000000 -1.000000
vn -0.000000 1.000000 -0.000000
vn -0.000000 1.000000 0.000000
vn 0.258819 0.965926 -0.000000
vn 0.258819 0.965926 -0.000000
vn 0.500000 0.866025 -0.000000
vn 0.500000 0.866025 -0.000000
vn 0.707107 0.707107 -0.000000
vn 0.707107 0.707107 -0.000000
vn 0.866025 0.500000 -0.000000
vn 0.866025 0.500000 -0.000000
vn 0.965926 0.258819 -0.000000
vn 0.965926 0.258819 -0.000000
vn 1.000000 0.000000 -0.000000
vn 1.000000 0.000000 -0.000000
vn 0.965926 -0.258819 -0.000000
vn 0.965926 -0.258819 -0.000000
vn 0.866025 -0.500000 -0.000000
vn 0.866025 -0.500000 -0.000000
vn 0.707107 -0.707107 -0.000000
vn 0.707107 -0.707107 -0.000000
vn 0.500000 -0.866025 -0.000000
vn 0.500000 -0.866025 -0.000000
vn 0.258819 -0.965926 -0.000000
vn 0.258819 -0.965926 -0.000000
vn 0.000000 -1.000000 -0.000000
vn 0.000000 -1.000000 -0.000000
vn -0.000000 1.000000 0.000000
vn -0.000000 1.000000 0.000000
vn -0.000000 1.000000 0.000000
vn -0.000000 1.000000 0.000000
vn -0.000000 1.000000 0.000000
vn -0.000000 1.000000 0.000000
vn -0.000000 1.000000 0.000000
vn -1.000000 -0.000000 0.000000
vn -1.000000 -0.000000 0.000000
vn -1.000000 -0.000000 0.000000
vn -1.000000 -0.000000 0.000000
vn 0.000000 -1.000000 0.000000
vn 0.000000 -1.000000 0.000000
vn 0.000000 -1.000000 0.000000
vn 0.000000 -1.000000 0.000000
vn 0.000000 -1.000000 0.000000
vn 0.000000 -1.000000 0.000000
vn 0.000000 -1.000000 0.000000
vn 0.000000 0.000000 1.000000
vn 0.000000 0.000000 1.000000
vn 0.000000 0.000000 1.000000
vn 0.000000 0.000000 1.000000
vn 0.000000 0.000000 1.000000
vn 0.000000 0.000000 1.000000
vn 0.000000 0.000000 1.000000
vn 0.000000 0.000000 1.000000
vn 0.000000 0.000000 1.000000
vn 0.000000 0.000000 1.000000
vn 0.000000 0.000000 1.000000
vn 0.000000 0.000000 1.000000
vn 0.000000 0.000000 1.000000
vn 0.000000 0.000000 1.000000
vn 0.000000 0.000000 1.000000
vn -0.000000 -0.000000 -1.000000
vn -0.000000 -0.000000 -1.000000
vn -0.000000 -0.000000 -1.000000
vn -0.000000 -0.000000 -1.000000
vn -0.000000 -0.000000 -1.000000
vn -0.000000 -0.000000 -1.000000
vn -0.000000 -0.000000 -1.000000
vn -0.000000 -0.000000 -1.000000
vn -0.000000 -0.000000 -1.000000
vn -0.000000 -0.000000 -1.000000
vn -0.000000 -0.000000 -1.000000
vn -0.000000 -0.000000 -1.000000
vn -0.000000 -0.000000 -1.000000
vn -0.000000 -0.000000 -1.000000
vn -0.000000 -0.000000 -1.000000
vn -0.000000 1.000000 -0.000000
vn -0.000000 1.000000 0.000000
vn 0.258819 0.965926 -0.000000
vn 0.258819 0.965926 -0.000000
vn 0.500000 0.866025 -0.000000
vn 0.500000 0.866025 -0.000000
vn 0.707107 0.707107 -0.000000
vn 0.707107 0.707107 -0.000000
vn 0.866025 0.500000 -0.000000
vn 0.866025 0.500000 -0.000000
vn 0.965926 0.258819 -0.000000
vn 0.965926 0.258819 -0.000000
vn 1.000000 0.000000 -0.000000
vn 1.000000 0.000000 -0.000000
vn 0.965926 -0.258819 -0.000000
vn 0.965926 -0.258819 -0.000000
vn 0.866025 -0.500000 -0.000000
vn 0.866025 -0.500000 -0.000000
vn 0.707107 -0.707107 -0.000000
vn 0.707107 -0.707107 -0.000000
vn 0.500000 -0.866025 -0.000000
vn 0.500000 -0.866025 -0.000000
vn 0.258819 -0.965926 -0.000000
vn 0.258819 -0.965926 -0.000000
vn 0.000000 -1.000000 -0.000000
vn 0.000000 -1.000000 -0.000000
vn -0.000000 1.000000 0.000000
vn -0.000000 1.000000 0.000000
vn -0.000000 1.000000 0.000000
vn -0.000000 1.000000 0.000000
vn -0.000000 1.000000 0.000000
vn -0.000000 1.000000 0.000000
vn -0.000000 1.000000 0.000000
vn -1.000000 -0.000000 0.000000
vn -1.000000 -0.000000 0.000000
vn -1.000000 -0.000000 0.000000
vn -1.000000 -0.000000 0.000000
vn 0.000000 -1.000000 0.000000
vn 0.000000 -1.000000 0.000000
vn 0.000000 -1.000000 0.000000
vn 0.000000 -1.000000 0.000000
vn 0.000000 -1.000000 0.000000
vn 0.000000 -1.000000 0.000000
vn 0.000000 -1.000000 0.000000
vn 0.000000 0.000000 1.000000
vn 0.000000 0.000000 1.000000
vn 0.000000 0.000000 1.000000
vn 0.000000 0.000000 1.000000
vn 0.000000 0.000000 1.000000
vn 0.000000 0.000000 1.000000
vn 0.000000 0.000000 1.000000
vn 0.000000 0.000000 1.000000
vn 0.000000 0.000000 1.000000
vn 0.000000 0.000000 1.000000
vn 0.000000 0.000000 1.000000
vn 0.000000 0.000000 1.000000
vn 0.000000 0.000000 1.000000
vn 0.000000 0.000000 1.000000
vn 0.000000 0.000000 1.000000
vn -0.000000 -0.000000 -1.000000
vn -0.000000 -0.000000 -1.000000
vn -0.000000 -0.000000 -1.000000
vn -0.000000 -0.000000 -1.000000
vn -0.000000 -0.000000 -1.000000
vn -0.000000 -0.000000 -1.000000
vn -0.000000 -0.000000 -1.000000
vn -0.000000 -0.000000 -1.000000
vn -0.000000 -0.000000 -1.000000
vn -0.000000 -0.000000 -1.000000
vn -0.000000 -0.000000 -1.000000
vn -0.000000 -0.000000 -1.000000
vn -0.000000 -0.000000 -1.000000
vn -0.000000 -0.000000 -1.000000
vn -0.000000 -0.000000 -1.000000
vn -0.000000 1.000000 -0.000000
vn -0.000000 1.000000 0.000000
vn 0.258819 0.965926 -0.000000
vn 0.258819 0.965926 -0.000000
vn 0.500000 0.866025 -0.000000
vn 0.500000 0.866025 -0.000000
vn 0.707107 0.707107 -0.000000
vn 0.707107 0.707107 -0.000000
vn 0.866025 0.500000 -0.000000
vn 0.866025 0.500000 -0.000000
vn 0.965926 0.258819 -0.000000
vn 0.965926 0.258819 -0.000000
vn 1.000000 0.000000 -0.000000
vn 1.000000 0.000000 -0.000000
vn 0.965926 -0.258819 -0.000000
vn 0.965926 -0.258819 -0.000000
vn 0.866025 -0.500000 -0.000000
vn 0.866025 -0.500000 -0.000000
vn 0.707107 -0.707107 -0.000000
vn 0.707107 -0.707107 -0.000000
vn 0.500000 -0.866025 -0.000000
vn 0.500000 -0.866025 -0.000000
vn 0.258819 -0.965926 -0.000000
vn 0.258819 -0.965926 -0.000000
vn 0.000000 -1.000000 -0.000000
vn 0.000000 -1.000000 -0.000000
vn -0.000000 1.000000 0.000000
vn -0.000000 1.000000 0.000000
vn -0.000000 1.000000 0.000000
vn -0.000000 1.000000 0.000000
vn -0.000000 1.000000 0.000000
vn -0.000000 1.000000 0.000000
vn -0.000000 1.000000 0.000000
vn -1.000000 -0.000000 0.000000
vn -1.000000 -0.000000 0.000000
vn -1.000000 -0.000000 0.000000
vn -1.000000 -0.000000 0.000000
vn 0.000000 -1.000000 0.000000
vn 0.000000 -1.000000 0.000000
vn 0.000000 -1.000000 0.000000
vn 0.000000 -1.000000 0.000000
vn 0.000000 -1.000000 0.000000
vn 0.000000 -1.000000 0.000000
vn 0.000000 -1.000000 0.000000
vn 0.000000 0.000000 1.000000
vn 0.000000 0.000000 1.000000
vn 0.000000 0.000000 1.000000
vn 0.000000 0.000000 1.000000
vn 0.000000 0.000000 1.000000
vn 0.000000 0.000000 1.000000
vn 0.000000 0.000000 1.000000
vn 0.000000 0.000000 1.000000
vn 0.000000 0.000000 1.000000
vn 0.000000 0.000000 1.000000
vn 0.000000 0.000000 1.000000
vn 0.000000 0.000000 1.000000
vn 0.000000 0.000000 1.000000
vn 0.000000 0.000000 1.000000
vn 0.000000 0.000000 1.000000
vn -0.000000 -0.000000 -1.000000
vn -0.000000 -0.000000 -1.000000
vn -0.000000 -0.000000 -1.000000
vn -0.000000 -0.000000 -1.000000
vn -0.000000 -0.000000 -1.000000
vn -0.000000 -0.000000 -1.000000
vn -0.000000 -0.000000 -1.000000
vn -0.000000 -0.000000 -1.000000
vn -0.000000 -0.000000 -1.000000
vn -0.000000 -0.000000 -1.000000
vn -0.000000 -0.000000 -1.000000
vn -0.000000 -0.000000 -1.000000
vn -0.000000 -0.000000 -1.000000
vn -0.000000 -0.000000 -1.000000
vn -0.000000 -0.000000 -1.000000
usemtl Opaque(51,51,51)
f 416/973/937 462/974/938 415/975/939
f 415/975/939 462/974/938 439/976/940
f 415/977/939 439/978/940 438/979/941
f 438/979/941 439/978/940 440/980/942
f 438/979/941 440/980/942 437/981/943
f 437/981/943 440/980/942 441/982/944
f 437/981/943 441/982/944 436/983/945
f 436/983/945 441/982/944 442/984/946
f 436/983/945 442/984/946 435/985/947
f 435/985/947 442/984/946 443/986/948
f 435/985/947 443/986/948 434/987/949
f 434/987/949 443/986/948 444/988/950
f 434/987/949 444/988/950 433/989/951
f 433/989/951 444/988/950 445/990/952
f 433/989/951 445/990/952 432/991/953
f 432/991/953 445/990/952 446/992/954
f 432/991/953 446/992/954 431/993/955
f 431/993/955 446/992/954 447/994/956
f 431/993/955 447/994/956 430/995/957
f 430/995/957 447/994/956 448/996/958
f 430/995/957 448/996/958 429/997/959
f 429/997/959 448/996/958 449/998/960
f 429/997/959 449/998/960 428/999/961
f 428/999/961 449/998/960 450/1000/962
f 428/999/961 450/1000/962 427/1001/963
f 427/1001/963 450/1000/962 451/1002/964
f 427/1001/963 451/1002/964 426/1003/965
f 426/1003/965 451/1002/964 452/1004/966
f 426/1003/965 452/1004/966 425/1005/967
f 425/1005/967 452/1004/966 453/1006/968
f 425/1005/967 453/1006/968 424/1007/969
f 424/1007/969 453/1006/968 454/1008/970
f 424/1007/969 454/1008/970 423/1009/971
f 423/1009/971 454/1008/970 455/1010/972
f 423/1009/971 455/1010/972 422/1011/973
f 422/1011/973 455/1010/972 456/1012/974
f 422/1011/973 456/1012/974 421/1013/975
f 421/1013/975 456/1012/974 457/1014/976
f 421/1013/975 457/1014/976 420/1015/977
f 420/1015/977 457/1014/976 458/1016/978
f 420/1015/977 458/1016/978 419/1017/979
f 419/1017/979 458/1016/978 459/1018/980
f 419/1017/979 459/1018/980 418/1019/981
f 418/1019/981 459/1018/980 460/1020/982
f 418/1019/981 460/1020/982 417/1021/983
f 417/1021/983 460/1020/982 461/1022/984
f 417/1021/983 461/1022/984 416/973/937
f 416/973/937 461/1022/984 462/974/938
f 438/1023/985 428/1024/986 415/1025/987
f 415/1025/987 428/1024/986 427/1026/988
f 415/1025/987 427/1026/988 416/1027/989
f 416/1027/989 427/1026/988 426/1028/990
f 416/1027/989 426/1028/990 417/1029/991
f 417/1029/991 426/1028/990 425/1030/992
f 417/1029/991 425/1030/992 418/1031/993
f 418/1031/993 425/1030/992 424/1032/994
f 418/1031/993 424/1032/994 419/1033/995
f 419/1033/995 424/1032/994 423/1034/996
f 419/1033/995 423/1034/996 420/1035/997
f 420/1035/997 423/1034/996 422/1036/998
f 420/1035/997 422/1036/998 421/1037/999
f 428/1024/986 438/1023/985 429/1038/1000
f 429/1038/1000 438/1023/985 437/1039/1001
f 429/1038/1000 437/1039/1001 430/1040/1002
f 430/1040/1002 437/1039/1001 436/1041/1003
f 430/1040/1002 436/1041/1003 431/1042/1004
f 431/1042/1004 436/1041/1003 435/1043/1005
f 431/1042/1004 435/1043/1005 432/1044/1006
f 432/1044/1006 435/1043/1005 434/1045/1007
f 432/1044/1006 434/1045/1007 433/1046/1008
usemtl Opaque(191,191,191)
f 463/1047/1009 464/1048/1010 466/1049/1011
f 466/1049/1011 464/1048/1010 465/1050/1012
f 467/1051/1013 468/1052/1014 470/1053/1015
f 470/1053/1015 468/1052/1014 469/1054/1016
f 472/1055/1017 468/1056/1018 471/1057/1019
f 471/1057/1019 468/1056/1018 467/1058/1020
f 474/1059/1021 470/1060/1022 473/1061/1023
f 473/1061/1023 470/1060/1022 469/1062/1024
f 475/1063/1025 476/1064/1026 478/1065/1027
f 478/1065/1027 476/1064/1026 477/1066/1028
f 479/1067/1029 480/1068/1030 482/1069/1031
f 482/1069/1031 480/1068/1030 481/1070/1032
f 484/1071/1033 480/1072/1034 483/1073/1035
f 483/1073/1035 480/1072/1034 479/1074/1036
f 486/1075/1037 482/1076/1038 485/1077/1039
f 485/1077/1039 482/1076/1038 481/1078/1040
f 487/1079/1041 488/1080/1042 490/1081/1043
f 490/1081/1043 488/1080/1042 489/1082/1044
f 491/1083/1045 492/1084/1046 494/1085/1047
f 494/1085/1047 492/1084/1046 493/1086/1048
f 496/1087/1049 492/1088/1050 495/1089/1051
f 495/1089/1051 492/1088/1050 491/1090/1052
f 498/1091/1053 494/1092/1054 497/1093/1055
f 497/1093/1055 494/1092/1054 493/1094/1056
f 499/1095/1057 500/1096/1058 502/1097/1059
f 502/1097/1059 500/1096/1058 501/1098/1060
f 503/1099/1061 504/1100/1062 506/1101/1063
f 506/1101/1063 504/1100/1062 505/1102/1064
f 508/1103/1065 504/1104/1066 507/1105/1067
f 507/1105/1067 504/1104/1066 503/1106/1068
f 510/1107/1069 506/1108/1070 509/1109/1071
f 509/1109/1071 506/1108/1070 505/1110/1072
f 511/1111/1073 512/1112/1074 514/1113/1075
f 514/1113/1075 512/1112/1074 513/1114/1076
f 515/1115/1077 516/1116/1078 518/1117/1079
f 518/1117/1079 516/1116/1078 517/1118/1080
f 520/1119/1081 516/1120/1082 519/1121/1083
f 519/1121/1083 516/1120/1082 515/1122/1084
f 522/1123/1085 518/1124/1086 521/1125/1087
f 521/1125/1087 518/1124/1086 517/1126/1088
f 523/1127/1089 524/1128/1090 526/1129/1091
f 526/1129/1091 524/1128/1090 525/1130/1092
f 527/1131/1093 528/1132/1094 530/1133/1095
f 530/1133/1095 528/1132/1094 529/1134/1096
f 524/1135/1097 523/1136/1098 531/1137/1099
f 531/1137/1099 523/1136/1098 532/1138/1100
f 533/1139/1101 534/1140/1102 525/1141/1103
f 525/1141/1103 534/1140/1102 526/1142/1104
f 535/1143/1105 536/1144/1106 538/1145/1107
f 538/1145/1107 536/1144/1106 537/1146/1108
f 539/1147/1109 540/1148/1110 542/1149/1111
f 542/1149/1111 540/1148/1110 541/1150/1112
f 536/1151/1113 535/1152/1114 543/1153/1115
f 543/1153/1115 535/1152/1114 544/1154/1116
f 545/1155/1117 546/1156/1118 537/1157/1119
f 537/1157/1119 546/1156/1118 538/1158/1120
f 547/1159/1121 548/1160/1122 550/1161/1123
f 550/1161/1123 548/1160/1122 549/1162/1124
f 551/1163/1125 552/1164/1126 554/1165/1127
f 554/1165/1127 552/1164/1126 553/1166/1128
f 548/1167/1129 547/1168/1130 555/1169/1131
f 555/1169/1131 547/1168/1130 556/1170/1132
f 557/1171/1133 558/1172/1134 549/1173/1135
f 549/1173/1135 558/1172/1134 550/1174/1136
f 559/1175/1137 560/1176/1138 562/1177/1139
f 562/1177/1139 560/1176/1138 561/1178/1140
f 563/1179/1141 564/1180/1142 566/1181/1143
f 566/1181/1143 564/1180/1142 565/1182/1144
f 560/1183/1145 559/1184/1146 567/1185/1147
f 567/1185/1147 559/1184/1146 568/1186/1148
f 569/1187/1149 570/1188/1150 561/1189/1151
f 561/1189/1151 570/1188/1150 562/1190/1152
usemtl Opaque(10,10,10)
f 571/1191/1153 572/1192/1154 574/1193/1155
f 574/1193/1155 572/1192/1154 573/1194/1156
f 572/1195/1157 575/1196/1158 573/1197/1159
f 573/1197/1159 575/1196/1158 576/1198/1160
f 577/1199/1161 578/1200/1162 575/1201/1163
f 575/1201/1163 578/1200/1162 576/1202/1164
f 574/1203/1165 578/1204/1166 571/1205/1167
f 571/1205/1167 578/1204/1166 577/1206/1168
f 530/1207/1169 541/1208/1170 533/1209/1171
f 533/1209/1171 541/1208/1170 546/1210/1172
f 533/1209/1171 546/1210/1172 574/1211/1173
f 574/1211/1173 546/1210/1172 545/1212/1174
f 574/1211/1173 545/1212/1174 558/1213/1175
f 558/1213/1175 545/1212/1174 553/1214/1176
f 553/1214/1176 545/1212/1174 542/1215/1177
f 574/1211/1173 558/1213/1175 578/1216/1178
f 578/1216/1178 558/1213/1175 557/1217/1179
f 578/1216/1178 557/1217/1179 570/1218/1180
f 570/1218/1180 557/1217/1179 565/1219/1181
f 565/1219/1181 557/1217/1179 554/1220/1182
f 570/1218/1180 569/1221/1183 578/1216/1178
f 578/1216/1178 569/1221/1183 579/1222/1184
f 579/1222/1184 569/1221/1183 566/1223/1185
f 533/1209/1171 574/1211/1173 534/1224/1186
f 534/1224/1186 574/1211/1173 580/1225/1187
f 534/1224/1186 580/1225/1187 529/1226/1188
f 574/1227/1189 573/1228/1190 580/1229/1191
f 580/1229/1191 573/1228/1190 581/1230/1192
f 571/1231/1193 449/1232/1194 572/1233/1195
f 572/1233/1195 449/1232/1194 448/1234/1196
f 572/1233/1195 448/1234/1196 575/1235/1197
f 575/1235/1197 448/1234/1196 447/1236/1198
f 575/1235/1197 447/1236/1198 446/1237/1199
f 577/1238/1200 454/1239/1201 571/1231/1193
f 571/1231/1193 454/1239/1201 453/1240/1202
f 571/1231/1193 453/1240/1202 452/1241/1203
f 575/1235/1197 440/1242/1204 577/1238/1200
f 577/1238/1200 440/1242/1204 439/1243/1205
f 577/1238/1200 439/1243/1205 462/1244/1206
f 462/1244/1206 461/1245/1207 577/1238/1200
f 577/1238/1200 461/1245/1207 460/1246/1208
f 577/1238/1200 460/1246/1208 459/1247/1209
f 459/1247/1209 458/1248/1210 577/1238/1200
f 577/1238/1200 458/1248/1210 457/1249/1211
f 577/1238/1200 457/1249/1211 456/1250/1212
f 456/1250/1212 455/1251/1213 577/1238/1200
f 577/1238/1200 455/1251/1213 454/1239/1201
f 452/1241/1203 451/1252/1214 571/1231/1193
f 571/1231/1193 451/1252/1214 450/1253/1215
f 571/1231/1193 450/1253/1215 449/1232/1194
f 446/1237/1199 445/1254/1216 575/1235/1197
f 575/1235/1197 445/1254/1216 444/1255/1217
f 575/1235/1197 444/1255/1217 443/1256/1218
f 443/1256/1218 442/1257/1219 575/1235/1197
f 575/1235/1197 442/1257/1219 441/1258/1220
f 575/1235/1197 441/1258/1220 440/1242/1204
f 573/1259/1221 576/1260/1222 581/1261/1223
f 581/1261/1223 576/1260/1222 582/1262/1224
f 466/1263/1225 477/1264/1226 473/1265/1227
f 473/1265/1227 477/1264/1226 486/1266/1228
f 473/1265/1227 486/1266/1228 578/1267/1229
f 578/1267/1229 486/1266/1228 485/1268/1230
f 578/1267/1229 485/1268/1230 498/1269/1231
f 498/1269/1231 485/1268/1230 489/1270/1232
f 489/1270/1232 485/1268/1230 478/1271/1233
f 578/1267/1229 498/1269/1231 576/1272/1234
f 576/1272/1234 498/1269/1231 497/1273/1235
f 576/1272/1234 497/1273/1235 510/1274/1236
f 510/1274/1236 497/1273/1235 501/1275/1237
f 501/1275/1237 497/1273/1235 490/1276/1238
f 510/1274/1236 509/1277/1239 576/1272/1234
f 576/1272/1234 509/1277/1239 522/1278/1240
f 576/1272/1234 522/1278/1240 521/1279/1241
f 502/1280/1242 513/1281/1243 509/1277/1239
f 509/1277/1239 513/1281/1243 522/1278/1240
f 514/1282/1244 582/1283/1245 521/1279/1241
f 521/1279/1241 582/1283/1245 576/1272/1234
f 473/1265/1227 578/1267/1229 474/1284/1246
f 474/1284/1246 578/1267/1229 579/1285/1247
f 474/1284/1246 579/1285/1247 465/1286/1248
f 582/1287/1249 514/1288/1250 581/1289/1251
f 581/1289/1251 514/1288/1250 513/1290/1252
f 581/1289/1251 513/1290/1252 502/1291/1253
f 502/1291/1253 501/1292/1254 581/1289/1251
f 581/1289/1251 501/1292/1254 541/1293/1255
f 581/1289/1251 541/1293/1255 530/1294/1256
f 541/1293/1255 501/1292/1254 542/1295/1257
f 542/1295/1257 501/1292/1254 490/1296/1258
f 542/1295/1257 490/1296/1258 489/1297/1259
f 478/1298/1260 554/1299/1261 489/1297/1259
f 489/1297/1259 554/1299/1261 553/1300/1262
f 489/1297/1259 553/1300/1262 542/1295/1257
f 478/1298/1260 477/1301/1263 554/1299/1261
f 554/1299/1261 477/1301/1263 565/1302/1264
f 565/1302/1264 477/1301/1263 566/1303/1265
f 566/1303/1265 477/1301/1263 466/1304/1266
f 566/1303/1265 466/1304/1266 465/1305/1267
f 465/1305/1267 579/1306/1268 566/1303/1265
f 530/1294/1256 529/1307/1269 581/1289/1251
f 581/1289/1251 529/1307/1269 580/1308/1270
usemtl Opaque(191,191,191)
f 484/1309/1271 483/1310/1272 584/1311/1273
f 584/1311/1273 483/1310/1272 583/1312/1274
f 586/1313/1275 585/1314/1276 484/1315/1277
f 484/1315/1277 585/1314/1276 475/1316/1278
f 484/1315/1277 475/1316/1278 480/1317/1279
f 480/1317/1279 475/1316/1278 478/1318/1280
f 480/1317/1279 478/1318/1280 481/1319/1281
f 481/1319/1281 478/1318/1280 485/1320/1282
f 484/1315/1277 584/1321/1283 586/1313/1275
f 610/1322/1284 587/1323/1285 609/1324/1286
f 609/1324/1286 587/1323/1285 588/1325/1287
f 609/1324/1286 588/1325/1287 608/1326/1288
f 608/1326/1288 588/1325/1287 589/1327/1289
f 608/1326/1288 589/1327/1289 607/1328/1290
f 607/1328/1290 589/1327/1289 590/1329/1291
f 607/1328/1290 590/1329/1291 606/1330/1292
f 606/1330/1292 590/1329/1291 591/1331/1293
f 606/1330/1292 591/1331/1293 605/1332/1294
f 605/1332/1294 591/1331/1293 592/1333/1295
f 605/1332/1294 592/1333/1295 604/1334/1296
f 604/1334/1296 592/1333/1295 593/1335/1297
f 604/1334/1296 593/1335/1297 603/1336/1298
f 603/1336/1298 593/1335/1297 594/1337/1299
f 603/1336/1298 594/1337/1299 602/1338/1300
f 602/1338/1300 594/1337/1299 595/1339/1301
f 602/1338/1300 595/1339/1301 601/1340/1302
f 601/1340/1302 595/1339/1301 596/1341/1303
f 601/1340/1302 596/1341/1303 600/1342/1304
f 600/1342/1304 596/1341/1303 597/1343/1305
f 600/1342/1304 597/1343/1305 599/1344/1306
f 599/1344/1306 597/1343/1305 598/1345/1307
f 599/1344/1306 598/1345/1307 586/1346/1275
f 586/1346/1275 598/1345/1307 585/1347/1276
f 587/1348/1285 483/1349/1308 476/1350/1309
f 476/1350/1309 483/1349/1308 479/1351/1310
f 476/1350/1309 479/1351/1310 477/1352/1311
f 477/1352/1311 479/1351/1310 482/1353/1312
f 477/1352/1311 482/1353/1312 486/1354/1313
f 587/1348/1285 610/1355/1284 483/1349/1308
f 483/1349/1308 610/1355/1284 583/1356/1314
f 475/1357/1315 585/1358/1316 476/1359/1317
f 476/1359/1317 585/1358/1316 587/1360/1318
f 587/1360/1318 585/1358/1316 593/1361/1319
f 587/1360/1318 593/1361/1319 592/1362/1320
f 598/1363/1321 597/1364/1322 585/1358/1316
f 585/1358/1316 597/1364/1322 596/1365/1323
f 585/1358/1316 596/1365/1323 595/1366/1324
f 595/1366/1324 594/1367/1325 585/1358/1316
f 585/1358/1316 594/1367/1325 593/1361/1319
f 592/1362/1320 591/1368/1326 587/1360/1318
f 587/1360/1318 591/1368/1326 590/1369/1327
f 587/1360/1318 590/1369/1327 589/1370/1328
f 589/1370/1328 588/1371/1329 587/1360/1318
f 584/1372/1330 583/1373/1331 586/1374/1332
f 586/1374/1332 583/1373/1331 610/1375/1333
f 586/1374/1332 610/1375/1333 604/1376/1334
f 604/1376/1334 610/1375/1333 605/1377/1335
f 605/1377/1335 610/1375/1333 606/1378/1336
f 606/1378/1336 610/1375/1333 607/1379/1337
f 607/1379/1337 610/1375/1333 608/1380/1338
f 608/1380/1338 610/1375/1333 609/1381/1339
f 604/1376/1334 603/1382/1340 586/1374/1332
f 586/1374/1332 603/1382/1340 602/1383/1341
f 586/1374/1332 602/1383/1341 601/1384/1342
f 601/1384/1342 600/1385/1343 586/1374/1332
f 586/1374/1332 600/1385/1343 599/1386/1344
f 496/1387/1345 495/1388/1346 612/1389/1347
f 612/1389/1347 495/1388/1346 611/1390/1348
f 614/1391/1349 613/1392/1350 496/1393/1351
f 496/1393/1351 613/1392/1350 487/1394/1352
f 496/1393/1351 487/1394/1352 492/1395/1353
f 492/1395/1353 487/1394/1352 490/1396/1354
f 492/1395/1353 490/1396/1354 493/1397/1355
f 493/1397/1355 490/1396/1354 497/1398/1356
f 496/1393/1351 612/1399/1357 614/1391/1349
f 638/1400/1358 615/1401/1359 637/1402/1360
f 637/1402/1360 615/1401/1359 616/1403/1361
f 637/1402/1360 616/1403/1361 636/1404/1362
f 636/1404/1362 616/1403/1361 617/1405/1363
f 636/1404/1362 617/1405/1363 635/1406/1364
f 635/1406/1364 617/1405/1363 618/1407/1365
f 635/1406/1364 618/1407/1365 634/1408/1366
f 634/1408/1366 618/1407/1365 619/1409/1367
f 634/1408/1366 619/1409/1367 633/1410/1368
f 633/1410/1368 619/1409/1367 620/1411/1369
f 633/1410/1368 620/1411/1369 632/1412/1370
f 632/1412/1370 620/1411/1369 621/1413/1371
f 632/1412/1370 621/1413/1371 631/1414/1372
f 631/1414/1372 621/1413/1371 622/1415/1373
f 631/1414/1372 622/1415/1373 630/1416/1374
f 630/1416/1374 622/1415/1373 623/1417/1375
f 630/1416/1374 623/1417/1375 629/1418/1376
f 629/1418/1376 623/1417/1375 624/1419/1377
f 629/1418/1376 624/1419/1377 628/1420/1378
f 628/1420/1378 624/1419/1377 625/1421/1379
f 628/1420/1378 625/1421/1379 627/1422/1380
f 627/1422/1380 625/1421/1379 626/1423/1381
f 627/1422/1380 626/1423/1381 614/1424/1349
f 614/1424/1349 626/1423/1381 613/1425/1350
f 615/1426/1359 495/1427/1382 488/1428/1383
f 488/1428/1383 495/1427/1382 491/1429/1384
f 488/1428/1383 491/1429/1384 489/1430/1385
f 489/1430/1385 491/1429/1384 494/1431/1386
f 489/1430/1385 494/1431/1386 498/1432/1387
f 615/1426/1359 638/1433/1358 495/1427/1382
f 495/1427/1382 638/1433/1358 611/1434/1388
f 487/1435/1389 613/1436/1390 488/1437/1391
f 488/1437/1391 613/1436/1390 615/1438/1392
f 615/1438/1392 613/1436/1390 621/1439/1393
f 615/1438/1392 621/1439/1393 620/1440/1394
f 626/1441/1395 625/1442/1396 613/1436/1390
f 613/1436/1390 625/1442/1396 624/1443/1397
f 613/1436/1390 624/1443/1397 623/1444/1398
f 623/1444/1398 622/1445/1399 613/1436/1390
f 613/1436/1390 622/1445/1399 621/1439/1393
f 620/1440/1394 619/1446/1400 615/1438/1392
f 615/1438/1392 619/1446/1400 618/1447/1401
f 615/1438/1392 618/1447/1401 617/1448/1402
f 617/1448/1402 616/1449/1403 615/1438/1392
f 612/1450/1404 611/1451/1405 614/1452/1406
f 614/1452/1406 611/1451/1405 638/1453/1407
f 614/1452/1406 638/1453/1407 632/1454/1408
f 632/1454/1408 638/1453/1407 633/1455/1409
f 633/1455/1409 638/1453/1407 634/1456/1410
f 634/1456/1410 638/1453/1407 635/1457/1411
f 635/1457/1411 638/1453/1407 636/1458/1412
f 636/1458/1412 638/1453/1407 637/1459/1413
f 632/1454/1408 631/1460/1414 614/1452/1406
f 614/1452/1406 631/1460/1414 630/1461/1415
f 614/1452/1406 630/1461/1415 629/1462/1416
f 629/1462/1416 628/1463/1417 614/1452/1406
f 614/1452/1406 628/1463/1417 627/1464/1418
f 508/1465/1419 507/1466/1420 640/1467/1421
f 640/1467/1421 507/1466/1420 639/1468/1422
f 642/1469/1423 641/1470/1424 508/1471/1425
f 508/1471/1425 641/1470/1424 499/1472/1426
f 508/1471/1425 499/1472/1426 504/1473/1427
f 504/1473/1427 499/1472/1426 502/1474/1428
f 504/1473/1427 502/1474/1428 505/1475/1429
f 505/1475/1429 502/1474/1428 509/1476/1430
f 508/1471/1425 640/1477/1431 642/1469/1423
f 666/1478/1432 643/1479/1433 665/1480/1434
f 665/1480/1434 643/1479/1433 644/1481/1435
f 665/1480/1434 644/1481/1435 664/1482/1436
f 664/1482/1436 644/1481/1435 645/1483/1437
f 664/1482/1436 645/1483/1437 663/1484/1438
f 663/1484/1438 645/1483/1437 646/1485/1439
f 663/1484/1438 646/1485/1439 662/1486/1440
f 662/1486/1440 646/1485/1439 647/1487/1441
f 662/1486/1440 647/1487/1441 661/1488/1442
f 661/1488/1442 647/1487/1441 648/1489/1443
f 661/1488/1442 648/1489/1443 660/1490/1444
f 660/1490/1444 648/1489/1443 649/1491/1445
f 660/1490/1444 649/1491/1445 659/1492/1446
f 659/1492/1446 649/1491/1445 650/1493/1447
f 659/1492/1446 650/1493/1447 658/1494/1448
f 658/1494/1448 650/1493/1447 651/1495/1449
f 658/1494/1448 651/1495/1449 657/1496/1450
f 657/1496/1450 651/1495/1449 652/1497/1451
f 657/1496/1450 652/1497/1451 656/1498/1452
f 656/1498/1452 652/1497/1451 653/1499/1453
f 656/1498/1452 653/1499/1453 655/1500/1454
f 655/1500/1454 653/1499/1453 654/1501/1455
f 655/1500/1454 654/1501/1455 642/1502/1423
f 642/1502/1423 654/1501/1455 641/1503/1424
f 643/1504/1433 507/1505/1456 500/1506/1457
f 500/1506/1457 507/1505/1456 503/1507/1458
f 500/1506/1457 503/1507/1458 501/1508/1459
f 501/1508/1459 503/1507/1458 506/1509/1460
f 501/1508/1459 506/1509/1460 510/1510/1461
f 643/1504/1433 666/1511/1432 507/1505/1456
f 507/1505/1456 666/1511/1432 639/1512/1462
f 499/1513/1463 641/1514/1464 500/1515/1465
f 500/1515/1465 641/1514/1464 643/1516/1466
f 643/1516/1466 641/1514/1464 649/1517/1467
f 643/1516/1466 649/1517/1467 648/1518/1468
f 654/1519/1469 653/1520/1470 641/1514/1464
f 641/1514/1464 653/1520/1470 652/1521/1471
f 641/1514/1464 652/1521/1471 651/1522/1472
f 651/1522/1472 650/1523/1473 641/1514/1464
f 641/1514/1464 650/1523/1473 649/1517/1467
f 648/1518/1468 647/1524/1474 643/1516/1466
f 643/1516/1466 647/1524/1474 646/1525/1475
f 643/1516/1466 646/1525/1475 645/1526/1476
f 645/1526/1476 644/1527/1477 643/1516/1466
f 640/1528/1478 639/1529/1479 642/1530/1480
f 642/1530/1480 639/1529/1479 666/1531/1481
f 642/1530/1480 666/1531/1481 660/1532/1482
f 660/1532/1482 666/1531/1481 661/1533/1483
f 661/1533/1483 666/1531/1481 662/1534/1484
f 662/1534/1484 666/1531/1481 663/1535/1485
f 663/1535/1485 666/1531/1481 664/1536/1486
f 664/1536/1486 666/1531/1481 665/1537/1487
f 660/1532/1482 659/1538/1488 642/1530/1480
f 642/1530/1480 659/1538/1488 658/1539/1489
f 642/1530/1480 658/1539/1489 657/1540/1490
f 657/1540/1490 656/1541/1491 642/1530/1480
f 642/1530/1480 656/1541/1491 655/1542/1492
f 520/1543/1493 519/1544/1494 668/1545/1495
f 668/1545/1495 519/1544/1494 667/1546/1496
f 670/1547/1497 669/1548/1498 520/1549/1499
f 520/1549/1499 669/1548/1498 511/1550/1500
f 520/1549/1499 511/1550/1500 516/1551/1501
f 516/1551/1501 511/1550/1500 514/1552/1502
f 516/1551/1501 514/1552/1502 517/1553/1503
f 517/1553/1503 514/1552/1502 521/1554/1504
f 520/1549/1499 668/1555/1505 670/1547/1497
f 694/1556/1506 671/1557/1507 693/1558/1508
f 693/1558/1508 671/1557/1507 672/1559/1509
f 693/1558/1508 672/1559/1509 692/1560/1510
f 692/1560/1510 672/1559/1509 673/1561/1511
f 692/1560/1510 673/1561/1511 691/1562/1512
f 691/1562/1512 673/1561/1511 674/1563/1513
f 691/1562/1512 674/1563/1513 690/1564/1514
f 690/1564/1514 674/1563/1513 675/1565/1515
f 690/1564/1514 675/1565/1515 689/1566/1516
f 689/1566/1516 675/1565/1515 676/1567/1517
f 689/1566/1516 676/1567/1517 688/1568/1518
f 688/1568/1518 676/1567/1517 677/1569/1519
f 688/1568/1518 677/1569/1519 687/1570/1520
f 687/1570/1520 677/1569/1519 678/1571/1521
f 687/1570/1520 678/1571/1521 686/1572/1522
f 686/1572/1522 678/1571/1521 679/1573/1523
f 686/1572/1522 679/1573/1523 685/1574/1524
f 685/1574/1524 679/1573/1523 680/1575/1525
f 685/1574/1524 680/1575/1525 684/1576/1526
f 684/1576/1526 680/1575/1525 681/1577/1527
f 684/1576/1526 681/1577/1527 683/1578/1528
f 683/1578/1528 681/1577/1527 682/1579/1529
f 683/1578/1528 682/1579/1529 670/1580/1497
f 670/1580/1497 682/1579/1529 669/1581/1498
f 671/1582/1507 519/1583/1530 512/1584/1531
f 512/1584/1531 519/1583/1530 515/1585/1532
f 512/1584/1531 515/1585/1532 513/1586/1533
f 513/1586/1533 515/1585/1532 518/1587/1534
f 513/1586/1533 518/1587/1534 522/1588/1535
f 671/1582/1507 694/1589/1506 519/1583/1530
f 519/1583/1530 694/1589/1506 667/1590/1536
f 511/1591/1537 669/1592/1538 512/1593/1539
f 512/1593/1539 669/1592/1538 671/1594/1540
f 671/1594/1540 669/1592/1538 677/1595/1541
f 671/1594/1540 677/1595/1541 676/1596/1542
f 682/1597/1543 681/1598/1544 669/1592/1538
f 669/1592/1538 681/1598/1544 680/1599/1545
f 669/1592/1538 680/1599/1545 679/1600/1546
f 679/1600/1546 678/1601/1547 669/1592/1538
f 669/1592/1538 678/1601/1547 677/1595/1541
f 676/1596/1542 675/1602/1548 671/1594/1540
f 671/1594/1540 675/1602/1548 674/1603/1549
f 671/1594/1540 674/1603/1549 673/1604/1550
f 673/1604/1550 672/1605/1551 671/1594/1540
f 668/1606/1552 667/1607/1553 670/1608/1554
f 670/1608/1554 667/1607/1553 694/1609/1555
f 670/1608/1554 694/1609/1555 688/1610/1556
f 688/1610/1556 694/1609/1555 689/1611/1557
f 689/1611/1557 694/1609/1555 690/1612/1558
f 690/1612/1558 694/1609/1555 691/1613/1559
f 691/1613/1559 694/1609/1555 692/1614/1560
f 692/1614/1560 694/1609/1555 693/1615/1561
f 688/1610/1556 687/1616/1562 670/1608/1554
f 670/1608/1554 687/1616/1562 686/1617/1563
f 670/1608/1554 686/1617/1563 685/1618/1564
f 685/1618/1564 684/1619/1565 670/1608/1554
f 670/1608/1554 684/1619/1565 683/1620/1566
f 472/1621/1567 471/1622/1568 696/1623/1569
f 696/1623/1569 471/1622/1568 695/1624/1570
f 698/1625/1571 697/1626/1572 472/1627/1573
f 472/1627/1573 697/1626/1572 463/1628/1574
f 472/1627/1573 463/1628/1574 468/1629/1575
f 468/1629/1575 463/1628/1574 466/1630/1576
f 468/1629/1575 466/1630/1576 469/1631/1577
f 469/1631/1577 466/1630/1576 473/1632/1578
f 472/1627/1573 696/1633/1579 698/1625/1571
f 722/1634/1580 699/1635/1581 721/1636/1582
f 721/1636/1582 699/1635/1581 700/1637/1583
f 721/1636/1582 700/1637/1583 720/1638/1584
f 720/1638/1584 700/1637/1583 701/1639/1585
f 720/1638/1584 701/1639/1585 719/1640/1586
f 719/1640/1586 701/1639/1585 702/1641/1587
f 719/1640/1586 702/1641/1587 718/1642/1588
f 718/1642/1588 702/1641/1587 703/1643/1589
f 718/1642/1588 703/1643/1589 717/1644/1590
f 717/1644/1590 703/1643/1589 704/1645/1591
f 717/1644/1590 704/1645/1591 716/1646/1592
f 716/1646/1592 704/1645/1591 705/1647/1593
f 716/1646/1592 705/1647/1593 715/1648/1594
f 715/1648/1594 705/1647/1593 706/1649/1595
f 715/1648/1594 706/1649/1595 714/1650/1596
f 714/1650/1596 706/1649/1595 707/1651/1597
f 714/1650/1596 707/1651/1597 713/1652/1598
f 713/1652/1598 707/1651/1597 708/1653/1599
f 713/1652/1598 708/1653/1599 712/1654/1600
f 712/1654/1600 708/1653/1599 709/1655/1601
f 712/1654/1600 709/1655/1601 711/1656/1602
f 711/1656/1602 709/1655/1601 710/1657/1603
f 711/1656/1602 710/1657/1603 698/1658/1571
f 698/1658/1571 710/1657/1603 697/1659/1572
f 699/1660/1581 471/1661/1604 464/1662/1605
f 464/1662/1605 471/1661/1604 467/1663/1606
f 464/1662/1605 467/1663/1606 465/1664/1607
f 465/1664/1607 467/1663/1606 470/1665/1608
f 465/1664/1607 470/1665/1608 474/1666/1609
f 699/1660/1581 722/1667/1580 471/1661/1604
f 471/1661/1604 722/1667/1580 695/1668/1610
f 463/1669/1611 697/1670/1612 464/1671/1613
f 464/1671/1613 697/1670/1612 699/1672/1614
f 699/1672/1614 697/1670/1612 705/1673/1615
f 699/1672/1614 705/1673/1615 704/1674/1616
f 710/1675/1617 709/1676/1618 697/1670/1612
f 697/1670/1612 709/1676/1618 708/1677/1619
f 697/1670/1612 708/1677/1619 707/1678/1620
f 707/1678/1620 706/1679/1621 697/1670/1612
f 697/1670/1612 706/1679/1621 705/1673/1615
f 704/1674/1616 703/1680/1622 699/1672/1614
f 699/1672/1614 703/1680/1622 702/1681/1623
f 699/1672/1614 702/1681/1623 701/1682/1624
f 701/1682/1624 700/1683/1625 699/1672/1614
f 696/1684/1626 695/1685/1627 698/1686/1628
f 698/1686/1628 695/1685/1627 722/1687/1629
f 698/1686/1628 722/1687/1629 716/1688/1630
f 716/1688/1630 722/1687/1629 717/1689/1631
f 717/1689/1631 722/1687/1629 718/1690/1632
f 718/1690/1632 722/1687/1629 719/1691/1633
f 719/1691/1633 722/1687/1629 720/1692/1634
f 720/1692/1634 722/1687/1629 721/1693/1635
f 716/1688/1630 715/1694/1636 698/1686/1628
f 698/1686/1628 715/1694/1636 714/1695/1637
f 698/1686/1628 714/1695/1637 713/1696/1638
f 713/1696/1638 712/1697/1639 698/1686/1628
f 698/1686/1628 712/1697/1639 711/1698/1640
f 748/1699/1641 723/1700/1642 747/1701/1643
f 747/1701/1643 723/1700/1642 724/1702/1644
f 747/1701/1643 724/1702/1644 746/1703/1645
f 746/1703/1645 724/1702/1644 725/1704/1646
f 746/1703/1645 725/1704/1646 745/1705/1647
f 745/1705/1647 725/1704/1646 726/1706/1648
f 745/1705/1647 726/1706/1648 744/1707/1649
f 744/1707/1649 726/1706/1648 727/1708/1650
f 744/1707/1649 727/1708/1650 743/1709/1651
f 743/1709/1651 727/1708/1650 728/1710/1652
f 743/1709/1651 728/1710/1652 742/1711/1653
f 742/1711/1653 728/1710/1652 729/1712/1654
f 742/1711/1653 729/1712/1654 741/1713/1655
f 741/1713/1655 729/1712/1654 730/1714/1656
f 741/1713/1655 730/1714/1656 740/1715/1657
f 740/1715/1657 730/1714/1656 731/1716/1658
f 740/1715/1657 731/1716/1658 739/1717/1659
f 739/1717/1659 731/1716/1658 732/1718/1660
f 739/1717/1659 732/1718/1660 738/1719/1661
f 738/1719/1661 732/1718/1660 733/1720/1662
f 738/1719/1661 733/1720/1662 737/1721/1663
f 737/1721/1663 733/1720/1662 734/1722/1664
f 737/1721/1663 734/1722/1664 736/1723/1665
f 736/1723/1665 734/1722/1664 735/1724/1666
f 723/1725/1642 532/1726/1667 528/1727/1668
f 528/1727/1668 532/1726/1667 523/1728/1669
f 528/1727/1668 523/1728/1669 529/1729/1670
f 529/1729/1670 523/1728/1669 526/1730/1671
f 529/1729/1670 526/1730/1671 534/1731/1672
f 723/1725/1642 748/1732/1641 532/1726/1667
f 532/1726/1667 748/1732/1641 749/1733/1673
f 531/1734/1674 532/1735/1675 750/1736/1676
f 750/1736/1676 532/1735/1675 749/1737/1677
f 736/1738/1665 735/1739/1666 531/1740/1678
f 531/1740/1678 735/1739/1666 527/1741/1679
f 531/1740/1678 527/1741/1679 524/1742/1680
f 524/1742/1680 527/1741/1679 530/1743/1681
f 524/1742/1680 530/1743/1681 525/1744/1682
f 525/1744/1682 530/1743/1681 533/1745/1683
f 531/1740/1678 750/1746/1684 736/1738/1665
f 528/1747/1685 527/1748/1686 723/1749/1687
f 723/1749/1687 527/1748/1686 735/1750/1688
f 723/1749/1687 735/1750/1688 729/1751/1689
f 729/1751/1689 735/1750/1688 730/1752/1690
f 730/1752/1690 735/1750/1688 731/1753/1691
f 731/1753/1691 735/1750/1688 732/1754/1692
f 732/1754/1692 735/1750/1688 733/1755/1693
f 733/1755/1693 735/1750/1688 734/1756/1694
f 729/1751/1689 728/1757/1695 723/1749/1687
f 723/1749/1687 728/1757/1695 727/1758/1696
f 723/1749/1687 727/1758/1696 726/1759/1697
f 726/1759/1697 725/1760/1698 723/1749/1687
f 723/1749/1687 725/1760/1698 724/1761/1699
f 750/1762/1700 749/1763/1701 736/1764/1702
f 736/1764/1702 749/1763/1701 748/1765/1703
f 736/1764/1702 748/1765/1703 742/1766/1704
f 742/1766/1704 748/1765/1703 743/1767/1705
f 743/1767/1705 748/1765/1703 744/1768/1706
f 744/1768/1706 748/1765/1703 745/1769/1707
f 745/1769/1707 748/1765/1703 746/1770/1708
f 746/1770/1708 748/1765/1703 747/1771/1709
f 742/1766/1704 741/1772/1710 736/1764/1702
f 736/1764/1702 741/1772/1710 740/1773/1711
f 736/1764/1702 740/1773/1711 739/1774/1712
f 739/1774/1712 738/1775/1713 736/1764/1702
f 736/1764/1702 738/1775/1713 737/1776/1714
f 776/1777/1715 751/1778/1716 775/1779/1717
f 775/1779/1717 751/1778/1716 752/1780/1718
f 775/1779/1717 752/1780/1718 774/1781/1719
f 774/1781/1719 752/1780/1718 753/1782/1720
f 774/1781/1719 753/1782/1720 773/1783/1721
f 773/1783/1721 753/1782/1720 754/1784/1722
f 773/1783/1721 754/1784/1722 772/1785/1723
f 772/1785/1723 754/1784/1722 755/1786/1724
f 772/1785/1723 755/1786/1724 771/1787/1725
f 771/1787/1725 755/1786/1724 756/1788/1726
f 771/1787/1725 756/1788/1726 770/1789/1727
f 770/1789/1727 756/1788/1726 757/1790/1728
f 770/1789/1727 757/1790/1728 769/1791/1729
f 769/1791/1729 757/1790/1728 758/1792/1730
f 769/1791/1729 758/1792/1730 768/1793/1731
f 768/1793/1731 758/1792/1730 759/1794/1732
f 768/1793/1731 759/1794/1732 767/1795/1733
f 767/1795/1733 759/1794/1732 760/1796/1734
f 767/1795/1733 760/1796/1734 766/1797/1735
f 766/1797/1735 760/1796/1734 761/1798/1736
f 766/1797/1735 761/1798/1736 765/1799/1737
f 765/1799/1737 761/1798/1736 762/1800/1738
f 765/1799/1737 762/1800/1738 764/1801/1739
f 764/1801/1739 762/1800/1738 763/1802/1740
f 751/1803/1716 544/1804/1741 540/1805/1742
f 540/1805/1742 544/1804/1741 535/1806/1743
f 540/1805/1742 535/1806/1743 541/1807/1744
f 541/1807/1744 535/1806/1743 538/1808/1745
f 541/1807/1744 538/1808/1745 546/1809/1746
f 751/1803/1716 776/1810/1715 544/1804/1741
f 544/1804/1741 776/1810/1715 777/1811/1747
f 543/1812/1748 544/1813/1749 778/1814/1750
f 778/1814/1750 544/1813/1749 777/1815/1751
f 764/1816/1739 763/1817/1740 543/1818/1752
f 543/1818/1752 763/1817/1740 539/1819/1753
f 543/1818/1752 539/1819/1753 536/1820/1754
f 536/1820/1754 539/1819/1753 542/1821/1755
f 536/1820/1754 542/1821/1755 537/1822/1756
f 537/1822/1756 542/1821/1755 545/1823/1757
f 543/1818/1752 778/1824/1758 764/1816/1739
f 540/1825/1759 539/1826/1760 751/1827/1761
f 751/1827/1761 539/1826/1760 763/1828/1762
f 751/1827/1761 763/1828/1762 757/1829/1763
f 757/1829/1763 763/1828/1762 758/1830/1764
f 758/1830/1764 763/1828/1762 759/1831/1765
f 759/1831/1765 763/1828/1762 760/1832/1766
f 760/1832/1766 763/1828/1762 761/1833/1767
f 761/1833/1767 763/1828/1762 762/1834/1768
f 757/1829/1763 756/1835/1769 751/1827/1761
f 751/1827/1761 756/1835/1769 755/1836/1770
f 751/1827/1761 755/1836/1770 754/1837/1771
f 754/1837/1771 753/1838/1772 751/1827/1761
f 751/1827/1761 753/1838/1772 752/1839/1773
f 778/1840/1774 777/1841/1775 764/1842/1776
f 764/1842/1776 777/1841/1775 776/1843/1777
f 764/1842/1776 776/1843/1777 770/1844/1778
f 770/1844/1778 776/1843/1777 771/1845/1779
f 771/1845/1779 776/1843/1777 772/1846/1780
f 772/1846/1780 776/1843/1777 773/1847/1781
f 773/1847/1781 776/1843/1777 774/1848/1782
f 774/1848/1782 776/1843/1777 775/1849/1783
f 770/1844/1778 769/1850/1784 764/1842/1776
f 764/1842/1776 769/1850/1784 768/1851/1785
f 764/1842/1776 768/1851/1785 767/1852/1786
f 767/1852/1786 766/1853/1787 764/1842/1776
f 764/1842/1776 766/1853/1787 765/1854/1788
f 804/1855/1789 779/1856/1790 803/1857/1791
f 803/1857/1791 779/1856/1790 780/1858/1792
f 803/1857/1791 780/1858/1792 802/1859/1793
f 802/1859/1793 780/1858/1792 781/1860/1794
f 802/1859/1793 781/1860/1794 801/1861/1795
f 801/1861/1795 781/1860/1794 782/1862/1796
f 801/1861/1795 782/1862/1796 800/1863/1797
f 800/1863/1797 782/1862/1796 783/1864/1798
f 800/1863/1797 783/1864/1798 799/1865/1799
f 799/1865/1799 783/1864/1798 784/1866/1800
f 799/1865/1799 784/1866/1800 798/1867/1801
f 798/1867/1801 784/1866/1800 785/1868/1802
f 798/1867/1801 785/1868/1802 797/1869/1803
f 797/1869/1803 785/1868/1802 786/1870/1804
f 797/1869/1803 786/1870/1804 796/1871/1805
f 796/1871/1805 786/1870/1804 787/1872/1806
f 796/1871/1805 787/1872/1806 795/1873/1807
f 795/1873/1807 787/1872/1806 788/1874/1808
f 795/1873/1807 788/1874/1808 794/1875/1809
f 794/1875/1809 788/1874/1808 789/1876/1810
f 794/1875/1809 789/1876/1810 793/1877/1811
f 793/1877/1811 789/1876/1810 790/1878/1812
f 793/1877/1811 790/1878/1812 792/1879/1813
f 792/1879/1813 790/1878/1812 791/1880/1814
f 779/1881/1790 556/1882/1815 552/1883/1816
f 552/1883/1816 556/1882/1815 547/1884/1817
f 552/1883/1816 547/1884/1817 553/1885/1818
f 553/1885/1818 547/1884/1817 550/1886/1819
f 553/1885/1818 550/1886/1819 558/1887/1820
f 779/1881/1790 804/1888/1789 556/1882/1815
f 556/1882/1815 804/1888/1789 805/1889/1821
f 555/1890/1822 556/1891/1823 806/1892/1824
f 806/1892/1824 556/1891/1823 805/1893/1825
f 792/1894/1813 791/1895/1814 555/1896/1826
f 555/1896/1826 791/1895/1814 551/1897/1827
f 555/1896/1826 551/1897/1827 548/1898/1828
f 548/1898/1828 551/1897/1827 554/1899/1829
f 548/1898/1828 554/1899/1829 549/1900/1830
f 549/1900/1830 554/1899/1829 557/1901/1831
f 555/1896/1826 806/1902/1832 792/1894/1813
f 552/1903/1833 551/1904/1834 779/1905/1835
f 779/1905/1835 551/1904/1834 791/1906/1836
f 779/1905/1835 791/1906/1836 785/1907/1837
f 785/1907/1837 791/1906/1836 786/1908/1838
f 786/1908/1838 791/1906/1836 787/1909/1839
f 787/1909/1839 791/1906/1836 788/1910/1840
f 788/1910/1840 791/1906/1836 789/1911/1841
f 789/1911/1841 791/1906/1836 790/1912/1842
f 785/1907/1837 784/1913/1843 779/1905/1835
f 779/1905/1835 784/1913/1843 783/1914/1844
f 779/1905/1835 783/1914/1844 782/1915/1845
f 782/1915/1845 781/1916/1846 779/1905/1835
f 779/1905/1835 781/1916/1846 780/1917/1847
f 806/1918/1848 805/1919/1849 792/1920/1850
f 792/1920/1850 805/1919/1849 804/1921/1851
f 792/1920/1850 804/1921/1851 798/1922/1852
f 798/1922/1852 804/1921/1851 799/1923/1853
f 799/1923/1853 804/1921/1851 800/1924/1854
f 800/1924/1854 804/1921/1851 801/1925/1855
f 801/1925/1855 804/1921/1851 802/1926/1856
f 802/1926/1856 804/1921/1851 803/1927/1857
f 798/1922/1852 797/1928/1858 792/1920/1850
f 792/1920/1850 797/1928/1858 796/1929/1859
f 792/1920/1850 796/1929/1859 795/1930/1860
f 795/1930/1860 794/1931/1861 792/1920/1850
f 792/1920/1850 794/1931/1861 793/1932/1862
f 832/1933/1863 807/1934/1864 831/1935/1865
f 831/1935/1865 807/1934/1864 808/1936/1866
f 831/1935/1865 808/1936/1866 830/1937/1867
f 830/1937/1867 808/1936/1866 809/1938/1868
f 830/1937/1867 809/1938/1868 829/1939/1869
f 829/1939/1869 809/1938/1868 810/1940/1870
f 829/1939/1869 810/1940/1870 828/1941/1871
f 828/1941/1871 810/1940/1870 811/1942/1872
f 828/1941/1871 811/1942/1872 827/1943/1873
f 827/1943/1873 811/1942/1872 812/1944/1874
f 827/1943/1873 812/1944/1874 826/1945/1875
f 826/1945/1875 812/1944/1874 813/1946/1876
f 826/1945/1875 813/1946/1876 825/1947/1877
f 825/1947/1877 813/1946/1876 814/1948/1878
f 825/1947/1877 814/1948/1878 824/1949/1879
f 824/1949/1879 814/1948/1878 815/1950/1880
f 824/1949/1879 815/1950/1880 823/1951/1881
f 823/1951/1881 815/1950/1880 816/1952/1882
f 823/1951/1881 816/1952/1882 822/1953/1883
f 822/1953/1883 816/1952/1882 817/1954/1884
f 822/1953/1883 817/1954/1884 821/1955/1885
f 821/1955/1885 817/1954/1884 818/1956/1886
f 821/1955/1885 818/1956/1886 820/1957/1887
f 820/1957/1887 818/1956/1886 819/1958/1888
f 807/1959/1864 568/1960/1889 564/1961/1890
f 564/1961/1890 568/1960/1889 559/1962/1891
f 564/1961/1890 559/1962/1891 565/1963/1892
f 565/1963/1892 559/1962/1891 562/1964/1893
f 565/1963/1892 562/1964/1893 570/1965/1894
f 807/1959/1864 832/1966/1863 568/1960/1889
f 568/1960/1889 832/1966/1863 833/1967/1895
f 567/1968/1896 568/1969/1897 834/1970/1898
f 834/1970/1898 568/1969/1897 833/1971/1899
f 820/1972/1887 819/1973/1888 567/1974/1900
f 567/1974/1900 819/1973/1888 563/1975/1901
f 567/1974/1900 563/1975/1901 560/1976/1902
f 560/1976/1902 563/1975/1901 566/1977/1903
f 560/1976/1902 566/1977/1903 561/1978/1904
f 561/1978/1904 566/1977/1903 569/1979/1905
f 567/1974/1900 834/1980/1906 820/1972/1887
f 564/1981/1907 563/1982/1908 807/1983/1909
f 807/1983/1909 563/1982/1908 819/1984/1910
f 807/1983/1909 819/1984/1910 813/1985/1911
f 813/1985/1911 819/1984/1910 814/1986/1912
f 814/1986/1912 819/1984/1910 815/1987/1913
f 815/1987/1913 819/1984/1910 816/1988/1914
f 816/1988/1914 819/1984/1910 817/1989/1915
f 817/1989/1915 819/1984/1910 818/1990/1916
f 813/1985/1911 812/1991/1917 807/1983/1909
f 807/1983/1909 812/1991/1917 811/1992/1918
f 807/1983/1909 811/1992/1918 810/1993/1919
f 810/1993/1919 809/1994/1920 807/1983/1909
f 807/1983/1909 809/1994/1920 808/1995/1921
f 834/1996/1922 833/1997/1923 820/1998/1924
f 820/1998/1924 833/1997/1923 832/1999/1925
f 820/1998/1924 832/1999/1925 826/2000/1926
f 826/2000/1926 832/1999/1925 827/2001/1927
f 827/2001/1927 832/1999/1925 828/2002/1928
f 828/2002/1928 832/1999/1925 829/2003/1929
f 829/2003/1929 832/1999/1925 830/2004/1930
f 830/2004/1930 832/1999/1925 831/2005/1931
f 826/2000/1926 825/2006/1932 820/1998/1924
f 820/1998/1924 825/2006/1932 824/2007/1933
f 820/1998/1924 824/2007/1933 823/2008/1934
f 823/2008/1934 822/2009/1935 820/1998/1924
f 820/1998/1924 822/2009/1935 821/2010/1936
g ボディ1:1

v -0.797500 1.365000 0.305250
v -0.793411 1.365000 0.274192
v -0.781423 1.365000 0.245250
v -0.762353 1.365000 0.220397
v -0.737500 1.365000 0.201327
v -0.708558 1.365000 0.189339
v -0.677500 1.365000 0.185250
v -0.767500 1.365000 0.185250
v -0.767500 1.365000 0.105250
v -0.797500 1.365000 0.105250
v -0.022500 1.365000 0.185250
v 0.008558 1.365000 0.189339
v 0.037500 1.365000 0.201327
v 0.062353 1.365000 0.220397
v 0.081423 1.365000 0.245250
v 0.093411 1.365000 0.274192
v 0.097500 1.365000 0.305250
v 0.097500 1.365000 0.105250
v 0.067500 1.365000 0.105250
v 0.067500 1.365000 0.185250
v -0.677500 0.833000 0.501250
v -0.708558 0.833000 0.497161
v -0.737500 0.833000 0.485173
v -0.762353 0.833000 0.466103
v -0.781423 0.833000 0.441250
v -0.793411 0.833000 0.412308
v -0.797500 0.833000 0.381250
v -0.797500 0.833000 0.185250
v 0.097500 0.833000 0.185250
v 0.097500 0.833000 0.381250
v 0.093411 0.833000 0.412308
v 0.081423 0.833000 0.441250
v 0.062353 0.833000 0.466103
v 0.037500 0.833000 0.485173
v 0.008558 0.833000 0.497161
v -0.022500 0.833000 0.501250
v 0.067500 1.285000 0.105250
v 0.097500 1.285000 0.105250
v 0.067500 1.285000 0.185250
v 0.097500 1.285000 0.185250
v -0.767500 1.285000 0.105250
v -0.797500 1.285000 0.105250
v -0.767500 1.285000 0.185250
v -0.797500 1.285000 0.185250
v 0.097500 0.912000 -0.054750
v 0.067500 0.912000 -0.054750
v 0.067500 1.062000 -0.054750
v 0.097500 1.062000 -0.054750
v 0.097500 0.912000 0.185250
v 0.067500 0.912000 0.185250
v 0.067500 1.062000 0.185250
v 0.097500 1.062000 0.185250
v -0.797500 1.062000 -0.054750
v -0.767500 1.062000 -0.054750
v -0.767500 0.912000 -0.054750
v -0.797500 0.912000 -0.054750
v -0.797500 1.062000 0.185250
v -0.767500 1.062000 0.185250
v -0.767500 0.912000 0.185250
v -0.797500 0.912000 0.185250
v -0.384750 1.024000 -0.004750
v -0.385014 1.021994 -0.004750
v -0.385788 1.020125 -0.004750
v -0.387020 1.018520 -0.004750
v -0.388625 1.017288 -0.004750
v -0.390494 1.016514 -0.004750
v -0.392500 1.016250 -0.004750
v -0.394506 1.016514 -0.004750
v -0.396375 1.017288 -0.004750
v -0.397980 1.018520 -0.004750
v -0.399212 1.020125 -0.004750
v -0.399986 1.021994 -0.004750
v -0.400250 1.024000 -0.004750
v -0.399986 1.026006 -0.004750
v -0.399212 1.027875 -0.004750
v -0.397980 1.029480 -0.004750
v -0.396375 1.030712 -0.004750
v -0.394506 1.031486 -0.004750
v -0.392500 1.031750 -0.004750
v -0.390494 1.031486 -0.004750
v -0.388625 1.030712 -0.004750
v -0.387020 1.029480 -0.004750
v -0.385788 1.027875 -0.004750
v -0.385014 1.026006 -0.004750
v -0.384750 1.024000 0.185250
v -0.385014 1.021994 0.185250
v -0.385788 1.020125 0.185250
v -0.387020 1.018520 0.185250
v -0.388625 1.017288 0.185250
v -0.390494 1.016514 0.185250
v -0.392500 1.016250 0.185250
v -0.394506 1.016514 0.185250
v -0.396375 1.017288 0.185250
v -0.397980 1.018520 0.185250
v -0.399212 1.020125 0.185250
v -0.399986 1.021994 0.185250
v -0.400250 1.024000 0.185250
v -0.399986 1.026006 0.185250
v -0.399212 1.027875 0.185250
v -0.397980 1.029480 0.185250
v -0.396375 1.030712 0.185250
v -0.394506 1.031486 0.185250
v -0.392500 1.031750 0.185250
v -0.390494 1.031486 0.185250
v -0.388625 1.030712 0.185250
v -0.387020 1.029480 0.185250
v -0.385788 1.027875 0.185250
v -0.385014 1.026006 0.185250
v -0.384750 1.024000 0.147250
v -0.384750 1.024000 0.109250
v -0.384750 1.024000 0.071250
v -0.384750 1.024000 0.033250
v -0.385014 1.021994 0.147250
v -0.385014 1.021994 0.109250
v -0.385014 1.021994 0.071250
v -0.385014 1.021994 0.033250
v -0.385788 1.020125 0.147250
v -0.385788 1.020125 0.109250
v -0.385788 1.020125 0.071250
v -0.385788 1.020125 0.033250
v -0.387020 1.018520 0.147250
v -0.387020 1.018520 0.109250
v -0.387020 1.018520 0.071250
v -0.387020 1.018520 0.033250
v -0.388625 1.017288 0.147250
v -0.388625 1.017288 0.109250
v -0.388625 1.017288 0.071250
v -0.388625 1.017288 0.033250
v -0.390494 1.016514 0.147250
v -0.390494 1.016514 0.109250
v -0.390494 1.016514 0.071250
v -0.390494 1.016514 0.033250
v -0.392500 1.016250 0.147250
v -0.392500 1.016250 0.109250
v -0.392500 1.016250 0.071250
v -0.392500 1.016250 0.033250
v -0.394506 1.016514 0.147250
v -0.394506 1.016514 0.109250
v -0.394506 1.016514 0.071250
v -0.394506 1.016514 0.033250
v -0.396375 1.017288 0.147250
v -0.396375 1.017288 0.109250
v -0.396375 1.017288 0.071250
v -0.396375 1.017288 0.033250
v -0.397980 1.018520 0.147250
v -0.397980 1.018520 0.109250
v -0.397980 1.018520 0.071250
v -0.397980 1.018520 0.033250
v -0.399212 1.020125 0.147250
v -0.399212 1.020125 0.109250
v -0.399212 1.020125 0.071250
v -0.399212 1.020125 0.033250
v -0.399986 1.021994 0.147250
v -0.399986 1.021994 0.109250
v -0.399986 1.021994 0.071250
v -0.399986 1.021994 0.033250
v -0.400250 1.024000 0.147250
v -0.400250 1.024000 0.109250
v -0.400250 1.024000 0.071250
v -0.400250 1.024000 0.033250
v -0.399986 1.026006 0.147250
v -0.399986 1.026006 0.109250
v -0.399986 1.026006 0.071250
v -0.399986 1.026006 0.033250
v -0.399212 1.027875 0.147250
v -0.399212 1.027875 0.109250
v -0.399212 1.027875 0.071250
v -0.399212 1.027875 0.033250
v -0.397980 1.029480 0.147250
v -0.397980 1.029480 0.109250
v -0.397980 1.029480 0.071250
v -0.397980 1.029480 0.033250
v -0.396375 1.030712 0.147250
v -0.396375 1.030712 0.109250
v -0.396375 1.030712 0.071250
v -0.396375 1.030712 0.033250
v -0.394506 1.031486 0.147250
v -0.394506 1.031486 0.109250
v -0.394506 1.031486 0.071250
v -0.394506 1.031486 0.033250
v -0.392500 1.031750 0.147250
v -0.392500 1.031750 0.109250
v -0.392500 1.031750 0.071250
v -0.392500 1.031750 0.033250
v -0.390494 1.031486 0.147250
v -0.390494 1.031486 0.109250
v -0.390494 1.031486 0.071250
v -0.390494 1.031486 0.033250
v -0.388625 1.030712 0.147250
v -0.388625 1.030712 0.109250
v -0.388625 1.030712 0.071250
v -0.388625 1.030712 0.033250
v -0.387020 1.029480 0.147250
v -0.387020 1.029480 0.109250
v -0.387020 1.029480 0.071250
v -0.387020 1.029480 0.033250
v -0.385788 1.027875 0.147250
v -0.385788 1.027875 0.109250
v -0.385788 1.027875 0.071250
v -0.385788 1.027875 0.033250
v -0.385014 1.026006 0.147250
v -0.385014 1.026006 0.109250
v -0.385014 1.026006 0.071250
v -0.385014 1.026006 0.033250
v -0.044750 0.889000 -0.004750
v -0.045014 0.886994 -0.004750
v -0.045788 0.885125 -0.004750
v -0.047020 0.883520 -0.004750
v -0.048625 0.882288 -0.004750
v -0.050494 0.881514 -0.004750
v -0.052500 0.881250 -0.004750
v -0.054506 0.881514 -0.004750
v -0.056375 0.882288 -0.004750
v -0.057980 0.883520 -0.004750
v -0.059212 0.885125 -0.004750
v -0.059986 0.886994 -0.004750
v -0.060250 0.889000 -0.004750
v -0.059986 0.891006 -0.004750
v -0.059212 0.892875 -0.004750
v -0.057980 0.894480 -0.004750
v -0.056375 0.895712 -0.004750
v -0.054506 0.896486 -0.004750
v -0.052500 0.896750 -0.004750
v -0.050494 0.896486 -0.004750
v -0.048625 0.895712 -0.004750
v -0.047020 0.894480 -0.004750
v -0.045788 0.892875 -0.004750
v -0.045014 0.891006 -0.004750
v -0.044750 0.889000 0.185250
v -0.045014 0.886994 0.185250
v -0.045788 0.885125 0.185250
v -0.047020 0.883520 0.185250
v -0.048625 0.882288 0.185250
v -0.050494 0.881514 0.185250
v -0.052500 0.881250 0.185250
v -0.054506 0.881514 0.185250
v -0.056375 0.882288 0.185250
v -0.057980 0.883520 0.185250
v -0.059212 0.885125 0.185250
v -0.059986 0.886994 0.185250
v -0.060250 0.889000 0.185250
v -0.059986 0.891006 0.185250
v -0.059212 0.892875 0.185250
v -0.057980 0.894480 0.185250
v -0.056375 0.895712 0.185250
v -0.054506 0.896486 0.185250
v -0.052500 0.896750 0.185250
v -0.050494 0.896486 0.185250
v -0.048625 0.895712 0.185250
v -0.047020 0.894480 0.185250
v -0.045788 0.892875 0.185250
v -0.045014 0.891006 0.185250
v -0.044750 0.889000 0.147250
v -0.044750 0.889000 0.109250
v -0.044750 0.889000 0.071250
v -0.044750 0.889000 0.033250
v -0.045014 0.886994 0.147250
v -0.045014 0.886994 0.109250
v -0.045014 0.886994 0.071250
v -0.045014 0.886994 0.033250
v -0.045788 0.885125 0.147250
v -0.045788 0.885125 0.109250
v -0.045788 0.885125 0.071250
v -0.045788 0.885125 0.033250
v -0.047020 0.883520 0.147250
v -0.047020 0.883520 0.109250
v -0.047020 0.883520 0.071250
v -0.047020 0.883520 0.033250
v -0.048625 0.882288 0.147250
v -0.048625 0.882288 0.109250
v -0.048625 0.882288 0.071250
v -0.048625 0.882288 0.033250
v -0.050494 0.881514 0.147250
v -0.050494 0.881514 0.109250
v -0.050494 0.881514 0.071250
v -0.050494 0.881514 0.033250
v -0.052500 0.881250 0.147250
v -0.052500 0.881250 0.109250
v -0.052500 0.881250 0.071250
v -0.052500 0.881250 0.033250
v -0.054506 0.881514 0.147250
v -0.054506 0.881514 0.109250
v -0.054506 0.881514 0.071250
v -0.054506 0.881514 0.033250
v -0.056375 0.882288 0.147250
v -0.056375 0.882288 0.109250
v -0.056375 0.882288 0.071250
v -0.056375 0.882288 0.033250
v -0.057980 0.883520 0.147250
v -0.057980 0.883520 0.109250
v -0.057980 0.883520 0.071250
v -0.057980 0.883520 0.033250
v -0.059212 0.885125 0.147250
v -0.059212 0.885125 0.109250
v -0.059212 0.885125 0.071250
v -0.059212 0.885125 0.033250
v -0.059986 0.886994 0.147250
v -0.059986 0.886994 0.109250
v -0.059986 0.886994 0.071250
v -0.059986 0.886994 0.033250
v -0.060250 0.889000 0.147250
v -0.060250 0.889000 0.109250
v -0.060250 0.889000 0.071250
v -0.060250 0.889000 0.033250
v -0.059986 0.891006 0.147250
v -0.059986 0.891006 0.109250
v -0.059986 0.891006 0.071250
v -0.059986 0.891006 0.033250
v -0.059212 0.892875 0.147250
v -0.059212 0.892875 0.109250
v -0.059212 0.892875 0.071250
v -0.059212 0.892875 0.033250
v -0.057980 0.894480 0.147250
v -0.057980 0.894480 0.109250
v -0.057980 0.894480 0.071250
v -0.057980 0.894480 0.033250
v -0.056375 0.895712 0.147250
v -0.056375 0.895712 0.109250
v -0.056375 0.895712 0.071250
v -0.056375 0.895712 0.033250
v -0.054506 0.896486 0.147250
v -0.054506 0.896486 0.109250
v -0.054506 0.896486 0.071250
v -0.054506 0.896486 0.033250
v -0.052500 0.896750 0.147250
v -0.052500 0.896750 0.109250
v -0.052500 0.896750 0.071250
v -0.052500 0.896750 0.033250
v -0.050494 0.896486 0.147250
v -0.050494 0.896486 0.109250
v -0.050494 0.896486 0.071250
v -0.050494 0.896486 0.033250
v -0.048625 0.895712 0.147250
v -0.048625 0.895712 0.109250
v -0.048625 0.895712 0.071250
v -0.048625 0.895712 0.033250
v -0.047020 0.894480 0.147250
v -0.047020 0.894480 0.109250
v -0.047020 0.894480 0.071250
v -0.047020 0.894480 0.033250
v -0.045788 0.892875 0.147250
v -0.045788 0.892875 0.109250
v -0.045788 0.892875 0.071250
v -0.045788 0.892875 0.033250
v -0.045014 0.891006 0.147250
v -0.045014 0.891006 0.109250
v -0.045014 0.891006 0.071250
v -0.045014 0.891006 0.033250
v -0.639750 0.889000 -0.004750
v -0.640014 0.886994 -0.004750
v -0.640788 0.885125 -0.004750
v -0.642020 0.883520 -0.004750
v -0.643625 0.882288 -0.004750
v -0.645494 0.881514 -0.004750
v -0.647500 0.881250 -0.004750
v -0.649506 0.881514 -0.004750
v -0.651375 0.882288 -0.004750
v -0.652980 0.883520 -0.004750
v -0.654212 0.885125 -0.004750
v -0.654986 0.886994 -0.004750
v -0.655250 0.889000 -0.004750
v -0.654986 0.891006 -0.004750
v -0.654212 0.892875 -0.004750
v -0.652980 0.894480 -0.004750
v -0.651375 0.895712 -0.004750
v -0.649506 0.896486 -0.004750
v -0.647500 0.896750 -0.004750
v -0.645494 0.896486 -0.004750
v -0.643625 0.895712 -0.004750
v -0.642020 0.894480 -0.004750
v -0.640788 0.892875 -0.004750
v -0.640014 0.891006 -0.004750
v -0.639750 0.889000 0.185250
v -0.640014 0.886994 0.185250
v -0.640788 0.885125 0.185250
v -0.642020 0.883520 0.185250
v -0.643625 0.882288 0.185250
v -0.645494 0.881514 0.185250
v -0.647500 0.881250 0.185250
v -0.649506 0.881514 0.185250
v -0.651375 0.882288 0.185250
v -0.652980 0.883520 0.185250
v -0.654212 0.885125 0.185250
v -0.654986 0.886994 0.185250
v -0.655250 0.889000 0.185250
v -0.654986 0.891006 0.185250
v -0.654212 0.892875 0.185250
v -0.652980 0.894480 0.185250
v -0.651375 0.895712 0.185250
v -0.649506 0.896486 0.185250
v -0.647500 0.896750 0.185250
v -0.645494 0.896486 0.185250
v -0.643625 0.895712 0.185250
v -0.642020 0.894480 0.185250
v -0.640788 0.892875 0.185250
v -0.640014 0.891006 0.185250
v -0.639750 0.889000 0.147250
v -0.639750 0.889000 0.109250
v -0.639750 0.889000 0.071250
v -0.639750 0.889000 0.033250
v -0.640014 0.886994 0.147250
v -0.640014 0.886994 0.109250
v -0.640014 0.886994 0.071250
v -0.640014 0.886994 0.033250
v -0.640788 0.885125 0.147250
v -0.640788 0.885125 0.109250
v -0.640788 0.885125 0.071250
v -0.640788 0.885125 0.033250
v -0.642020 0.883520 0.147250
v -0.642020 0.883520 0.109250
v -0.642020 0.883520 0.071250
v -0.642020 0.883520 0.033250
v -0.643625 0.882288 0.147250
v -0.643625 0.882288 0.109250
v -0.643625 0.882288 0.071250
v -0.643625 0.882288 0.033250
v -0.645494 0.881514 0.147250
v -0.645494 0.881514 0.109250
v -0.645494 0.881514 0.071250
v -0.645494 0.881514 0.033250
v -0.647500 0.881250 0.147250
v -0.647500 0.881250 0.109250
v -0.647500 0.881250 0.071250
v -0.647500 0.881250 0.033250
v -0.649506 0.881514 0.147250
v -0.649506 0.881514 0.109250
v -0.649506 0.881514 0.071250
v -0.649506 0.881514 0.033250
v -0.651375 0.882288 0.147250
v -0.651375 0.882288 0.109250
v -0.651375 0.882288 0.071250
v -0.651375 0.882288 0.033250
v -0.652980 0.883520 0.147250
v -0.652980 0.883520 0.109250
v -0.652980 0.883520 0.071250
v -0.652980 0.883520 0.033250
v -0.654212 0.885125 0.147250
v -0.654212 0.885125 0.109250
v -0.654212 0.885125 0.071250
v -0.654212 0.885125 0.033250
v -0.654986 0.886994 0.147250
v -0.654986 0.886994 0.109250
v -0.654986 0.886994 0.071250
v -0.654986 0.886994 0.033250
v -0.655250 0.889000 0.147250
v -0.655250 0.889000 0.109250
v -0.655250 0.889000 0.071250
v -0.655250 0.889000 0.033250
v -0.654986 0.891006 0.147250
v -0.654986 0.891006 0.109250
v -0.654986 0.891006 0.071250
v -0.654986 0.891006 0.033250
v -0.654212 0.892875 0.147250
v -0.654212 0.892875 0.109250
v -0.654212 0.892875 0.071250
v -0.654212 0.892875 0.033250
v -0.652980 0.894480 0.147250
v -0.652980 0.894480 0.109250
v -0.652980 0.894480 0.071250
v -0.652980 0.894480 0.033250
v -0.651375 0.895712 0.147250
v -0.651375 0.895712 0.109250
v -0.651375 0.895712 0.071250
v -0.651375 0.895712 0.033250
v -0.649506 0.896486 0.147250
v -0.649506 0.896486 0.109250
v -0.649506 0.896486 0.071250
v -0.649506 0.896486 0.033250
v -0.647500 0.896750 0.147250
v -0.647500 0.896750 0.109250
v -0.647500 0.896750 0.071250
v -0.647500 0.896750 0.033250
v -0.645494 0.896486 0.147250
v -0.645494 0.896486 0.109250
v -0.645494 0.896486 0.071250
v -0.645494 0.896486 0.033250
v -0.643625 0.895712 0.147250
v -0.643625 0.895712 0.109250
v -0.643625 0.895712 0.071250
v -0.643625 0.895712 0.033250
v -0.642020 0.894480 0.147250
v -0.642020 0.894480 0.109250
v -0.642020 0.894480 0.071250
v -0.642020 0.894480 0.033250
v -0.640788 0.892875 0.147250
v -0.640788 0.892875 0.109250
v -0.640788 0.892875 0.071250
v -0.640788 0.892875 0.033250
v -0.640014 0.891006 0.147250
v -0.640014 0.891006 0.109250
v -0.640014 0.891006 0.071250
v -0.640014 0.891006 0.033250
v -0.129750 1.024000 -0.004750
v -0.130014 1.021994 -0.004750
v -0.130788 1.020125 -0.004750
v -0.132020 1.018520 -0.004750
v -0.133625 1.017288 -0.004750
v -0.135494 1.016514 -0.004750
v -0.137500 1.016250 -0.004750
v -0.139506 1.016514 -0.004750
v -0.141375 1.017288 -0.004750
v -0.142980 1.018520 -0.004750
v -0.144212 1.020125 -0.004750
v -0.144986 1.021994 -0.004750
v -0.145250 1.024000 -0.004750
v -0.144986 1.026006 -0.004750
v -0.144212 1.027875 -0.004750
v -0.142980 1.029480 -0.004750
v -0.141375 1.030712 -0.004750
v -0.139506 1.031486 -0.004750
v -0.137500 1.031750 -0.004750
v -0.135494 1.031486 -0.004750
v -0.133625 1.030712 -0.004750
v -0.132020 1.029480 -0.004750
v -0.130788 1.027875 -0.004750
v -0.130014 1.026006 -0.004750
v -0.129750 1.024000 0.185250
v -0.130014 1.021994 0.185250
v -0.130788 1.020125 0.185250
v -0.132020 1.018520 0.185250
v -0.133625 1.017288 0.185250
v -0.135494 1.016514 0.185250
v -0.137500 1.016250 0.185250
v -0.139506 1.016514 0.185250
v -0.141375 1.017288 0.185250
v -0.142980 1.018520 0.185250
v -0.144212 1.020125 0.185250
v -0.144986 1.021994 0.185250
v -0.145250 1.024000 0.185250
v -0.144986 1.026006 0.185250
v -0.144212 1.027875 0.185250
v -0.142980 1.029480 0.185250
v -0.141375 1.030712 0.185250
v -0.139506 1.031486 0.185250
v -0.137500 1.031750 0.185250
v -0.135494 1.031486 0.185250
v -0.133625 1.030712 0.185250
v -0.132020 1.029480 0.185250
v -0.130788 1.027875 0.185250
v -0.130014 1.026006 0.185250
v -0.129750 1.024000 0.147250
v -0.129750 1.024000 0.109250
v -0.129750 1.024000 0.071250
v -0.129750 1.024000 0.033250
v -0.130014 1.021994 0.147250
v -0.130014 1.021994 0.109250
v -0.130014 1.021994 0.071250
v -0.130014 1.021994 0.033250
v -0.130788 1.020125 0.147250
v -0.130788 1.020125 0.109250
v -0.130788 1.020125 0.071250
v -0.130788 1.020125 0.033250
v -0.132020 1.018520 0.147250
v -0.132020 1.018520 0.109250
v -0.132020 1.018520 0.071250
v -0.132020 1.018520 0.033250
v -0.133625 1.017288 0.147250
v -0.133625 1.017288 0.109250
v -0.133625 1.017288 0.071250
v -0.133625 1.017288 0.033250
v -0.135494 1.016514 0.147250
v -0.135494 1.016514 0.109250
v -0.135494 1.016514 0.071250
v -0.135494 1.016514 0.033250
v -0.137500 1.016250 0.147250
v -0.137500 1.016250 0.109250
v -0.137500 1.016250 0.071250
v -0.137500 1.016250 0.033250
v -0.139506 1.016514 0.147250
v -0.139506 1.016514 0.109250
v -0.139506 1.016514 0.071250
v -0.139506 1.016514 0.033250
v -0.141375 1.017288 0.147250
v -0.141375 1.017288 0.109250
v -0.141375 1.017288 0.071250
v -0.141375 1.017288 0.033250
v -0.142980 1.018520 0.147250
v -0.142980 1.018520 0.109250
v -0.142980 1.018520 0.071250
v -0.142980 1.018520 0.033250
v -0.144212 1.020125 0.147250
v -0.144212 1.020125 0.109250
v -0.144212 1.020125 0.071250
v -0.144212 1.020125 0.033250
v -0.144986 1.021994 0.147250
v -0.144986 1.021994 0.109250
v -0.144986 1.021994 0.071250
v -0.144986 1.021994 0.033250
v -0.145250 1.024000 0.147250
v -0.145250 1.024000 0.109250
v -0.145250 1.024000 0.071250
v -0.145250 1.024000 0.033250
v -0.144986 1.026006 0.147250
v -0.144986 1.026006 0.109250
v -0.144986 1.026006 0.071250
v -0.144986 1.026006 0.033250
v -0.144212 1.027875 0.147250
v -0.144212 1.027875 0.109250
v -0.144212 1.027875 0.071250
v -0.144212 1.027875 0.033250
v -0.142980 1.029480 0.147250
v -0.142980 1.029480 0.109250
v -0.142980 1.029480 0.071250
v -0.142980 1.029480 0.033250
v -0.141375 1.030712 0.147250
v -0.141375 1.030712 0.109250
v -0.141375 1.030712 0.071250
v -0.141375 1.030712 0.033250
v -0.139506 1.031486 0.147250
v -0.139506 1.031486 0.109250
v -0.139506 1.031486 0.071250
v -0.139506 1.031486 0.033250
v -0.137500 1.031750 0.147250
v -0.137500 1.031750 0.109250
v -0.137500 1.031750 0.071250
v -0.137500 1.031750 0.033250
v -0.135494 1.031486 0.147250
v -0.135494 1.031486 0.109250
v -0.135494 1.031486 0.071250
v -0.135494 1.031486 0.033250
v -0.133625 1.030712 0.147250
v -0.133625 1.030712 0.109250
v -0.133625 1.030712 0.071250
v -0.133625 1.030712 0.033250
v -0.132020 1.029480 0.147250
v -0.132020 1.029480 0.109250
v -0.132020 1.029480 0.071250
v -0.132020 1.029480 0.033250
v -0.130788 1.027875 0.147250
v -0.130788 1.027875 0.109250
v -0.130788 1.027875 0.071250
v -0.130788 1.027875 0.033250
v -0.130014 1.026006 0.147250
v -0.130014 1.026006 0.109250
v -0.130014 1.026006 0.071250
v -0.130014 1.026006 0.033250
v -0.554750 0.889000 -0.004750
v -0.555014 0.886994 -0.004750
v -0.555788 0.885125 -0.004750
v -0.557020 0.883520 -0.004750
v -0.558625 0.882288 -0.004750
v -0.560494 0.881514 -0.004750
v -0.562500 0.881250 -0.004750
v -0.564506 0.881514 -0.004750
v -0.566375 0.882288 -0.004750
v -0.567980 0.883520 -0.004750
v -0.569212 0.885125 -0.004750
v -0.569986 0.886994 -0.004750
v -0.570250 0.889000 -0.004750
v -0.569986 0.891006 -0.004750
v -0.569212 0.892875 -0.004750
v -0.567980 0.894480 -0.004750
v -0.566375 0.895712 -0.004750
v -0.564506 0.896486 -0.004750
v -0.562500 0.896750 -0.004750
v -0.560494 0.896486 -0.004750
v -0.558625 0.895712 -0.004750
v -0.557020 0.894480 -0.004750
v -0.555788 0.892875 -0.004750
v -0.555014 0.891006 -0.004750
v -0.554750 0.889000 0.185250
v -0.555014 0.886994 0.185250
v -0.555788 0.885125 0.185250
v -0.557020 0.883520 0.185250
v -0.558625 0.882288 0.185250
v -0.560494 0.881514 0.185250
v -0.562500 0.881250 0.185250
v -0.564506 0.881514 0.185250
v -0.566375 0.882288 0.185250
v -0.567980 0.883520 0.185250
v -0.569212 0.885125 0.185250
v -0.569986 0.886994 0.185250
v -0.570250 0.889000 0.185250
v -0.569986 0.891006 0.185250
v -0.569212 0.892875 0.185250
v -0.567980 0.894480 0.185250
v -0.566375 0.895712 0.185250
v -0.564506 0.896486 0.185250
v -0.562500 0.896750 0.185250
v -0.560494 0.896486 0.185250
v -0.558625 0.895712 0.185250
v -0.557020 0.894480 0.185250
v -0.555788 0.892875 0.185250
v -0.555014 0.891006 0.185250
v -0.554750 0.889000 0.147250
v -0.554750 0.889000 0.109250
v -0.554750 0.889000 0.071250
v -0.554750 0.889000 0.033250
v -0.555014 0.886994 0.147250
v -0.555014 0.886994 0.109250
v -0.555014 0.886994 0.071250
v -0.555014 0.886994 0.033250
v -0.555788 0.885125 0.147250
v -0.555788 0.885125 0.109250
v -0.555788 0.885125 0.071250
v -0.555788 0.885125 0.033250
v -0.557020 0.883520 0.147250
v -0.557020 0.883520 0.109250
v -0.557020 0.883520 0.071250
v -0.557020 0.883520 0.033250
v -0.558625 0.882288 0.147250
v -0.558625 0.882288 0.109250
v -0.558625 0.882288 0.071250
v -0.558625 0.882288 0.033250
v -0.560494 0.881514 0.147250
v -0.560494 0.881514 0.109250
v -0.560494 0.881514 0.071250
v -0.560494 0.881514 0.033250
v -0.562500 0.881250 0.147250
v -0.562500 0.881250 0.109250
v -0.562500 0.881250 0.071250
v -0.562500 0.881250 0.033250
v -0.564506 0.881514 0.147250
v -0.564506 0.881514 0.109250
v -0.564506 0.881514 0.071250
v -0.564506 0.881514 0.033250
v -0.566375 0.882288 0.147250
v -0.566375 0.882288 0.109250
v -0.566375 0.882288 0.071250
v -0.566375 0.882288 0.033250
v -0.567980 0.883520 0.147250
v -0.567980 0.883520 0.109250
v -0.567980 0.883520 0.071250
v -0.567980 0.883520 0.033250
v -0.569212 0.885125 0.147250
v -0.569212 0.885125 0.109250
v -0.569212 0.885125 0.071250
v -0.569212 0.885125 0.033250
v -0.569986 0.886994 0.147250
v -0.569986 0.886994 0.109250
v -0.569986 0.886994 0.071250
v -0.569986 0.886994 0.033250
v -0.570250 0.889000 0.147250
v -0.570250 0.889000 0.109250
v -0.570250 0.889000 0.071250
v -0.570250 0.889000 0.033250
v -0.569986 0.891006 0.147250
v -0.569986 0.891006 0.109250
v -0.569986 0.891006 0.071250
v -0.569986 0.891006 0.033250
v -0.569212 0.892875 0.147250
v -0.569212 0.892875 0.109250
v -0.569212 0.892875 0.071250
v -0.569212 0.892875 0.033250
v -0.567980 0.894480 0.147250
v -0.567980 0.894480 0.109250
v -0.567980 0.894480 0.071250
v -0.567980 0.894480 0.033250
v -0.566375 0.895712 0.147250
v -0.566375 0.895712 0.109250
v -0.566375 0.895712 0.071250
v -0.566375 0.895712 0.033250
v -0.564506 0.896486 0.147250
v -0.564506 0.896486 0.109250
v -0.564506 0.896486 0.071250
v -0.564506 0.896486 0.033250
v -0.562500 0.896750 0.147250
v -0.562500 0.896750 0.109250
v -0.562500 0.896750 0.071250
v -0.562500 0.896750 0.033250
v -0.560494 0.896486 0.147250
v -0.560494 0.896486 0.109250
v -0.560494 0.896486 0.071250
v -0.560494 0.896486 0.033250
v -0.558625 0.895712 0.147250
v -0.558625 0.895712 0.109250
v -0.558625 0.895712 0.071250
v -0.558625 0.895712 0.033250
v -0.557020 0.894480 0.147250
v -0.557020 0.894480 0.109250
v -0.557020 0.894480 0.071250
v -0.557020 0.894480 0.033250
v -0.555788 0.892875 0.147250
v -0.555788 0.892875 0.109250
v -0.555788 0.892875 0.071250
v -0.555788 0.892875 0.033250
v -0.555014 0.891006 0.147250
v -0.555014 0.891006 0.109250
v -0.555014 0.891006 0.071250
v -0.555014 0.891006 0.033250
v -0.299750 0.889000 -0.004750
v -0.300014 0.886994 -0.004750
v -0.300788 0.885125 -0.004750
v -0.302020 0.883520 -0.004750
v -0.303625 0.882288 -0.004750
v -0.305494 0.881514 -0.004750
v -0.307500 0.881250 -0.004750
v -0.309506 0.881514 -0.004750
v -0.311375 0.882288 -0.004750
v -0.312980 0.883520 -0.004750
v -0.314212 0.885125 -0.004750
v -0.314986 0.886994 -0.004750
v -0.315250 0.889000 -0.004750
v -0.314986 0.891006 -0.004750
v -0.314212 0.892875 -0.004750
v -0.312980 0.894480 -0.004750
v -0.311375 0.895712 -0.004750
v -0.309506 0.896486 -0.004750
v -0.307500 0.896750 -0.004750
v -0.305494 0.896486 -0.004750
v -0.303625 0.895712 -0.004750
v -0.302020 0.894480 -0.004750
v -0.300788 0.892875 -0.004750
v -0.300014 0.891006 -0.004750
v -0.299750 0.889000 0.185250
v -0.300014 0.886994 0.185250
v -0.300788 0.885125 0.185250
v -0.302020 0.883520 0.185250
v -0.303625 0.882288 0.185250
v -0.305494 0.881514 0.185250
v -0.307500 0.881250 0.185250
v -0.309506 0.881514 0.185250
v -0.311375 0.882288 0.185250
v -0.312980 0.883520 0.185250
v -0.314212 0.885125 0.185250
v -0.314986 0.886994 0.185250
v -0.315250 0.889000 0.185250
v -0.314986 0.891006 0.185250
v -0.314212 0.892875 0.185250
v -0.312980 0.894480 0.185250
v -0.311375 0.895712 0.185250
v -0.309506 0.896486 0.185250
v -0.307500 0.896750 0.185250
v -0.305494 0.896486 0.185250
v -0.303625 0.895712 0.185250
v -0.302020 0.894480 0.185250
v -0.300788 0.892875 0.185250
v -0.300014 0.891006 0.185250
v -0.299750 0.889000 0.147250
v -0.299750 0.889000 0.109250
v -0.299750 0.889000 0.071250
v -0.299750 0.889000 0.033250
v -0.300014 0.886994 0.147250
v -0.300014 0.886994 0.109250
v -0.300014 0.886994 0.071250
v -0.300014 0.886994 0.033250
v -0.300788 0.885125 0.147250
v -0.300788 0.885125 0.109250
v -0.300788 0.885125 0.071250
v -0.300788 0.885125 0.033250
v -0.302020 0.883520 0.147250
v -0.302020 0.883520 0.109250
v -0.302020 0.883520 0.071250
v -0.302020 0.883520 0.033250
v -0.303625 0.882288 0.147250
v -0.303625 0.882288 0.109250
v -0.303625 0.882288 0.071250
v -0.303625 0.882288 0.033250
v -0.305494 0.881514 0.147250
v -0.305494 0.881514 0.109250
v -0.305494 0.881514 0.071250
v -0.305494 0.881514 0.033250
v -0.307500 0.881250 0.147250
v -0.307500 0.881250 0.109250
v -0.307500 0.881250 0.071250
v -0.307500 0.881250 0.033250
v -0.309506 0.881514 0.147250
v -0.309506 0.881514 0.109250
v -0.309506 0.881514 0.071250
v -0.309506 0.881514 0.033250
v -0.311375 0.882288 0.147250
v -0.311375 0.882288 0.109250
v -0.311375 0.882288 0.071250
v -0.311375 0.882288 0.033250
v -0.312980 0.883520 0.147250
v -0.312980 0.883520 0.109250
v -0.312980 0.883520 0.071250
v -0.312980 0.883520 0.033250
v -0.314212 0.885125 0.147250
v -0.314212 0.885125 0.109250
v -0.314212 0.885125 0.071250
v -0.314212 0.885125 0.033250
v -0.314986 0.886994 0.147250
v -0.314986 0.886994 0.109250
v -0.314986 0.886994 0.071250
v -0.314986 0.886994 0.033250
v -0.315250 0.889000 0.147250
v -0.315250 0.889000 0.109250
v -0.315250 0.889000 0.071250
v -0.315250 0.889000 0.033250
v -0.314986 0.891006 0.147250
v -0.314986 0.891006 0.109250
v -0.314986 0.891006 0.071250
v -0.314986 0.891006 0.033250
v -0.314212 0.892875 0.147250
v -0.314212 0.892875 0.109250
v -0.314212 0.892875 0.071250
v -0.314212 0.892875 0.033250
v -0.312980 0.894480 0.147250
v -0.312980 0.894480 0.109250
v -0.312980 0.894480 0.071250
v -0.312980 0.894480 0.033250
v -0.311375 0.895712 0.147250
v -0.311375 0.895712 0.109250
v -0.311375 0.895712 0.071250
v -0.311375 0.895712 0.033250
v -0.309506 0.896486 0.147250
v -0.309506 0.896486 0.109250
v -0.309506 0.896486 0.071250
v -0.309506 0.896486 0.033250
v -0.307500 0.896750 0.147250
v -0.307500 0.896750 0.109250
v -0.307500 0.896750 0.071250
v -0.307500 0.896750 0.033250
v -0.305494 0.896486 0.147250
v -0.305494 0.896486 0.109250
v -0.305494 0.896486 0.071250
v -0.305494 0.896486 0.033250
v -0.303625 0.895712 0.147250
v -0.303625 0.895712 0.109250
v -0.303625 0.895712 0.071250
v -0.303625 0.895712 0.033250
v -0.302020 0.894480 0.147250
v -0.302020 0.894480 0.109250
v -0.302020 0.894480 0.071250
v -0.302020 0.894480 0.033250
v -0.300788 0.892875 0.147250
v -0.300788 0.892875 0.109250
v -0.300788 0.892875 0.071250
v -0.300788 0.892875 0.033250
v -0.300014 0.891006 0.147250
v -0.300014 0.891006 0.109250
v -0.300014 0.891006 0.071250
v -0.300014 0.891006 0.033250
v -0.214750 1.024000 -0.004750
v -0.215014 1.021994 -0.004750
v -0.215788 1.020125 -0.004750
v -0.217020 1.018520 -0.004750
v -0.218625 1.017288 -0.004750
v -0.220494 1.016514 -0.004750
v -0.222500 1.016250 -0.004750
v -0.224506 1.016514 -0.004750
v -0.226375 1.017288 -0.004750
v -0.227980 1.018520 -0.004750
v -0.229212 1.020125 -0.004750
v -0.229986 1.021994 -0.004750
v -0.230250 1.024000 -0.004750
v -0.229986 1.026006 -0.004750
v -0.229212 1.027875 -0.004750
v -0.227980 1.029480 -0.004750
v -0.226375 1.030712 -0.004750
v -0.224506 1.031486 -0.004750
v -0.222500 1.031750 -0.004750
v -0.220494 1.031486 -0.004750
v -0.218625 1.030712 -0.004750
v -0.217020 1.029480 -0.004750
v -0.215788 1.027875 -0.004750
v -0.215014 1.026006 -0.004750
v -0.214750 1.024000 0.185250
v -0.215014 1.021994 0.185250
v -0.215788 1.020125 0.185250
v -0.217020 1.018520 0.185250
v -0.218625 1.017288 0.185250
v -0.220494 1.016514 0.185250
v -0.222500 1.016250 0.185250
v -0.224506 1.016514 0.185250
v -0.226375 1.017288 0.185250
v -0.227980 1.018520 0.185250
v -0.229212 1.020125 0.185250
v -0.229986 1.021994 0.185250
v -0.230250 1.024000 0.185250
v -0.229986 1.026006 0.185250
v -0.229212 1.027875 0.185250
v -0.227980 1.029480 0.185250
v -0.226375 1.030712 0.185250
v -0.224506 1.031486 0.185250
v -0.222500 1.031750 0.185250
v -0.220494 1.031486 0.185250
v -0.218625 1.030712 0.185250
v -0.217020 1.029480 0.185250
v -0.215788 1.027875 0.185250
v -0.215014 1.026006 0.185250
v -0.214750 1.024000 0.147250
v -0.214750 1.024000 0.109250
v -0.214750 1.024000 0.071250
v -0.214750 1.024000 0.033250
v -0.215014 1.021994 0.147250
v -0.215014 1.021994 0.109250
v -0.215014 1.021994 0.071250
v -0.215014 1.021994 0.033250
v -0.215788 1.020125 0.147250
v -0.215788 1.020125 0.109250
v -0.215788 1.020125 0.071250
v -0.215788 1.020125 0.033250
v -0.217020 1.018520 0.147250
v -0.217020 1.018520 0.109250
v -0.217020 1.018520 0.071250
v -0.217020 1.018520 0.033250
v -0.218625 1.017288 0.147250
v -0.218625 1.017288 0.109250
v -0.218625 1.017288 0.071250
v -0.218625 1.017288 0.033250
v -0.220494 1.016514 0.147250
v -0.220494 1.016514 0.109250
v -0.220494 1.016514 0.071250
v -0.220494 1.016514 0.033250
v -0.222500 1.016250 0.147250
v -0.222500 1.016250 0.109250
v -0.222500 1.016250 0.071250
v -0.222500 1.016250 0.033250
v -0.224506 1.016514 0.147250
v -0.224506 1.016514 0.109250
v -0.224506 1.016514 0.071250
v -0.224506 1.016514 0.033250
v -0.226375 1.017288 0.147250
v -0.226375 1.017288 0.109250
v -0.226375 1.017288 0.071250
v -0.226375 1.017288 0.033250
v -0.227980 1.018520 0.147250
v -0.227980 1.018520 0.109250
v -0.227980 1.018520 0.071250
v -0.227980 1.018520 0.033250
v -0.229212 1.020125 0.147250
v -0.229212 1.020125 0.109250
v -0.229212 1.020125 0.071250
v -0.229212 1.020125 0.033250
v -0.229986 1.021994 0.147250
v -0.229986 1.021994 0.109250
v -0.229986 1.021994 0.071250
v -0.229986 1.021994 0.033250
v -0.230250 1.024000 0.147250
v -0.230250 1.024000 0.109250
v -0.230250 1.024000 0.071250
v -0.230250 1.024000 0.033250
v -0.229986 1.026006 0.147250
v -0.229986 1.026006 0.109250
v -0.229986 1.026006 0.071250
v -0.229986 1.026006 0.033250
v -0.229212 1.027875 0.147250
v -0.229212 1.027875 0.109250
v -0.229212 1.027875 0.071250
v -0.229212 1.027875 0.033250
v -0.227980 1.029480 0.147250
v -0.227980 1.029480 0.109250
v -0.227980 1.029480 0.071250
v -0.227980 1.029480 0.033250
v -0.226375 1.030712 0.147250
v -0.226375 1.030712 0.109250
v -0.226375 1.030712 0.071250
v -0.226375 1.030712 0.033250
v -0.224506 1.031486 0.147250
v -0.224506 1.031486 0.109250
v -0.224506 1.031486 0.071250
v -0.224506 1.031486 0.033250
v -0.222500 1.031750 0.147250
v -0.222500 1.031750 0.109250
v -0.222500 1.031750 0.071250
v -0.222500 1.031750 0.033250
v -0.220494 1.031486 0.147250
v -0.220494 1.031486 0.109250
v -0.220494 1.031486 0.071250
v -0.220494 1.031486 0.033250
v -0.218625 1.030712 0.147250
v -0.218625 1.030712 0.109250
v -0.218625 1.030712 0.071250
v -0.218625 1.030712 0.033250
v -0.217020 1.029480 0.147250
v -0.217020 1.029480 0.109250
v -0.217020 1.029480 0.071250
v -0.217020 1.029480 0.033250
v -0.215788 1.027875 0.147250
v -0.215788 1.027875 0.109250
v -0.215788 1.027875 0.071250
v -0.215788 1.027875 0.033250
v -0.215014 1.026006 0.147250
v -0.215014 1.026006 0.109250
v -0.215014 1.026006 0.071250
v -0.215014 1.026006 0.033250
v -0.554750 1.024000 -0.004750
v -0.555014 1.021994 -0.004750
v -0.555788 1.020125 -0.004750
v -0.557020 1.018520 -0.004750
v -0.558625 1.017288 -0.004750
v -0.560494 1.016514 -0.004750
v -0.562500 1.016250 -0.004750
v -0.564506 1.016514 -0.004750
v -0.566375 1.017288 -0.004750
v -0.567980 1.018520 -0.004750
v -0.569212 1.020125 -0.004750
v -0.569986 1.021994 -0.004750
v -0.570250 1.024000 -0.004750
v -0.569986 1.026006 -0.004750
v -0.569212 1.027875 -0.004750
v -0.567980 1.029480 -0.004750
v -0.566375 1.030712 -0.004750
v -0.564506 1.031486 -0.004750
v -0.562500 1.031750 -0.004750
v -0.560494 1.031486 -0.004750
v -0.558625 1.030712 -0.004750
v -0.557020 1.029480 -0.004750
v -0.555788 1.027875 -0.004750
v -0.555014 1.026006 -0.004750
v -0.554750 1.024000 0.185250
v -0.555014 1.021994 0.185250
v -0.555788 1.020125 0.185250
v -0.557020 1.018520 0.185250
v -0.558625 1.017288 0.185250
v -0.560494 1.016514 0.185250
v -0.562500 1.016250 0.185250
v -0.564506 1.016514 0.185250
v -0.566375 1.017288 0.185250
v -0.567980 1.018520 0.185250
v -0.569212 1.020125 0.185250
v -0.569986 1.021994 0.185250
v -0.570250 1.024000 0.185250
v -0.569986 1.026006 0.185250
v -0.569212 1.027875 0.185250
v -0.567980 1.029480 0.185250
v -0.566375 1.030712 0.185250
v -0.564506 1.031486 0.185250
v -0.562500 1.031750 0.185250
v -0.560494 1.031486 0.185250
v -0.558625 1.030712 0.185250
v -0.557020 1.029480 0.185250
v -0.555788 1.027875 0.185250
v -0.555014 1.026006 0.185250
v -0.554750 1.024000 0.147250
v -0.554750 1.024000 0.109250
v -0.554750 1.024000 0.071250
v -0.554750 1.024000 0.033250
v -0.555014 1.021994 0.147250
v -0.555014 1.021994 0.109250
v -0.555014 1.021994 0.071250
v -0.555014 1.021994 0.033250
v -0.555788 1.020125 0.147250
v -0.555788 1.020125 0.109250
v -0.555788 1.020125 0.071250
v -0.555788 1.020125 0.033250
v -0.557020 1.018520 0.147250
v -0.557020 1.018520 0.109250
v -0.557020 1.018520 0.071250
v -0.557020 1.018520 0.033250
v -0.558625 1.017288 0.147250
v -0.558625 1.017288 0.109250
v -0.558625 1.017288 0.071250
v -0.558625 1.017288 0.033250
v -0.560494 1.016514 0.147250
v -0.560494 1.016514 0.109250
v -0.560494 1.016514 0.071250
v -0.560494 1.016514 0.033250
v -0.562500 1.016250 0.147250
v -0.562500 1.016250 0.109250
v -0.562500 1.016250 0.071250
v -0.562500 1.016250 0.033250
v -0.564506 1.016514 0.147250
v -0.564506 1.016514 0.109250
v -0.564506 1.016514 0.071250
v -0.564506 1.016514 0.033250
v -0.566375 1.017288 0.147250
v -0.566375 1.017288 0.109250
v -0.566375 1.017288 0.071250
v -0.566375 1.017288 0.033250
v -0.567980 1.018520 0.147250
v -0.567980 1.018520 0.109250
v -0.567980 1.018520 0.071250
v -0.567980 1.018520 0.033250
v -0.569212 1.020125 0.147250
v -0.569212 1.020125 0.109250
v -0.569212 1.020125 0.071250
v -0.569212 1.020125 0.033250
v -0.569986 1.021994 0.147250
v -0.569986 1.021994 0.109250
v -0.569986 1.021994 0.071250
v -0.569986 1.021994 0.033250
v -0.570250 1.024000 0.147250
v -0.570250 1.024000 0.109250
v -0.570250 1.024000 0.071250
v -0.570250 1.024000 0.033250
v -0.569986 1.026006 0.147250
v -0.569986 1.026006 0.109250
v -0.569986 1.026006 0.071250
v -0.569986 1.026006 0.033250
v -0.569212 1.027875 0.147250
v -0.569212 1.027875 0.109250
v -0.569212 1.027875 0.071250
v -0.569212 1.027875 0.033250
v -0.567980 1.029480 0.147250
v -0.567980 1.029480 0.109250
v -0.567980 1.029480 0.071250
v -0.567980 1.029480 0.033250
v -0.566375 1.030712 0.147250
v -0.566375 1.030712 0.109250
v -0.566375 1.030712 0.071250
v -0.566375 1.030712 0.033250
v -0.564506 1.031486 0.147250
v -0.564506 1.031486 0.109250
v -0.564506 1.031486 0.071250
v -0.564506 1.031486 0.033250
v -0.562500 1.031750 0.147250
v -0.562500 1.031750 0.109250
v -0.562500 1.031750 0.071250
v -0.562500 1.031750 0.033250
v -0.560494 1.031486 0.147250
v -0.560494 1.031486 0.109250
v -0.560494 1.031486 0.071250
v -0.560494 1.031486 0.033250
v -0.558625 1.030712 0.147250
v -0.558625 1.030712 0.109250
v -0.558625 1.030712 0.071250
v -0.558625 1.030712 0.033250
v -0.557020 1.029480 0.147250
v -0.557020 1.029480 0.109250
v -0.557020 1.029480 0.071250
v -0.557020 1.029480 0.033250
v -0.555788 1.027875 0.147250
v -0.555788 1.027875 0.109250
v -0.555788 1.027875 0.071250
v -0.555788 1.027875 0.033250
v -0.555014 1.026006 0.147250
v -0.555014 1.026006 0.109250
v -0.555014 1.026006 0.071250
v -0.555014 1.026006 0.033250
v -0.639750 1.024000 -0.004750
v -0.640014 1.021994 -0.004750
v -0.640788 1.020125 -0.004750
v -0.642020 1.018520 -0.004750
v -0.643625 1.017288 -0.004750
v -0.645494 1.016514 -0.004750
v -0.647500 1.016250 -0.004750
v -0.649506 1.016514 -0.004750
v -0.651375 1.017288 -0.004750
v -0.652980 1.018520 -0.004750
v -0.654212 1.020125 -0.004750
v -0.654986 1.021994 -0.004750
v -0.655250 1.024000 -0.004750
v -0.654986 1.026006 -0.004750
v -0.654212 1.027875 -0.004750
v -0.652980 1.029480 -0.004750
v -0.651375 1.030712 -0.004750
v -0.649506 1.031486 -0.004750
v -0.647500 1.031750 -0.004750
v -0.645494 1.031486 -0.004750
v -0.643625 1.030712 -0.004750
v -0.642020 1.029480 -0.004750
v -0.640788 1.027875 -0.004750
v -0.640014 1.026006 -0.004750
v -0.639750 1.024000 0.185250
v -0.640014 1.021994 0.185250
v -0.640788 1.020125 0.185250
v -0.642020 1.018520 0.185250
v -0.643625 1.017288 0.185250
v -0.645494 1.016514 0.185250
v -0.647500 1.016250 0.185250
v -0.649506 1.016514 0.185250
v -0.651375 1.017288 0.185250
v -0.652980 1.018520 0.185250
v -0.654212 1.020125 0.185250
v -0.654986 1.021994 0.185250
v -0.655250 1.024000 0.185250
v -0.654986 1.026006 0.185250
v -0.654212 1.027875 0.185250
v -0.652980 1.029480 0.185250
v -0.651375 1.030712 0.185250
v -0.649506 1.031486 0.185250
v -0.647500 1.031750 0.185250
v -0.645494 1.031486 0.185250
v -0.643625 1.030712 0.185250
v -0.642020 1.029480 0.185250
v -0.640788 1.027875 0.185250
v -0.640014 1.026006 0.185250
v -0.639750 1.024000 0.147250
v -0.639750 1.024000 0.109250
v -0.639750 1.024000 0.071250
v -0.639750 1.024000 0.033250
v -0.640014 1.021994 0.147250
v -0.640014 1.021994 0.109250
v -0.640014 1.021994 0.071250
v -0.640014 1.021994 0.033250
v -0.640788 1.020125 0.147250
v -0.640788 1.020125 0.109250
v -0.640788 1.020125 0.071250
v -0.640788 1.020125 0.033250
v -0.642020 1.018520 0.147250
v -0.642020 1.018520 0.109250
v -0.642020 1.018520 0.071250
v -0.642020 1.018520 0.033250
v -0.643625 1.017288 0.147250
v -0.643625 1.017288 0.109250
v -0.643625 1.017288 0.071250
v -0.643625 1.017288 0.033250
v -0.645494 1.016514 0.147250
v -0.645494 1.016514 0.109250
v -0.645494 1.016514 0.071250
v -0.645494 1.016514 0.033250
v -0.647500 1.016250 0.147250
v -0.647500 1.016250 0.109250
v -0.647500 1.016250 0.071250
v -0.647500 1.016250 0.033250
v -0.649506 1.016514 0.147250
v -0.649506 1.016514 0.109250
v -0.649506 1.016514 0.071250
v -0.649506 1.016514 0.033250
v -0.651375 1.017288 0.147250
v -0.651375 1.017288 0.109250
v -0.651375 1.017288 0.071250
v -0.651375 1.017288 0.033250
v -0.652980 1.018520 0.147250
v -0.652980 1.018520 0.109250
v -0.652980 1.018520 0.071250
v -0.652980 1.018520 0.033250
v -0.654212 1.020125 0.147250
v -0.654212 1.020125 0.109250
v -0.654212 1.020125 0.071250
v -0.654212 1.020125 0.033250
v -0.654986 1.021994 0.147250
v -0.654986 1.021994 0.109250
v -0.654986 1.021994 0.071250
v -0.654986 1.021994 0.033250
v -0.655250 1.024000 0.147250
v -0.655250 1.024000 0.109250
v -0.655250 1.024000 0.071250
v -0.655250 1.024000 0.033250
v -0.654986 1.026006 0.147250
v -0.654986 1.026006 0.109250
v -0.654986 1.026006 0.071250
v -0.654986 1.026006 0.033250
v -0.654212 1.027875 0.147250
v -0.654212 1.027875 0.109250
v -0.654212 1.027875 0.071250
v -0.654212 1.027875 0.033250
v -0.652980 1.029480 0.147250
v -0.652980 1.029480 0.109250
v -0.652980 1.029480 0.071250
v -0.652980 1.029480 0.033250
v -0.651375 1.030712 0.147250
v -0.651375 1.030712 0.109250
v -0.651375 1.030712 0.071250
v -0.651375 1.030712 0.033250
v -0.649506 1.031486 0.147250
v -0.649506 1.031486 0.109250
v -0.649506 1.031486 0.071250
v -0.649506 1.031486 0.033250
v -0.647500 1.031750 0.147250
v -0.647500 1.031750 0.109250
v -0.647500 1.031750 0.071250
v -0.647500 1.031750 0.033250
v -0.645494 1.031486 0.147250
v -0.645494 1.031486 0.109250
v -0.645494 1.031486 0.071250
v -0.645494 1.031486 0.033250
v -0.643625 1.030712 0.147250
v -0.643625 1.030712 0.109250
v -0.643625 1.030712 0.071250
v -0.643625 1.030712 0.033250
v -0.642020 1.029480 0.147250
v -0.642020 1.029480 0.109250
v -0.642020 1.029480 0.071250
v -0.642020 1.029480 0.033250
v -0.640788 1.027875 0.147250
v -0.640788 1.027875 0.109250
v -0.640788 1.027875 0.071250
v -0.640788 1.027875 0.033250
v -0.640014 1.026006 0.147250
v -0.640014 1.026006 0.109250
v -0.640014 1.026006 0.071250
v -0.640014 1.026006 0.033250
v -0.299750 1.024000 -0.004750
v -0.300014 1.021994 -0.004750
v -0.300788 1.020125 -0.004750
v -0.302020 1.018520 -0.004750
v -0.303625 1.017288 -0.004750
v -0.305494 1.016514 -0.004750
v -0.307500 1.016250 -0.004750
v -0.309506 1.016514 -0.004750
v -0.311375 1.017288 -0.004750
v -0.312980 1.018520 -0.004750
v -0.314212 1.020125 -0.004750
v -0.314986 1.021994 -0.004750
v -0.315250 1.024000 -0.004750
v -0.314986 1.026006 -0.004750
v -0.314212 1.027875 -0.004750
v -0.312980 1.029480 -0.004750
v -0.311375 1.030712 -0.004750
v -0.309506 1.031486 -0.004750
v -0.307500 1.031750 -0.004750
v -0.305494 1.031486 -0.004750
v -0.303625 1.030712 -0.004750
v -0.302020 1.029480 -0.004750
v -0.300788 1.027875 -0.004750
v -0.300014 1.026006 -0.004750
v -0.299750 1.024000 0.185250
v -0.300014 1.021994 0.185250
v -0.300788 1.020125 0.185250
v -0.302020 1.018520 0.185250
v -0.303625 1.017288 0.185250
v -0.305494 1.016514 0.185250
v -0.307500 1.016250 0.185250
v -0.309506 1.016514 0.185250
v -0.311375 1.017288 0.185250
v -0.312980 1.018520 0.185250
v -0.314212 1.020125 0.185250
v -0.314986 1.021994 0.185250
v -0.315250 1.024000 0.185250
v -0.314986 1.026006 0.185250
v -0.314212 1.027875 0.185250
v -0.312980 1.029480 0.185250
v -0.311375 1.030712 0.185250
v -0.309506 1.031486 0.185250
v -0.307500 1.031750 0.185250
v -0.305494 1.031486 0.185250
v -0.303625 1.030712 0.185250
v -0.302020 1.029480 0.185250
v -0.300788 1.027875 0.185250
v -0.300014 1.026006 0.185250
v -0.299750 1.024000 0.147250
v -0.299750 1.024000 0.109250
v -0.299750 1.024000 0.071250
v -0.299750 1.024000 0.033250
v -0.300014 1.021994 0.147250
v -0.300014 1.021994 0.109250
v -0.300014 1.021994 0.071250
v -0.300014 1.021994 0.033250
v -0.300788 1.020125 0.147250
v -0.300788 1.020125 0.109250
v -0.300788 1.020125 0.071250
v -0.300788 1.020125 0.033250
v -0.302020 1.018520 0.147250
v -0.302020 1.018520 0.109250
v -0.302020 1.018520 0.071250
v -0.302020 1.018520 0.033250
v -0.303625 1.017288 0.147250
v -0.303625 1.017288 0.109250
v -0.303625 1.017288 0.071250
v -0.303625 1.017288 0.033250
v -0.305494 1.016514 0.147250
v -0.305494 1.016514 0.109250
v -0.305494 1.016514 0.071250
v -0.305494 1.016514 0.033250
v -0.307500 1.016250 0.147250
v -0.307500 1.016250 0.109250
v -0.307500 1.016250 0.071250
v -0.307500 1.016250 0.033250
v -0.309506 1.016514 0.147250
v -0.309506 1.016514 0.109250
v -0.309506 1.016514 0.071250
v -0.309506 1.016514 0.033250
v -0.311375 1.017288 0.147250
v -0.311375 1.017288 0.109250
v -0.311375 1.017288 0.071250
v -0.311375 1.017288 0.033250
v -0.312980 1.018520 0.147250
v -0.312980 1.018520 0.109250
v -0.312980 1.018520 0.071250
v -0.312980 1.018520 0.033250
v -0.314212 1.020125 0.147250
v -0.314212 1.020125 0.109250
v -0.314212 1.020125 0.071250
v -0.314212 1.020125 0.033250
v -0.314986 1.021994 0.147250
v -0.314986 1.021994 0.109250
v -0.314986 1.021994 0.071250
v -0.314986 1.021994 0.033250
v -0.315250 1.024000 0.147250
v -0.315250 1.024000 0.109250
v -0.315250 1.024000 0.071250
v -0.315250 1.024000 0.033250
v -0.314986 1.026006 0.147250
v -0.314986 1.026006 0.109250
v -0.314986 1.026006 0.071250
v -0.314986 1.026006 0.033250
v -0.314212 1.027875 0.147250
v -0.314212 1.027875 0.109250
v -0.314212 1.027875 0.071250
v -0.314212 1.027875 0.033250
v -0.312980 1.029480 0.147250
v -0.312980 1.029480 0.109250
v -0.312980 1.029480 0.071250
v -0.312980 1.029480 0.033250
v -0.311375 1.030712 0.147250
v -0.311375 1.030712 0.109250
v -0.311375 1.030712 0.071250
v -0.311375 1.030712 0.033250
v -0.309506 1.031486 0.147250
v -0.309506 1.031486 0.109250
v -0.309506 1.031486 0.071250
v -0.309506 1.031486 0.033250
v -0.307500 1.031750 0.147250
v -0.307500 1.031750 0.109250
v -0.307500 1.031750 0.071250
v -0.307500 1.031750 0.033250
v -0.305494 1.031486 0.147250
v -0.305494 1.031486 0.109250
v -0.305494 1.031486 0.071250
v -0.305494 1.031486 0.033250
v -0.303625 1.030712 0.147250
v -0.303625 1.030712 0.109250
v -0.303625 1.030712 0.071250
v -0.303625 1.030712 0.033250
v -0.302020 1.029480 0.147250
v -0.302020 1.029480 0.109250
v -0.302020 1.029480 0.071250
v -0.302020 1.029480 0.033250
v -0.300788 1.027875 0.147250
v -0.300788 1.027875 0.109250
v -0.300788 1.027875 0.071250
v -0.300788 1.027875 0.033250
v -0.300014 1.026006 0.147250
v -0.300014 1.026006 0.109250
v -0.300014 1.026006 0.071250
v -0.300014 1.026006 0.033250
v -0.384750 0.889000 -0.004750
v -0.385014 0.886994 -0.004750
v -0.385788 0.885125 -0.004750
v -0.387020 0.883520 -0.004750
v -0.388625 0.882288 -0.004750
v -0.390494 0.881514 -0.004750
v -0.392500 0.881250 -0.004750
v -0.394506 0.881514 -0.004750
v -0.396375 0.882288 -0.004750
v -0.397980 0.883520 -0.004750
v -0.399212 0.885125 -0.004750
v -0.399986 0.886994 -0.004750
v -0.400250 0.889000 -0.004750
v -0.399986 0.891006 -0.004750
v -0.399212 0.892875 -0.004750
v -0.397980 0.894480 -0.004750
v -0.396375 0.895712 -0.004750
v -0.394506 0.896486 -0.004750
v -0.392500 0.896750 -0.004750
v -0.390494 0.896486 -0.004750
v -0.388625 0.895712 -0.004750
v -0.387020 0.894480 -0.004750
v -0.385788 0.892875 -0.004750
v -0.385014 0.891006 -0.004750
v -0.384750 0.889000 0.185250
v -0.385014 0.886994 0.185250
v -0.385788 0.885125 0.185250
v -0.387020 0.883520 0.185250
v -0.388625 0.882288 0.185250
v -0.390494 0.881514 0.185250
v -0.392500 0.881250 0.185250
v -0.394506 0.881514 0.185250
v -0.396375 0.882288 0.185250
v -0.397980 0.883520 0.185250
v -0.399212 0.885125 0.185250
v -0.399986 0.886994 0.185250
v -0.400250 0.889000 0.185250
v -0.399986 0.891006 0.185250
v -0.399212 0.892875 0.185250
v -0.397980 0.894480 0.185250
v -0.396375 0.895712 0.185250
v -0.394506 0.896486 0.185250
v -0.392500 0.896750 0.185250
v -0.390494 0.896486 0.185250
v -0.388625 0.895712 0.185250
v -0.387020 0.894480 0.185250
v -0.385788 0.892875 0.185250
v -0.385014 0.891006 0.185250
v -0.384750 0.889000 0.147250
v -0.384750 0.889000 0.109250
v -0.384750 0.889000 0.071250
v -0.384750 0.889000 0.033250
v -0.385014 0.886994 0.147250
v -0.385014 0.886994 0.109250
v -0.385014 0.886994 0.071250
v -0.385014 0.886994 0.033250
v -0.385788 0.885125 0.147250
v -0.385788 0.885125 0.109250
v -0.385788 0.885125 0.071250
v -0.385788 0.885125 0.033250
v -0.387020 0.883520 0.147250
v -0.387020 0.883520 0.109250
v -0.387020 0.883520 0.071250
v -0.387020 0.883520 0.033250
v -0.388625 0.882288 0.147250
v -0.388625 0.882288 0.109250
v -0.388625 0.882288 0.071250
v -0.388625 0.882288 0.033250
v -0.390494 0.881514 0.147250
v -0.390494 0.881514 0.109250
v -0.390494 0.881514 0.071250
v -0.390494 0.881514 0.033250
v -0.392500 0.881250 0.147250
v -0.392500 0.881250 0.109250
v -0.392500 0.881250 0.071250
v -0.392500 0.881250 0.033250
v -0.394506 0.881514 0.147250
v -0.394506 0.881514 0.109250
v -0.394506 0.881514 0.071250
v -0.394506 0.881514 0.033250
v -0.396375 0.882288 0.147250
v -0.396375 0.882288 0.109250
v -0.396375 0.882288 0.071250
v -0.396375 0.882288 0.033250
v -0.397980 0.883520 0.147250
v -0.397980 0.883520 0.109250
v -0.397980 0.883520 0.071250
v -0.397980 0.883520 0.033250
v -0.399212 0.885125 0.147250
v -0.399212 0.885125 0.109250
v -0.399212 0.885125 0.071250
v -0.399212 0.885125 0.033250
v -0.399986 0.886994 0.147250
v -0.399986 0.886994 0.109250
v -0.399986 0.886994 0.071250
v -0.399986 0.886994 0.033250
v -0.400250 0.889000 0.147250
v -0.400250 0.889000 0.109250
v -0.400250 0.889000 0.071250
v -0.400250 0.889000 0.033250
v -0.399986 0.891006 0.147250
v -0.399986 0.891006 0.109250
v -0.399986 0.891006 0.071250
v -0.399986 0.891006 0.033250
v -0.399212 0.892875 0.147250
v -0.399212 0.892875 0.109250
v -0.399212 0.892875 0.071250
v -0.399212 0.892875 0.033250
v -0.397980 0.894480 0.147250
v -0.397980 0.894480 0.109250
v -0.397980 0.894480 0.071250
v -0.397980 0.894480 0.033250
v -0.396375 0.895712 0.147250
v -0.396375 0.895712 0.109250
v -0.396375 0.895712 0.071250
v -0.396375 0.895712 0.033250
v -0.394506 0.896486 0.147250
v -0.394506 0.896486 0.109250
v -0.394506 0.896486 0.071250
v -0.394506 0.896486 0.033250
v -0.392500 0.896750 0.147250
v -0.392500 0.896750 0.109250
v -0.392500 0.896750 0.071250
v -0.392500 0.896750 0.033250
v -0.390494 0.896486 0.147250
v -0.390494 0.896486 0.109250
v -0.390494 0.896486 0.071250
v -0.390494 0.896486 0.033250
v -0.388625 0.895712 0.147250
v -0.388625 0.895712 0.109250
v -0.388625 0.895712 0.071250
v -0.388625 0.895712 0.033250
v -0.387020 0.894480 0.147250
v -0.387020 0.894480 0.109250
v -0.387020 0.894480 0.071250
v -0.387020 0.894480 0.033250
v -0.385788 0.892875 0.147250
v -0.385788 0.892875 0.109250
v -0.385788 0.892875 0.071250
v -0.385788 0.892875 0.033250
v -0.385014 0.891006 0.147250
v -0.385014 0.891006 0.109250
v -0.385014 0.891006 0.071250
v -0.385014 0.891006 0.033250
v -0.044750 1.024000 -0.004750
v -0.045014 1.021994 -0.004750
v -0.045788 1.020125 -0.004750
v -0.047020 1.018520 -0.004750
v -0.048625 1.017288 -0.004750
v -0.050494 1.016514 -0.004750
v -0.052500 1.016250 -0.004750
v -0.054506 1.016514 -0.004750
v -0.056375 1.017288 -0.004750
v -0.057980 1.018520 -0.004750
v -0.059212 1.020125 -0.004750
v -0.059986 1.021994 -0.004750
v -0.060250 1.024000 -0.004750
v -0.059986 1.026006 -0.004750
v -0.059212 1.027875 -0.004750
v -0.057980 1.029480 -0.004750
v -0.056375 1.030712 -0.004750
v -0.054506 1.031486 -0.004750
v -0.052500 1.031750 -0.004750
v -0.050494 1.031486 -0.004750
v -0.048625 1.030712 -0.004750
v -0.047020 1.029480 -0.004750
v -0.045788 1.027875 -0.004750
v -0.045014 1.026006 -0.004750
v -0.044750 1.024000 0.185250
v -0.045014 1.021994 0.185250
v -0.045788 1.020125 0.185250
v -0.047020 1.018520 0.185250
v -0.048625 1.017288 0.185250
v -0.050494 1.016514 0.185250
v -0.052500 1.016250 0.185250
v -0.054506 1.016514 0.185250
v -0.056375 1.017288 0.185250
v -0.057980 1.018520 0.185250
v -0.059212 1.020125 0.185250
v -0.059986 1.021994 0.185250
v -0.060250 1.024000 0.185250
v -0.059986 1.026006 0.185250
v -0.059212 1.027875 0.185250
v -0.057980 1.029480 0.185250
v -0.056375 1.030712 0.185250
v -0.054506 1.031486 0.185250
v -0.052500 1.031750 0.185250
v -0.050494 1.031486 0.185250
v -0.048625 1.030712 0.185250
v -0.047020 1.029480 0.185250
v -0.045788 1.027875 0.185250
v -0.045014 1.026006 0.185250
v -0.044750 1.024000 0.147250
v -0.044750 1.024000 0.109250
v -0.044750 1.024000 0.071250
v -0.044750 1.024000 0.033250
v -0.045014 1.021994 0.147250
v -0.045014 1.021994 0.109250
v -0.045014 1.021994 0.071250
v -0.045014 1.021994 0.033250
v -0.045788 1.020125 0.147250
v -0.045788 1.020125 0.109250
v -0.045788 1.020125 0.071250
v -0.045788 1.020125 0.033250
v -0.047020 1.018520 0.147250
v -0.047020 1.018520 0.109250
v -0.047020 1.018520 0.071250
v -0.047020 1.018520 0.033250
v -0.048625 1.017288 0.147250
v -0.048625 1.017288 0.109250
v -0.048625 1.017288 0.071250
v -0.048625 1.017288 0.033250
v -0.050494 1.016514 0.147250
v -0.050494 1.016514 0.109250
v -0.050494 1.016514 0.071250
v -0.050494 1.016514 0.033250
v -0.052500 1.016250 0.147250
v -0.052500 1.016250 0.109250
v -0.052500 1.016250 0.071250
v -0.052500 1.016250 0.033250
v -0.054506 1.016514 0.147250
v -0.054506 1.016514 0.109250
v -0.054506 1.016514 0.071250
v -0.054506 1.016514 0.033250
v -0.056375 1.017288 0.147250
v -0.056375 1.017288 0.109250
v -0.056375 1.017288 0.071250
v -0.056375 1.017288 0.033250
v -0.057980 1.018520 0.147250
v -0.057980 1.018520 0.109250
v -0.057980 1.018520 0.071250
v -0.057980 1.018520 0.033250
v -0.059212 1.020125 0.147250
v -0.059212 1.020125 0.109250
v -0.059212 1.020125 0.071250
v -0.059212 1.020125 0.033250
v -0.059986 1.021994 0.147250
v -0.059986 1.021994 0.109250
v -0.059986 1.021994 0.071250
v -0.059986 1.021994 0.033250
v -0.060250 1.024000 0.147250
v -0.060250 1.024000 0.109250
v -0.060250 1.024000 0.071250
v -0.060250 1.024000 0.033250
v -0.059986 1.026006 0.147250
v -0.059986 1.026006 0.109250
v -0.059986 1.026006 0.071250
v -0.059986 1.026006 0.033250
v -0.059212 1.027875 0.147250
v -0.059212 1.027875 0.109250
v -0.059212 1.027875 0.071250
v -0.059212 1.027875 0.033250
v -0.057980 1.029480 0.147250
v -0.057980 1.029480 0.109250
v -0.057980 1.029480 0.071250
v -0.057980 1.029480 0.033250
v -0.056375 1.030712 0.147250
v -0.056375 1.030712 0.109250
v -0.056375 1.030712 0.071250
v -0.056375 1.030712 0.033250
v -0.054506 1.031486 0.147250
v -0.054506 1.031486 0.109250
v -0.054506 1.031486 0.071250
v -0.054506 1.031486 0.033250
v -0.052500 1.031750 0.147250
v -0.052500 1.031750 0.109250
v -0.052500 1.031750 0.071250
v -0.052500 1.031750 0.033250
v -0.050494 1.031486 0.147250
v -0.050494 1.031486 0.109250
v -0.050494 1.031486 0.071250
v -0.050494 1.031486 0.033250
v -0.048625 1.030712 0.147250
v -0.048625 1.030712 0.109250
v -0.048625 1.030712 0.071250
v -0.048625 1.030712 0.033250
v -0.047020 1.029480 0.147250
v -0.047020 1.029480 0.109250
v -0.047020 1.029480 0.071250
v -0.047020 1.029480 0.033250
v -0.045788 1.027875 0.147250
v -0.045788 1.027875 0.109250
v -0.045788 1.027875 0.071250
v -0.045788 1.027875 0.033250
v -0.045014 1.026006 0.147250
v -0.045014 1.026006 0.109250
v -0.045014 1.026006 0.071250
v -0.045014 1.026006 0.033250
v -0.469750 0.889000 -0.004750
v -0.470014 0.886994 -0.004750
v -0.470788 0.885125 -0.004750
v -0.472020 0.883520 -0.004750
v -0.473625 0.882288 -0.004750
v -0.475494 0.881514 -0.004750
v -0.477500 0.881250 -0.004750
v -0.479506 0.881514 -0.004750
v -0.481375 0.882288 -0.004750
v -0.482980 0.883520 -0.004750
v -0.484212 0.885125 -0.004750
v -0.484986 0.886994 -0.004750
v -0.485250 0.889000 -0.004750
v -0.484986 0.891006 -0.004750
v -0.484212 0.892875 -0.004750
v -0.482980 0.894480 -0.004750
v -0.481375 0.895712 -0.004750
v -0.479506 0.896486 -0.004750
v -0.477500 0.896750 -0.004750
v -0.475494 0.896486 -0.004750
v -0.473625 0.895712 -0.004750
v -0.472020 0.894480 -0.004750
v -0.470788 0.892875 -0.004750
v -0.470014 0.891006 -0.004750
v -0.469750 0.889000 0.185250
v -0.470014 0.886994 0.185250
v -0.470788 0.885125 0.185250
v -0.472020 0.883520 0.185250
v -0.473625 0.882288 0.185250
v -0.475494 0.881514 0.185250
v -0.477500 0.881250 0.185250
v -0.479506 0.881514 0.185250
v -0.481375 0.882288 0.185250
v -0.482980 0.883520 0.185250
v -0.484212 0.885125 0.185250
v -0.484986 0.886994 0.185250
v -0.485250 0.889000 0.185250
v -0.484986 0.891006 0.185250
v -0.484212 0.892875 0.185250
v -0.482980 0.894480 0.185250
v -0.481375 0.895712 0.185250
v -0.479506 0.896486 0.185250
v -0.477500 0.896750 0.185250
v -0.475494 0.896486 0.185250
v -0.473625 0.895712 0.185250
v -0.472020 0.894480 0.185250
v -0.470788 0.892875 0.185250
v -0.470014 0.891006 0.185250
v -0.469750 0.889000 0.147250
v -0.469750 0.889000 0.109250
v -0.469750 0.889000 0.071250
v -0.469750 0.889000 0.033250
v -0.470014 0.886994 0.147250
v -0.470014 0.886994 0.109250
v -0.470014 0.886994 0.071250
v -0.470014 0.886994 0.033250
v -0.470788 0.885125 0.147250
v -0.470788 0.885125 0.109250
v -0.470788 0.885125 0.071250
v -0.470788 0.885125 0.033250
v -0.472020 0.883520 0.147250
v -0.472020 0.883520 0.109250
v -0.472020 0.883520 0.071250
v -0.472020 0.883520 0.033250
v -0.473625 0.882288 0.147250
v -0.473625 0.882288 0.109250
v -0.473625 0.882288 0.071250
v -0.473625 0.882288 0.033250
v -0.475494 0.881514 0.147250
v -0.475494 0.881514 0.109250
v -0.475494 0.881514 0.071250
v -0.475494 0.881514 0.033250
v -0.477500 0.881250 0.147250
v -0.477500 0.881250 0.109250
v -0.477500 0.881250 0.071250
v -0.477500 0.881250 0.033250
v -0.479506 0.881514 0.147250
v -0.479506 0.881514 0.109250
v -0.479506 0.881514 0.071250
v -0.479506 0.881514 0.033250
v -0.481375 0.882288 0.147250
v -0.481375 0.882288 0.109250
v -0.481375 0.882288 0.071250
v -0.481375 0.882288 0.033250
v -0.482980 0.883520 0.147250
v -0.482980 0.883520 0.109250
v -0.482980 0.883520 0.071250
v -0.482980 0.883520 0.033250
v -0.484212 0.885125 0.147250
v -0.484212 0.885125 0.109250
v -0.484212 0.885125 0.071250
v -0.484212 0.885125 0.033250
v -0.484986 0.886994 0.147250
v -0.484986 0.886994 0.109250
v -0.484986 0.886994 0.071250
v -0.484986 0.886994 0.033250
v -0.485250 0.889000 0.147250
v -0.485250 0.889000 0.109250
v -0.485250 0.889000 0.071250
v -0.485250 0.889000 0.033250
v -0.484986 0.891006 0.147250
v -0.484986 0.891006 0.109250
v -0.484986 0.891006 0.071250
v -0.484986 0.891006 0.033250
v -0.484212 0.892875 0.147250
v -0.484212 0.892875 0.109250
v -0.484212 0.892875 0.071250
v -0.484212 0.892875 0.033250
v -0.482980 0.894480 0.147250
v -0.482980 0.894480 0.109250
v -0.482980 0.894480 0.071250
v -0.482980 0.894480 0.033250
v -0.481375 0.895712 0.147250
v -0.481375 0.895712 0.109250
v -0.481375 0.895712 0.071250
v -0.481375 0.895712 0.033250
v -0.479506 0.896486 0.147250
v -0.479506 0.896486 0.109250
v -0.479506 0.896486 0.071250
v -0.479506 0.896486 0.033250
v -0.477500 0.896750 0.147250
v -0.477500 0.896750 0.109250
v -0.477500 0.896750 0.071250
v -0.477500 0.896750 0.033250
v -0.475494 0.896486 0.147250
v -0.475494 0.896486 0.109250
v -0.475494 0.896486 0.071250
v -0.475494 0.896486 0.033250
v -0.473625 0.895712 0.147250
v -0.473625 0.895712 0.109250
v -0.473625 0.895712 0.071250
v -0.473625 0.895712 0.033250
v -0.472020 0.894480 0.147250
v -0.472020 0.894480 0.109250
v -0.472020 0.894480 0.071250
v -0.472020 0.894480 0.033250
v -0.470788 0.892875 0.147250
v -0.470788 0.892875 0.109250
v -0.470788 0.892875 0.071250
v -0.470788 0.892875 0.033250
v -0.470014 0.891006 0.147250
v -0.470014 0.891006 0.109250
v -0.470014 0.891006 0.071250
v -0.470014 0.891006 0.033250
v -0.214750 0.889000 -0.004750
v -0.215014 0.886994 -0.004750
v -0.215788 0.885125 -0.004750
v -0.217020 0.883520 -0.004750
v -0.218625 0.882288 -0.004750
v -0.220494 0.881514 -0.004750
v -0.222500 0.881250 -0.004750
v -0.224506 0.881514 -0.004750
v -0.226375 0.882288 -0.004750
v -0.227980 0.883520 -0.004750
v -0.229212 0.885125 -0.004750
v -0.229986 0.886994 -0.004750
v -0.230250 0.889000 -0.004750
v -0.229986 0.891006 -0.004750
v -0.229212 0.892875 -0.004750
v -0.227980 0.894480 -0.004750
v -0.226375 0.895712 -0.004750
v -0.224506 0.896486 -0.004750
v -0.222500 0.896750 -0.004750
v -0.220494 0.896486 -0.004750
v -0.218625 0.895712 -0.004750
v -0.217020 0.894480 -0.004750
v -0.215788 0.892875 -0.004750
v -0.215014 0.891006 -0.004750
v -0.214750 0.889000 0.185250
v -0.215014 0.886994 0.185250
v -0.215788 0.885125 0.185250
v -0.217020 0.883520 0.185250
v -0.218625 0.882288 0.185250
v -0.220494 0.881514 0.185250
v -0.222500 0.881250 0.185250
v -0.224506 0.881514 0.185250
v -0.226375 0.882288 0.185250
v -0.227980 0.883520 0.185250
v -0.229212 0.885125 0.185250
v -0.229986 0.886994 0.185250
v -0.230250 0.889000 0.185250
v -0.229986 0.891006 0.185250
v -0.229212 0.892875 0.185250
v -0.227980 0.894480 0.185250
v -0.226375 0.895712 0.185250
v -0.224506 0.896486 0.185250
v -0.222500 0.896750 0.185250
v -0.220494 0.896486 0.185250
v -0.218625 0.895712 0.185250
v -0.217020 0.894480 0.185250
v -0.215788 0.892875 0.185250
v -0.215014 0.891006 0.185250
v -0.214750 0.889000 0.147250
v -0.214750 0.889000 0.109250
v -0.214750 0.889000 0.071250
v -0.214750 0.889000 0.033250
v -0.215014 0.886994 0.147250
v -0.215014 0.886994 0.109250
v -0.215014 0.886994 0.071250
v -0.215014 0.886994 0.033250
v -0.215788 0.885125 0.147250
v -0.215788 0.885125 0.109250
v -0.215788 0.885125 0.071250
v -0.215788 0.885125 0.033250
v -0.217020 0.883520 0.147250
v -0.217020 0.883520 0.109250
v -0.217020 0.883520 0.071250
v -0.217020 0.883520 0.033250
v -0.218625 0.882288 0.147250
v -0.218625 0.882288 0.109250
v -0.218625 0.882288 0.071250
v -0.218625 0.882288 0.033250
v -0.220494 0.881514 0.147250
v -0.220494 0.881514 0.109250
v -0.220494 0.881514 0.071250
v -0.220494 0.881514 0.033250
v -0.222500 0.881250 0.147250
v -0.222500 0.881250 0.109250
v -0.222500 0.881250 0.071250
v -0.222500 0.881250 0.033250
v -0.224506 0.881514 0.147250
v -0.224506 0.881514 0.109250
v -0.224506 0.881514 0.071250
v -0.224506 0.881514 0.033250
v -0.226375 0.882288 0.147250
v -0.226375 0.882288 0.109250
v -0.226375 0.882288 0.071250
v -0.226375 0.882288 0.033250
v -0.227980 0.883520 0.147250
v -0.227980 0.883520 0.109250
v -0.227980 0.883520 0.071250
v -0.227980 0.883520 0.033250
v -0.229212 0.885125 0.147250
v -0.229212 0.885125 0.109250
v -0.229212 0.885125 0.071250
v -0.229212 0.885125 0.033250
v -0.229986 0.886994 0.147250
v -0.229986 0.886994 0.109250
v -0.229986 0.886994 0.071250
v -0.229986 0.886994 0.033250
v -0.230250 0.889000 0.147250
v -0.230250 0.889000 0.109250
v -0.230250 0.889000 0.071250
v -0.230250 0.889000 0.033250
v -0.229986 0.891006 0.147250
v -0.229986 0.891006 0.109250
v -0.229986 0.891006 0.071250
v -0.229986 0.891006 0.033250
v -0.229212 0.892875 0.147250
v -0.229212 0.892875 0.109250
v -0.229212 0.892875 0.071250
v -0.229212 0.892875 0.033250
v -0.227980 0.894480 0.147250
v -0.227980 0.894480 0.109250
v -0.227980 0.894480 0.071250
v -0.227980 0.894480 0.033250
v -0.226375 0.895712 0.147250
v -0.226375 0.895712 0.109250
v -0.226375 0.895712 0.071250
v -0.226375 0.895712 0.033250
v -0.224506 0.896486 0.147250
v -0.224506 0.896486 0.109250
v -0.224506 0.896486 0.071250
v -0.224506 0.896486 0.033250
v -0.222500 0.896750 0.147250
v -0.222500 0.896750 0.109250
v -0.222500 0.896750 0.071250
v -0.222500 0.896750 0.033250
v -0.220494 0.896486 0.147250
v -0.220494 0.896486 0.109250
v -0.220494 0.896486 0.071250
v -0.220494 0.896486 0.033250
v -0.218625 0.895712 0.147250
v -0.218625 0.895712 0.109250
v -0.218625 0.895712 0.071250
v -0.218625 0.895712 0.033250
v -0.217020 0.894480 0.147250
v -0.217020 0.894480 0.109250
v -0.217020 0.894480 0.071250
v -0.217020 0.894480 0.033250
v -0.215788 0.892875 0.147250
v -0.215788 0.892875 0.109250
v -0.215788 0.892875 0.071250
v -0.215788 0.892875 0.033250
v -0.215014 0.891006 0.147250
v -0.215014 0.891006 0.109250
v -0.215014 0.891006 0.071250
v -0.215014 0.891006 0.033250
v -0.129750 0.889000 -0.004750
v -0.130014 0.886994 -0.004750
v -0.130788 0.885125 -0.004750
v -0.132020 0.883520 -0.004750
v -0.133625 0.882288 -0.004750
v -0.135494 0.881514 -0.004750
v -0.137500 0.881250 -0.004750
v -0.139506 0.881514 -0.004750
v -0.141375 0.882288 -0.004750
v -0.142980 0.883520 -0.004750
v -0.144212 0.885125 -0.004750
v -0.144986 0.886994 -0.004750
v -0.145250 0.889000 -0.004750
v -0.144986 0.891006 -0.004750
v -0.144212 0.892875 -0.004750
v -0.142980 0.894480 -0.004750
v -0.141375 0.895712 -0.004750
v -0.139506 0.896486 -0.004750
v -0.137500 0.896750 -0.004750
v -0.135494 0.896486 -0.004750
v -0.133625 0.895712 -0.004750
v -0.132020 0.894480 -0.004750
v -0.130788 0.892875 -0.004750
v -0.130014 0.891006 -0.004750
v -0.129750 0.889000 0.185250
v -0.130014 0.886994 0.185250
v -0.130788 0.885125 0.185250
v -0.132020 0.883520 0.185250
v -0.133625 0.882288 0.185250
v -0.135494 0.881514 0.185250
v -0.137500 0.881250 0.185250
v -0.139506 0.881514 0.185250
v -0.141375 0.882288 0.185250
v -0.142980 0.883520 0.185250
v -0.144212 0.885125 0.185250
v -0.144986 0.886994 0.185250
v -0.145250 0.889000 0.185250
v -0.144986 0.891006 0.185250
v -0.144212 0.892875 0.185250
v -0.142980 0.894480 0.185250
v -0.141375 0.895712 0.185250
v -0.139506 0.896486 0.185250
v -0.137500 0.896750 0.185250
v -0.135494 0.896486 0.185250
v -0.133625 0.895712 0.185250
v -0.132020 0.894480 0.185250
v -0.130788 0.892875 0.185250
v -0.130014 0.891006 0.185250
v -0.129750 0.889000 0.147250
v -0.129750 0.889000 0.109250
v -0.129750 0.889000 0.071250
v -0.129750 0.889000 0.033250
v -0.130014 0.886994 0.147250
v -0.130014 0.886994 0.109250
v -0.130014 0.886994 0.071250
v -0.130014 0.886994 0.033250
v -0.130788 0.885125 0.147250
v -0.130788 0.885125 0.109250
v -0.130788 0.885125 0.071250
v -0.130788 0.885125 0.033250
v -0.132020 0.883520 0.147250
v -0.132020 0.883520 0.109250
v -0.132020 0.883520 0.071250
v -0.132020 0.883520 0.033250
v -0.133625 0.882288 0.147250
v -0.133625 0.882288 0.109250
v -0.133625 0.882288 0.071250
v -0.133625 0.882288 0.033250
v -0.135494 0.881514 0.147250
v -0.135494 0.881514 0.109250
v -0.135494 0.881514 0.071250
v -0.135494 0.881514 0.033250
v -0.137500 0.881250 0.147250
v -0.137500 0.881250 0.109250
v -0.137500 0.881250 0.071250
v -0.137500 0.881250 0.033250
v -0.139506 0.881514 0.147250
v -0.139506 0.881514 0.109250
v -0.139506 0.881514 0.071250
v -0.139506 0.881514 0.033250
v -0.141375 0.882288 0.147250
v -0.141375 0.882288 0.109250
v -0.141375 0.882288 0.071250
v -0.141375 0.882288 0.033250
v -0.142980 0.883520 0.147250
v -0.142980 0.883520 0.109250
v -0.142980 0.883520 0.071250
v -0.142980 0.883520 0.033250
v -0.144212 0.885125 0.147250
v -0.144212 0.885125 0.109250
v -0.144212 0.885125 0.071250
v -0.144212 0.885125 0.033250
v -0.144986 0.886994 0.147250
v -0.144986 0.886994 0.109250
v -0.144986 0.886994 0.071250
v -0.144986 0.886994 0.033250
v -0.145250 0.889000 0.147250
v -0.145250 0.889000 0.109250
v -0.145250 0.889000 0.071250
v -0.145250 0.889000 0.033250
v -0.144986 0.891006 0.147250
v -0.144986 0.891006 0.109250
v -0.144986 0.891006 0.071250
v -0.144986 0.891006 0.033250
v -0.144212 0.892875 0.147250
v -0.144212 0.892875 0.109250
v -0.144212 0.892875 0.071250
v -0.144212 0.892875 0.033250
v -0.142980 0.894480 0.147250
v -0.142980 0.894480 0.109250
v -0.142980 0.894480 0.071250
v -0.142980 0.894480 0.033250
v -0.141375 0.895712 0.147250
v -0.141375 0.895712 0.109250
v -0.141375 0.895712 0.071250
v -0.141375 0.895712 0.033250
v -0.139506 0.896486 0.147250
v -0.139506 0.896486 0.109250
v -0.139506 0.896486 0.071250
v -0.139506 0.896486 0.033250
v -0.137500 0.896750 0.147250
v -0.137500 0.896750 0.109250
v -0.137500 0.896750 0.071250
v -0.137500 0.896750 0.033250
v -0.135494 0.896486 0.147250
v -0.135494 0.896486 0.109250
v -0.135494 0.896486 0.071250
v -0.135494 0.896486 0.033250
v -0.133625 0.895712 0.147250
v -0.133625 0.895712 0.109250
v -0.133625 0.895712 0.071250
v -0.133625 0.895712 0.033250
v -0.132020 0.894480 0.147250
v -0.132020 0.894480 0.109250
v -0.132020 0.894480 0.071250
v -0.132020 0.894480 0.033250
v -0.130788 0.892875 0.147250
v -0.130788 0.892875 0.109250
v -0.130788 0.892875 0.071250
v -0.130788 0.892875 0.033250
v -0.130014 0.891006 0.147250
v -0.130014 0.891006 0.109250
v -0.130014 0.891006 0.071250
v -0.130014 0.891006 0.033250
v -0.469750 1.024000 -0.004750
v -0.470014 1.021994 -0.004750
v -0.470788 1.020125 -0.004750
v -0.472020 1.018520 -0.004750
v -0.473625 1.017288 -0.004750
v -0.475494 1.016514 -0.004750
v -0.477500 1.016250 -0.004750
v -0.479506 1.016514 -0.004750
v -0.481375 1.017288 -0.004750
v -0.482980 1.018520 -0.004750
v -0.484212 1.020125 -0.004750
v -0.484986 1.021994 -0.004750
v -0.485250 1.024000 -0.004750
v -0.484986 1.026006 -0.004750
v -0.484212 1.027875 -0.004750
v -0.482980 1.029480 -0.004750
v -0.481375 1.030712 -0.004750
v -0.479506 1.031486 -0.004750
v -0.477500 1.031750 -0.004750
v -0.475494 1.031486 -0.004750
v -0.473625 1.030712 -0.004750
v -0.472020 1.029480 -0.004750
v -0.470788 1.027875 -0.004750
v -0.470014 1.026006 -0.004750
v -0.469750 1.024000 0.185250
v -0.470014 1.021994 0.185250
v -0.470788 1.020125 0.185250
v -0.472020 1.018520 0.185250
v -0.473625 1.017288 0.185250
v -0.475494 1.016514 0.185250
v -0.477500 1.016250 0.185250
v -0.479506 1.016514 0.185250
v -0.481375 1.017288 0.185250
v -0.482980 1.018520 0.185250
v -0.484212 1.020125 0.185250
v -0.484986 1.021994 0.185250
v -0.485250 1.024000 0.185250
v -0.484986 1.026006 0.185250
v -0.484212 1.027875 0.185250
v -0.482980 1.029480 0.185250
v -0.481375 1.030712 0.185250
v -0.479506 1.031486 0.185250
v -0.477500 1.031750 0.185250
v -0.475494 1.031486 0.185250
v -0.473625 1.030712 0.185250
v -0.472020 1.029480 0.185250
v -0.470788 1.027875 0.185250
v -0.470014 1.026006 0.185250
v -0.469750 1.024000 0.147250
v -0.469750 1.024000 0.109250
v -0.469750 1.024000 0.071250
v -0.469750 1.024000 0.033250
v -0.470014 1.021994 0.147250
v -0.470014 1.021994 0.109250
v -0.470014 1.021994 0.071250
v -0.470014 1.021994 0.033250
v -0.470788 1.020125 0.147250
v -0.470788 1.020125 0.109250
v -0.470788 1.020125 0.071250
v -0.470788 1.020125 0.033250
v -0.472020 1.018520 0.147250
v -0.472020 1.018520 0.109250
v -0.472020 1.018520 0.071250
v -0.472020 1.018520 0.033250
v -0.473625 1.017288 0.147250
v -0.473625 1.017288 0.109250
v -0.473625 1.017288 0.071250
v -0.473625 1.017288 0.033250
v -0.475494 1.016514 0.147250
v -0.475494 1.016514 0.109250
v -0.475494 1.016514 0.071250
v -0.475494 1.016514 0.033250
v -0.477500 1.016250 0.147250
v -0.477500 1.016250 0.109250
v -0.477500 1.016250 0.071250
v -0.477500 1.016250 0.033250
v -0.479506 1.016514 0.147250
v -0.479506 1.016514 0.109250
v -0.479506 1.016514 0.071250
v -0.479506 1.016514 0.033250
v -0.481375 1.017288 0.147250
v -0.481375 1.017288 0.109250
v -0.481375 1.017288 0.071250
v -0.481375 1.017288 0.033250
v -0.482980 1.018520 0.147250
v -0.482980 1.018520 0.109250
v -0.482980 1.018520 0.071250
v -0.482980 1.018520 0.033250
v -0.484212 1.020125 0.147250
v -0.484212 1.020125 0.109250
v -0.484212 1.020125 0.071250
v -0.484212 1.020125 0.033250
v -0.484986 1.021994 0.147250
v -0.484986 1.021994 0.109250
v -0.484986 1.021994 0.071250
v -0.484986 1.021994 0.033250
v -0.485250 1.024000 0.147250
v -0.485250 1.024000 0.109250
v -0.485250 1.024000 0.071250
v -0.485250 1.024000 0.033250
v -0.484986 1.026006 0.147250
v -0.484986 1.026006 0.109250
v -0.484986 1.026006 0.071250
v -0.484986 1.026006 0.033250
v -0.484212 1.027875 0.147250
v -0.484212 1.027875 0.109250
v -0.484212 1.027875 0.071250
v -0.484212 1.027875 0.033250
v -0.482980 1.029480 0.147250
v -0.482980 1.029480 0.109250
v -0.482980 1.029480 0.071250
v -0.482980 1.029480 0.033250
v -0.481375 1.030712 0.147250
v -0.481375 1.030712 0.109250
v -0.481375 1.030712 0.071250
v -0.481375 1.030712 0.033250
v -0.479506 1.031486 0.147250
v -0.479506 1.031486 0.109250
v -0.479506 1.031486 0.071250
v -0.479506 1.031486 0.033250
v -0.477500 1.031750 0.147250
v -0.477500 1.031750 0.109250
v -0.477500 1.031750 0.071250
v -0.477500 1.031750 0.033250
v -0.475494 1.031486 0.147250
v -0.475494 1.031486 0.109250
v -0.475494 1.031486 0.071250
v -0.475494 1.031486 0.033250
v -0.473625 1.030712 0.147250
v -0.473625 1.030712 0.109250
v -0.473625 1.030712 0.071250
v -0.473625 1.030712 0.033250
v -0.472020 1.029480 0.147250
v -0.472020 1.029480 0.109250
v -0.472020 1.029480 0.071250
v -0.472020 1.029480 0.033250
v -0.470788 1.027875 0.147250
v -0.470788 1.027875 0.109250
v -0.470788 1.027875 0.071250
v -0.470788 1.027875 0.033250
v -0.470014 1.026006 0.147250
v -0.470014 1.026006 0.109250
v -0.470014 1.026006 0.071250
v -0.470014 1.026006 0.033250
v -0.100000 1.177500 0.155250
v -0.100852 1.171030 0.155250
v -0.103349 1.165000 0.155250
v -0.107322 1.159822 0.155250
v -0.112500 1.155849 0.155250
v -0.118530 1.153352 0.155250
v -0.125000 1.152500 0.155250
v -0.131470 1.153352 0.155250
v -0.137500 1.155849 0.155250
v -0.142678 1.159822 0.155250
v -0.146651 1.165000 0.155250
v -0.149148 1.171030 0.155250
v -0.150000 1.177500 0.155250
v -0.149148 1.183970 0.155250
v -0.146651 1.190000 0.155250
v -0.142678 1.195178 0.155250
v -0.137500 1.199151 0.155250
v -0.131470 1.201648 0.155250
v -0.125000 1.202500 0.155250
v -0.118530 1.201648 0.155250
v -0.112500 1.199151 0.155250
v -0.107322 1.195178 0.155250
v -0.103349 1.190000 0.155250
v -0.100852 1.183970 0.155250
v -0.100000 1.177500 0.185250
v -0.100852 1.171030 0.185250
v -0.103349 1.165000 0.185250
v -0.107322 1.159822 0.185250
v -0.112500 1.155849 0.185250
v -0.118530 1.153352 0.185250
v -0.125000 1.152500 0.185250
v -0.131470 1.153352 0.185250
v -0.137500 1.155849 0.185250
v -0.142678 1.159822 0.185250
v -0.146651 1.165000 0.185250
v -0.149148 1.171030 0.185250
v -0.150000 1.177500 0.185250
v -0.149148 1.183970 0.185250
v -0.146651 1.190000 0.185250
v -0.142678 1.195178 0.185250
v -0.137500 1.199151 0.185250
v -0.131470 1.201648 0.185250
v -0.125000 1.202500 0.185250
v -0.118530 1.201648 0.185250
v -0.112500 1.199151 0.185250
v -0.107322 1.195178 0.185250
v -0.103349 1.190000 0.185250
v -0.100852 1.183970 0.185250
v -0.550000 1.177500 0.155250
v -0.550852 1.171030 0.155250
v -0.553349 1.165000 0.155250
v -0.557322 1.159822 0.155250
v -0.562500 1.155849 0.155250
v -0.568530 1.153352 0.155250
v -0.575000 1.152500 0.155250
v -0.581470 1.153352 0.155250
v -0.587500 1.155849 0.155250
v -0.592678 1.159822 0.155250
v -0.596651 1.165000 0.155250
v -0.599148 1.171030 0.155250
v -0.600000 1.177500 0.155250
v -0.599148 1.183970 0.155250
v -0.596651 1.190000 0.155250
v -0.592678 1.195178 0.155250
v -0.587500 1.199151 0.155250
v -0.581470 1.201648 0.155250
v -0.575000 1.202500 0.155250
v -0.568530 1.201648 0.155250
v -0.562500 1.199151 0.155250
v -0.557322 1.195178 0.155250
v -0.553349 1.190000 0.155250
v -0.550852 1.183970 0.155250
v -0.550000 1.177500 0.185250
v -0.550852 1.171030 0.185250
v -0.553349 1.165000 0.185250
v -0.557322 1.159822 0.185250
v -0.562500 1.155849 0.185250
v -0.568530 1.153352 0.185250
v -0.575000 1.152500 0.185250
v -0.581470 1.153352 0.185250
v -0.587500 1.155849 0.185250
v -0.592678 1.159822 0.185250
v -0.596651 1.165000 0.185250
v -0.599148 1.171030 0.185250
v -0.600000 1.177500 0.185250
v -0.599148 1.183970 0.185250
v -0.596651 1.190000 0.185250
v -0.592678 1.195178 0.185250
v -0.587500 1.199151 0.185250
v -0.581470 1.201648 0.185250
v -0.575000 1.202500 0.185250
v -0.568530 1.201648 0.185250
v -0.562500 1.199151 0.185250
v -0.557322 1.195178 0.185250
v -0.553349 1.190000 0.185250
v -0.550852 1.183970 0.185250
v -0.797500 1.750000 0.305250
v -0.793411 1.750000 0.274192
v -0.781423 1.750000 0.245250
v -0.762353 1.750000 0.220397
v -0.737500 1.750000 0.201327
v -0.708558 1.750000 0.189339
v -0.677500 1.750000 0.185250
v -0.797500 1.750000 0.381250
v -0.677500 1.750000 0.501250
v -0.708558 1.750000 0.497161
v -0.737500 1.750000 0.485173
v -0.762353 1.750000 0.466103
v -0.781423 1.750000 0.441250
v -0.793411 1.750000 0.412308
v -0.708558 1.291500 0.497161
v -0.737500 1.291500 0.485173
v -0.762353 1.291500 0.466103
v -0.781423 1.291500 0.441250
v -0.793411 1.291500 0.412308
v -0.022500 1.750000 0.501250
v 0.097500 1.750000 0.381250
v 0.093411 1.750000 0.412308
v 0.081423 1.750000 0.441250
v 0.062353 1.750000 0.466103
v 0.037500 1.750000 0.485173
v 0.008558 1.750000 0.497161
v 0.093411 1.291500 0.412308
v 0.081423 1.291500 0.441250
v 0.062353 1.291500 0.466103
v 0.037500 1.291500 0.485173
v 0.008558 1.291500 0.497161
v 0.097500 1.750000 0.305250
v -0.022500 1.750000 0.185250
v 0.008558 1.750000 0.189339
v 0.037500 1.750000 0.201327
v 0.062353 1.750000 0.220397
v 0.081423 1.750000 0.245250
v 0.093411 1.750000 0.274192
vt 0.000000 -0.120000 0.000000
vt 0.004089 -0.088942 0.000000
vt 0.000000 0.080000 0.000000
vt 0.016077 -0.060000 0.000000
vt 0.030000 0.000000 0.000000
vt 0.035147 -0.035147 0.000000
vt 0.060000 -0.016077 0.000000
vt 0.088942 -0.004089 0.000000
vt 0.120000 0.000000 0.000000
vt 0.030000 0.080000 0.000000
vt 0.775000 0.000000 0.000000
vt 0.806058 -0.004089 0.000000
vt 0.865000 0.000000 0.000000
vt 0.835000 -0.016077 0.000000
vt 0.859853 -0.035147 0.000000
vt 0.878923 -0.060000 0.000000
vt 0.895000 0.080000 0.000000
vt 0.865000 0.080000 0.000000
vt 0.890911 -0.088942 0.000000
vt 0.895000 -0.120000 0.000000
vt 0.088942 0.311911 0.000000
vt 0.060000 0.299923 0.000000
vt 0.120000 0.316000 0.000000
vt 0.035147 0.280853 0.000000
vt 0.016077 0.256000 0.000000
vt 0.004089 0.227058 0.000000
vt 0.890911 0.227058 0.000000
vt 0.775000 0.316000 0.000000
vt 0.878923 0.256000 0.000000
vt 0.859853 0.280853 0.000000
vt 0.895000 0.196000 0.000000
vt 0.000000 0.196000 0.000000
vt 0.895000 0.000000 0.000000
vt 0.000000 0.000000 0.000000
vt 0.835000 0.299923 0.000000
vt 0.806058 0.311911 0.000000
vt 0.040000 0.015000 0.000000
vt -0.040000 0.015000 0.000000
vt 0.040000 -0.015000 0.000000
vt -0.040000 -0.015000 0.000000
vt 0.000000 0.000000 0.000000
vt 0.080000 0.000000 0.000000
vt -0.000000 0.080000 0.000000
vt 0.080000 0.080000 0.000000
vt 0.000000 0.000000 0.000000
vt 0.030000 0.000000 0.000000
vt 0.000000 0.080000 0.000000
vt 0.030000 0.080000 0.000000
vt -0.040000 -0.015000 0.000000
vt 0.040000 -0.015000 0.000000
vt -0.040000 0.015000 0.000000
vt 0.040000 0.015000 0.000000
vt 0.000000 -0.000000 0.000000
vt 0.080000 -0.000000 0.000000
vt 0.000000 0.080000 0.000000
vt 0.080000 0.080000 0.000000
vt 0.000000 0.000000 0.000000
vt 0.030000 0.000000 0.000000
vt 0.000000 0.080000 0.000000
vt 0.030000 0.080000 0.000000
vt 0.075000 0.015000 0.000000
vt -0.075000 0.015000 0.000000
vt 0.075000 -0.015000 0.000000
vt -0.075000 -0.015000 0.000000
vt 0.000000 0.000000 0.000000
vt 0.030000 0.000000 0.000000
vt 0.000000 0.240000 0.000000
vt 0.030000 0.240000 0.000000
vt 0.000000 0.000000 0.000000
vt 0.150000 -0.000000 0.000000
vt -0.000000 0.240000 0.000000
vt 0.150000 0.240000 0.000000
vt 0.000000 -0.000000 0.000000
vt 0.030000 0.000000 0.000000
vt 0.000000 0.240000 0.000000
vt 0.030000 0.240000 0.000000
vt -0.075000 -0.015000 0.000000
vt 0.075000 -0.015000 0.000000
vt -0.075000 0.015000 0.000000
vt 0.075000 0.015000 0.000000
vt 0.000000 -0.000000 0.000000
vt 0.030000 0.000000 0.000000
vt 0.000000 0.240000 0.000000
vt 0.030000 0.240000 0.000000
vt 0.000000 -0.000000 0.000000
vt 0.150000 0.000000 0.000000
vt 0.000000 0.240000 0.000000
vt 0.150000 0.240000 0.000000
vt 0.000000 0.000000 0.000000
vt 0.030000 0.000000 0.000000
vt 0.000000 0.240000 0.000000
vt 0.030000 0.240000 0.000000
vt -0.007486 -0.002006 0.000000
vt 0.007486 -0.002006 0.000000
vt -0.007750 0.000000 0.000000
vt 0.007750 0.000000 0.000000
vt -0.007486 0.002006 0.000000
vt 0.007486 0.002006 0.000000
vt -0.006712 0.003875 0.000000
vt 0.006712 0.003875 0.000000
vt -0.005480 0.005480 0.000000
vt 0.005480 0.005480 0.000000
vt -0.003875 0.006712 0.000000
vt 0.003875 0.006712 0.000000
vt -0.002006 0.007486 0.000000
vt 0.002006 0.007486 0.000000
vt 0.000000 0.007750 0.000000
vt 0.006712 -0.003875 0.000000
vt -0.006712 -0.003875 0.000000
vt 0.005480 -0.005480 0.000000
vt -0.005480 -0.005480 0.000000
vt 0.003875 -0.006712 0.000000
vt -0.003875 -0.006712 0.000000
vt 0.002006 -0.007486 0.000000
vt -0.002006 -0.007486 0.000000
vt 0.000000 -0.007750 0.000000
vt 0.000000 -0.022318 0.000000
vt -0.038000 -0.022318 0.000000
vt 0.000000 -0.024347 0.000000
vt -0.038000 -0.024347 0.000000
vt 0.000000 0.024347 0.000000
vt -0.038000 0.024347 0.000000
vt -0.000000 0.022318 0.000000
vt -0.038000 0.022318 0.000000
vt -0.000000 0.020289 0.000000
vt -0.038000 0.020289 0.000000
vt -0.000000 0.018261 0.000000
vt -0.038000 0.018261 0.000000
vt -0.000000 0.016232 0.000000
vt -0.038000 0.016232 0.000000
vt -0.000000 0.014203 0.000000
vt -0.038000 0.014203 0.000000
vt -0.000000 0.012174 0.000000
vt -0.038000 0.012174 0.000000
vt -0.000000 0.010145 0.000000
vt -0.038000 0.010145 0.000000
vt -0.000000 0.008116 0.000000
vt -0.038000 0.008116 0.000000
vt -0.000000 0.006087 0.000000
vt -0.038000 0.006087 0.000000
vt -0.000000 0.004058 0.000000
vt -0.038000 0.004058 0.000000
vt -0.000000 0.002029 0.000000
vt -0.038000 0.002029 0.000000
vt -0.000000 0.000000 0.000000
vt -0.038000 -0.000000 0.000000
vt 0.000000 -0.002029 0.000000
vt -0.038000 -0.002029 0.000000
vt 0.000000 -0.004058 0.000000
vt -0.038000 -0.004058 0.000000
vt 0.000000 -0.006087 0.000000
vt -0.038000 -0.006087 0.000000
vt 0.000000 -0.008116 0.000000
vt -0.038000 -0.008116 0.000000
vt 0.000000 -0.010145 0.000000
vt -0.038000 -0.010145 0.000000
vt 0.000000 -0.012174 0.000000
vt -0.038000 -0.012174 0.000000
vt 0.000000 -0.014203 0.000000
vt -0.038000 -0.014203 0.000000
vt 0.000000 -0.016232 0.000000
vt -0.038000 -0.016232 0.000000
vt 0.000000 -0.018261 0.000000
vt -0.038000 -0.018261 0.000000
vt 0.000000 -0.020289 0.000000
vt -0.038000 -0.020289 0.000000
vt -0.190000 0.022318 0.000000
vt -0.152000 0.022318 0.000000
vt -0.190000 0.024347 0.000000
vt -0.152000 0.024347 0.000000
vt -0.190000 -0.024347 0.000000
vt -0.152000 -0.024347 0.000000
vt -0.190000 -0.022318 0.000000
vt -0.152000 -0.022318 0.000000
vt -0.190000 -0.020289 0.000000
vt -0.152000 -0.020289 0.000000
vt -0.190000 -0.018261 0.000000
vt -0.152000 -0.018261 0.000000
vt -0.190000 -0.016232 0.000000
vt -0.152000 -0.016232 0.000000
vt -0.190000 -0.014203 0.000000
vt -0.152000 -0.014203 0.000000
vt -0.190000 -0.012174 0.000000
vt -0.152000 -0.012174 0.000000
vt -0.190000 -0.010145 0.000000
vt -0.152000 -0.010145 0.000000
vt -0.190000 -0.008116 0.000000
vt -0.152000 -0.008116 0.000000
vt -0.190000 -0.006087 0.000000
vt -0.152000 -0.006087 0.000000
vt -0.190000 -0.004058 0.000000
vt -0.152000 -0.004058 0.000000
vt -0.190000 -0.002029 0.000000
vt -0.152000 -0.002029 0.000000
vt -0.190000 -0.000000 0.000000
vt -0.152000 -0.000000 0.000000
vt -0.190000 0.002029 0.000000
vt -0.152000 0.002029 0.000000
vt -0.190000 0.004058 0.000000
vt -0.152000 0.004058 0.000000
vt -0.190000 0.006087 0.000000
vt -0.152000 0.006087 0.000000
vt -0.190000 0.008116 0.000000
vt -0.152000 0.008116 0.000000
vt -0.190000 0.010145 0.000000
vt -0.152000 0.010145 0.000000
vt -0.190000 0.012174 0.000000
vt -0.152000 0.012174 0.000000
vt -0.190000 0.014203 0.000000
vt -0.152000 0.014203 0.000000
vt -0.190000 0.016232 0.000000
vt -0.152000 0.016232 0.000000
vt -0.190000 0.018261 0.000000
vt -0.152000 0.018261 0.000000
vt -0.190000 0.020289 0.000000
vt -0.152000 0.020289 0.000000
vt -0.076000 0.024347 0.000000
vt -0.076000 0.022318 0.000000
vt -0.076000 0.020289 0.000000
vt -0.076000 0.018261 0.000000
vt -0.076000 0.016232 0.000000
vt -0.076000 0.014203 0.000000
vt -0.076000 0.012174 0.000000
vt -0.076000 0.010145 0.000000
vt -0.076000 0.008116 0.000000
vt -0.076000 0.006087 0.000000
vt -0.076000 0.004058 0.000000
vt -0.076000 0.002029 0.000000
vt -0.076000 -0.000000 0.000000
vt -0.076000 -0.002029 0.000000
vt -0.076000 -0.004058 0.000000
vt -0.076000 -0.006087 0.000000
vt -0.076000 -0.008116 0.000000
vt -0.076000 -0.010145 0.000000
vt -0.076000 -0.012174 0.000000
vt -0.076000 -0.014203 0.000000
vt -0.076000 -0.016232 0.000000
vt -0.076000 -0.018261 0.000000
vt -0.076000 -0.020289 0.000000
vt -0.076000 -0.022318 0.000000
vt -0.076000 -0.024347 0.000000
vt -0.114000 0.024347 0.000000
vt -0.114000 0.022318 0.000000
vt -0.114000 0.020289 0.000000
vt -0.114000 0.018261 0.000000
vt -0.114000 0.016232 0.000000
vt -0.114000 0.014203 0.000000
vt -0.114000 0.012174 0.000000
vt -0.114000 0.010145 0.000000
vt -0.114000 0.008116 0.000000
vt -0.114000 0.006087 0.000000
vt -0.114000 0.004058 0.000000
vt -0.114000 0.002029 0.000000
vt -0.114000 -0.000000 0.000000
vt -0.114000 -0.002029 0.000000
vt -0.114000 -0.004058 0.000000
vt -0.114000 -0.006087 0.000000
vt -0.114000 -0.008116 0.000000
vt -0.114000 -0.010145 0.000000
vt -0.114000 -0.012174 0.000000
vt -0.114000 -0.014203 0.000000
vt -0.114000 -0.016232 0.000000
vt -0.114000 -0.018261 0.000000
vt -0.114000 -0.020289 0.000000
vt -0.114000 -0.022318 0.000000
vt -0.114000 -0.024347 0.000000
vt -0.007486 -0.002006 0.000000
vt 0.007486 -0.002006 0.000000
vt -0.007750 0.000000 0.000000
vt 0.007750 0.000000 0.000000
vt -0.007486 0.002006 0.000000
vt 0.007486 0.002006 0.000000
vt -0.006712 0.003875 0.000000
vt 0.006712 0.003875 0.000000
vt -0.005480 0.005480 0.000000
vt 0.005480 0.005480 0.000000
vt -0.003875 0.006712 0.000000
vt 0.003875 0.006712 0.000000
vt -0.002006 0.007486 0.000000
vt 0.002006 0.007486 0.000000
vt 0.000000 0.007750 0.000000
vt 0.006712 -0.003875 0.000000
vt -0.006712 -0.003875 0.000000
vt 0.005480 -0.005480 0.000000
vt -0.005480 -0.005480 0.000000
vt 0.003875 -0.006712 0.000000
vt -0.003875 -0.006712 0.000000
vt 0.002006 -0.007486 0.000000
vt -0.002006 -0.007486 0.000000
vt 0.000000 -0.007750 0.000000
vt 0.000000 -0.022318 0.000000
vt -0.038000 -0.022318 0.000000
vt 0.000000 -0.024347 0.000000
vt -0.038000 -0.024347 0.000000
vt 0.000000 0.024347 0.000000
vt -0.038000 0.024347 0.000000
vt -0.000000 0.022318 0.000000
vt -0.038000 0.022318 0.000000
vt -0.000000 0.020289 0.000000
vt -0.038000 0.020289 0.000000
vt -0.000000 0.018261 0.000000
vt -0.038000 0.018261 0.000000
vt -0.000000 0.016232 0.000000
vt -0.038000 0.016232 0.000000
vt -0.000000 0.014203 0.000000
vt -0.038000 0.014203 0.000000
vt -0.000000 0.012174 0.000000
vt -0.038000 0.012174 0.000000
vt -0.000000 0.010145 0.000000
vt -0.038000 0.010145 0.000000
vt -0.000000 0.008116 0.000000
vt -0.038000 0.008116 0.000000
vt -0.000000 0.006087 0.000000
vt -0.038000 0.006087 0.000000
vt -0.000000 0.004058 0.000000
vt -0.038000 0.004058 0.000000
vt -0.000000 0.002029 0.000000
vt -0.038000 0.002029 0.000000
vt -0.000000 0.000000 0.000000
vt -0.038000 -0.000000 0.000000
vt 0.000000 -0.002029 0.000000
vt -0.038000 -0.002029 0.000000
vt 0.000000 -0.004058 0.000000
vt -0.038000 -0.004058 0.000000
vt 0.000000 -0.006087 0.000000
vt -0.038000 -0.006087 0.000000
vt 0.000000 -0.008116 0.000000
vt -0.038000 -0.008116 0.000000
vt 0.000000 -0.010145 0.000000
vt -0.038000 -0.010145 0.000000
vt 0.000000 -0.012174 0.000000
vt -0.038000 -0.012174 0.000000
vt 0.000000 -0.014203 0.000000
vt -0.038000 -0.014203 0.000000
vt 0.000000 -0.016232 0.000000
vt -0.038000 -0.016232 0.000000
vt 0.000000 -0.018261 0.000000
vt -0.038000 -0.018261 0.000000
vt 0.000000 -0.020289 0.000000
vt -0.038000 -0.020289 0.000000
vt -0.190000 0.022318 0.000000
vt -0.152000 0.022318 0.000000
vt -0.190000 0.024347 0.000000
vt -0.152000 0.024347 0.000000
vt -0.190000 -0.024347 0.000000
vt -0.152000 -0.024347 0.000000
vt -0.190000 -0.022318 0.000000
vt -0.152000 -0.022318 0.000000
vt -0.190000 -0.020289 0.000000
vt -0.152000 -0.020289 0.000000
vt -0.190000 -0.018261 0.000000
vt -0.152000 -0.018261 0.000000
vt -0.190000 -0.016232 0.000000
vt -0.152000 -0.016232 0.000000
vt -0.190000 -0.014203 0.000000
vt -0.152000 -0.014203 0.000000
vt -0.190000 -0.012174 0.000000
vt -0.152000 -0.012174 0.000000
vt -0.190000 -0.010145 0.000000
vt -0.152000 -0.010145 0.000000
vt -0.190000 -0.008116 0.000000
vt -0.152000 -0.008116 0.000000
vt -0.190000 -0.006087 0.000000
vt -0.152000 -0.006087 0.000000
vt -0.190000 -0.004058 0.000000
vt -0.152000 -0.004058 0.000000
vt -0.190000 -0.002029 0.000000
vt -0.152000 -0.002029 0.000000
vt -0.190000 -0.000000 0.000000
vt -0.152000 -0.000000 0.000000
vt -0.190000 0.002029 0.000000
vt -0.152000 0.002029 0.000000
vt -0.190000 0.004058 0.000000
vt -0.152000 0.004058 0.000000
vt -0.190000 0.006087 0.000000
vt -0.152000 0.006087 0.000000
vt -0.190000 0.008116 0.000000
vt -0.152000 0.008116 0.000000
vt -0.190000 0.010145 0.000000
vt -0.152000 0.010145 0.000000
vt -0.190000 0.012174 0.000000
vt -0.152000 0.012174 0.000000
vt -0.190000 0.014203 0.000000
vt -0.152000 0.014203 0.000000
vt -0.190000 0.016232 0.000000
vt -0.152000 0.016232 0.000000
vt -0.190000 0.018261 0.000000
vt -0.152000 0.018261 0.000000
vt -0.190000 0.020289 0.000000
vt -0.152000 0.020289 0.000000
vt -0.076000 0.024347 0.000000
vt -0.076000 0.022318 0.000000
vt -0.076000 0.020289 0.000000
vt -0.076000 0.018261 0.000000
vt -0.076000 0.016232 0.000000
vt -0.076000 0.014203 0.000000
vt -0.076000 0.012174 0.000000
vt -0.076000 0.010145 0.000000
vt -0.076000 0.008116 0.000000
vt -0.076000 0.006087 0.000000
vt -0.076000 0.004058 0.000000
vt -0.076000 0.002029 0.000000
vt -0.076000 -0.000000 0.000000
vt -0.076000 -0.002029 0.000000
vt -0.076000 -0.004058 0.000000
vt -0.076000 -0.006087 0.000000
vt -0.076000 -0.008116 0.000000
vt -0.076000 -0.010145 0.000000
vt -0.076000 -0.012174 0.000000
vt -0.076000 -0.014203 0.000000
vt -0.076000 -0.016232 0.000000
vt -0.076000 -0.018261 0.000000
vt -0.076000 -0.020289 0.000000
vt -0.076000 -0.022318 0.000000
vt -0.076000 -0.024347 0.000000
vt -0.114000 0.024347 0.000000
vt -0.114000 0.022318 0.000000
vt -0.114000 0.020289 0.000000
vt -0.114000 0.018261 0.000000
vt -0.114000 0.016232 0.000000
vt -0.114000 0.014203 0.000000
vt -0.114000 0.012174 0.000000
vt -0.114000 0.010145 0.000000
vt -0.114000 0.008116 0.000000
vt -0.114000 0.006087 0.000000
vt -0.114000 0.004058 0.000000
vt -0.114000 0.002029 0.000000
vt -0.114000 -0.000000 0.000000
vt -0.114000 -0.002029 0.000000
vt -0.114000 -0.004058 0.000000
vt -0.114000 -0.006087 0.000000
vt -0.114000 -0.008116 0.000000
vt -0.114000 -0.010145 0.000000
vt -0.114000 -0.012174 0.000000
vt -0.114000 -0.014203 0.000000
vt -0.114000 -0.016232 0.000000
vt -0.114000 -0.018261 0.000000
vt -0.114000 -0.020289 0.000000
vt -0.114000 -0.022318 0.000000
vt -0.114000 -0.024347 0.000000
vt -0.007486 -0.002006 0.000000
vt 0.007486 -0.002006 0.000000
vt -0.007750 0.000000 0.000000
vt 0.007750 0.000000 0.000000
vt -0.007486 0.002006 0.000000
vt 0.007486 0.002006 0.000000
vt -0.006712 0.003875 0.000000
vt 0.006712 0.003875 0.000000
vt -0.005480 0.005480 0.000000
vt 0.005480 0.005480 0.000000
vt -0.003875 0.006712 0.000000
vt 0.003875 0.006712 0.000000
vt -0.002006 0.007486 0.000000
vt 0.002006 0.007486 0.000000
vt 0.000000 0.007750 0.000000
vt 0.006712 -0.003875 0.000000
vt -0.006712 -0.003875 0.000000
vt 0.005480 -0.005480 0.000000
vt -0.005480 -0.005480 0.000000
vt 0.003875 -0.006712 0.000000
vt -0.003875 -0.006712 0.000000
vt 0.002006 -0.007486 0.000000
vt -0.002006 -0.007486 0.000000
vt 0.000000 -0.007750 0.000000
vt 0.000000 -0.022318 0.000000
vt -0.038000 -0.022318 0.000000
vt -0.000000 -0.024347 0.000000
vt -0.038000 -0.024347 0.000000
vt -0.000000 0.024347 0.000000
vt -0.038000 0.024347 0.000000
vt -0.000000 0.022318 0.000000
vt -0.038000 0.022318 0.000000
vt -0.000000 0.020289 0.000000
vt -0.038000 0.020289 0.000000
vt -0.000000 0.018261 0.000000
vt -0.038000 0.018261 0.000000
vt -0.000000 0.016232 0.000000
vt -0.038000 0.016232 0.000000
vt -0.000000 0.014203 0.000000
vt -0.038000 0.014203 0.000000
vt -0.000000 0.012174 0.000000
vt -0.038000 0.012174 0.000000
vt -0.000000 0.010145 0.000000
vt -0.038000 0.010145 0.000000
vt -0.000000 0.008116 0.000000
vt -0.038000 0.008116 0.000000
vt -0.000000 0.006087 0.000000
vt -0.038000 0.006087 0.000000
vt -0.000000 0.004058 0.000000
vt -0.038000 0.004058 0.000000
vt -0.000000 0.002029 0.000000
vt -0.038000 0.002029 0.000000
vt -0.000000 0.000000 0.000000
vt -0.038000 -0.000000 0.000000
vt 0.000000 -0.002029 0.000000
vt -0.038000 -0.002029 0.000000
vt 0.000000 -0.004058 0.000000
vt -0.038000 -0.004058 0.000000
vt 0.000000 -0.006087 0.000000
vt -0.038000 -0.006087 0.000000
vt 0.000000 -0.008116 0.000000
vt -0.038000 -0.008116 0.000000
vt 0.000000 -0.010145 0.000000
vt -0.038000 -0.010145 0.000000
vt 0.000000 -0.012174 0.000000
vt -0.038000 -0.012174 0.000000
vt 0.000000 -0.014203 0.000000
vt -0.038000 -0.014203 0.000000
vt 0.000000 -0.016232 0.000000
vt -0.038000 -0.016232 0.000000
vt 0.000000 -0.018261 0.000000
vt -0.038000 -0.018261 0.000000
vt 0.000000 -0.020289 0.000000
vt -0.038000 -0.020289 0.000000
vt -0.190000 0.022318 0.000000
vt -0.152000 0.022318 0.000000
vt -0.190000 0.024347 0.000000
vt -0.152000 0.024347 0.000000
vt -0.190000 -0.024347 0.000000
vt -0.152000 -0.024347 0.000000
vt -0.190000 -0.022318 0.000000
vt -0.152000 -0.022318 0.000000
vt -0.190000 -0.020289 0.000000
vt -0.152000 -0.020289 0.000000
vt -0.190000 -0.018261 0.000000
vt -0.152000 -0.018261 0.000000
vt -0.190000 -0.016232 0.000000
vt -0.152000 -0.016232 0.000000
vt -0.190000 -0.014203 0.000000
vt -0.152000 -0.014203 0.000000
vt -0.190000 -0.012174 0.000000
vt -0.152000 -0.012174 0.000000
vt -0.190000 -0.010145 0.000000
vt -0.152000 -0.010145 0.000000
vt -0.190000 -0.008116 0.000000
vt -0.152000 -0.008116 0.000000
vt -0.190000 -0.006087 0.000000
vt -0.152000 -0.006087 0.000000
vt -0.190000 -0.004058 0.000000
vt -0.152000 -0.004058 0.000000
vt -0.190000 -0.002029 0.000000
vt -0.152000 -0.002029 0.000000
vt -0.190000 -0.000000 0.000000
vt -0.152000 -0.000000 0.000000
vt -0.190000 0.002029 0.000000
vt -0.152000 0.002029 0.000000
vt -0.190000 0.004058 0.000000
vt -0.152000 0.004058 0.000000
vt -0.190000 0.006087 0.000000
vt -0.152000 0.006087 0.000000
vt -0.190000 0.008116 0.000000
vt -0.152000 0.008116 0.000000
vt -0.190000 0.010145 0.000000
vt -0.152000 0.010145 0.000000
vt -0.190000 0.012174 0.000000
vt -0.152000 0.012174 0.000000
vt -0.190000 0.014203 0.000000
vt -0.152000 0.014203 0.000000
vt -0.190000 0.016232 0.000000
vt -0.152000 0.016232 0.000000
vt -0.190000 0.018261 0.000000
vt -0.152000 0.018261 0.000000
vt -0.190000 0.020289 0.000000
vt -0.152000 0.020289 0.000000
vt -0.076000 0.024347 0.000000
vt -0.076000 0.022318 0.000000
vt -0.076000 0.020289 0.000000
vt -0.076000 0.018261 0.000000
vt -0.076000 0.016232 0.000000
vt -0.076000 0.014203 0.000000
vt -0.076000 0.012174 0.000000
vt -0.076000 0.010145 0.000000
vt -0.076000 0.008116 0.000000
vt -0.076000 0.006087 0.000000
vt -0.076000 0.004058 0.000000
vt -0.076000 0.002029 0.000000
vt -0.076000 -0.000000 0.000000
vt -0.076000 -0.002029 0.000000
vt -0.076000 -0.004058 0.000000
vt -0.076000 -0.006087 0.000000
vt -0.076000 -0.008116 0.000000
vt -0.076000 -0.010145 0.000000
vt -0.076000 -0.012174 0.000000
vt -0.076000 -0.014203 0.000000
vt -0.076000 -0.016232 0.000000
vt -0.076000 -0.018261 0.000000
vt -0.076000 -0.020289 0.000000
vt -0.076000 -0.022318 0.000000
vt -0.076000 -0.024347 0.000000
vt -0.114000 0.024347 0.000000
vt -0.114000 0.022318 0.000000
vt -0.114000 0.020289 0.000000
vt -0.114000 0.018261 0.000000
vt -0.114000 0.016232 0.000000
vt -0.114000 0.014203 0.000000
vt -0.114000 0.012174 0.000000
vt -0.114000 0.010145 0.000000
vt -0.114000 0.008116 0.000000
vt -0.114000 0.006087 0.000000
vt -0.114000 0.004058 0.000000
vt -0.114000 0.002029 0.000000
vt -0.114000 -0.000000 0.000000
vt -0.114000 -0.002029 0.000000
vt -0.114000 -0.004058 0.000000
vt -0.114000 -0.006087 0.000000
vt -0.114000 -0.008116 0.000000
vt -0.114000 -0.010145 0.000000
vt -0.114000 -0.012174 0.000000
vt -0.114000 -0.014203 0.000000
vt -0.114000 -0.016232 0.000000
vt -0.114000 -0.018261 0.000000
vt -0.114000 -0.020289 0.000000
vt -0.114000 -0.022318 0.000000
vt -0.114000 -0.024347 0.000000
vt -0.007486 -0.002006 0.000000
vt 0.007486 -0.002006 0.000000
vt -0.007750 0.000000 0.000000
vt 0.007750 0.000000 0.000000
vt -0.007486 0.002006 0.000000
vt 0.007486 0.002006 0.000000
vt -0.006712 0.003875 0.000000
vt 0.006712 0.003875 0.000000
vt -0.005480 0.005480 0.000000
vt 0.005480 0.005480 0.000000
vt -0.003875 0.006712 0.000000
vt 0.003875 0.006712 0.000000
vt -0.002006 0.007486 0.000000
vt 0.002006 0.007486 0.000000
vt 0.000000 0.007750 0.000000
vt 0.006712 -0.003875 0.000000
vt -0.006712 -0.003875 0.000000
vt 0.005480 -0.005480 0.000000
vt -0.005480 -0.005480 0.000000
vt 0.003875 -0.006712 0.000000
vt -0.003875 -0.006712 0.000000
vt 0.002006 -0.007486 0.000000
vt -0.002006 -0.007486 0.000000
vt 0.000000 -0.007750 0.000000
vt 0.000000 -0.022318 0.000000
vt -0.038000 -0.022318 0.000000
vt -0.000000 -0.024347 0.000000
vt -0.038000 -0.024347 0.000000
vt -0.000000 0.024347 0.000000
vt -0.038000 0.024347 0.000000
vt -0.000000 0.022318 0.000000
vt -0.038000 0.022318 0.000000
vt -0.000000 0.020289 0.000000
vt -0.038000 0.020289 0.000000
vt -0.000000 0.018261 0.000000
vt -0.038000 0.018261 0.000000
vt -0.000000 0.016232 0.000000
vt -0.038000 0.016232 0.000000
vt -0.000000 0.014203 0.000000
vt -0.038000 0.014203 0.000000
vt -0.000000 0.012174 0.000000
vt -0.038000 0.012174 0.000000
vt -0.000000 0.010145 0.000000
vt -0.038000 0.010145 0.000000
vt -0.000000 0.008116 0.000000
vt -0.038000 0.008116 0.000000
vt -0.000000 0.006087 0.000000
vt -0.038000 0.006087 0.000000
vt -0.000000 0.004058 0.000000
vt -0.038000 0.004058 0.000000
vt -0.000000 0.002029 0.000000
vt -0.038000 0.002029 0.000000
vt -0.000000 0.000000 0.000000
vt -0.038000 -0.000000 0.000000
vt 0.000000 -0.002029 0.000000
vt -0.038000 -0.002029 0.000000
vt 0.000000 -0.004058 0.000000
vt -0.038000 -0.004058 0.000000
vt 0.000000 -0.006087 0.000000
vt -0.038000 -0.006087 0.000000
vt 0.000000 -0.008116 0.000000
vt -0.038000 -0.008116 0.000000
vt 0.000000 -0.010145 0.000000
vt -0.038000 -0.010145 0.000000
vt 0.000000 -0.012174 0.000000
vt -0.038000 -0.012174 0.000000
vt 0.000000 -0.014203 0.000000
vt -0.038000 -0.014203 0.000000
vt 0.000000 -0.016232 0.000000
vt -0.038000 -0.016232 0.000000
vt 0.000000 -0.018261 0.000000
vt -0.038000 -0.018261 0.000000
vt 0.000000 -0.020289 0.000000
vt -0.038000 -0.020289 0.000000
vt -0.190000 0.022318 0.000000
vt -0.152000 0.022318 0.000000
vt -0.190000 0.024347 0.000000
vt -0.152000 0.024347 0.000000
vt -0.190000 -0.024347 0.000000
vt -0.152000 -0.024347 0.000000
vt -0.190000 -0.022318 0.000000
vt -0.152000 -0.022318 0.000000
vt -0.190000 -0.020289 0.000000
vt -0.152000 -0.020289 0.000000
vt -0.190000 -0.018261 0.000000
vt -0.152000 -0.018261 0.000000
vt -0.190000 -0.016232 0.000000
vt -0.152000 -0.016232 0.000000
vt -0.190000 -0.014203 0.000000
vt -0.152000 -0.014203 0.000000
vt -0.190000 -0.012174 0.000000
vt -0.152000 -0.012174 0.000000
vt -0.190000 -0.010145 0.000000
vt -0.152000 -0.010145 0.000000
vt -0.190000 -0.008116 0.000000
vt -0.152000 -0.008116 0.000000
vt -0.190000 -0.006087 0.000000
vt -0.152000 -0.006087 0.000000
vt -0.190000 -0.004058 0.000000
vt -0.152000 -0.004058 0.000000
vt -0.190000 -0.002029 0.000000
vt -0.152000 -0.002029 0.000000
vt -0.190000 -0.000000 0.000000
vt -0.152000 -0.000000 0.000000
vt -0.190000 0.002029 0.000000
vt -0.152000 0.002029 0.000000
vt -0.190000 0.004058 0.000000
vt -0.152000 0.004058 0.000000
vt -0.190000 0.006087 0.000000
vt -0.152000 0.006087 0.000000
vt -0.190000 0.008116 0.000000
vt -0.152000 0.008116 0.000000
vt -0.190000 0.010145 0.000000
vt -0.152000 0.010145 0.000000
vt -0.190000 0.012174 0.000000
vt -0.152000 0.012174 0.000000
vt -0.190000 0.014203 0.000000
vt -0.152000 0.014203 0.000000
vt -0.190000 0.016232 0.000000
vt -0.152000 0.016232 0.000000
vt -0.190000 0.018261 0.000000
vt -0.152000 0.018261 0.000000
vt -0.190000 0.020289 0.000000
vt -0.152000 0.020289 0.000000
vt -0.076000 0.024347 0.000000
vt -0.076000 0.022318 0.000000
vt -0.076000 0.020289 0.000000
vt -0.076000 0.018261 0.000000
vt -0.076000 0.016232 0.000000
vt -0.076000 0.014203 0.000000
vt -0.076000 0.012174 0.000000
vt -0.076000 0.010145 0.000000
vt -0.076000 0.008116 0.000000
vt -0.076000 0.006087 0.000000
vt -0.076000 0.004058 0.000000
vt -0.076000 0.002029 0.000000
vt -0.076000 -0.000000 0.000000
vt -0.076000 -0.002029 0.000000
vt -0.076000 -0.004058 0.000000
vt -0.076000 -0.006087 0.000000
vt -0.076000 -0.008116 0.000000
vt -0.076000 -0.010145 0.000000
vt -0.076000 -0.012174 0.000000
vt -0.076000 -0.014203 0.000000
vt -0.076000 -0.016232 0.000000
vt -0.076000 -0.018261 0.000000
vt -0.076000 -0.020289 0.000000
vt -0.076000 -0.022318 0.000000
vt -0.076000 -0.024347 0.000000
vt -0.114000 0.024347 0.000000
vt -0.114000 0.022318 0.000000
vt -0.114000 0.020289 0.000000
vt -0.114000 0.018261 0.000000
vt -0.114000 0.016232 0.000000
vt -0.114000 0.014203 0.000000
vt -0.114000 0.012174 0.000000
vt -0.114000 0.010145 0.000000
vt -0.114000 0.008116 0.000000
vt -0.114000 0.006087 0.000000
vt -0.114000 0.004058 0.000000
vt -0.114000 0.002029 0.000000
vt -0.114000 -0.000000 0.000000
vt -0.114000 -0.002029 0.000000
vt -0.114000 -0.004058 0.000000
vt -0.114000 -0.006087 0.000000
vt -0.114000 -0.008116 0.000000
vt -0.114000 -0.010145 0.000000
vt -0.114000 -0.012174 0.000000
vt -0.114000 -0.014203 0.000000
vt -0.114000 -0.016232 0.000000
vt -0.114000 -0.018261 0.000000
vt -0.114000 -0.020289 0.000000
vt -0.114000 -0.022318 0.000000
vt -0.114000 -0.024347 0.000000
vt -0.007486 -0.002006 0.000000
vt 0.007486 -0.002006 0.000000
vt -0.007750 0.000000 0.000000
vt 0.007750 0.000000 0.000000
vt -0.007486 0.002006 0.000000
vt 0.007486 0.002006 0.000000
vt -0.006712 0.003875 0.000000
vt 0.006712 0.003875 0.000000
vt -0.005480 0.005480 0.000000
vt 0.005480 0.005480 0.000000
vt -0.003875 0.006712 0.000000
vt 0.003875 0.006712 0.000000
vt -0.002006 0.007486 0.000000
vt 0.002006 0.007486 0.000000
vt 0.000000 0.007750 0.000000
vt 0.006712 -0.003875 0.000000
vt -0.006712 -0.003875 0.000000
vt 0.005480 -0.005480 0.000000
vt -0.005480 -0.005480 0.000000
vt 0.003875 -0.006712 0.000000
vt -0.003875 -0.006712 0.000000
vt 0.002006 -0.007486 0.000000
vt -0.002006 -0.007486 0.000000
vt 0.000000 -0.007750 0.000000
vt 0.000000 -0.022318 0.000000
vt -0.038000 -0.022318 0.000000
vt -0.000000 -0.024347 0.000000
vt -0.038000 -0.024347 0.000000
vt -0.000000 0.024347 0.000000
vt -0.038000 0.024347 0.000000
vt -0.000000 0.022318 0.000000
vt -0.038000 0.022318 0.000000
vt -0.000000 0.020289 0.000000
vt -0.038000 0.020289 0.000000
vt -0.000000 0.018261 0.000000
vt -0.038000 0.018261 0.000000
vt -0.000000 0.016232 0.000000
vt -0.038000 0.016232 0.000000
vt -0.000000 0.014203 0.000000
vt -0.038000 0.014203 0.000000
vt -0.000000 0.012174 0.000000
vt -0.038000 0.012174 0.000000
vt -0.000000 0.010145 0.000000
vt -0.038000 0.010145 0.000000
vt -0.000000 0.008116 0.000000
vt -0.038000 0.008116 0.000000
vt -0.000000 0.006087 0.000000
vt -0.038000 0.006087 0.000000
vt -0.000000 0.004058 0.000000
vt -0.038000 0.004058 0.000000
vt -0.000000 0.002029 0.000000
vt -0.038000 0.002029 0.000000
vt -0.000000 0.000000 0.000000
vt -0.038000 -0.000000 0.000000
vt 0.000000 -0.002029 0.000000
vt -0.038000 -0.002029 0.000000
vt 0.000000 -0.004058 0.000000
vt -0.038000 -0.004058 0.000000
vt 0.000000 -0.006087 0.000000
vt -0.038000 -0.006087 0.000000
vt 0.000000 -0.008116 0.000000
vt -0.038000 -0.008116 0.000000
vt 0.000000 -0.010145 0.000000
vt -0.038000 -0.010145 0.000000
vt 0.000000 -0.012174 0.000000
vt -0.038000 -0.012174 0.000000
vt 0.000000 -0.014203 0.000000
vt -0.038000 -0.014203 0.000000
vt 0.000000 -0.016232 0.000000
vt -0.038000 -0.016232 0.000000
vt 0.000000 -0.018261 0.000000
vt -0.038000 -0.018261 0.000000
vt 0.000000 -0.020289 0.000000
vt -0.038000 -0.020289 0.000000
vt -0.190000 0.022318 0.000000
vt -0.152000 0.022318 0.000000
vt -0.190000 0.024347 0.000000
vt -0.152000 0.024347 0.000000
vt -0.190000 -0.024347 0.000000
vt -0.152000 -0.024347 0.000000
vt -0.190000 -0.022318 0.000000
vt -0.152000 -0.022318 0.000000
vt -0.190000 -0.020289 0.000000
vt -0.152000 -0.020289 0.000000
vt -0.190000 -0.018261 0.000000
vt -0.152000 -0.018261 0.000000
vt -0.190000 -0.016232 0.000000
vt -0.152000 -0.016232 0.000000
vt -0.190000 -0.014203 0.000000
vt -0.152000 -0.014203 0.000000
vt -0.190000 -0.012174 0.000000
vt -0.152000 -0.012174 0.000000
vt -0.190000 -0.010145 0.000000
vt -0.152000 -0.010145 0.000000
vt -0.190000 -0.008116 0.000000
vt -0.152000 -0.008116 0.000000
vt -0.190000 -0.006087 0.000000
vt -0.152000 -0.006087 0.000000
vt -0.190000 -0.004058 0.000000
vt -0.152000 -0.004058 0.000000
vt -0.190000 -0.002029 0.000000
vt -0.152000 -0.002029 0.000000
vt -0.190000 -0.000000 0.000000
vt -0.152000 -0.000000 0.000000
vt -0.190000 0.002029 0.000000
vt -0.152000 0.002029 0.000000
vt -0.190000 0.004058 0.000000
vt -0.152000 0.004058 0.000000
vt -0.190000 0.006087 0.000000
vt -0.152000 0.006087 0.000000
vt -0.190000 0.008116 0.000000
vt -0.152000 0.008116 0.000000
vt -0.190000 0.010145 0.000000
vt -0.152000 0.010145 0.000000
vt -0.190000 0.012174 0.000000
vt -0.152000 0.012174 0.000000
vt -0.190000 0.014203 0.000000
vt -0.152000 0.014203 0.000000
vt -0.190000 0.016232 0.000000
vt -0.152000 0.016232 0.000000
vt -0.190000 0.018261 0.000000
vt -0.152000 0.018261 0.000000
vt -0.190000 0.020289 0.000000
vt -0.152000 0.020289 0.000000
vt -0.076000 0.024347 0.000000
vt -0.076000 0.022318 0.000000
vt -0.076000 0.020289 0.000000
vt -0.076000 0.018261 0.000000
vt -0.076000 0.016232 0.000000
vt -0.076000 0.014203 0.000000
vt -0.076000 0.012174 0.000000
vt -0.076000 0.010145 0.000000
vt -0.076000 0.008116 0.000000
vt -0.076000 0.006087 0.000000
vt -0.076000 0.004058 0.000000
vt -0.076000 0.002029 0.000000
vt -0.076000 -0.000000 0.000000
vt -0.076000 -0.002029 0.000000
vt -0.076000 -0.004058 0.000000
vt -0.076000 -0.006087 0.000000
vt -0.076000 -0.008116 0.000000
vt -0.076000 -0.010145 0.000000
vt -0.076000 -0.012174 0.000000
vt -0.076000 -0.014203 0.000000
vt -0.076000 -0.016232 0.000000
vt -0.076000 -0.018261 0.000000
vt -0.076000 -0.020289 0.000000
vt -0.076000 -0.022318 0.000000
vt -0.076000 -0.024347 0.000000
vt -0.114000 0.024347 0.000000
vt -0.114000 0.022318 0.000000
vt -0.114000 0.020289 0.000000
vt -0.114000 0.018261 0.000000
vt -0.114000 0.016232 0.000000
vt -0.114000 0.014203 0.000000
vt -0.114000 0.012174 0.000000
vt -0.114000 0.010145 0.000000
vt -0.114000 0.008116 0.000000
vt -0.114000 0.006087 0.000000
vt -0.114000 0.004058 0.000000
vt -0.114000 0.002029 0.000000
vt -0.114000 -0.000000 0.000000
vt -0.114000 -0.002029 0.000000
vt -0.114000 -0.004058 0.000000
vt -0.114000 -0.006087 0.000000
vt -0.114000 -0.008116 0.000000
vt -0.114000 -0.010145 0.000000
vt -0.114000 -0.012174 0.000000
vt -0.114000 -0.014203 0.000000
vt -0.114000 -0.016232 0.000000
vt -0.114000 -0.018261 0.000000
vt -0.114000 -0.020289 0.000000
vt -0.114000 -0.022318 0.000000
vt -0.114000 -0.024347 0.000000
vt -0.007486 -0.002006 0.000000
vt 0.007486 -0.002006 0.000000
vt -0.007750 0.000000 0.000000
vt 0.007750 0.000000 0.000000
vt -0.007486 0.002006 0.000000
vt 0.007486 0.002006 0.000000
vt -0.006712 0.003875 0.000000
vt 0.006712 0.003875 0.000000
vt -0.005480 0.005480 0.000000
vt 0.005480 0.005480 0.000000
vt -0.003875 0.006712 0.000000
vt 0.003875 0.006712 0.000000
vt -0.002006 0.007486 0.000000
vt 0.002006 0.007486 0.000000
vt 0.000000 0.007750 0.000000
vt 0.006712 -0.003875 0.000000
vt -0.006712 -0.003875 0.000000
vt 0.005480 -0.005480 0.000000
vt -0.005480 -0.005480 0.000000
vt 0.003875 -0.006712 0.000000
vt -0.003875 -0.006712 0.000000
vt 0.002006 -0.007486 0.000000
vt -0.002006 -0.007486 0.000000
vt 0.000000 -0.007750 0.000000
vt 0.000000 -0.022318 0.000000
vt -0.038000 -0.022318 0.000000
vt -0.000000 -0.024347 0.000000
vt -0.038000 -0.024347 0.000000
vt -0.000000 0.024347 0.000000
vt -0.038000 0.024347 0.000000
vt -0.000000 0.022318 0.000000
vt -0.038000 0.022318 0.000000
vt -0.000000 0.020289 0.000000
vt -0.038000 0.020289 0.000000
vt -0.000000 0.018261 0.000000
vt -0.038000 0.018261 0.000000
vt -0.000000 0.016232 0.000000
vt -0.038000 0.016232 0.000000
vt -0.000000 0.014203 0.000000
vt -0.038000 0.014203 0.000000
vt -0.000000 0.012174 0.000000
vt -0.038000 0.012174 0.000000
vt -0.000000 0.010145 0.000000
vt -0.038000 0.010145 0.000000
vt -0.000000 0.008116 0.000000
vt -0.038000 0.008116 0.000000
vt -0.000000 0.006087 0.000000
vt -0.038000 0.006087 0.000000
vt -0.000000 0.004058 0.000000
vt -0.038000 0.004058 0.000000
vt -0.000000 0.002029 0.000000
vt -0.038000 0.002029 0.000000
vt -0.000000 0.000000 0.000000
vt -0.038000 -0.000000 0.000000
vt 0.000000 -0.002029 0.000000
vt -0.038000 -0.002029 0.000000
vt 0.000000 -0.004058 0.000000
vt -0.038000 -0.004058 0.000000
vt 0.000000 -0.006087 0.000000
vt -0.038000 -0.006087 0.000000
vt 0.000000 -0.008116 0.000000
vt -0.038000 -0.008116 0.000000
vt 0.000000 -0.010145 0.000000
vt -0.038000 -0.010145 0.000000
vt 0.000000 -0.012174 0.000000
vt -0.038000 -0.012174 0.000000
vt 0.000000 -0.014203 0.000000
vt -0.038000 -0.014203 0.000000
vt 0.000000 -0.016232 0.000000
vt -0.038000 -0.016232 0.000000
vt 0.000000 -0.018261 0.000000
vt -0.038000 -0.018261 0.000000
vt 0.000000 -0.020289 0.000000
vt -0.038000 -0.020289 0.000000
vt -0.190000 0.022318 0.000000
vt -0.152000 0.022318 0.000000
vt -0.190000 0.024347 0.000000
vt -0.152000 0.024347 0.000000
vt -0.190000 -0.024347 0.000000
vt -0.152000 -0.024347 0.000000
vt -0.190000 -0.022318 0.000000
vt -0.152000 -0.022318 0.000000
vt -0.190000 -0.020289 0.000000
vt -0.152000 -0.020289 0.000000
vt -0.190000 -0.018261 0.000000
vt -0.152000 -0.018261 0.000000
vt -0.190000 -0.016232 0.000000
vt -0.152000 -0.016232 0.000000
vt -0.190000 -0.014203 0.000000
vt -0.152000 -0.014203 0.000000
vt -0.190000 -0.012174 0.000000
vt -0.152000 -0.012174 0.000000
vt -0.190000 -0.010145 0.000000
vt -0.152000 -0.010145 0.000000
vt -0.190000 -0.008116 0.000000
vt -0.152000 -0.008116 0.000000
vt -0.190000 -0.006087 0.000000
vt -0.152000 -0.006087 0.000000
vt -0.190000 -0.004058 0.000000
vt -0.152000 -0.004058 0.000000
vt -0.190000 -0.002029 0.000000
vt -0.152000 -0.002029 0.000000
vt -0.190000 -0.000000 0.000000
vt -0.152000 -0.000000 0.000000
vt -0.190000 0.002029 0.000000
vt -0.152000 0.002029 0.000000
vt -0.190000 0.004058 0.000000
vt -0.152000 0.004058 0.000000
vt -0.190000 0.006087 0.000000
vt -0.152000 0.006087 0.000000
vt -0.190000 0.008116 0.000000
vt -0.152000 0.008116 0.000000
vt -0.190000 0.010145 0.000000
vt -0.152000 0.010145 0.000000
vt -0.190000 0.012174 0.000000
vt -0.152000 0.012174 0.000000
vt -0.190000 0.014203 0.000000
vt -0.152000 0.014203 0.000000
vt -0.190000 0.016232 0.000000
vt -0.152000 0.016232 0.000000
vt -0.190000 0.018261 0.000000
vt -0.152000 0.018261 0.000000
vt -0.190000 0.020289 0.000000
vt -0.152000 0.020289 0.000000
vt -0.076000 0.024347 0.000000
vt -0.076000 0.022318 0.000000
vt -0.076000 0.020289 0.000000
vt -0.076000 0.018261 0.000000
vt -0.076000 0.016232 0.000000
vt -0.076000 0.014203 0.000000
vt -0.076000 0.012174 0.000000
vt -0.076000 0.010145 0.000000
vt -0.076000 0.008116 0.000000
vt -0.076000 0.006087 0.000000
vt -0.076000 0.004058 0.000000
vt -0.076000 0.002029 0.000000
vt -0.076000 -0.000000 0.000000
vt -0.076000 -0.002029 0.000000
vt -0.076000 -0.004058 0.000000
vt -0.076000 -0.006087 0.000000
vt -0.076000 -0.008116 0.000000
vt -0.076000 -0.010145 0.000000
vt -0.076000 -0.012174 0.000000
vt -0.076000 -0.014203 0.000000
vt -0.076000 -0.016232 0.000000
vt -0.076000 -0.018261 0.000000
vt -0.076000 -0.020289 0.000000
vt -0.076000 -0.022318 0.000000
vt -0.076000 -0.024347 0.000000
vt -0.114000 0.024347 0.000000
vt -0.114000 0.022318 0.000000
vt -0.114000 0.020289 0.000000
vt -0.114000 0.018261 0.000000
vt -0.114000 0.016232 0.000000
vt -0.114000 0.014203 0.000000
vt -0.114000 0.012174 0.000000
vt -0.114000 0.010145 0.000000
vt -0.114000 0.008116 0.000000
vt -0.114000 0.006087 0.000000
vt -0.114000 0.004058 0.000000
vt -0.114000 0.002029 0.000000
vt -0.114000 -0.000000 0.000000
vt -0.114000 -0.002029 0.000000
vt -0.114000 -0.004058 0.000000
vt -0.114000 -0.006087 0.000000
vt -0.114000 -0.008116 0.000000
vt -0.114000 -0.010145 0.000000
vt -0.114000 -0.012174 0.000000
vt -0.114000 -0.014203 0.000000
vt -0.114000 -0.016232 0.000000
vt -0.114000 -0.018261 0.000000
vt -0.114000 -0.020289 0.000000
vt -0.114000 -0.022318 0.000000
vt -0.114000 -0.024347 0.000000
vt -0.007486 -0.002006 0.000000
vt 0.007486 -0.002006 0.000000
vt -0.007750 0.000000 0.000000
vt 0.007750 0.000000 0.000000
vt -0.007486 0.002006 0.000000
vt 0.007486 0.002006 0.000000
vt -0.006712 0.003875 0.000000
vt 0.006712 0.003875 0.000000
vt -0.005480 0.005480 0.000000
vt 0.005480 0.005480 0.000000
vt -0.003875 0.006712 0.000000
vt 0.003875 0.006712 0.000000
vt -0.002006 0.007486 0.000000
vt 0.002006 0.007486 0.000000
vt 0.000000 0.007750 0.000000
vt 0.006712 -0.003875 0.000000
vt -0.006712 -0.003875 0.000000
vt 0.005480 -0.005480 0.000000
vt -0.005480 -0.005480 0.000000
vt 0.003875 -0.006712 0.000000
vt -0.003875 -0.006712 0.000000
vt 0.002006 -0.007486 0.000000
vt -0.002006 -0.007486 0.000000
vt 0.000000 -0.007750 0.000000
vt 0.000000 -0.022318 0.000000
vt -0.038000 -0.022318 0.000000
vt -0.000000 -0.024347 0.000000
vt -0.038000 -0.024347 0.000000
vt -0.000000 0.024347 0.000000
vt -0.038000 0.024347 0.000000
vt -0.000000 0.022318 0.000000
vt -0.038000 0.022318 0.000000
vt -0.000000 0.020289 0.000000
vt -0.038000 0.020289 0.000000
vt -0.000000 0.018261 0.000000
vt -0.038000 0.018261 0.000000
vt -0.000000 0.016232 0.000000
vt -0.038000 0.016232 0.000000
vt -0.000000 0.014203 0.000000
vt -0.038000 0.014203 0.000000
vt -0.000000 0.012174 0.000000
vt -0.038000 0.012174 0.000000
vt -0.000000 0.010145 0.000000
vt -0.038000 0.010145 0.000000
vt -0.000000 0.008116 0.000000
vt -0.038000 0.008116 0.000000
vt -0.000000 0.006087 0.000000
vt -0.038000 0.006087 0.000000
vt -0.000000 0.004058 0.000000
vt -0.038000 0.004058 0.000000
vt -0.000000 0.002029 0.000000
vt -0.038000 0.002029 0.000000
vt -0.000000 0.000000 0.000000
vt -0.038000 -0.000000 0.000000
vt 0.000000 -0.002029 0.000000
vt -0.038000 -0.002029 0.000000
vt 0.000000 -0.004058 0.000000
vt -0.038000 -0.004058 0.000000
vt 0.000000 -0.006087 0.000000
vt -0.038000 -0.006087 0.000000
vt 0.000000 -0.008116 0.000000
vt -0.038000 -0.008116 0.000000
vt 0.000000 -0.010145 0.000000
vt -0.038000 -0.010145 0.000000
vt 0.000000 -0.012174 0.000000
vt -0.038000 -0.012174 0.000000
vt 0.000000 -0.014203 0.000000
vt -0.038000 -0.014203 0.000000
vt 0.000000 -0.016232 0.000000
vt -0.038000 -0.016232 0.000000
vt 0.000000 -0.018261 0.000000
vt -0.038000 -0.018261 0.000000
vt 0.000000 -0.020289 0.000000
vt -0.038000 -0.020289 0.000000
vt -0.190000 0.022318 0.000000
vt -0.152000 0.022318 0.000000
vt -0.190000 0.024347 0.000000
vt -0.152000 0.024347 0.000000
vt -0.190000 -0.024347 0.000000
vt -0.152000 -0.024347 0.000000
vt -0.190000 -0.022318 0.000000
vt -0.152000 -0.022318 0.000000
vt -0.190000 -0.020289 0.000000
vt -0.152000 -0.020289 0.000000
vt -0.190000 -0.018261 0.000000
vt -0.152000 -0.018261 0.000000
vt -0.190000 -0.016232 0.000000
vt -0.152000 -0.016232 0.000000
vt -0.190000 -0.014203 0.000000
vt -0.152000 -0.014203 0.000000
vt -0.190000 -0.012174 0.000000
vt -0.152000 -0.012174 0.000000
vt -0.190000 -0.010145 0.000000
vt -0.152000 -0.010145 0.000000
vt -0.190000 -0.008116 0.000000
vt -0.152000 -0.008116 0.000000
vt -0.190000 -0.006087 0.000000
vt -0.152000 -0.006087 0.000000
vt -0.190000 -0.004058 0.000000
vt -0.152000 -0.004058 0.000000
vt -0.190000 -0.002029 0.000000
vt -0.152000 -0.002029 0.000000
vt -0.190000 -0.000000 0.000000
vt -0.152000 -0.000000 0.000000
vt -0.190000 0.002029 0.000000
vt -0.152000 0.002029 0.000000
vt -0.190000 0.004058 0.000000
vt -0.152000 0.004058 0.000000
vt -0.190000 0.006087 0.000000
vt -0.152000 0.006087 0.000000
vt -0.190000 0.008116 0.000000
vt -0.152000 0.008116 0.000000
vt -0.190000 0.010145 0.000000
vt -0.152000 0.010145 0.000000
vt -0.190000 0.012174 0.000000
vt -0.152000 0.012174 0.000000
vt -0.190000 0.014203 0.000000
vt -0.152000 0.014203 0.000000
vt -0.190000 0.016232 0.000000
vt -0.152000 0.016232 0.000000
vt -0.190000 0.018261 0.000000
vt -0.152000 0.018261 0.000000
vt -0.190000 0.020289 0.000000
vt -0.152000 0.020289 0.000000
vt -0.076000 0.024347 0.000000
vt -0.076000 0.022318 0.000000
vt -0.076000 0.020289 0.000000
vt -0.076000 0.018261 0.000000
vt -0.076000 0.016232 0.000000
vt -0.076000 0.014203 0.000000
vt -0.076000 0.012174 0.000000
vt -0.076000 0.010145 0.000000
vt -0.076000 0.008116 0.000000
vt -0.076000 0.006087 0.000000
vt -0.076000 0.004058 0.000000
vt -0.076000 0.002029 0.000000
vt -0.076000 -0.000000 0.000000
vt -0.076000 -0.002029 0.000000
vt -0.076000 -0.004058 0.000000
vt -0.076000 -0.006087 0.000000
vt -0.076000 -0.008116 0.000000
vt -0.076000 -0.010145 0.000000
vt -0.076000 -0.012174 0.000000
vt -0.076000 -0.014203 0.000000
vt -0.076000 -0.016232 0.000000
vt -0.076000 -0.018261 0.000000
vt -0.076000 -0.020289 0.000000
vt -0.076000 -0.022318 0.000000
vt -0.076000 -0.024347 0.000000
vt -0.114000 0.024347 0.000000
vt -0.114000 0.022318 0.000000
vt -0.114000 0.020289 0.000000
vt -0.114000 0.018261 0.000000
vt -0.114000 0.016232 0.000000
vt -0.114000 0.014203 0.000000
vt -0.114000 0.012174 0.000000
vt -0.114000 0.010145 0.000000
vt -0.114000 0.008116 0.000000
vt -0.114000 0.006087 0.000000
vt -0.114000 0.004058 0.000000
vt -0.114000 0.002029 0.000000
vt -0.114000 -0.000000 0.000000
vt -0.114000 -0.002029 0.000000
vt -0.114000 -0.004058 0.000000
vt -0.114000 -0.006087 0.000000
vt -0.114000 -0.008116 0.000000
vt -0.114000 -0.010145 0.000000
vt -0.114000 -0.012174 0.000000
vt -0.114000 -0.014203 0.000000
vt -0.114000 -0.016232 0.000000
vt -0.114000 -0.018261 0.000000
vt -0.114000 -0.020289 0.000000
vt -0.114000 -0.022318 0.000000
vt -0.114000 -0.024347 0.000000
vt -0.007486 -0.002006 0.000000
vt 0.007486 -0.002006 0.000000
vt -0.007750 0.000000 0.000000
vt 0.007750 0.000000 0.000000
vt -0.007486 0.002006 0.000000
vt 0.007486 0.002006 0.000000
vt -0.006712 0.003875 0.000000
vt 0.006712 0.003875 0.000000
vt -0.005480 0.005480 0.000000
vt 0.005480 0.005480 0.000000
vt -0.003875 0.006712 0.000000
vt 0.003875 0.006712 0.000000
vt -0.002006 0.007486 0.000000
vt 0.002006 0.007486 0.000000
vt 0.000000 0.007750 0.000000
vt 0.006712 -0.003875 0.000000
vt -0.006712 -0.003875 0.000000
vt 0.005480 -0.005480 0.000000
vt -0.005480 -0.005480 0.000000
vt 0.003875 -0.006712 0.000000
vt -0.003875 -0.006712 0.000000
vt 0.002006 -0.007486 0.000000
vt -0.002006 -0.007486 0.000000
vt 0.000000 -0.007750 0.000000
vt 0.000000 -0.022318 0.000000
vt -0.038000 -0.022318 0.000000
vt -0.000000 -0.024347 0.000000
vt -0.038000 -0.024347 0.000000
vt -0.000000 0.024347 0.000000
vt -0.038000 0.024347 0.000000
vt -0.000000 0.022318 0.000000
vt -0.038000 0.022318 0.000000
vt -0.000000 0.020289 0.000000
vt -0.038000 0.020289 0.000000
vt -0.000000 0.018261 0.000000
vt -0.038000 0.018261 0.000000
vt -0.000000 0.016232 0.000000
vt -0.038000 0.016232 0.000000
vt -0.000000 0.014203 0.000000
vt -0.038000 0.014203 0.000000
vt -0.000000 0.012174 0.000000
vt -0.038000 0.012174 0.000000
vt -0.000000 0.010145 0.000000
vt -0.038000 0.010145 0.000000
vt -0.000000 0.008116 0.000000
vt -0.038000 0.008116 0.000000
vt -0.000000 0.006087 0.000000
vt -0.038000 0.006087 0.000000
vt -0.000000 0.004058 0.000000
vt -0.038000 0.004058 0.000000
vt -0.000000 0.002029 0.000000
vt -0.038000 0.002029 0.000000
vt -0.000000 0.000000 0.000000
vt -0.038000 -0.000000 0.000000
vt 0.000000 -0.002029 0.000000
vt -0.038000 -0.002029 0.000000
vt 0.000000 -0.004058 0.000000
vt -0.038000 -0.004058 0.000000
vt 0.000000 -0.006087 0.000000
vt -0.038000 -0.006087 0.000000
vt 0.000000 -0.008116 0.000000
vt -0.038000 -0.008116 0.000000
vt 0.000000 -0.010145 0.000000
vt -0.038000 -0.010145 0.000000
vt 0.000000 -0.012174 0.000000
vt -0.038000 -0.012174 0.000000
vt 0.000000 -0.014203 0.000000
vt -0.038000 -0.014203 0.000000
vt 0.000000 -0.016232 0.000000
vt -0.038000 -0.016232 0.000000
vt 0.000000 -0.018261 0.000000
vt -0.038000 -0.018261 0.000000
vt 0.000000 -0.020289 0.000000
vt -0.038000 -0.020289 0.000000
vt -0.190000 0.022318 0.000000
vt -0.152000 0.022318 0.000000
vt -0.190000 0.024347 0.000000
vt -0.152000 0.024347 0.000000
vt -0.190000 -0.024347 0.000000
vt -0.152000 -0.024347 0.000000
vt -0.190000 -0.022318 0.000000
vt -0.152000 -0.022318 0.000000
vt -0.190000 -0.020289 0.000000
vt -0.152000 -0.020289 0.000000
vt -0.190000 -0.018261 0.000000
vt -0.152000 -0.018261 0.000000
vt -0.190000 -0.016232 0.000000
vt -0.152000 -0.016232 0.000000
vt -0.190000 -0.014203 0.000000
vt -0.152000 -0.014203 0.000000
vt -0.190000 -0.012174 0.000000
vt -0.152000 -0.012174 0.000000
vt -0.190000 -0.010145 0.000000
vt -0.152000 -0.010145 0.000000
vt -0.190000 -0.008116 0.000000
vt -0.152000 -0.008116 0.000000
vt -0.190000 -0.006087 0.000000
vt -0.152000 -0.006087 0.000000
vt -0.190000 -0.004058 0.000000
vt -0.152000 -0.004058 0.000000
vt -0.190000 -0.002029 0.000000
vt -0.152000 -0.002029 0.000000
vt -0.190000 -0.000000 0.000000
vt -0.152000 -0.000000 0.000000
vt -0.190000 0.002029 0.000000
vt -0.152000 0.002029 0.000000
vt -0.190000 0.004058 0.000000
vt -0.152000 0.004058 0.000000
vt -0.190000 0.006087 0.000000
vt -0.152000 0.006087 0.000000
vt -0.190000 0.008116 0.000000
vt -0.152000 0.008116 0.000000
vt -0.190000 0.010145 0.000000
vt -0.152000 0.010145 0.000000
vt -0.190000 0.012174 0.000000
vt -0.152000 0.012174 0.000000
vt -0.190000 0.014203 0.000000
vt -0.152000 0.014203 0.000000
vt -0.190000 0.016232 0.000000
vt -0.152000 0.016232 0.000000
vt -0.190000 0.018261 0.000000
vt -0.152000 0.018261 0.000000
vt -0.190000 0.020289 0.000000
vt -0.152000 0.020289 0.000000
vt -0.076000 0.024347 0.000000
vt -0.076000 0.022318 0.000000
vt -0.076000 0.020289 0.000000
vt -0.076000 0.018261 0.000000
vt -0.076000 0.016232 0.000000
vt -0.076000 0.014203 0.000000
vt -0.076000 0.012174 0.000000
vt -0.076000 0.010145 0.000000
vt -0.076000 0.008116 0.000000
vt -0.076000 0.006087 0.000000
vt -0.076000 0.004058 0.000000
vt -0.076000 0.002029 0.000000
vt -0.076000 -0.000000 0.000000
vt -0.076000 -0.002029 0.000000
vt -0.076000 -0.004058 0.000000
vt -0.076000 -0.006087 0.000000
vt -0.076000 -0.008116 0.000000
vt -0.076000 -0.010145 0.000000
vt -0.076000 -0.012174 0.000000
vt -0.076000 -0.014203 0.000000
vt -0.076000 -0.016232 0.000000
vt -0.076000 -0.018261 0.000000
vt -0.076000 -0.020289 0.000000
vt -0.076000 -0.022318 0.000000
vt -0.076000 -0.024347 0.000000
vt -0.114000 0.024347 0.000000
vt -0.114000 0.022318 0.000000
vt -0.114000 0.020289 0.000000
vt -0.114000 0.018261 0.000000
vt -0.114000 0.016232 0.000000
vt -0.114000 0.014203 0.000000
vt -0.114000 0.012174 0.000000
vt -0.114000 0.010145 0.000000
vt -0.114000 0.008116 0.000000
vt -0.114000 0.006087 0.000000
vt -0.114000 0.004058 0.000000
vt -0.114000 0.002029 0.000000
vt -0.114000 -0.000000 0.000000
vt -0.114000 -0.002029 0.000000
vt -0.114000 -0.004058 0.000000
vt -0.114000 -0.006087 0.000000
vt -0.114000 -0.008116 0.000000
vt -0.114000 -0.010145 0.000000
vt -0.114000 -0.012174 0.000000
vt -0.114000 -0.014203 0.000000
vt -0.114000 -0.016232 0.000000
vt -0.114000 -0.018261 0.000000
vt -0.114000 -0.020289 0.000000
vt -0.114000 -0.022318 0.000000
vt -0.114000 -0.024347 0.000000
vt -0.007486 -0.002006 0.000000
vt 0.007486 -0.002006 0.000000
vt -0.007750 0.000000 0.000000
vt 0.007750 0.000000 0.000000
vt -0.007486 0.002006 0.000000
vt 0.007486 0.002006 0.000000
vt -0.006712 0.003875 0.000000
vt 0.006712 0.003875 0.000000
vt -0.005480 0.005480 0.000000
vt 0.005480 0.005480 0.000000
vt -0.003875 0.006712 0.000000
vt 0.003875 0.006712 0.000000
vt -0.002006 0.007486 0.000000
vt 0.002006 0.007486 0.000000
vt 0.000000 0.007750 0.000000
vt 0.006712 -0.003875 0.000000
vt -0.006712 -0.003875 0.000000
vt 0.005480 -0.005480 0.000000
vt -0.005480 -0.005480 0.000000
vt 0.003875 -0.006712 0.000000
vt -0.003875 -0.006712 0.000000
vt 0.002006 -0.007486 0.000000
vt -0.002006 -0.007486 0.000000
vt 0.000000 -0.007750 0.000000
vt 0.000000 -0.022318 0.000000
vt -0.038000 -0.022318 0.000000
vt -0.000000 -0.024347 0.000000
vt -0.038000 -0.024347 0.000000
vt -0.000000 0.024347 0.000000
vt -0.038000 0.024347 0.000000
vt -0.000000 0.022318 0.000000
vt -0.038000 0.022318 0.000000
vt -0.000000 0.020289 0.000000
vt -0.038000 0.020289 0.000000
vt -0.000000 0.018261 0.000000
vt -0.038000 0.018261 0.000000
vt -0.000000 0.016232 0.000000
vt -0.038000 0.016232 0.000000
vt -0.000000 0.014203 0.000000
vt -0.038000 0.014203 0.000000
vt -0.000000 0.012174 0.000000
vt -0.038000 0.012174 0.000000
vt -0.000000 0.010145 0.000000
vt -0.038000 0.010145 0.000000
vt -0.000000 0.008116 0.000000
vt -0.038000 0.008116 0.000000
vt -0.000000 0.006087 0.000000
vt -0.038000 0.006087 0.000000
vt -0.000000 0.004058 0.000000
vt -0.038000 0.004058 0.000000
vt -0.000000 0.002029 0.000000
vt -0.038000 0.002029 0.000000
vt -0.000000 0.000000 0.000000
vt -0.038000 -0.000000 0.000000
vt 0.000000 -0.002029 0.000000
vt -0.038000 -0.002029 0.000000
vt 0.000000 -0.004058 0.000000
vt -0.038000 -0.004058 0.000000
vt 0.000000 -0.006087 0.000000
vt -0.038000 -0.006087 0.000000
vt 0.000000 -0.008116 0.000000
vt -0.038000 -0.008116 0.000000
vt 0.000000 -0.010145 0.000000
vt -0.038000 -0.010145 0.000000
vt 0.000000 -0.012174 0.000000
vt -0.038000 -0.012174 0.000000
vt 0.000000 -0.014203 0.000000
vt -0.038000 -0.014203 0.000000
vt 0.000000 -0.016232 0.000000
vt -0.038000 -0.016232 0.000000
vt 0.000000 -0.018261 0.000000
vt -0.038000 -0.018261 0.000000
vt 0.000000 -0.020289 0.000000
vt -0.038000 -0.020289 0.000000
vt -0.190000 0.022318 0.000000
vt -0.152000 0.022318 0.000000
vt -0.190000 0.024347 0.000000
vt -0.152000 0.024347 0.000000
vt -0.190000 -0.024347 0.000000
vt -0.152000 -0.024347 0.000000
vt -0.190000 -0.022318 0.000000
vt -0.152000 -0.022318 0.000000
vt -0.190000 -0.020289 0.000000
vt -0.152000 -0.020289 0.000000
vt -0.190000 -0.018261 0.000000
vt -0.152000 -0.018261 0.000000
vt -0.190000 -0.016232 0.000000
vt -0.152000 -0.016232 0.000000
vt -0.190000 -0.014203 0.000000
vt -0.152000 -0.014203 0.000000
vt -0.190000 -0.012174 0.000000
vt -0.152000 -0.012174 0.000000
vt -0.190000 -0.010145 0.000000
vt -0.152000 -0.010145 0.000000
vt -0.190000 -0.008116 0.000000
vt -0.152000 -0.008116 0.000000
vt -0.190000 -0.006087 0.000000
vt -0.152000 -0.006087 0.000000
vt -0.190000 -0.004058 0.000000
vt -0.152000 -0.004058 0.000000
vt -0.190000 -0.002029 0.000000
vt -0.152000 -0.002029 0.000000
vt -0.190000 -0.000000 0.000000
vt -0.152000 -0.000000 0.000000
vt -0.190000 0.002029 0.000000
vt -0.152000 0.002029 0.000000
vt -0.190000 0.004058 0.000000
vt -0.152000 0.004058 0.000000
vt -0.190000 0.006087 0.000000
vt -0.152000 0.006087 0.000000
vt -0.190000 0.008116 0.000000
vt -0.152000 0.008116 0.000000
vt -0.190000 0.010145 0.000000
vt -0.152000 0.010145 0.000000
vt -0.190000 0.012174 0.000000
vt -0.152000 0.012174 0.000000
vt -0.190000 0.014203 0.000000
vt -0.152000 0.014203 0.000000
vt -0.190000 0.016232 0.000000
vt -0.152000 0.016232 0.000000
vt -0.190000 0.018261 0.000000
vt -0.152000 0.018261 0.000000
vt -0.190000 0.020289 0.000000
vt -0.152000 0.020289 0.000000
vt -0.076000 0.024347 0.000000
vt -0.076000 0.022318 0.000000
vt -0.076000 0.020289 0.000000
vt -0.076000 0.018261 0.000000
vt -0.076000 0.016232 0.000000
vt -0.076000 0.014203 0.000000
vt -0.076000 0.012174 0.000000
vt -0.076000 0.010145 0.000000
vt -0.076000 0.008116 0.000000
vt -0.076000 0.006087 0.000000
vt -0.076000 0.004058 0.000000
vt -0.076000 0.002029 0.000000
vt -0.076000 -0.000000 0.000000
vt -0.076000 -0.002029 0.000000
vt -0.076000 -0.004058 0.000000
vt -0.076000 -0.006087 0.000000
vt -0.076000 -0.008116 0.000000
vt -0.076000 -0.010145 0.000000
vt -0.076000 -0.012174 0.000000
vt -0.076000 -0.014203 0.000000
vt -0.076000 -0.016232 0.000000
vt -0.076000 -0.018261 0.000000
vt -0.076000 -0.020289 0.000000
vt -0.076000 -0.022318 0.000000
vt -0.076000 -0.024347 0.000000
vt -0.114000 0.024347 0.000000
vt -0.114000 0.022318 0.000000
vt -0.114000 0.020289 0.000000
vt -0.114000 0.018261 0.000000
vt -0.114000 0.016232 0.000000
vt -0.114000 0.014203 0.000000
vt -0.114000 0.012174 0.000000
vt -0.114000 0.010145 0.000000
vt -0.114000 0.008116 0.000000
vt -0.114000 0.006087 0.000000
vt -0.114000 0.004058 0.000000
vt -0.114000 0.002029 0.000000
vt -0.114000 -0.000000 0.000000
vt -0.114000 -0.002029 0.000000
vt -0.114000 -0.004058 0.000000
vt -0.114000 -0.006087 0.000000
vt -0.114000 -0.008116 0.000000
vt -0.114000 -0.010145 0.000000
vt -0.114000 -0.012174 0.000000
vt -0.114000 -0.014203 0.000000
vt -0.114000 -0.016232 0.000000
vt -0.114000 -0.018261 0.000000
vt -0.114000 -0.020289 0.000000
vt -0.114000 -0.022318 0.000000
vt -0.114000 -0.024347 0.000000
vt -0.007486 -0.002006 0.000000
vt 0.007486 -0.002006 0.000000
vt -0.007750 0.000000 0.000000
vt 0.007750 0.000000 0.000000
vt -0.007486 0.002006 0.000000
vt 0.007486 0.002006 0.000000
vt -0.006712 0.003875 0.000000
vt 0.006712 0.003875 0.000000
vt -0.005480 0.005480 0.000000
vt 0.005480 0.005480 0.000000
vt -0.003875 0.006712 0.000000
vt 0.003875 0.006712 0.000000
vt -0.002006 0.007486 0.000000
vt 0.002006 0.007486 0.000000
vt 0.000000 0.007750 0.000000
vt 0.006712 -0.003875 0.000000
vt -0.006712 -0.003875 0.000000
vt 0.005480 -0.005480 0.000000
vt -0.005480 -0.005480 0.000000
vt 0.003875 -0.006712 0.000000
vt -0.003875 -0.006712 0.000000
vt 0.002006 -0.007486 0.000000
vt -0.002006 -0.007486 0.000000
vt 0.000000 -0.007750 0.000000
vt 0.000000 -0.022318 0.000000
vt -0.038000 -0.022318 0.000000
vt -0.000000 -0.024347 0.000000
vt -0.038000 -0.024347 0.000000
vt -0.000000 0.024347 0.000000
vt -0.038000 0.024347 0.000000
vt -0.000000 0.022318 0.000000
vt -0.038000 0.022318 0.000000
vt -0.000000 0.020289 0.000000
vt -0.038000 0.020289 0.000000
vt -0.000000 0.018261 0.000000
vt -0.038000 0.018261 0.000000
vt -0.000000 0.016232 0.000000
vt -0.038000 0.016232 0.000000
vt -0.000000 0.014203 0.000000
vt -0.038000 0.014203 0.000000
vt -0.000000 0.012174 0.000000
vt -0.038000 0.012174 0.000000
vt -0.000000 0.010145 0.000000
vt -0.038000 0.010145 0.000000
vt -0.000000 0.008116 0.000000
vt -0.038000 0.008116 0.000000
vt -0.000000 0.006087 0.000000
vt -0.038000 0.006087 0.000000
vt -0.000000 0.004058 0.000000
vt -0.038000 0.004058 0.000000
vt -0.000000 0.002029 0.000000
vt -0.038000 0.002029 0.000000
vt -0.000000 0.000000 0.000000
vt -0.038000 -0.000000 0.000000
vt 0.000000 -0.002029 0.000000
vt -0.038000 -0.002029 0.000000
vt 0.000000 -0.004058 0.000000
vt -0.038000 -0.004058 0.000000
vt 0.000000 -0.006087 0.000000
vt -0.038000 -0.006087 0.000000
vt 0.000000 -0.008116 0.000000
vt -0.038000 -0.008116 0.000000
vt 0.000000 -0.010145 0.000000
vt -0.038000 -0.010145 0.000000
vt 0.000000 -0.012174 0.000000
vt -0.038000 -0.012174 0.000000
vt 0.000000 -0.014203 0.000000
vt -0.038000 -0.014203 0.000000
vt 0.000000 -0.016232 0.000000
vt -0.038000 -0.016232 0.000000
vt 0.000000 -0.018261 0.000000
vt -0.038000 -0.018261 0.000000
vt 0.000000 -0.020289 0.000000
vt -0.038000 -0.020289 0.000000
vt -0.190000 0.022318 0.000000
vt -0.152000 0.022318 0.000000
vt -0.190000 0.024347 0.000000
vt -0.152000 0.024347 0.000000
vt -0.190000 -0.024347 0.000000
vt -0.152000 -0.024347 0.000000
vt -0.190000 -0.022318 0.000000
vt -0.152000 -0.022318 0.000000
vt -0.190000 -0.020289 0.000000
vt -0.152000 -0.020289 0.000000
vt -0.190000 -0.018261 0.000000
vt -0.152000 -0.018261 0.000000
vt -0.190000 -0.016232 0.000000
vt -0.152000 -0.016232 0.000000
vt -0.190000 -0.014203 0.000000
vt -0.152000 -0.014203 0.000000
vt -0.190000 -0.012174 0.000000
vt -0.152000 -0.012174 0.000000
vt -0.190000 -0.010145 0.000000
vt -0.152000 -0.010145 0.000000
vt -0.190000 -0.008116 0.000000
vt -0.152000 -0.008116 0.000000
vt -0.190000 -0.006087 0.000000
vt -0.152000 -0.006087 0.000000
vt -0.190000 -0.004058 0.000000
vt -0.152000 -0.004058 0.000000
vt -0.190000 -0.002029 0.000000
vt -0.152000 -0.002029 0.000000
vt -0.190000 -0.000000 0.000000
vt -0.152000 -0.000000 0.000000
vt -0.190000 0.002029 0.000000
vt -0.152000 0.002029 0.000000
vt -0.190000 0.004058 0.000000
vt -0.152000 0.004058 0.000000
vt -0.190000 0.006087 0.000000
vt -0.152000 0.006087 0.000000
vt -0.190000 0.008116 0.000000
vt -0.152000 0.008116 0.000000
vt -0.190000 0.010145 0.000000
vt -0.152000 0.010145 0.000000
vt -0.190000 0.012174 0.000000
vt -0.152000 0.012174 0.000000
vt -0.190000 0.014203 0.000000
vt -0.152000 0.014203 0.000000
vt -0.190000 0.016232 0.000000
vt -0.152000 0.016232 0.000000
vt -0.190000 0.018261 0.000000
vt -0.152000 0.018261 0.000000
vt -0.190000 0.020289 0.000000
vt -0.152000 0.020289 0.000000
vt -0.076000 0.024347 0.000000
vt -0.076000 0.022318 0.000000
vt -0.076000 0.020289 0.000000
vt -0.076000 0.018261 0.000000
vt -0.076000 0.016232 0.000000
vt -0.076000 0.014203 0.000000
vt -0.076000 0.012174 0.000000
vt -0.076000 0.010145 0.000000
vt -0.076000 0.008116 0.000000
vt -0.076000 0.006087 0.000000
vt -0.076000 0.004058 0.000000
vt -0.076000 0.002029 0.000000
vt -0.076000 -0.000000 0.000000
vt -0.076000 -0.002029 0.000000
vt -0.076000 -0.004058 0.000000
vt -0.076000 -0.006087 0.000000
vt -0.076000 -0.008116 0.000000
vt -0.076000 -0.010145 0.000000
vt -0.076000 -0.012174 0.000000
vt -0.076000 -0.014203 0.000000
vt -0.076000 -0.016232 0.000000
vt -0.076000 -0.018261 0.000000
vt -0.076000 -0.020289 0.000000
vt -0.076000 -0.022318 0.000000
vt -0.076000 -0.024347 0.000000
vt -0.114000 0.024347 0.000000
vt -0.114000 0.022318 0.000000
vt -0.114000 0.020289 0.000000
vt -0.114000 0.018261 0.000000
vt -0.114000 0.016232 0.000000
vt -0.114000 0.014203 0.000000
vt -0.114000 0.012174 0.000000
vt -0.114000 0.010145 0.000000
vt -0.114000 0.008116 0.000000
vt -0.114000 0.006087 0.000000
vt -0.114000 0.004058 0.000000
vt -0.114000 0.002029 0.000000
vt -0.114000 -0.000000 0.000000
vt -0.114000 -0.002029 0.000000
vt -0.114000 -0.004058 0.000000
vt -0.114000 -0.006087 0.000000
vt -0.114000 -0.008116 0.000000
vt -0.114000 -0.010145 0.000000
vt -0.114000 -0.012174 0.000000
vt -0.114000 -0.014203 0.000000
vt -0.114000 -0.016232 0.000000
vt -0.114000 -0.018261 0.000000
vt -0.114000 -0.020289 0.000000
vt -0.114000 -0.022318 0.000000
vt -0.114000 -0.024347 0.000000
vt -0.007486 -0.002006 0.000000
vt 0.007486 -0.002006 0.000000
vt -0.007750 0.000000 0.000000
vt 0.007750 0.000000 0.000000
vt -0.007486 0.002006 0.000000
vt 0.007486 0.002006 0.000000
vt -0.006712 0.003875 0.000000
vt 0.006712 0.003875 0.000000
vt -0.005480 0.005480 0.000000
vt 0.005480 0.005480 0.000000
vt -0.003875 0.006712 0.000000
vt 0.003875 0.006712 0.000000
vt -0.002006 0.007486 0.000000
vt 0.002006 0.007486 0.000000
vt 0.000000 0.007750 0.000000
vt 0.006712 -0.003875 0.000000
vt -0.006712 -0.003875 0.000000
vt 0.005480 -0.005480 0.000000
vt -0.005480 -0.005480 0.000000
vt 0.003875 -0.006712 0.000000
vt -0.003875 -0.006712 0.000000
vt 0.002006 -0.007486 0.000000
vt -0.002006 -0.007486 0.000000
vt 0.000000 -0.007750 0.000000
vt 0.000000 -0.022318 0.000000
vt -0.038000 -0.022318 0.000000
vt 0.000000 -0.024347 0.000000
vt -0.038000 -0.024347 0.000000
vt 0.000000 0.024347 0.000000
vt -0.038000 0.024347 0.000000
vt -0.000000 0.022318 0.000000
vt -0.038000 0.022318 0.000000
vt -0.000000 0.020289 0.000000
vt -0.038000 0.020289 0.000000
vt -0.000000 0.018261 0.000000
vt -0.038000 0.018261 0.000000
vt -0.000000 0.016232 0.000000
vt -0.038000 0.016232 0.000000
vt -0.000000 0.014203 0.000000
vt -0.038000 0.014203 0.000000
vt -0.000000 0.012174 0.000000
vt -0.038000 0.012174 0.000000
vt -0.000000 0.010145 0.000000
vt -0.038000 0.010145 0.000000
vt -0.000000 0.008116 0.000000
vt -0.038000 0.008116 0.000000
vt -0.000000 0.006087 0.000000
vt -0.038000 0.006087 0.000000
vt -0.000000 0.004058 0.000000
vt -0.038000 0.004058 0.000000
vt -0.000000 0.002029 0.000000
vt -0.038000 0.002029 0.000000
vt -0.000000 0.000000 0.000000
vt -0.038000 -0.000000 0.000000
vt 0.000000 -0.002029 0.000000
vt -0.038000 -0.002029 0.000000
vt 0.000000 -0.004058 0.000000
vt -0.038000 -0.004058 0.000000
vt 0.000000 -0.006087 0.000000
vt -0.038000 -0.006087 0.000000
vt 0.000000 -0.008116 0.000000
vt -0.038000 -0.008116 0.000000
vt 0.000000 -0.010145 0.000000
vt -0.038000 -0.010145 0.000000
vt 0.000000 -0.012174 0.000000
vt -0.038000 -0.012174 0.000000
vt 0.000000 -0.014203 0.000000
vt -0.038000 -0.014203 0.000000
vt 0.000000 -0.016232 0.000000
vt -0.038000 -0.016232 0.000000
vt 0.000000 -0.018261 0.000000
vt -0.038000 -0.018261 0.000000
vt 0.000000 -0.020289 0.000000
vt -0.038000 -0.020289 0.000000
vt -0.190000 0.022318 0.000000
vt -0.152000 0.022318 0.000000
vt -0.190000 0.024347 0.000000
vt -0.152000 0.024347 0.000000
vt -0.190000 -0.024347 0.000000
vt -0.152000 -0.024347 0.000000
vt -0.190000 -0.022318 0.000000
vt -0.152000 -0.022318 0.000000
vt -0.190000 -0.020289 0.000000
vt -0.152000 -0.020289 0.000000
vt -0.190000 -0.018261 0.000000
vt -0.152000 -0.018261 0.000000
vt -0.190000 -0.016232 0.000000
vt -0.152000 -0.016232 0.000000
vt -0.190000 -0.014203 0.000000
vt -0.152000 -0.014203 0.000000
vt -0.190000 -0.012174 0.000000
vt -0.152000 -0.012174 0.000000
vt -0.190000 -0.010145 0.000000
vt -0.152000 -0.010145 0.000000
vt -0.190000 -0.008116 0.000000
vt -0.152000 -0.008116 0.000000
vt -0.190000 -0.006087 0.000000
vt -0.152000 -0.006087 0.000000
vt -0.190000 -0.004058 0.000000
vt -0.152000 -0.004058 0.000000
vt -0.190000 -0.002029 0.000000
vt -0.152000 -0.002029 0.000000
vt -0.190000 -0.000000 0.000000
vt -0.152000 -0.000000 0.000000
vt -0.190000 0.002029 0.000000
vt -0.152000 0.002029 0.000000
vt -0.190000 0.004058 0.000000
vt -0.152000 0.004058 0.000000
vt -0.190000 0.006087 0.000000
vt -0.152000 0.006087 0.000000
vt -0.190000 0.008116 0.000000
vt -0.152000 0.008116 0.000000
vt -0.190000 0.010145 0.000000
vt -0.152000 0.010145 0.000000
vt -0.190000 0.012174 0.000000
vt -0.152000 0.012174 0.000000
vt -0.190000 0.014203 0.000000
vt -0.152000 0.014203 0.000000
vt -0.190000 0.016232 0.000000
vt -0.152000 0.016232 0.000000
vt -0.190000 0.018261 0.000000
vt -0.152000 0.018261 0.000000
vt -0.190000 0.020289 0.000000
vt -0.152000 0.020289 0.000000
vt -0.076000 0.024347 0.000000
vt -0.076000 0.022318 0.000000
vt -0.076000 0.020289 0.000000
vt -0.076000 0.018261 0.000000
vt -0.076000 0.016232 0.000000
vt -0.076000 0.014203 0.000000
vt -0.076000 0.012174 0.000000
vt -0.076000 0.010145 0.000000
vt -0.076000 0.008116 0.000000
vt -0.076000 0.006087 0.000000
vt -0.076000 0.004058 0.000000
vt -0.076000 0.002029 0.000000
vt -0.076000 -0.000000 0.000000
vt -0.076000 -0.002029 0.000000
vt -0.076000 -0.004058 0.000000
vt -0.076000 -0.006087 0.000000
vt -0.076000 -0.008116 0.000000
vt -0.076000 -0.010145 0.000000
vt -0.076000 -0.012174 0.000000
vt -0.076000 -0.014203 0.000000
vt -0.076000 -0.016232 0.000000
vt -0.076000 -0.018261 0.000000
vt -0.076000 -0.020289 0.000000
vt -0.076000 -0.022318 0.000000
vt -0.076000 -0.024347 0.000000
vt -0.114000 0.024347 0.000000
vt -0.114000 0.022318 0.000000
vt -0.114000 0.020289 0.000000
vt -0.114000 0.018261 0.000000
vt -0.114000 0.016232 0.000000
vt -0.114000 0.014203 0.000000
vt -0.114000 0.012174 0.000000
vt -0.114000 0.010145 0.000000
vt -0.114000 0.008116 0.000000
vt -0.114000 0.006087 0.000000
vt -0.114000 0.004058 0.000000
vt -0.114000 0.002029 0.000000
vt -0.114000 -0.000000 0.000000
vt -0.114000 -0.002029 0.000000
vt -0.114000 -0.004058 0.000000
vt -0.114000 -0.006087 0.000000
vt -0.114000 -0.008116 0.000000
vt -0.114000 -0.010145 0.000000
vt -0.114000 -0.012174 0.000000
vt -0.114000 -0.014203 0.000000
vt -0.114000 -0.016232 0.000000
vt -0.114000 -0.018261 0.000000
vt -0.114000 -0.020289 0.000000
vt -0.114000 -0.022318 0.000000
vt -0.114000 -0.024347 0.000000
vt -0.007486 -0.002006 0.000000
vt 0.007486 -0.002006 0.000000
vt -0.007750 0.000000 0.000000
vt 0.007750 0.000000 0.000000
vt -0.007486 0.002006 0.000000
vt 0.007486 0.002006 0.000000
vt -0.006712 0.003875 0.000000
vt 0.006712 0.003875 0.000000
vt -0.005480 0.005480 0.000000
vt 0.005480 0.005480 0.000000
vt -0.003875 0.006712 0.000000
vt 0.003875 0.006712 0.000000
vt -0.002006 0.007486 0.000000
vt 0.002006 0.007486 0.000000
vt 0.000000 0.007750 0.000000
vt 0.006712 -0.003875 0.000000
vt -0.006712 -0.003875 0.000000
vt 0.005480 -0.005480 0.000000
vt -0.005480 -0.005480 0.000000
vt 0.003875 -0.006712 0.000000
vt -0.003875 -0.006712 0.000000
vt 0.002006 -0.007486 0.000000
vt -0.002006 -0.007486 0.000000
vt 0.000000 -0.007750 0.000000
vt 0.000000 -0.022318 0.000000
vt -0.038000 -0.022318 0.000000
vt 0.000000 -0.024347 0.000000
vt -0.038000 -0.024347 0.000000
vt 0.000000 0.024347 0.000000
vt -0.038000 0.024347 0.000000
vt -0.000000 0.022318 0.000000
vt -0.038000 0.022318 0.000000
vt -0.000000 0.020289 0.000000
vt -0.038000 0.020289 0.000000
vt -0.000000 0.018261 0.000000
vt -0.038000 0.018261 0.000000
vt -0.000000 0.016232 0.000000
vt -0.038000 0.016232 0.000000
vt -0.000000 0.014203 0.000000
vt -0.038000 0.014203 0.000000
vt -0.000000 0.012174 0.000000
vt -0.038000 0.012174 0.000000
vt -0.000000 0.010145 0.000000
vt -0.038000 0.010145 0.000000
vt -0.000000 0.008116 0.000000
vt -0.038000 0.008116 0.000000
vt -0.000000 0.006087 0.000000
vt -0.038000 0.006087 0.000000
vt -0.000000 0.004058 0.000000
vt -0.038000 0.004058 0.000000
vt -0.000000 0.002029 0.000000
vt -0.038000 0.002029 0.000000
vt -0.000000 0.000000 0.000000
vt -0.038000 -0.000000 0.000000
vt 0.000000 -0.002029 0.000000
vt -0.038000 -0.002029 0.000000
vt 0.000000 -0.004058 0.000000
vt -0.038000 -0.004058 0.000000
vt 0.000000 -0.006087 0.000000
vt -0.038000 -0.006087 0.000000
vt 0.000000 -0.008116 0.000000
vt -0.038000 -0.008116 0.000000
vt 0.000000 -0.010145 0.000000
vt -0.038000 -0.010145 0.000000
vt 0.000000 -0.012174 0.000000
vt -0.038000 -0.012174 0.000000
vt 0.000000 -0.014203 0.000000
vt -0.038000 -0.014203 0.000000
vt 0.000000 -0.016232 0.000000
vt -0.038000 -0.016232 0.000000
vt 0.000000 -0.018261 0.000000
vt -0.038000 -0.018261 0.000000
vt 0.000000 -0.020289 0.000000
vt -0.038000 -0.020289 0.000000
vt -0.190000 0.022318 0.000000
vt -0.152000 0.022318 0.000000
vt -0.190000 0.024347 0.000000
vt -0.152000 0.024347 0.000000
vt -0.190000 -0.024347 0.000000
vt -0.152000 -0.024347 0.000000
vt -0.190000 -0.022318 0.000000
vt -0.152000 -0.022318 0.000000
vt -0.190000 -0.020289 0.000000
vt -0.152000 -0.020289 0.000000
vt -0.190000 -0.018261 0.000000
vt -0.152000 -0.018261 0.000000
vt -0.190000 -0.016232 0.000000
vt -0.152000 -0.016232 0.000000
vt -0.190000 -0.014203 0.000000
vt -0.152000 -0.014203 0.000000
vt -0.190000 -0.012174 0.000000
vt -0.152000 -0.012174 0.000000
vt -0.190000 -0.010145 0.000000
vt -0.152000 -0.010145 0.000000
vt -0.190000 -0.008116 0.000000
vt -0.152000 -0.008116 0.000000
vt -0.190000 -0.006087 0.000000
vt -0.152000 -0.006087 0.000000
vt -0.190000 -0.004058 0.000000
vt -0.152000 -0.004058 0.000000
vt -0.190000 -0.002029 0.000000
vt -0.152000 -0.002029 0.000000
vt -0.190000 -0.000000 0.000000
vt -0.152000 -0.000000 0.000000
vt -0.190000 0.002029 0.000000
vt -0.152000 0.002029 0.000000
vt -0.190000 0.004058 0.000000
vt -0.152000 0.004058 0.000000
vt -0.190000 0.006087 0.000000
vt -0.152000 0.006087 0.000000
vt -0.190000 0.008116 0.000000
vt -0.152000 0.008116 0.000000
vt -0.190000 0.010145 0.000000
vt -0.152000 0.010145 0.000000
vt -0.190000 0.012174 0.000000
vt -0.152000 0.012174 0.000000
vt -0.190000 0.014203 0.000000
vt -0.152000 0.014203 0.000000
vt -0.190000 0.016232 0.000000
vt -0.152000 0.016232 0.000000
vt -0.190000 0.018261 0.000000
vt -0.152000 0.018261 0.000000
vt -0.190000 0.020289 0.000000
vt -0.152000 0.020289 0.000000
vt -0.076000 0.024347 0.000000
vt -0.076000 0.022318 0.000000
vt -0.076000 0.020289 0.000000
vt -0.076000 0.018261 0.000000
vt -0.076000 0.016232 0.000000
vt -0.076000 0.014203 0.000000
vt -0.076000 0.012174 0.000000
vt -0.076000 0.010145 0.000000
vt -0.076000 0.008116 0.000000
vt -0.076000 0.006087 0.000000
vt -0.076000 0.004058 0.000000
vt -0.076000 0.002029 0.000000
vt -0.076000 -0.000000 0.000000
vt -0.076000 -0.002029 0.000000
vt -0.076000 -0.004058 0.000000
vt -0.076000 -0.006087 0.000000
vt -0.076000 -0.008116 0.000000
vt -0.076000 -0.010145 0.000000
vt -0.076000 -0.012174 0.000000
vt -0.076000 -0.014203 0.000000
vt -0.076000 -0.016232 0.000000
vt -0.076000 -0.018261 0.000000
vt -0.076000 -0.020289 0.000000
vt -0.076000 -0.022318 0.000000
vt -0.076000 -0.024347 0.000000
vt -0.114000 0.024347 0.000000
vt -0.114000 0.022318 0.000000
vt -0.114000 0.020289 0.000000
vt -0.114000 0.018261 0.000000
vt -0.114000 0.016232 0.000000
vt -0.114000 0.014203 0.000000
vt -0.114000 0.012174 0.000000
vt -0.114000 0.010145 0.000000
vt -0.114000 0.008116 0.000000
vt -0.114000 0.006087 0.000000
vt -0.114000 0.004058 0.000000
vt -0.114000 0.002029 0.000000
vt -0.114000 -0.000000 0.000000
vt -0.114000 -0.002029 0.000000
vt -0.114000 -0.004058 0.000000
vt -0.114000 -0.006087 0.000000
vt -0.114000 -0.008116 0.000000
vt -0.114000 -0.010145 0.000000
vt -0.114000 -0.012174 0.000000
vt -0.114000 -0.014203 0.000000
vt -0.114000 -0.016232 0.000000
vt -0.114000 -0.018261 0.000000
vt -0.114000 -0.020289 0.000000
vt -0.114000 -0.022318 0.000000
vt -0.114000 -0.024347 0.000000
vt -0.007486 -0.002006 0.000000
vt 0.007486 -0.002006 0.000000
vt -0.007750 0.000000 0.000000
vt 0.007750 0.000000 0.000000
vt -0.007486 0.002006 0.000000
vt 0.007486 0.002006 0.000000
vt -0.006712 0.003875 0.000000
vt 0.006712 0.003875 0.000000
vt -0.005480 0.005480 0.000000
vt 0.005480 0.005480 0.000000
vt -0.003875 0.006712 0.000000
vt 0.003875 0.006712 0.000000
vt -0.002006 0.007486 0.000000
vt 0.002006 0.007486 0.000000
vt 0.000000 0.007750 0.000000
vt 0.006712 -0.003875 0.000000
vt -0.006712 -0.003875 0.000000
vt 0.005480 -0.005480 0.000000
vt -0.005480 -0.005480 0.000000
vt 0.003875 -0.006712 0.000000
vt -0.003875 -0.006712 0.000000
vt 0.002006 -0.007486 0.000000
vt -0.002006 -0.007486 0.000000
vt 0.000000 -0.007750 0.000000
vt 0.000000 -0.022318 0.000000
vt -0.038000 -0.022318 0.000000
vt -0.000000 -0.024347 0.000000
vt -0.038000 -0.024347 0.000000
vt -0.000000 0.024347 0.000000
vt -0.038000 0.024347 0.000000
vt -0.000000 0.022318 0.000000
vt -0.038000 0.022318 0.000000
vt -0.000000 0.020289 0.000000
vt -0.038000 0.020289 0.000000
vt -0.000000 0.018261 0.000000
vt -0.038000 0.018261 0.000000
vt -0.000000 0.016232 0.000000
vt -0.038000 0.016232 0.000000
vt -0.000000 0.014203 0.000000
vt -0.038000 0.014203 0.000000
vt -0.000000 0.012174 0.000000
vt -0.038000 0.012174 0.000000
vt -0.000000 0.010145 0.000000
vt -0.038000 0.010145 0.000000
vt -0.000000 0.008116 0.000000
vt -0.038000 0.008116 0.000000
vt -0.000000 0.006087 0.000000
vt -0.038000 0.006087 0.000000
vt -0.000000 0.004058 0.000000
vt -0.038000 0.004058 0.000000
vt -0.000000 0.002029 0.000000
vt -0.038000 0.002029 0.000000
vt -0.000000 0.000000 0.000000
vt -0.038000 -0.000000 0.000000
vt 0.000000 -0.002029 0.000000
vt -0.038000 -0.002029 0.000000
vt 0.000000 -0.004058 0.000000
vt -0.038000 -0.004058 0.000000
vt 0.000000 -0.006087 0.000000
vt -0.038000 -0.006087 0.000000
vt 0.000000 -0.008116 0.000000
vt -0.038000 -0.008116 0.000000
vt 0.000000 -0.010145 0.000000
vt -0.038000 -0.010145 0.000000
vt 0.000000 -0.012174 0.000000
vt -0.038000 -0.012174 0.000000
vt 0.000000 -0.014203 0.000000
vt -0.038000 -0.014203 0.000000
vt 0.000000 -0.016232 0.000000
vt -0.038000 -0.016232 0.000000
vt 0.000000 -0.018261 0.000000
vt -0.038000 -0.018261 0.000000
vt 0.000000 -0.020289 0.000000
vt -0.038000 -0.020289 0.000000
vt -0.190000 0.022318 0.000000
vt -0.152000 0.022318 0.000000
vt -0.190000 0.024347 0.000000
vt -0.152000 0.024347 0.000000
vt -0.190000 -0.024347 0.000000
vt -0.152000 -0.024347 0.000000
vt -0.190000 -0.022318 0.000000
vt -0.152000 -0.022318 0.000000
vt -0.190000 -0.020289 0.000000
vt -0.152000 -0.020289 0.000000
vt -0.190000 -0.018261 0.000000
vt -0.152000 -0.018261 0.000000
vt -0.190000 -0.016232 0.000000
vt -0.152000 -0.016232 0.000000
vt -0.190000 -0.014203 0.000000
vt -0.152000 -0.014203 0.000000
vt -0.190000 -0.012174 0.000000
vt -0.152000 -0.012174 0.000000
vt -0.190000 -0.010145 0.000000
vt -0.152000 -0.010145 0.000000
vt -0.190000 -0.008116 0.000000
vt -0.152000 -0.008116 0.000000
vt -0.190000 -0.006087 0.000000
vt -0.152000 -0.006087 0.000000
vt -0.190000 -0.004058 0.000000
vt -0.152000 -0.004058 0.000000
vt -0.190000 -0.002029 0.000000
vt -0.152000 -0.002029 0.000000
vt -0.190000 -0.000000 0.000000
vt -0.152000 -0.000000 0.000000
vt -0.190000 0.002029 0.000000
vt -0.152000 0.002029 0.000000
vt -0.190000 0.004058 0.000000
vt -0.152000 0.004058 0.000000
vt -0.190000 0.006087 0.000000
vt -0.152000 0.006087 0.000000
vt -0.190000 0.008116 0.000000
vt -0.152000 0.008116 0.000000
vt -0.190000 0.010145 0.000000
vt -0.152000 0.010145 0.000000
vt -0.190000 0.012174 0.000000
vt -0.152000 0.012174 0.000000
vt -0.190000 0.014203 0.000000
vt -0.152000 0.014203 0.000000
vt -0.190000 0.016232 0.000000
vt -0.152000 0.016232 0.000000
vt -0.190000 0.018261 0.000000
vt -0.152000 0.018261 0.000000
vt -0.190000 0.020289 0.000000
vt -0.152000 0.020289 0.000000
vt -0.076000 0.024347 0.000000
vt -0.076000 0.022318 0.000000
vt -0.076000 0.020289 0.000000
vt -0.076000 0.018261 0.000000
vt -0.076000 0.016232 0.000000
vt -0.076000 0.014203 0.000000
vt -0.076000 0.012174 0.000000
vt -0.076000 0.010145 0.000000
vt -0.076000 0.008116 0.000000
vt -0.076000 0.006087 0.000000
vt -0.076000 0.004058 0.000000
vt -0.076000 0.002029 0.000000
vt -0.076000 -0.000000 0.000000
vt -0.076000 -0.002029 0.000000
vt -0.076000 -0.004058 0.000000
vt -0.076000 -0.006087 0.000000
vt -0.076000 -0.008116 0.000000
vt -0.076000 -0.010145 0.000000
vt -0.076000 -0.012174 0.000000
vt -0.076000 -0.014203 0.000000
vt -0.076000 -0.016232 0.000000
vt -0.076000 -0.018261 0.000000
vt -0.076000 -0.020289 0.000000
vt -0.076000 -0.022318 0.000000
vt -0.076000 -0.024347 0.000000
vt -0.114000 0.024347 0.000000
vt -0.114000 0.022318 0.000000
vt -0.114000 0.020289 0.000000
vt -0.114000 0.018261 0.000000
vt -0.114000 0.016232 0.000000
vt -0.114000 0.014203 0.000000
vt -0.114000 0.012174 0.000000
vt -0.114000 0.010145 0.000000
vt -0.114000 0.008116 0.000000
vt -0.114000 0.006087 0.000000
vt -0.114000 0.004058 0.000000
vt -0.114000 0.002029 0.000000
vt -0.114000 -0.000000 0.000000
vt -0.114000 -0.002029 0.000000
vt -0.114000 -0.004058 0.000000
vt -0.114000 -0.006087 0.000000
vt -0.114000 -0.008116 0.000000
vt -0.114000 -0.010145 0.000000
vt -0.114000 -0.012174 0.000000
vt -0.114000 -0.014203 0.000000
vt -0.114000 -0.016232 0.000000
vt -0.114000 -0.018261 0.000000
vt -0.114000 -0.020289 0.000000
vt -0.114000 -0.022318 0.000000
vt -0.114000 -0.024347 0.000000
vt -0.007486 -0.002006 0.000000
vt 0.007486 -0.002006 0.000000
vt -0.007750 0.000000 0.000000
vt 0.007750 0.000000 0.000000
vt -0.007486 0.002006 0.000000
vt 0.007486 0.002006 0.000000
vt -0.006712 0.003875 0.000000
vt 0.006712 0.003875 0.000000
vt -0.005480 0.005480 0.000000
vt 0.005480 0.005480 0.000000
vt -0.003875 0.006712 0.000000
vt 0.003875 0.006712 0.000000
vt -0.002006 0.007486 0.000000
vt 0.002006 0.007486 0.000000
vt 0.000000 0.007750 0.000000
vt 0.006712 -0.003875 0.000000
vt -0.006712 -0.003875 0.000000
vt 0.005480 -0.005480 0.000000
vt -0.005480 -0.005480 0.000000
vt 0.003875 -0.006712 0.000000
vt -0.003875 -0.006712 0.000000
vt 0.002006 -0.007486 0.000000
vt -0.002006 -0.007486 0.000000
vt 0.000000 -0.007750 0.000000
vt 0.000000 -0.022318 0.000000
vt -0.038000 -0.022318 0.000000
vt -0.000000 -0.024347 0.000000
vt -0.038000 -0.024347 0.000000
vt -0.000000 0.024347 0.000000
vt -0.038000 0.024347 0.000000
vt -0.000000 0.022318 0.000000
vt -0.038000 0.022318 0.000000
vt -0.000000 0.020289 0.000000
vt -0.038000 0.020289 0.000000
vt -0.000000 0.018261 0.000000
vt -0.038000 0.018261 0.000000
vt -0.000000 0.016232 0.000000
vt -0.038000 0.016232 0.000000
vt -0.000000 0.014203 0.000000
vt -0.038000 0.014203 0.000000
vt -0.000000 0.012174 0.000000
vt -0.038000 0.012174 0.000000
vt -0.000000 0.010145 0.000000
vt -0.038000 0.010145 0.000000
vt -0.000000 0.008116 0.000000
vt -0.038000 0.008116 0.000000
vt -0.000000 0.006087 0.000000
vt -0.038000 0.006087 0.000000
vt -0.000000 0.004058 0.000000
vt -0.038000 0.004058 0.000000
vt -0.000000 0.002029 0.000000
vt -0.038000 0.002029 0.000000
vt -0.000000 0.000000 0.000000
vt -0.038000 -0.000000 0.000000
vt 0.000000 -0.002029 0.000000
vt -0.038000 -0.002029 0.000000
vt 0.000000 -0.004058 0.000000
vt -0.038000 -0.004058 0.000000
vt 0.000000 -0.006087 0.000000
vt -0.038000 -0.006087 0.000000
vt 0.000000 -0.008116 0.000000
vt -0.038000 -0.008116 0.000000
vt 0.000000 -0.010145 0.000000
vt -0.038000 -0.010145 0.000000
vt 0.000000 -0.012174 0.000000
vt -0.038000 -0.012174 0.000000
vt 0.000000 -0.014203 0.000000
vt -0.038000 -0.014203 0.000000
vt 0.000000 -0.016232 0.000000
vt -0.038000 -0.016232 0.000000
vt 0.000000 -0.018261 0.000000
vt -0.038000 -0.018261 0.000000
vt 0.000000 -0.020289 0.000000
vt -0.038000 -0.020289 0.000000
vt -0.190000 0.022318 0.000000
vt -0.152000 0.022318 0.000000
vt -0.190000 0.024347 0.000000
vt -0.152000 0.024347 0.000000
vt -0.190000 -0.024347 0.000000
vt -0.152000 -0.024347 0.000000
vt -0.190000 -0.022318 0.000000
vt -0.152000 -0.022318 0.000000
vt -0.190000 -0.020289 0.000000
vt -0.152000 -0.020289 0.000000
vt -0.190000 -0.018261 0.000000
vt -0.152000 -0.018261 0.000000
vt -0.190000 -0.016232 0.000000
vt -0.152000 -0.016232 0.000000
vt -0.190000 -0.014203 0.000000
vt -0.152000 -0.014203 0.000000
vt -0.190000 -0.012174 0.000000
vt -0.152000 -0.012174 0.000000
vt -0.190000 -0.010145 0.000000
vt -0.152000 -0.010145 0.000000
vt -0.190000 -0.008116 0.000000
vt -0.152000 -0.008116 0.000000
vt -0.190000 -0.006087 0.000000
vt -0.152000 -0.006087 0.000000
vt -0.190000 -0.004058 0.000000
vt -0.152000 -0.004058 0.000000
vt -0.190000 -0.002029 0.000000
vt -0.152000 -0.002029 0.000000
vt -0.190000 -0.000000 0.000000
vt -0.152000 -0.000000 0.000000
vt -0.190000 0.002029 0.000000
vt -0.152000 0.002029 0.000000
vt -0.190000 0.004058 0.000000
vt -0.152000 0.004058 0.000000
vt -0.190000 0.006087 0.000000
vt -0.152000 0.006087 0.000000
vt -0.190000 0.008116 0.000000
vt -0.152000 0.008116 0.000000
vt -0.190000 0.010145 0.000000
vt -0.152000 0.010145 0.000000
vt -0.190000 0.012174 0.000000
vt -0.152000 0.012174 0.000000
vt -0.190000 0.014203 0.000000
vt -0.152000 0.014203 0.000000
vt -0.190000 0.016232 0.000000
vt -0.152000 0.016232 0.000000
vt -0.190000 0.018261 0.000000
vt -0.152000 0.018261 0.000000
vt -0.190000 0.020289 0.000000
vt -0.152000 0.020289 0.000000
vt -0.076000 0.024347 0.000000
vt -0.076000 0.022318 0.000000
vt -0.076000 0.020289 0.000000
vt -0.076000 0.018261 0.000000
vt -0.076000 0.016232 0.000000
vt -0.076000 0.014203 0.000000
vt -0.076000 0.012174 0.000000
vt -0.076000 0.010145 0.000000
vt -0.076000 0.008116 0.000000
vt -0.076000 0.006087 0.000000
vt -0.076000 0.004058 0.000000
vt -0.076000 0.002029 0.000000
vt -0.076000 -0.000000 0.000000
vt -0.076000 -0.002029 0.000000
vt -0.076000 -0.004058 0.000000
vt -0.076000 -0.006087 0.000000
vt -0.076000 -0.008116 0.000000
vt -0.076000 -0.010145 0.000000
vt -0.076000 -0.012174 0.000000
vt -0.076000 -0.014203 0.000000
vt -0.076000 -0.016232 0.000000
vt -0.076000 -0.018261 0.000000
vt -0.076000 -0.020289 0.000000
vt -0.076000 -0.022318 0.000000
vt -0.076000 -0.024347 0.000000
vt -0.114000 0.024347 0.000000
vt -0.114000 0.022318 0.000000
vt -0.114000 0.020289 0.000000
vt -0.114000 0.018261 0.000000
vt -0.114000 0.016232 0.000000
vt -0.114000 0.014203 0.000000
vt -0.114000 0.012174 0.000000
vt -0.114000 0.010145 0.000000
vt -0.114000 0.008116 0.000000
vt -0.114000 0.006087 0.000000
vt -0.114000 0.004058 0.000000
vt -0.114000 0.002029 0.000000
vt -0.114000 -0.000000 0.000000
vt -0.114000 -0.002029 0.000000
vt -0.114000 -0.004058 0.000000
vt -0.114000 -0.006087 0.000000
vt -0.114000 -0.008116 0.000000
vt -0.114000 -0.010145 0.000000
vt -0.114000 -0.012174 0.000000
vt -0.114000 -0.014203 0.000000
vt -0.114000 -0.016232 0.000000
vt -0.114000 -0.018261 0.000000
vt -0.114000 -0.020289 0.000000
vt -0.114000 -0.022318 0.000000
vt -0.114000 -0.024347 0.000000
vt -0.007486 -0.002006 0.000000
vt 0.007486 -0.002006 0.000000
vt -0.007750 0.000000 0.000000
vt 0.007750 0.000000 0.000000
vt -0.007486 0.002006 0.000000
vt 0.007486 0.002006 0.000000
vt -0.006712 0.003875 0.000000
vt 0.006712 0.003875 0.000000
vt -0.005480 0.005480 0.000000
vt 0.005480 0.005480 0.000000
vt -0.003875 0.006712 0.000000
vt 0.003875 0.006712 0.000000
vt -0.002006 0.007486 0.000000
vt 0.002006 0.007486 0.000000
vt 0.000000 0.007750 0.000000
vt 0.006712 -0.003875 0.000000
vt -0.006712 -0.003875 0.000000
vt 0.005480 -0.005480 0.000000
vt -0.005480 -0.005480 0.000000
vt 0.003875 -0.006712 0.000000
vt -0.003875 -0.006712 0.000000
vt 0.002006 -0.007486 0.000000
vt -0.002006 -0.007486 0.000000
vt 0.000000 -0.007750 0.000000
vt 0.000000 -0.022318 0.000000
vt -0.038000 -0.022318 0.000000
vt -0.000000 -0.024347 0.000000
vt -0.038000 -0.024347 0.000000
vt -0.000000 0.024347 0.000000
vt -0.038000 0.024347 0.000000
vt -0.000000 0.022318 0.000000
vt -0.038000 0.022318 0.000000
vt -0.000000 0.020289 0.000000
vt -0.038000 0.020289 0.000000
vt -0.000000 0.018261 0.000000
vt -0.038000 0.018261 0.000000
vt -0.000000 0.016232 0.000000
vt -0.038000 0.016232 0.000000
vt -0.000000 0.014203 0.000000
vt -0.038000 0.014203 0.000000
vt -0.000000 0.012174 0.000000
vt -0.038000 0.012174 0.000000
vt -0.000000 0.010145 0.000000
vt -0.038000 0.010145 0.000000
vt -0.000000 0.008116 0.000000
vt -0.038000 0.008116 0.000000
vt -0.000000 0.006087 0.000000
vt -0.038000 0.006087 0.000000
vt -0.000000 0.004058 0.000000
vt -0.038000 0.004058 0.000000
vt -0.000000 0.002029 0.000000
vt -0.038000 0.002029 0.000000
vt -0.000000 0.000000 0.000000
vt -0.038000 -0.000000 0.000000
vt 0.000000 -0.002029 0.000000
vt -0.038000 -0.002029 0.000000
vt 0.000000 -0.004058 0.000000
vt -0.038000 -0.004058 0.000000
vt 0.000000 -0.006087 0.000000
vt -0.038000 -0.006087 0.000000
vt 0.000000 -0.008116 0.000000
vt -0.038000 -0.008116 0.000000
vt 0.000000 -0.010145 0.000000
vt -0.038000 -0.010145 0.000000
vt 0.000000 -0.012174 0.000000
vt -0.038000 -0.012174 0.000000
vt 0.000000 -0.014203 0.000000
vt -0.038000 -0.014203 0.000000
vt 0.000000 -0.016232 0.000000
vt -0.038000 -0.016232 0.000000
vt 0.000000 -0.018261 0.000000
vt -0.038000 -0.018261 0.000000
vt 0.000000 -0.020289 0.000000
vt -0.038000 -0.020289 0.000000
vt -0.190000 0.022318 0.000000
vt -0.152000 0.022318 0.000000
vt -0.190000 0.024347 0.000000
vt -0.152000 0.024347 0.000000
vt -0.190000 -0.024347 0.000000
vt -0.152000 -0.024347 0.000000
vt -0.190000 -0.022318 0.000000
vt -0.152000 -0.022318 0.000000
vt -0.190000 -0.020289 0.000000
vt -0.152000 -0.020289 0.000000
vt -0.190000 -0.018261 0.000000
vt -0.152000 -0.018261 0.000000
vt -0.190000 -0.016232 0.000000
vt -0.152000 -0.016232 0.000000
vt -0.190000 -0.014203 0.000000
vt -0.152000 -0.014203 0.000000
vt -0.190000 -0.012174 0.000000
vt -0.152000 -0.012174 0.000000
vt -0.190000 -0.010145 0.000000
vt -0.152000 -0.010145 0.000000
vt -0.190000 -0.008116 0.000000
vt -0.152000 -0.008116 0.000000
vt -0.190000 -0.006087 0.000000
vt -0.152000 -0.006087 0.000000
vt -0.190000 -0.004058 0.000000
vt -0.152000 -0.004058 0.000000
vt -0.190000 -0.002029 0.000000
vt -0.152000 -0.002029 0.000000
vt -0.190000 -0.000000 0.000000
vt -0.152000 -0.000000 0.000000
vt -0.190000 0.002029 0.000000
vt -0.152000 0.002029 0.000000
vt -0.190000 0.004058 0.000000
vt -0.152000 0.004058 0.000000
vt -0.190000 0.006087 0.000000
vt -0.152000 0.006087 0.000000
vt -0.190000 0.008116 0.000000
vt -0.152000 0.008116 0.000000
vt -0.190000 0.010145 0.000000
vt -0.152000 0.010145 0.000000
vt -0.190000 0.012174 0.000000
vt -0.152000 0.012174 0.000000
vt -0.190000 0.014203 0.000000
vt -0.152000 0.014203 0.000000
vt -0.190000 0.016232 0.000000
vt -0.152000 0.016232 0.000000
vt -0.190000 0.018261 0.000000
vt -0.152000 0.018261 0.000000
vt -0.190000 0.020289 0.000000
vt -0.152000 0.020289 0.000000
vt -0.076000 0.024347 0.000000
vt -0.076000 0.022318 0.000000
vt -0.076000 0.020289 0.000000
vt -0.076000 0.018261 0.000000
vt -0.076000 0.016232 0.000000
vt -0.076000 0.014203 0.000000
vt -0.076000 0.012174 0.000000
vt -0.076000 0.010145 0.000000
vt -0.076000 0.008116 0.000000
vt -0.076000 0.006087 0.000000
vt -0.076000 0.004058 0.000000
vt -0.076000 0.002029 0.000000
vt -0.076000 -0.000000 0.000000
vt -0.076000 -0.002029 0.000000
vt -0.076000 -0.004058 0.000000
vt -0.076000 -0.006087 0.000000
vt -0.076000 -0.008116 0.000000
vt -0.076000 -0.010145 0.000000
vt -0.076000 -0.012174 0.000000
vt -0.076000 -0.014203 0.000000
vt -0.076000 -0.016232 0.000000
vt -0.076000 -0.018261 0.000000
vt -0.076000 -0.020289 0.000000
vt -0.076000 -0.022318 0.000000
vt -0.076000 -0.024347 0.000000
vt -0.114000 0.024347 0.000000
vt -0.114000 0.022318 0.000000
vt -0.114000 0.020289 0.000000
vt -0.114000 0.018261 0.000000
vt -0.114000 0.016232 0.000000
vt -0.114000 0.014203 0.000000
vt -0.114000 0.012174 0.000000
vt -0.114000 0.010145 0.000000
vt -0.114000 0.008116 0.000000
vt -0.114000 0.006087 0.000000
vt -0.114000 0.004058 0.000000
vt -0.114000 0.002029 0.000000
vt -0.114000 -0.000000 0.000000
vt -0.114000 -0.002029 0.000000
vt -0.114000 -0.004058 0.000000
vt -0.114000 -0.006087 0.000000
vt -0.114000 -0.008116 0.000000
vt -0.114000 -0.010145 0.000000
vt -0.114000 -0.012174 0.000000
vt -0.114000 -0.014203 0.000000
vt -0.114000 -0.016232 0.000000
vt -0.114000 -0.018261 0.000000
vt -0.114000 -0.020289 0.000000
vt -0.114000 -0.022318 0.000000
vt -0.114000 -0.024347 0.000000
vt -0.007486 -0.002006 0.000000
vt 0.007486 -0.002006 0.000000
vt -0.007750 0.000000 0.000000
vt 0.007750 0.000000 0.000000
vt -0.007486 0.002006 0.000000
vt 0.007486 0.002006 0.000000
vt -0.006712 0.003875 0.000000
vt 0.006712 0.003875 0.000000
vt -0.005480 0.005480 0.000000
vt 0.005480 0.005480 0.000000
vt -0.003875 0.006712 0.000000
vt 0.003875 0.006712 0.000000
vt -0.002006 0.007486 0.000000
vt 0.002006 0.007486 0.000000
vt 0.000000 0.007750 0.000000
vt 0.006712 -0.003875 0.000000
vt -0.006712 -0.003875 0.000000
vt 0.005480 -0.005480 0.000000
vt -0.005480 -0.005480 0.000000
vt 0.003875 -0.006712 0.000000
vt -0.003875 -0.006712 0.000000
vt 0.002006 -0.007486 0.000000
vt -0.002006 -0.007486 0.000000
vt 0.000000 -0.007750 0.000000
vt 0.000000 -0.022318 0.000000
vt -0.038000 -0.022318 0.000000
vt -0.000000 -0.024347 0.000000
vt -0.038000 -0.024347 0.000000
vt -0.000000 0.024347 0.000000
vt -0.038000 0.024347 0.000000
vt -0.000000 0.022318 0.000000
vt -0.038000 0.022318 0.000000
vt -0.000000 0.020289 0.000000
vt -0.038000 0.020289 0.000000
vt -0.000000 0.018261 0.000000
vt -0.038000 0.018261 0.000000
vt -0.000000 0.016232 0.000000
vt -0.038000 0.016232 0.000000
vt -0.000000 0.014203 0.000000
vt -0.038000 0.014203 0.000000
vt -0.000000 0.012174 0.000000
vt -0.038000 0.012174 0.000000
vt -0.000000 0.010145 0.000000
vt -0.038000 0.010145 0.000000
vt -0.000000 0.008116 0.000000
vt -0.038000 0.008116 0.000000
vt -0.000000 0.006087 0.000000
vt -0.038000 0.006087 0.000000
vt -0.000000 0.004058 0.000000
vt -0.038000 0.004058 0.000000
vt -0.000000 0.002029 0.000000
vt -0.038000 0.002029 0.000000
vt -0.000000 0.000000 0.000000
vt -0.038000 -0.000000 0.000000
vt 0.000000 -0.002029 0.000000
vt -0.038000 -0.002029 0.000000
vt 0.000000 -0.004058 0.000000
vt -0.038000 -0.004058 0.000000
vt 0.000000 -0.006087 0.000000
vt -0.038000 -0.006087 0.000000
vt 0.000000 -0.008116 0.000000
vt -0.038000 -0.008116 0.000000
vt 0.000000 -0.010145 0.000000
vt -0.038000 -0.010145 0.000000
vt 0.000000 -0.012174 0.000000
vt -0.038000 -0.012174 0.000000
vt 0.000000 -0.014203 0.000000
vt -0.038000 -0.014203 0.000000
vt 0.000000 -0.016232 0.000000
vt -0.038000 -0.016232 0.000000
vt 0.000000 -0.018261 0.000000
vt -0.038000 -0.018261 0.000000
vt 0.000000 -0.020289 0.000000
vt -0.038000 -0.020289 0.000000
vt -0.190000 0.022318 0.000000
vt -0.152000 0.022318 0.000000
vt -0.190000 0.024347 0.000000
vt -0.152000 0.024347 0.000000
vt -0.190000 -0.024347 0.000000
vt -0.152000 -0.024347 0.000000
vt -0.190000 -0.022318 0.000000
vt -0.152000 -0.022318 0.000000
vt -0.190000 -0.020289 0.000000
vt -0.152000 -0.020289 0.000000
vt -0.190000 -0.018261 0.000000
vt -0.152000 -0.018261 0.000000
vt -0.190000 -0.016232 0.000000
vt -0.152000 -0.016232 0.000000
vt -0.190000 -0.014203 0.000000
vt -0.152000 -0.014203 0.000000
vt -0.190000 -0.012174 0.000000
vt -0.152000 -0.012174 0.000000
vt -0.190000 -0.010145 0.000000
vt -0.152000 -0.010145 0.000000
vt -0.190000 -0.008116 0.000000
vt -0.152000 -0.008116 0.000000
vt -0.190000 -0.006087 0.000000
vt -0.152000 -0.006087 0.000000
vt -0.190000 -0.004058 0.000000
vt -0.152000 -0.004058 0.000000
vt -0.190000 -0.002029 0.000000
vt -0.152000 -0.002029 0.000000
vt -0.190000 -0.000000 0.000000
vt -0.152000 -0.000000 0.000000
vt -0.190000 0.002029 0.000000
vt -0.152000 0.002029 0.000000
vt -0.190000 0.004058 0.000000
vt -0.152000 0.004058 0.000000
vt -0.190000 0.006087 0.000000
vt -0.152000 0.006087 0.000000
vt -0.190000 0.008116 0.000000
vt -0.152000 0.008116 0.000000
vt -0.190000 0.010145 0.000000
vt -0.152000 0.010145 0.000000
vt -0.190000 0.012174 0.000000
vt -0.152000 0.012174 0.000000
vt -0.190000 0.014203 0.000000
vt -0.152000 0.014203 0.000000
vt -0.190000 0.016232 0.000000
vt -0.152000 0.016232 0.000000
vt -0.190000 0.018261 0.000000
vt -0.152000 0.018261 0.000000
vt -0.190000 0.020289 0.000000
vt -0.152000 0.020289 0.000000
vt -0.076000 0.024347 0.000000
vt -0.076000 0.022318 0.000000
vt -0.076000 0.020289 0.000000
vt -0.076000 0.018261 0.000000
vt -0.076000 0.016232 0.000000
vt -0.076000 0.014203 0.000000
vt -0.076000 0.012174 0.000000
vt -0.076000 0.010145 0.000000
vt -0.076000 0.008116 0.000000
vt -0.076000 0.006087 0.000000
vt -0.076000 0.004058 0.000000
vt -0.076000 0.002029 0.000000
vt -0.076000 -0.000000 0.000000
vt -0.076000 -0.002029 0.000000
vt -0.076000 -0.004058 0.000000
vt -0.076000 -0.006087 0.000000
vt -0.076000 -0.008116 0.000000
vt -0.076000 -0.010145 0.000000
vt -0.076000 -0.012174 0.000000
vt -0.076000 -0.014203 0.000000
vt -0.076000 -0.016232 0.000000
vt -0.076000 -0.018261 0.000000
vt -0.076000 -0.020289 0.000000
vt -0.076000 -0.022318 0.000000
vt -0.076000 -0.024347 0.000000
vt -0.114000 0.024347 0.000000
vt -0.114000 0.022318 0.000000
vt -0.114000 0.020289 0.000000
vt -0.114000 0.018261 0.000000
vt -0.114000 0.016232 0.000000
vt -0.114000 0.014203 0.000000
vt -0.114000 0.012174 0.000000
vt -0.114000 0.010145 0.000000
vt -0.114000 0.008116 0.000000
vt -0.114000 0.006087 0.000000
vt -0.114000 0.004058 0.000000
vt -0.114000 0.002029 0.000000
vt -0.114000 -0.000000 0.000000
vt -0.114000 -0.002029 0.000000
vt -0.114000 -0.004058 0.000000
vt -0.114000 -0.006087 0.000000
vt -0.114000 -0.008116 0.000000
vt -0.114000 -0.010145 0.000000
vt -0.114000 -0.012174 0.000000
vt -0.114000 -0.014203 0.000000
vt -0.114000 -0.016232 0.000000
vt -0.114000 -0.018261 0.000000
vt -0.114000 -0.020289 0.000000
vt -0.114000 -0.022318 0.000000
vt -0.114000 -0.024347 0.000000
vt -0.024148 -0.006470 0.000000
vt 0.024148 -0.006470 0.000000
vt -0.025000 0.000000 0.000000
vt 0.025000 0.000000 0.000000
vt -0.024148 0.006470 0.000000
vt 0.024148 0.006470 0.000000
vt -0.021651 0.012500 0.000000
vt 0.021651 0.012500 0.000000
vt -0.017678 0.017678 0.000000
vt 0.017678 0.017678 0.000000
vt -0.012500 0.021651 0.000000
vt 0.012500 0.021651 0.000000
vt -0.006470 0.024148 0.000000
vt 0.006470 0.024148 0.000000
vt 0.000000 0.025000 0.000000
vt 0.021651 -0.012500 0.000000
vt -0.021651 -0.012500 0.000000
vt 0.017678 -0.017678 0.000000
vt -0.017678 -0.017678 0.000000
vt 0.012500 -0.021651 0.000000
vt -0.012500 -0.021651 0.000000
vt 0.006470 -0.024148 0.000000
vt -0.006470 -0.024148 0.000000
vt 0.000000 -0.025000 0.000000
vt 0.000000 -0.071995 0.000000
vt -0.030000 -0.071995 0.000000
vt 0.000000 -0.078540 0.000000
vt -0.030000 -0.078540 0.000000
vt 0.000000 0.078540 0.000000
vt -0.030000 0.078540 0.000000
vt -0.000000 0.071995 0.000000
vt -0.030000 0.071995 0.000000
vt -0.000000 0.065450 0.000000
vt -0.030000 0.065450 0.000000
vt -0.000000 0.058905 0.000000
vt -0.030000 0.058905 0.000000
vt -0.000000 0.052360 0.000000
vt -0.030000 0.052360 0.000000
vt -0.000000 0.045815 0.000000
vt -0.030000 0.045815 0.000000
vt -0.000000 0.039270 0.000000
vt -0.030000 0.039270 0.000000
vt -0.000000 0.032725 0.000000
vt -0.030000 0.032725 0.000000
vt -0.000000 0.026180 0.000000
vt -0.030000 0.026180 0.000000
vt -0.000000 0.019635 0.000000
vt -0.030000 0.019635 0.000000
vt -0.000000 0.013090 0.000000
vt -0.030000 0.013090 0.000000
vt -0.000000 0.006545 0.000000
vt -0.030000 0.006545 0.000000
vt -0.000000 0.000000 0.000000
vt -0.030000 -0.000000 0.000000
vt 0.000000 -0.006545 0.000000
vt -0.030000 -0.006545 0.000000
vt 0.000000 -0.013090 0.000000
vt -0.030000 -0.013090 0.000000
vt 0.000000 -0.019635 0.000000
vt -0.030000 -0.019635 0.000000
vt 0.000000 -0.026180 0.000000
vt -0.030000 -0.026180 0.000000
vt 0.000000 -0.032725 0.000000
vt -0.030000 -0.032725 0.000000
vt 0.000000 -0.039270 0.000000
vt -0.030000 -0.039270 0.000000
vt 0.000000 -0.045815 0.000000
vt -0.030000 -0.045815 0.000000
vt 0.000000 -0.052360 0.000000
vt -0.030000 -0.052360 0.000000
vt 0.000000 -0.058905 0.000000
vt -0.030000 -0.058905 0.000000
vt 0.000000 -0.065450 0.000000
vt -0.030000 -0.065450 0.000000
vt -0.024148 -0.006470 0.000000
vt 0.024148 -0.006470 0.000000
vt -0.025000 0.000000 0.000000
vt 0.025000 0.000000 0.000000
vt -0.024148 0.006470 0.000000
vt 0.024148 0.006470 0.000000
vt -0.021651 0.012500 0.000000
vt 0.021651 0.012500 0.000000
vt -0.017678 0.017678 0.000000
vt 0.017678 0.017678 0.000000
vt -0.012500 0.021651 0.000000
vt 0.012500 0.021651 0.000000
vt -0.006470 0.024148 0.000000
vt 0.006470 0.024148 0.000000
vt 0.000000 0.025000 0.000000
vt 0.021651 -0.012500 0.000000
vt -0.021651 -0.012500 0.000000
vt 0.017678 -0.017678 0.000000
vt -0.017678 -0.017678 0.000000
vt 0.012500 -0.021651 0.000000
vt -0.012500 -0.021651 0.000000
vt 0.006470 -0.024148 0.000000
vt -0.006470 -0.024148 0.000000
vt 0.000000 -0.025000 0.000000
vt 0.000000 -0.071995 0.000000
vt -0.030000 -0.071995 0.000000
vt 0.000000 -0.078540 0.000000
vt -0.030000 -0.078540 0.000000
vt 0.000000 0.078540 0.000000
vt -0.030000 0.078540 0.000000
vt -0.000000 0.071995 0.000000
vt -0.030000 0.071995 0.000000
vt -0.000000 0.065450 0.000000
vt -0.030000 0.065450 0.000000
vt -0.000000 0.058905 0.000000
vt -0.030000 0.058905 0.000000
vt -0.000000 0.052360 0.000000
vt -0.030000 0.052360 0.000000
vt -0.000000 0.045815 0.000000
vt -0.030000 0.045815 0.000000
vt -0.000000 0.039270 0.000000
vt -0.030000 0.039270 0.000000
vt -0.000000 0.032725 0.000000
vt -0.030000 0.032725 0.000000
vt -0.000000 0.026180 0.000000
vt -0.030000 0.026180 0.000000
vt -0.000000 0.019635 0.000000
vt -0.030000 0.019635 0.000000
vt -0.000000 0.013090 0.000000
vt -0.030000 0.013090 0.000000
vt -0.000000 0.006545 0.000000
vt -0.030000 0.006545 0.000000
vt -0.000000 0.000000 0.000000
vt -0.030000 -0.000000 0.000000
vt 0.000000 -0.006545 0.000000
vt -0.030000 -0.006545 0.000000
vt 0.000000 -0.013090 0.000000
vt -0.030000 -0.013090 0.000000
vt 0.000000 -0.019635 0.000000
vt -0.030000 -0.019635 0.000000
vt 0.000000 -0.026180 0.000000
vt -0.030000 -0.026180 0.000000
vt 0.000000 -0.032725 0.000000
vt -0.030000 -0.032725 0.000000
vt 0.000000 -0.039270 0.000000
vt -0.030000 -0.039270 0.000000
vt 0.000000 -0.045815 0.000000
vt -0.030000 -0.045815 0.000000
vt 0.000000 -0.052360 0.000000
vt -0.030000 -0.052360 0.000000
vt 0.000000 -0.058905 0.000000
vt -0.030000 -0.058905 0.000000
vt 0.000000 -0.065450 0.000000
vt -0.030000 -0.065450 0.000000
vt 0.155750 0.094248 0.000000
vt -0.229250 0.094248 0.000000
vt 0.155750 0.062832 0.000000
vt -0.229250 0.062832 0.000000
vt 0.155750 0.031416 0.000000
vt -0.229250 0.031416 0.000000
vt 0.155750 0.000000 0.000000
vt -0.229250 0.000000 0.000000
vt 0.155750 -0.031416 0.000000
vt -0.229250 -0.031416 0.000000
vt 0.155750 -0.062832 0.000000
vt -0.229250 -0.062832 0.000000
vt 0.155750 -0.094248 0.000000
vt -0.229250 -0.094248 0.000000
vt -0.000000 0.120000 0.000000
vt 0.385000 0.120000 0.000000
vt 0.000000 0.196000 0.000000
vt 0.917000 0.196000 0.000000
vt 0.688000 0.000000 0.000000
vt 0.838000 -0.000000 0.000000
vt 0.838000 -0.240000 0.000000
vt 0.688000 -0.240000 0.000000
vt 0.465000 0.000000 0.000000
vt 0.385000 -0.080000 0.000000
vt 0.465000 -0.080000 0.000000
vt 0.917000 -0.000000 0.000000
vt -0.687750 -0.062832 0.000000
vt -0.687750 -0.094248 0.000000
vt -0.229250 -0.062832 0.000000
vt 0.229250 -0.094248 0.000000
vt 0.229250 -0.062832 0.000000
vt -0.229250 -0.031416 0.000000
vt 0.229250 -0.031416 0.000000
vt -0.229250 -0.000000 0.000000
vt 0.229250 0.000000 0.000000
vt -0.229250 0.031416 0.000000
vt 0.229250 0.031416 0.000000
vt -0.229250 0.062832 0.000000
vt 0.229250 0.062832 0.000000
vt 0.229250 0.094248 0.000000
vt -0.687750 0.094248 0.000000
vt -0.687750 0.062832 0.000000
vt -0.687750 0.031416 0.000000
vt -0.687750 -0.000000 0.000000
vt -0.687750 -0.031416 0.000000
vt 0.458500 0.327500 0.000000
vt -0.458500 0.327500 0.000000
vt 0.458500 -0.327500 0.000000
vt -0.458500 -0.327500 0.000000
vt 0.229250 0.094248 0.000000
vt -0.687750 0.094248 0.000000
vt -0.229250 0.062832 0.000000
vt -0.687750 0.062832 0.000000
vt -0.229250 0.031416 0.000000
vt -0.687750 0.031416 0.000000
vt -0.229250 0.000000 0.000000
vt -0.687750 0.000000 0.000000
vt -0.229250 -0.031416 0.000000
vt -0.687750 -0.031416 0.000000
vt -0.229250 -0.062832 0.000000
vt -0.687750 -0.062832 0.000000
vt -0.687750 -0.094248 0.000000
vt 0.229250 -0.094248 0.000000
vt 0.229250 -0.062832 0.000000
vt 0.229250 -0.031416 0.000000
vt 0.229250 -0.000000 0.000000
vt 0.229250 0.031416 0.000000
vt 0.229250 0.062832 0.000000
vt 0.917000 0.120000 0.000000
vt 0.917000 0.196000 0.000000
vt 0.532000 0.120000 0.000000
vt 0.000000 0.196000 0.000000
vt 0.229000 0.000000 0.000000
vt 0.079000 -0.000000 0.000000
vt 0.229000 -0.240000 0.000000
vt 0.079000 -0.240000 0.000000
vt 0.000000 0.000000 0.000000
vt 0.452000 0.000000 0.000000
vt 0.532000 -0.080000 0.000000
vt 0.452000 -0.080000 0.000000
vt 0.687750 0.094248 0.000000
vt 0.302750 0.094248 0.000000
vt 0.687750 0.062832 0.000000
vt 0.302750 0.062832 0.000000
vt 0.687750 0.031416 0.000000
vt 0.302750 0.031416 0.000000
vt 0.687750 -0.000000 0.000000
vt 0.302750 0.000000 0.000000
vt 0.687750 -0.031416 0.000000
vt 0.302750 -0.031416 0.000000
vt 0.687750 -0.062832 0.000000
vt 0.302750 -0.062832 0.000000
vt 0.687750 -0.094248 0.000000
vt 0.302750 -0.094248 0.000000
vt -0.327500 -0.458500 0.000000
vt 0.327500 -0.458500 0.000000
vt -0.327500 -0.073500 0.000000
vt 0.327500 -0.073500 0.000000
vt -0.207322 0.096322 0.000000
vt 0.207322 0.096322 0.000000
vt -0.203349 0.101500 0.000000
vt 0.203349 0.101500 0.000000
vt -0.200852 0.107530 0.000000
vt 0.200852 0.107530 0.000000
vt -0.040494 0.260014 0.000000
vt 0.040494 0.260014 0.000000
vt -0.038625 0.260788 0.000000
vt 0.038625 0.260788 0.000000
vt -0.037020 0.262020 0.000000
vt 0.037020 0.262020 0.000000
vt -0.035788 0.263625 0.000000
vt 0.035788 0.263625 0.000000
vt -0.035014 0.265494 0.000000
vt 0.035014 0.265494 0.000000
vt -0.034750 0.267500 0.000000
vt 0.034750 0.267500 0.000000
vt -0.035014 0.269506 0.000000
vt 0.035014 0.269506 0.000000
vt -0.035788 0.271375 0.000000
vt 0.035788 0.271375 0.000000
vt -0.037020 0.272980 0.000000
vt 0.037020 0.272980 0.000000
vt -0.038625 0.274212 0.000000
vt 0.038625 0.274212 0.000000
vt -0.038625 0.395788 0.000000
vt 0.038625 0.395788 0.000000
vt -0.037020 0.397020 0.000000
vt 0.037020 0.397020 0.000000
vt -0.035788 0.398625 0.000000
vt 0.035788 0.398625 0.000000
vt -0.035014 0.400494 0.000000
vt 0.035014 0.400494 0.000000
vt -0.034750 0.402500 0.000000
vt 0.034750 0.402500 0.000000
vt -0.035014 0.404506 0.000000
vt 0.035014 0.404506 0.000000
vt -0.035788 0.406375 0.000000
vt 0.035788 0.406375 0.000000
vt -0.037020 0.407980 0.000000
vt 0.037020 0.407980 0.000000
vt -0.038625 0.409212 0.000000
vt 0.038625 0.409212 0.000000
vt -0.040494 0.409986 0.000000
vt 0.040494 0.409986 0.000000
vt -0.042500 0.410250 0.000000
vt 0.042500 0.410250 0.000000
vt -0.447500 0.458500 0.000000
vt 0.447500 0.458500 0.000000
vt 0.127500 0.410250 0.000000
vt 0.212500 0.410250 0.000000
vt 0.210494 0.409986 0.000000
vt 0.129506 0.409986 0.000000
vt 0.208625 0.409212 0.000000
vt 0.131375 0.409212 0.000000
vt 0.207020 0.407980 0.000000
vt 0.132980 0.407980 0.000000
vt 0.205788 0.406375 0.000000
vt 0.134212 0.406375 0.000000
vt 0.205014 0.404506 0.000000
vt 0.134986 0.404506 0.000000
vt 0.204750 0.402500 0.000000
vt 0.135250 0.402500 0.000000
vt 0.205014 0.400494 0.000000
vt 0.134986 0.400494 0.000000
vt 0.205788 0.398625 0.000000
vt 0.134212 0.398625 0.000000
vt 0.207020 0.397020 0.000000
vt 0.132980 0.397020 0.000000
vt 0.208625 0.395788 0.000000
vt 0.131375 0.395788 0.000000
vt 0.208625 0.274212 0.000000
vt 0.131375 0.274212 0.000000
vt 0.207020 0.272980 0.000000
vt 0.132980 0.272980 0.000000
vt 0.205788 0.271375 0.000000
vt 0.134212 0.271375 0.000000
vt 0.205014 0.269506 0.000000
vt 0.134986 0.269506 0.000000
vt 0.204750 0.267500 0.000000
vt 0.135250 0.267500 0.000000
vt 0.205014 0.265494 0.000000
vt 0.134986 0.265494 0.000000
vt 0.205788 0.263625 0.000000
vt 0.134212 0.263625 0.000000
vt 0.207020 0.262020 0.000000
vt 0.132980 0.262020 0.000000
vt 0.208625 0.260788 0.000000
vt 0.131375 0.260788 0.000000
vt 0.212500 0.135651 0.000000
vt 0.207322 0.131678 0.000000
vt 0.129506 0.260014 0.000000
vt 0.203349 0.126500 0.000000
vt 0.127500 0.259750 0.000000
vt 0.125494 0.260014 0.000000
vt 0.417500 -0.073500 0.000000
vt 0.417500 0.006500 0.000000
vt 0.242678 0.096322 0.000000
vt 0.237500 0.092349 0.000000
vt 0.447500 0.006500 0.000000
vt 0.447500 0.229500 0.000000
vt 0.417500 0.229500 0.000000
vt 0.250000 0.114000 0.000000
vt 0.249148 0.120470 0.000000
vt 0.246651 0.126500 0.000000
vt 0.301375 0.260788 0.000000
vt 0.299506 0.260014 0.000000
vt 0.417500 0.379500 0.000000
vt 0.304212 0.271375 0.000000
vt 0.304986 0.269506 0.000000
vt 0.305250 0.267500 0.000000
vt 0.447500 0.379500 0.000000
vt 0.304212 0.406375 0.000000
vt 0.304986 0.404506 0.000000
vt -0.447500 0.379500 0.000000
vt -0.417500 0.379500 0.000000
vt -0.304212 0.406375 0.000000
vt -0.302980 0.407980 0.000000
vt -0.417500 0.229500 0.000000
vt -0.304212 0.271375 0.000000
vt -0.302980 0.272980 0.000000
vt -0.302980 0.397020 0.000000
vt -0.301375 0.395788 0.000000
vt -0.301375 0.274212 0.000000
vt -0.299506 0.395014 0.000000
vt -0.299506 0.274986 0.000000
vt -0.297500 0.394750 0.000000
vt -0.297500 0.275250 0.000000
vt -0.295494 0.274986 0.000000
vt -0.447500 0.229500 0.000000
vt -0.447500 0.006500 0.000000
vt -0.417500 0.006500 0.000000
vt -0.250000 0.114000 0.000000
vt -0.249148 0.107530 0.000000
vt -0.246651 0.101500 0.000000
vt -0.242678 0.096322 0.000000
vt -0.237500 0.092349 0.000000
vt -0.231470 0.089852 0.000000
vt -0.225000 0.089000 0.000000
vt -0.218530 0.089852 0.000000
vt -0.212500 0.092349 0.000000
vt -0.417500 -0.073500 0.000000
vt -0.042500 0.259750 0.000000
vt -0.200000 0.114000 0.000000
vt -0.044506 0.260014 0.000000
vt -0.200852 0.120470 0.000000
vt -0.125494 0.260014 0.000000
vt -0.203349 0.126500 0.000000
vt -0.127500 0.259750 0.000000
vt -0.129506 0.260014 0.000000
vt -0.249148 0.120470 0.000000
vt -0.246651 0.126500 0.000000
vt -0.301375 0.260788 0.000000
vt -0.299506 0.260014 0.000000
vt -0.297500 0.259750 0.000000
vt -0.242678 0.131678 0.000000
vt -0.295494 0.260014 0.000000
vt -0.237500 0.135651 0.000000
vt -0.293625 0.260788 0.000000
vt -0.231470 0.138148 0.000000
vt -0.216375 0.260788 0.000000
vt -0.214506 0.260014 0.000000
vt -0.225000 0.139000 0.000000
vt -0.212500 0.259750 0.000000
vt -0.218530 0.138148 0.000000
vt -0.210494 0.260014 0.000000
vt -0.212500 0.135651 0.000000
vt -0.208625 0.260788 0.000000
vt -0.131375 0.260788 0.000000
vt -0.207020 0.262020 0.000000
vt -0.132980 0.262020 0.000000
vt -0.205788 0.263625 0.000000
vt -0.134212 0.263625 0.000000
vt -0.205014 0.265494 0.000000
vt -0.134986 0.265494 0.000000
vt -0.204750 0.267500 0.000000
vt -0.135250 0.267500 0.000000
vt -0.205014 0.269506 0.000000
vt -0.134986 0.269506 0.000000
vt -0.205788 0.271375 0.000000
vt -0.134212 0.271375 0.000000
vt -0.207020 0.272980 0.000000
vt -0.132980 0.272980 0.000000
vt -0.208625 0.274212 0.000000
vt -0.131375 0.274212 0.000000
vt -0.208625 0.395788 0.000000
vt -0.131375 0.395788 0.000000
vt -0.207020 0.397020 0.000000
vt -0.132980 0.397020 0.000000
vt -0.205788 0.398625 0.000000
vt -0.134212 0.398625 0.000000
vt -0.205014 0.400494 0.000000
vt -0.134986 0.400494 0.000000
vt -0.204750 0.402500 0.000000
vt -0.135250 0.402500 0.000000
vt -0.205014 0.404506 0.000000
vt -0.134986 0.404506 0.000000
vt -0.205788 0.406375 0.000000
vt -0.134212 0.406375 0.000000
vt -0.207020 0.407980 0.000000
vt -0.132980 0.407980 0.000000
vt -0.208625 0.409212 0.000000
vt -0.131375 0.409212 0.000000
vt -0.210494 0.409986 0.000000
vt -0.129506 0.409986 0.000000
vt -0.212500 0.410250 0.000000
vt -0.127500 0.410250 0.000000
vt -0.207322 0.131678 0.000000
vt 0.249148 0.107530 0.000000
vt 0.246651 0.101500 0.000000
vt 0.231470 0.089852 0.000000
vt 0.225000 0.089000 0.000000
vt 0.218530 0.089852 0.000000
vt 0.212500 0.092349 0.000000
vt 0.042500 0.259750 0.000000
vt 0.200000 0.114000 0.000000
vt 0.044506 0.260014 0.000000
vt 0.200852 0.120470 0.000000
vt 0.210494 0.260014 0.000000
vt 0.218530 0.138148 0.000000
vt 0.212500 0.259750 0.000000
vt 0.225000 0.139000 0.000000
vt 0.214506 0.260014 0.000000
vt 0.231470 0.138148 0.000000
vt 0.216375 0.260788 0.000000
vt 0.293625 0.260788 0.000000
vt 0.217980 0.262020 0.000000
vt 0.292020 0.262020 0.000000
vt 0.219212 0.263625 0.000000
vt 0.290788 0.263625 0.000000
vt 0.219986 0.265494 0.000000
vt 0.290014 0.265494 0.000000
vt 0.220250 0.267500 0.000000
vt 0.289750 0.267500 0.000000
vt 0.219986 0.269506 0.000000
vt 0.290014 0.269506 0.000000
vt 0.219212 0.271375 0.000000
vt 0.290788 0.271375 0.000000
vt 0.217980 0.272980 0.000000
vt 0.292020 0.272980 0.000000
vt 0.216375 0.274212 0.000000
vt 0.293625 0.274212 0.000000
vt 0.216375 0.395788 0.000000
vt 0.293625 0.395788 0.000000
vt 0.217980 0.397020 0.000000
vt 0.292020 0.397020 0.000000
vt 0.219212 0.398625 0.000000
vt 0.290788 0.398625 0.000000
vt 0.219986 0.400494 0.000000
vt 0.290014 0.400494 0.000000
vt 0.220250 0.402500 0.000000
vt 0.289750 0.402500 0.000000
vt 0.219986 0.404506 0.000000
vt 0.290014 0.404506 0.000000
vt 0.219212 0.406375 0.000000
vt 0.290788 0.406375 0.000000
vt 0.217980 0.407980 0.000000
vt 0.292020 0.407980 0.000000
vt 0.216375 0.409212 0.000000
vt 0.293625 0.409212 0.000000
vt 0.214506 0.409986 0.000000
vt 0.295494 0.409986 0.000000
vt 0.297500 0.410250 0.000000
vt 0.299506 0.409986 0.000000
vt 0.301375 0.409212 0.000000
vt 0.237500 0.135651 0.000000
vt 0.295494 0.260014 0.000000
vt 0.242678 0.131678 0.000000
vt 0.297500 0.259750 0.000000
vt -0.120014 0.265494 0.000000
vt -0.049986 0.265494 0.000000
vt -0.119750 0.267500 0.000000
vt -0.050250 0.267500 0.000000
vt -0.120014 0.269506 0.000000
vt -0.049986 0.269506 0.000000
vt -0.120788 0.271375 0.000000
vt -0.049212 0.271375 0.000000
vt -0.122020 0.272980 0.000000
vt -0.047980 0.272980 0.000000
vt -0.123625 0.274212 0.000000
vt -0.046375 0.274212 0.000000
vt -0.123625 0.395788 0.000000
vt -0.046375 0.395788 0.000000
vt -0.122020 0.397020 0.000000
vt -0.047980 0.397020 0.000000
vt -0.120788 0.398625 0.000000
vt -0.049212 0.398625 0.000000
vt -0.120014 0.400494 0.000000
vt -0.049986 0.400494 0.000000
vt -0.119750 0.402500 0.000000
vt -0.050250 0.402500 0.000000
vt -0.120014 0.404506 0.000000
vt -0.049986 0.404506 0.000000
vt -0.120788 0.406375 0.000000
vt -0.049212 0.406375 0.000000
vt -0.122020 0.407980 0.000000
vt -0.047980 0.407980 0.000000
vt -0.123625 0.409212 0.000000
vt -0.046375 0.409212 0.000000
vt -0.125494 0.409986 0.000000
vt -0.044506 0.409986 0.000000
vt -0.049212 0.263625 0.000000
vt -0.120788 0.263625 0.000000
vt -0.047980 0.262020 0.000000
vt -0.122020 0.262020 0.000000
vt -0.046375 0.260788 0.000000
vt -0.123625 0.260788 0.000000
vt -0.129506 0.395014 0.000000
vt -0.129506 0.274986 0.000000
vt -0.127500 0.394750 0.000000
vt -0.127500 0.275250 0.000000
vt -0.125494 0.274986 0.000000
vt -0.125494 0.395014 0.000000
vt 0.214506 0.395014 0.000000
vt 0.214506 0.274986 0.000000
vt 0.212500 0.394750 0.000000
vt 0.212500 0.275250 0.000000
vt 0.210494 0.274986 0.000000
vt 0.210494 0.395014 0.000000
vt 0.129506 0.395014 0.000000
vt 0.129506 0.274986 0.000000
vt 0.127500 0.394750 0.000000
vt 0.127500 0.275250 0.000000
vt 0.125494 0.274986 0.000000
vt 0.125494 0.395014 0.000000
vt 0.123625 0.274212 0.000000
vt 0.123625 0.395788 0.000000
vt 0.046375 0.395788 0.000000
vt 0.047980 0.397020 0.000000
vt 0.122020 0.397020 0.000000
vt 0.049212 0.398625 0.000000
vt 0.120788 0.398625 0.000000
vt 0.049986 0.400494 0.000000
vt 0.120014 0.400494 0.000000
vt 0.050250 0.402500 0.000000
vt 0.119750 0.402500 0.000000
vt 0.049986 0.404506 0.000000
vt 0.120014 0.404506 0.000000
vt 0.049212 0.406375 0.000000
vt 0.120788 0.406375 0.000000
vt 0.047980 0.407980 0.000000
vt 0.122020 0.407980 0.000000
vt 0.046375 0.409212 0.000000
vt 0.123625 0.409212 0.000000
vt 0.044506 0.409986 0.000000
vt 0.125494 0.409986 0.000000
vt 0.304986 0.265494 0.000000
vt 0.304212 0.263625 0.000000
vt 0.302980 0.262020 0.000000
vt 0.295494 0.395014 0.000000
vt 0.295494 0.274986 0.000000
vt 0.297500 0.394750 0.000000
vt 0.297500 0.275250 0.000000
vt 0.299506 0.395014 0.000000
vt 0.299506 0.274986 0.000000
vt 0.301375 0.395788 0.000000
vt 0.301375 0.274212 0.000000
vt 0.302980 0.397020 0.000000
vt 0.302980 0.272980 0.000000
vt -0.040494 0.395014 0.000000
vt -0.040494 0.274986 0.000000
vt -0.042500 0.394750 0.000000
vt -0.042500 0.275250 0.000000
vt -0.044506 0.274986 0.000000
vt -0.044506 0.395014 0.000000
vt 0.049986 0.265494 0.000000
vt 0.120014 0.265494 0.000000
vt 0.050250 0.267500 0.000000
vt 0.119750 0.267500 0.000000
vt 0.049986 0.269506 0.000000
vt 0.120014 0.269506 0.000000
vt 0.049212 0.271375 0.000000
vt 0.120788 0.271375 0.000000
vt 0.047980 0.272980 0.000000
vt 0.122020 0.272980 0.000000
vt 0.046375 0.274212 0.000000
vt 0.120788 0.263625 0.000000
vt 0.049212 0.263625 0.000000
vt 0.122020 0.262020 0.000000
vt 0.047980 0.262020 0.000000
vt 0.123625 0.260788 0.000000
vt 0.046375 0.260788 0.000000
vt 0.040494 0.395014 0.000000
vt 0.040494 0.274986 0.000000
vt 0.042500 0.394750 0.000000
vt 0.042500 0.275250 0.000000
vt 0.044506 0.274986 0.000000
vt 0.044506 0.395014 0.000000
vt -0.290014 0.265494 0.000000
vt -0.219986 0.265494 0.000000
vt -0.289750 0.267500 0.000000
vt -0.220250 0.267500 0.000000
vt -0.290014 0.269506 0.000000
vt -0.219986 0.269506 0.000000
vt -0.290788 0.271375 0.000000
vt -0.219212 0.271375 0.000000
vt -0.292020 0.272980 0.000000
vt -0.217980 0.272980 0.000000
vt -0.293625 0.274212 0.000000
vt -0.216375 0.274212 0.000000
vt -0.293625 0.395788 0.000000
vt -0.216375 0.395788 0.000000
vt -0.292020 0.397020 0.000000
vt -0.217980 0.397020 0.000000
vt -0.290788 0.398625 0.000000
vt -0.219212 0.398625 0.000000
vt -0.290014 0.400494 0.000000
vt -0.219986 0.400494 0.000000
vt -0.289750 0.402500 0.000000
vt -0.220250 0.402500 0.000000
vt -0.290014 0.404506 0.000000
vt -0.219986 0.404506 0.000000
vt -0.290788 0.406375 0.000000
vt -0.219212 0.406375 0.000000
vt -0.292020 0.407980 0.000000
vt -0.217980 0.407980 0.000000
vt -0.293625 0.409212 0.000000
vt -0.216375 0.409212 0.000000
vt -0.295494 0.409986 0.000000
vt -0.214506 0.409986 0.000000
vt -0.297500 0.410250 0.000000
vt -0.219212 0.263625 0.000000
vt -0.290788 0.263625 0.000000
vt -0.217980 0.262020 0.000000
vt -0.292020 0.262020 0.000000
vt -0.302980 0.262020 0.000000
vt -0.304212 0.263625 0.000000
vt -0.304986 0.265494 0.000000
vt -0.305250 0.267500 0.000000
vt -0.304986 0.269506 0.000000
vt -0.295494 0.395014 0.000000
vt -0.214506 0.395014 0.000000
vt -0.214506 0.274986 0.000000
vt -0.212500 0.394750 0.000000
vt -0.212500 0.275250 0.000000
vt -0.210494 0.274986 0.000000
vt -0.210494 0.395014 0.000000
vt -0.304212 0.398625 0.000000
vt -0.304986 0.400494 0.000000
vt -0.305250 0.402500 0.000000
vt -0.304986 0.404506 0.000000
vt -0.301375 0.409212 0.000000
vt -0.299506 0.409986 0.000000
vt 0.305250 0.402500 0.000000
vt 0.304986 0.400494 0.000000
vt 0.304212 0.398625 0.000000
vt 0.302980 0.407980 0.000000
vt 0.806058 0.004089 0.000000
vt 0.835000 0.016077 0.000000
vt 0.775000 0.000000 0.000000
vt 0.859853 0.035147 0.000000
vt 0.878923 0.060000 0.000000
vt 0.890911 0.088942 0.000000
vt 0.004089 0.088942 0.000000
vt 0.120000 0.000000 0.000000
vt 0.016077 0.060000 0.000000
vt 0.035147 0.035147 0.000000
vt 0.000000 0.120000 0.000000
vt 0.895000 0.120000 0.000000
vt 0.000000 0.196000 0.000000
vt 0.895000 0.196000 0.000000
vt 0.004089 0.227058 0.000000
vt 0.890911 0.227058 0.000000
vt 0.120000 0.316000 0.000000
vt 0.775000 0.316000 0.000000
vt 0.878923 0.256000 0.000000
vt 0.859853 0.280853 0.000000
vt 0.835000 0.299923 0.000000
vt 0.806058 0.311911 0.000000
vt 0.088942 0.311911 0.000000
vt 0.060000 0.299923 0.000000
vt 0.035147 0.280853 0.000000
vt 0.016077 0.256000 0.000000
vt 0.060000 0.016077 0.000000
vt 0.088942 0.004089 0.000000
vn -0.000000 1.000000 0.000000
vn -0.000000 1.000000 0.000000
vn -0.000000 1.000000 0.000000
vn -0.000000 1.000000 0.000000
vn -0.000000 1.000000 0.000000
vn -0.000000 1.000000 0.000000
vn -0.000000 1.000000 0.000000
vn -0.000000 1.000000 0.000000
vn -0.000000 1.000000 0.000000
vn -0.000000 1.000000 0.000000
vn -0.000000 1.000000 0.000000
vn -0.000000 1.000000 0.000000
vn -0.000000 1.000000 0.000000
vn -0.000000 1.000000 0.000000
vn -0.000000 1.000000 0.000000
vn -0.000000 1.000000 0.000000
vn -0.000000 1.000000 0.000000
vn -0.000000 1.000000 0.000000
vn -0.000000 1.000000 0.000000
vn -0.000000 1.000000 0.000000
vn 0.000000 -1.000000 -0.000000
vn 0.000000 -1.000000 -0.000000
vn 0.000000 -1.000000 -0.000000
vn 0.000000 -1.000000 -0.000000
vn 0.000000 -1.000000 -0.000000
vn 0.000000 -1.000000 -0.000000
vn 0.000000 -1.000000 -0.000000
vn 0.000000 -1.000000 -0.000000
vn 0.000000 -1.000000 -0.000000
vn 0.000000 -1.000000 -0.000000
vn 0.000000 -1.000000 -0.000000
vn 0.000000 -1.000000 -0.000000
vn 0.000000 -1.000000 -0.000000
vn 0.000000 -1.000000 -0.000000
vn 0.000000 -1.000000 -0.000000
vn 0.000000 -1.000000 -0.000000
vn -0.000000 0.000000 -1.000000
vn -0.000000 0.000000 -1.000000
vn -0.000000 0.000000 -1.000000
vn -0.000000 0.000000 -1.000000
vn -1.000000 -0.000000 0.000000
vn -1.000000 -0.000000 0.000000
vn -1.000000 -0.000000 0.000000
vn -1.000000 -0.000000 0.000000
vn 0.000000 -1.000000 -0.000000
vn 0.000000 -1.000000 -0.000000
vn 0.000000 -1.000000 -0.000000
vn 0.000000 -1.000000 -0.000000
vn -0.000000 0.000000 -1.000000
vn -0.000000 0.000000 -1.000000
vn -0.000000 0.000000 -1.000000
vn -0.000000 0.000000 -1.000000
vn 1.000000 0.000000 0.000000
vn 1.000000 0.000000 0.000000
vn 1.000000 0.000000 0.000000
vn 1.000000 0.000000 0.000000
vn 0.000000 -1.000000 -0.000000
vn 0.000000 -1.000000 -0.000000
vn 0.000000 -1.000000 -0.000000
vn 0.000000 -1.000000 -0.000000
vn -0.000000 0.000000 -1.000000
vn -0.000000 0.000000 -1.000000
vn -0.000000 0.000000 -1.000000
vn -0.000000 0.000000 -1.000000
vn 0.000000 -1.000000 -0.000000
vn 0.000000 -1.000000 -0.000000
vn 0.000000 -1.000000 -0.000000
vn 0.000000 -1.000000 -0.000000
vn -1.000000 -0.000000 0.000000
vn -1.000000 -0.000000 0.000000
vn -1.000000 -0.000000 0.000000
vn -1.000000 -0.000000 0.000000
vn -0.000000 1.000000 0.000000
vn -0.000000 1.000000 0.000000
vn -0.000000 1.000000 0.000000
vn -0.000000 1.000000 0.000000
vn -0.000000 0.000000 -1.000000
vn -0.000000 0.000000 -1.000000
vn -0.000000 0.000000 -1.000000
vn -0.000000 0.000000 -1.000000
vn -0.000000 1.000000 0.000000
vn -0.000000 1.000000 0.000000
vn -0.000000 1.000000 0.000000
vn -0.000000 1.000000 0.000000
vn 1.000000 0.000000 0.000000
vn 1.000000 0.000000 0.000000
vn 1.000000 0.000000 0.000000
vn 1.000000 0.000000 0.000000
vn 0.000000 -1.000000 -0.000000
vn 0.000000 -1.000000 -0.000000
vn 0.000000 -1.000000 -0.000000
vn 0.000000 -1.000000 -0.000000
vn -0.000000 0.000000 -1.000000
vn -0.000000 0.000000 -1.000000
vn -0.000000 0.000000 -1.000000
vn -0.000000 0.000000 -1.000000
vn -0.000000 0.000000 -1.000000
vn -0.000000 0.000000 -1.000000
vn -0.000000 0.000000 -1.000000
vn -0.000000 0.000000 -1.000000
vn -0.000000 0.000000 -1.000000
vn -0.000000 0.000000 -1.000000
vn -0.000000 0.000000 -1.000000
vn -0.000000 0.000000 -1.000000
vn -0.000000 0.000000 -1.000000
vn -0.000000 0.000000 -1.000000
vn -0.000000 0.000000 -1.000000
vn -0.000000 0.000000 -1.000000
vn -0.000000 0.000000 -1.000000
vn -0.000000 0.000000 -1.000000
vn -0.000000 0.000000 -1.000000
vn -0.000000 0.000000 -1.000000
vn -0.000000 0.000000 -1.000000
vn -0.000000 0.000000 -1.000000
vn -0.000000 0.000000 -1.000000
vn -0.000000 0.000000 -1.000000
vn 0.965926 -0.258819 -0.000000
vn 0.965926 -0.258819 -0.000000
vn 1.000000 0.000000 -0.000000
vn 1.000000 0.000000 -0.000000
vn 0.965926 0.258819 0.000000
vn 0.965926 0.258819 0.000000
vn 0.866025 0.500000 0.000000
vn 0.866025 0.500000 0.000000
vn 0.707107 0.707107 0.000000
vn 0.707107 0.707107 0.000000
vn 0.500000 0.866025 0.000000
vn 0.500000 0.866025 0.000000
vn 0.258819 0.965926 0.000000
vn 0.258819 0.965926 0.000000
vn -0.000000 1.000000 0.000000
vn -0.000000 1.000000 0.000000
vn -0.258819 0.965926 0.000000
vn -0.258819 0.965926 0.000000
vn -0.500000 0.866025 0.000000
vn -0.500000 0.866025 0.000000
vn -0.707107 0.707107 0.000000
vn -0.707107 0.707107 0.000000
vn -0.866025 0.500000 0.000000
vn -0.866025 0.500000 0.000000
vn -0.965926 0.258819 0.000000
vn -0.965926 0.258819 0.000000
vn -1.000000 -0.000000 0.000000
vn -1.000000 -0.000000 -0.000000
vn -0.965926 -0.258819 -0.000000
vn -0.965926 -0.258819 -0.000000
vn -0.866025 -0.500000 -0.000000
vn -0.866025 -0.500000 -0.000000
vn -0.707107 -0.707107 -0.000000
vn -0.707107 -0.707107 -0.000000
vn -0.500000 -0.866025 -0.000000
vn -0.500000 -0.866025 -0.000000
vn -0.258819 -0.965926 -0.000000
vn -0.258819 -0.965926 -0.000000
vn 0.000000 -1.000000 -0.000000
vn 0.000000 -1.000000 -0.000000
vn 0.258819 -0.965926 -0.000000
vn 0.258819 -0.965926 -0.000000
vn 0.500000 -0.866025 -0.000000
vn 0.500000 -0.866025 -0.000000
vn 0.707107 -0.707107 -0.000000
vn 0.707107 -0.707107 -0.000000
vn 0.866025 -0.500000 -0.000000
vn 0.866025 -0.500000 -0.000000
vn 0.965926 0.258819 0.000000
vn 0.965926 0.258819 0.000000
vn 1.000000 0.000000 0.000000
vn 1.000000 0.000000 0.000000
vn 0.965926 -0.258819 -0.000000
vn 0.965926 -0.258819 -0.000000
vn 0.866025 -0.500000 -0.000000
vn 0.866025 -0.500000 -0.000000
vn 0.707107 -0.707107 -0.000000
vn 0.707107 -0.707107 -0.000000
vn 0.500000 -0.866025 -0.000000
vn 0.500000 -0.866025 -0.000000
vn 0.258819 -0.965926 -0.000000
vn 0.258819 -0.965926 -0.000000
vn 0.000000 -1.000000 -0.000000
vn 0.000000 -1.000000 -0.000000
vn -0.258819 -0.965926 -0.000000
vn -0.258819 -0.965926 -0.000000
vn -0.500000 -0.866025 -0.000000
vn -0.500000 -0.866025 -0.000000
vn -0.707107 -0.707107 -0.000000
vn -0.707107 -0.707107 -0.000000
vn -0.866025 -0.500000 -0.000000
vn -0.866025 -0.500000 -0.000000
vn -0.965926 -0.258819 -0.000000
vn -0.965926 -0.258819 -0.000000
vn -1.000000 -0.000000 -0.000000
vn -1.000000 -0.000000 -0.000000
vn -0.965926 0.258819 0.000000
vn -0.965926 0.258819 0.000000
vn -0.866025 0.500000 0.000000
vn -0.866025 0.500000 0.000000
vn -0.707107 0.707107 0.000000
vn -0.707107 0.707107 0.000000
vn -0.500000 0.866025 0.000000
vn -0.500000 0.866025 0.000000
vn -0.258819 0.965926 0.000000
vn -0.258819 0.965926 0.000000
vn -0.000000 1.000000 0.000000
vn -0.000000 1.000000 0.000000
vn 0.258819 0.965926 0.000000
vn 0.258819 0.965926 0.000000
vn 0.500000 0.866025 0.000000
vn 0.500000 0.866025 0.000000
vn 0.707107 0.707107 0.000000
vn 0.707107 0.707107 0.000000
vn 0.866025 0.500000 0.000000
vn 0.866025 0.500000 0.000000
vn 1.000000 0.000000 0.000000
vn 0.965926 0.258819 0.000000
vn 0.866025 0.500000 0.000000
vn 0.707107 0.707107 0.000000
vn 0.500000 0.866025 0.000000
vn 0.258819 0.965926 0.000000
vn -0.000000 1.000000 0.000000
vn -0.258819 0.965926 0.000000
vn -0.500000 0.866025 0.000000
vn -0.707107 0.707107 0.000000
vn -0.866025 0.500000 0.000000
vn -0.965926 0.258819 0.000000
vn -1.000000 -0.000000 -0.000000
vn -0.965926 -0.258819 -0.000000
vn -0.866025 -0.500000 -0.000000
vn -0.707107 -0.707107 -0.000000
vn -0.500000 -0.866025 -0.000000
vn -0.258819 -0.965926 -0.000000
vn 0.000000 -1.000000 -0.000000
vn 0.258819 -0.965926 -0.000000
vn 0.500000 -0.866025 -0.000000
vn 0.707107 -0.707107 -0.000000
vn 0.866025 -0.500000 -0.000000
vn 0.965926 -0.258819 -0.000000
vn 1.000000 0.000000 0.000000
vn 0.965926 0.258819 0.000000
vn 0.866025 0.500000 0.000000
vn 0.707107 0.707107 0.000000
vn 0.500000 0.866025 0.000000
vn 0.258819 0.965926 0.000000
vn -0.000000 1.000000 0.000000
vn -0.258819 0.965926 0.000000
vn -0.500000 0.866025 0.000000
vn -0.707107 0.707107 0.000000
vn -0.866025 0.500000 0.000000
vn -0.965926 0.258819 0.000000
vn -1.000000 -0.000000 -0.000000
vn -0.965926 -0.258819 -0.000000
vn -0.866025 -0.500000 -0.000000
vn -0.707107 -0.707107 -0.000000
vn -0.500000 -0.866025 -0.000000
vn -0.258819 -0.965926 -0.000000
vn 0.000000 -1.000000 -0.000000
vn 0.258819 -0.965926 -0.000000
vn 0.500000 -0.866025 -0.000000
vn 0.707107 -0.707107 -0.000000
vn 0.866025 -0.500000 -0.000000
vn 0.965926 -0.258819 -0.000000
vn -0.000000 0.000000 -1.000000
vn -0.000000 0.000000 -1.000000
vn -0.000000 0.000000 -1.000000
vn -0.000000 0.000000 -1.000000
vn -0.000000 0.000000 -1.000000
vn -0.000000 0.000000 -1.000000
vn -0.000000 0.000000 -1.000000
vn -0.000000 0.000000 -1.000000
vn -0.000000 0.000000 -1.000000
vn -0.000000 0.000000 -1.000000
vn -0.000000 0.000000 -1.000000
vn -0.000000 0.000000 -1.000000
vn -0.000000 0.000000 -1.000000
vn -0.000000 0.000000 -1.000000
vn -0.000000 0.000000 -1.000000
vn -0.000000 0.000000 -1.000000
vn -0.000000 0.000000 -1.000000
vn -0.000000 0.000000 -1.000000
vn -0.000000 0.000000 -1.000000
vn -0.000000 0.000000 -1.000000
vn -0.000000 0.000000 -1.000000
vn -0.000000 0.000000 -1.000000
vn -0.000000 0.000000 -1.000000
vn -0.000000 0.000000 -1.000000
vn 0.965926 -0.258819 -0.000000
vn 0.965926 -0.258819 -0.000000
vn 1.000000 0.000000 -0.000000
vn 1.000000 0.000000 -0.000000
vn 0.965926 0.258819 0.000000
vn 0.965926 0.258819 0.000000
vn 0.866025 0.500000 0.000000
vn 0.866025 0.500000 0.000000
vn 0.707107 0.707107 0.000000
vn 0.707107 0.707107 0.000000
vn 0.500000 0.866025 0.000000
vn 0.500000 0.866025 0.000000
vn 0.258819 0.965926 0.000000
vn 0.258819 0.965926 0.000000
vn -0.000000 1.000000 0.000000
vn -0.000000 1.000000 0.000000
vn -0.258819 0.965926 0.000000
vn -0.258819 0.965926 0.000000
vn -0.500000 0.866025 0.000000
vn -0.500000 0.866025 0.000000
vn -0.707107 0.707107 0.000000
vn -0.707107 0.707107 0.000000
vn -0.866025 0.500000 0.000000
vn -0.866025 0.500000 0.000000
vn -0.965926 0.258819 0.000000
vn -0.965926 0.258819 0.000000
vn -1.000000 -0.000000 0.000000
vn -1.000000 -0.000000 -0.000000
vn -0.965926 -0.258819 -0.000000
vn -0.965926 -0.258819 -0.000000
vn -0.866025 -0.500000 -0.000000
vn -0.866025 -0.500000 -0.000000
vn -0.707107 -0.707107 -0.000000
vn -0.707107 -0.707107 -0.000000
vn -0.500000 -0.866025 -0.000000
vn -0.500000 -0.866025 -0.000000
vn -0.258819 -0.965926 -0.000000
vn -0.258819 -0.965926 -0.000000
vn 0.000000 -1.000000 -0.000000
vn 0.000000 -1.000000 -0.000000
vn 0.258819 -0.965926 -0.000000
vn 0.258819 -0.965926 -0.000000
vn 0.500000 -0.866025 -0.000000
vn 0.500000 -0.866025 -0.000000
vn 0.707107 -0.707107 -0.000000
vn 0.707107 -0.707107 -0.000000
vn 0.866025 -0.500000 -0.000000
vn 0.866025 -0.500000 -0.000000
vn 0.965926 0.258819 0.000000
vn 0.965926 0.258819 0.000000
vn 1.000000 0.000000 0.000000
vn 1.000000 0.000000 0.000000
vn 0.965926 -0.258819 -0.000000
vn 0.965926 -0.258819 -0.000000
vn 0.866025 -0.500000 -0.000000
vn 0.866025 -0.500000 -0.000000
vn 0.707107 -0.707107 -0.000000
vn 0.707107 -0.707107 -0.000000
vn 0.500000 -0.866025 -0.000000
vn 0.500000 -0.866025 -0.000000
vn 0.258819 -0.965926 -0.000000
vn 0.258819 -0.965926 -0.000000
vn 0.000000 -1.000000 -0.000000
vn 0.000000 -1.000000 -0.000000
vn -0.258819 -0.965926 -0.000000
vn -0.258819 -0.965926 -0.000000
vn -0.500000 -0.866025 -0.000000
vn -0.500000 -0.866025 -0.000000
vn -0.707107 -0.707107 -0.000000
vn -0.707107 -0.707107 -0.000000
vn -0.866025 -0.500000 -0.000000
vn -0.866025 -0.500000 -0.000000
vn -0.965926 -0.258819 -0.000000
vn -0.965926 -0.258819 -0.000000
vn -1.000000 -0.000000 -0.000000
vn -1.000000 -0.000000 -0.000000
vn -0.965926 0.258819 0.000000
vn -0.965926 0.258819 0.000000
vn -0.866025 0.500000 0.000000
vn -0.866025 0.500000 0.000000
vn -0.707107 0.707107 0.000000
vn -0.707107 0.707107 0.000000
vn -0.500000 0.866025 0.000000
vn -0.500000 0.866025 0.000000
vn -0.258819 0.965926 0.000000
vn -0.258819 0.965926 0.000000
vn -0.000000 1.000000 0.000000
vn -0.000000 1.000000 0.000000
vn 0.258819 0.965926 0.000000
vn 0.258819 0.965926 0.000000
vn 0.500000 0.866025 0.000000
vn 0.500000 0.866025 0.000000
vn 0.707107 0.707107 0.000000
vn 0.707107 0.707107 0.000000
vn 0.866025 0.500000 0.000000
vn 0.866025 0.500000 0.000000
vn 1.000000 0.000000 0.000000
vn 0.965926 0.258819 0.000000
vn 0.866025 0.500000 0.000000
vn 0.707107 0.707107 0.000000
vn 0.500000 0.866025 0.000000
vn 0.258819 0.965926 0.000000
vn -0.000000 1.000000 0.000000
vn -0.258819 0.965926 0.000000
vn -0.500000 0.866025 0.000000
vn -0.707107 0.707107 0.000000
vn -0.866025 0.500000 0.000000
vn -0.965926 0.258819 0.000000
vn -1.000000 -0.000000 -0.000000
vn -0.965926 -0.258819 -0.000000
vn -0.866025 -0.500000 -0.000000
vn -0.707107 -0.707107 -0.000000
vn -0.500000 -0.866025 -0.000000
vn -0.258819 -0.965926 -0.000000
vn 0.000000 -1.000000 -0.000000
vn 0.258819 -0.965926 -0.000000
vn 0.500000 -0.866025 -0.000000
vn 0.707107 -0.707107 -0.000000
vn 0.866025 -0.500000 -0.000000
vn 0.965926 -0.258819 -0.000000
vn 1.000000 0.000000 0.000000
vn 0.965926 0.258819 0.000000
vn 0.866025 0.500000 0.000000
vn 0.707107 0.707107 0.000000
vn 0.500000 0.866025 0.000000
vn 0.258819 0.965926 0.000000
vn -0.000000 1.000000 0.000000
vn -0.258819 0.965926 0.000000
vn -0.500000 0.866025 0.000000
vn -0.707107 0.707107 0.000000
vn -0.866025 0.500000 0.000000
vn -0.965926 0.258819 0.000000
vn -1.000000 -0.000000 -0.000000
vn -0.965926 -0.258819 -0.000000
vn -0.866025 -0.500000 -0.000000
vn -0.707107 -0.707107 -0.000000
vn -0.500000 -0.866025 -0.000000
vn -0.258819 -0.965926 -0.000000
vn 0.000000 -1.000000 -0.000000
vn 0.258819 -0.965926 -0.000000
vn 0.500000 -0.866025 -0.000000
vn 0.707107 -0.707107 -0.000000
vn 0.866025 -0.500000 -0.000000
vn 0.965926 -0.258819 -0.000000
vn -0.000000 0.000000 -1.000000
vn -0.000000 0.000000 -1.000000
vn -0.000000 0.000000 -1.000000
vn -0.000000 0.000000 -1.000000
vn -0.000000 0.000000 -1.000000
vn -0.000000 0.000000 -1.000000
vn -0.000000 0.000000 -1.000000
vn -0.000000 0.000000 -1.000000
vn -0.000000 0.000000 -1.000000
vn -0.000000 0.000000 -1.000000
vn -0.000000 0.000000 -1.000000
vn -0.000000 0.000000 -1.000000
vn -0.000000 0.000000 -1.000000
vn -0.000000 0.000000 -1.000000
vn -0.000000 0.000000 -1.000000
vn -0.000000 0.000000 -1.000000
vn -0.000000 0.000000 -1.000000
vn -0.000000 0.000000 -1.000000
vn -0.000000 0.000000 -1.000000
vn -0.000000 0.000000 -1.000000
vn -0.000000 0.000000 -1.000000
vn -0.000000 0.000000 -1.000000
vn -0.000000 0.000000 -1.000000
vn -0.000000 0.000000 -1.000000
vn 0.965926 -0.258819 -0.000000
vn 0.965926 -0.258819 -0.000000
vn 1.000000 0.000000 -0.000000
vn 1.000000 0.000000 -0.000000
vn 0.965926 0.258819 0.000000
vn 0.965926 0.258819 0.000000
vn 0.866025 0.500000 0.000000
vn 0.866025 0.500000 0.000000
vn 0.707107 0.707107 0.000000
vn 0.707107 0.707107 0.000000
vn 0.500000 0.866025 0.000000
vn 0.500000 0.866025 0.000000
vn 0.258819 0.965926 0.000000
vn 0.258819 0.965926 0.000000
vn -0.000000 1.000000 0.000000
vn -0.000000 1.000000 0.000000
vn -0.258819 0.965926 0.000000
vn -0.258819 0.965926 0.000000
vn -0.500000 0.866025 0.000000
vn -0.500000 0.866025 0.000000
vn -0.707107 0.707107 0.000000
vn -0.707107 0.707107 0.000000
vn -0.866025 0.500000 0.000000
vn -0.866025 0.500000 0.000000
vn -0.965926 0.258819 0.000000
vn -0.965926 0.258819 0.000000
vn -1.000000 -0.000000 0.000000
vn -1.000000 -0.000000 -0.000000
vn -0.965926 -0.258819 -0.000000
vn -0.965926 -0.258819 -0.000000
vn -0.866025 -0.500000 -0.000000
vn -0.866025 -0.500000 -0.000000
vn -0.707107 -0.707107 -0.000000
vn -0.707107 -0.707107 -0.000000
vn -0.500000 -0.866025 -0.000000
vn -0.500000 -0.866025 -0.000000
vn -0.258819 -0.965926 -0.000000
vn -0.258819 -0.965926 -0.000000
vn 0.000000 -1.000000 -0.000000
vn 0.000000 -1.000000 -0.000000
vn 0.258819 -0.965926 -0.000000
vn 0.258819 -0.965926 -0.000000
vn 0.500000 -0.866025 -0.000000
vn 0.500000 -0.866025 -0.000000
vn 0.707107 -0.707107 -0.000000
vn 0.707107 -0.707107 -0.000000
vn 0.866025 -0.500000 -0.000000
vn 0.866025 -0.500000 -0.000000
vn 0.965926 0.258819 0.000000
vn 0.965926 0.258819 0.000000
vn 1.000000 0.000000 0.000000
vn 1.000000 0.000000 0.000000
vn 0.965926 -0.258819 -0.000000
vn 0.965926 -0.258819 -0.000000
vn 0.866025 -0.500000 -0.000000
vn 0.866025 -0.500000 -0.000000
vn 0.707107 -0.707107 -0.000000
vn 0.707107 -0.707107 -0.000000
vn 0.500000 -0.866025 -0.000000
vn 0.500000 -0.866025 -0.000000
vn 0.258819 -0.965926 -0.000000
vn 0.258819 -0.965926 -0.000000
vn 0.000000 -1.000000 -0.000000
vn 0.000000 -1.000000 -0.000000
vn -0.258819 -0.965926 -0.000000
vn -0.258819 -0.965926 -0.000000
vn -0.500000 -0.866025 -0.000000
vn -0.500000 -0.866025 -0.000000
vn -0.707107 -0.707107 -0.000000
vn -0.707107 -0.707107 -0.000000
vn -0.866025 -0.500000 -0.000000
vn -0.866025 -0.500000 -0.000000
vn -0.965926 -0.258819 -0.000000
vn -0.965926 -0.258819 -0.000000
vn -1.000000 -0.000000 -0.000000
vn -1.000000 -0.000000 -0.000000
vn -0.965926 0.258819 0.000000
vn -0.965926 0.258819 0.000000
vn -0.866025 0.500000 0.000000
vn -0.866025 0.500000 0.000000
vn -0.707107 0.707107 0.000000
vn -0.707107 0.707107 0.000000
vn -0.500000 0.866025 0.000000
vn -0.500000 0.866025 0.000000
vn -0.258819 0.965926 0.000000
vn -0.258819 0.965926 0.000000
vn -0.000000 1.000000 0.000000
vn -0.000000 1.000000 0.000000
vn 0.258819 0.965926 0.000000
vn 0.258819 0.965926 0.000000
vn 0.500000 0.866025 0.000000
vn 0.500000 0.866025 0.000000
vn 0.707107 0.707107 0.000000
vn 0.707107 0.707107 0.000000
vn 0.866025 0.500000 0.000000
vn 0.866025 0.500000 0.000000
vn 1.000000 0.000000 0.000000
vn 0.965926 0.258819 0.000000
vn 0.866025 0.500000 0.000000
vn 0.707107 0.707107 0.000000
vn 0.500000 0.866025 0.000000
vn 0.258819 0.965926 0.000000
vn -0.000000 1.000000 0.000000
vn -0.258819 0.965926 0.000000
vn -0.500000 0.866025 0.000000
vn -0.707107 0.707107 0.000000
vn -0.866025 0.500000 0.000000
vn -0.965926 0.258819 0.000000
vn -1.000000 -0.000000 -0.000000
vn -0.965926 -0.258819 -0.000000
vn -0.866025 -0.500000 -0.000000
vn -0.707107 -0.707107 -0.000000
vn -0.500000 -0.866025 -0.000000
vn -0.258819 -0.965926 -0.000000
vn 0.000000 -1.000000 -0.000000
vn 0.258819 -0.965926 -0.000000
vn 0.500000 -0.866025 -0.000000
vn 0.707107 -0.707107 -0.000000
vn 0.866025 -0.500000 -0.000000
vn 0.965926 -0.258819 -0.000000
vn 1.000000 0.000000 0.000000
vn 0.965926 0.258819 0.000000
vn 0.866025 0.500000 0.000000
vn 0.707107 0.707107 0.000000
vn 0.500000 0.866025 0.000000
vn 0.258819 0.965926 0.000000
vn -0.000000 1.000000 0.000000
vn -0.258819 0.965926 0.000000
vn -0.500000 0.866025 0.000000
vn -0.707107 0.707107 0.000000
vn -0.866025 0.500000 0.000000
vn -0.965926 0.258819 0.000000
vn -1.000000 -0.000000 -0.000000
vn -0.965926 -0.258819 -0.000000
vn -0.866025 -0.500000 -0.000000
vn -0.707107 -0.707107 -0.000000
vn -0.500000 -0.866025 -0.000000
vn -0.258819 -0.965926 -0.000000
vn 0.000000 -1.000000 -0.000000
vn 0.258819 -0.965926 -0.000000
vn 0.500000 -0.866025 -0.000000
vn 0.707107 -0.707107 -0.000000
vn 0.866025 -0.500000 -0.000000
vn 0.965926 -0.258819 -0.000000
vn -0.000000 0.000000 -1.000000
vn -0.000000 0.000000 -1.000000
vn -0.000000 0.000000 -1.000000
vn -0.000000 0.000000 -1.000000
vn -0.000000 0.000000 -1.000000
vn -0.000000 0.000000 -1.000000
vn -0.000000 0.000000 -1.000000
vn -0.000000 0.000000 -1.000000
vn -0.000000 0.000000 -1.000000
vn -0.000000 0.000000 -1.000000
vn -0.000000 0.000000 -1.000000
vn -0.000000 0.000000 -1.000000
vn -0.000000 0.000000 -1.000000
vn -0.000000 0.000000 -1.000000
vn -0.000000 0.000000 -1.000000
vn -0.000000 0.000000 -1.000000
vn -0.000000 0.000000 -1.000000
vn -0.000000 0.000000 -1.000000
vn -0.000000 0.000000 -1.000000
vn -0.000000 0.000000 -1.000000
vn -0.000000 0.000000 -1.000000
vn -0.000000 0.000000 -1.000000
vn -0.000000 0.000000 -1.000000
vn -0.000000 0.000000 -1.000000
vn 0.965926 -0.258819 -0.000000
vn 0.965926 -0.258819 -0.000000
vn 1.000000 0.000000 -0.000000
vn 1.000000 0.000000 -0.000000
vn 0.965926 0.258819 0.000000
vn 0.965926 0.258819 0.000000
vn 0.866025 0.500000 0.000000
vn 0.866025 0.500000 0.000000
vn 0.707107 0.707107 0.000000
vn 0.707107 0.707107 0.000000
vn 0.500000 0.866025 0.000000
vn 0.500000 0.866025 0.000000
vn 0.258819 0.965926 0.000000
vn 0.258819 0.965926 0.000000
vn -0.000000 1.000000 0.000000
vn -0.000000 1.000000 0.000000
vn -0.258819 0.965926 0.000000
vn -0.258819 0.965926 0.000000
vn -0.500000 0.866025 0.000000
vn -0.500000 0.866025 0.000000
vn -0.707107 0.707107 0.000000
vn -0.707107 0.707107 0.000000
vn -0.866025 0.500000 0.000000
vn -0.866025 0.500000 0.000000
vn -0.965926 0.258819 0.000000
vn -0.965926 0.258819 0.000000
vn -1.000000 -0.000000 0.000000
vn -1.000000 -0.000000 -0.000000
vn -0.965926 -0.258819 -0.000000
vn -0.965926 -0.258819 -0.000000
vn -0.866025 -0.500000 -0.000000
vn -0.866025 -0.500000 -0.000000
vn -0.707107 -0.707107 -0.000000
vn -0.707107 -0.707107 -0.000000
vn -0.500000 -0.866025 -0.000000
vn -0.500000 -0.866025 -0.000000
vn -0.258819 -0.965926 -0.000000
vn -0.258819 -0.965926 -0.000000
vn 0.000000 -1.000000 -0.000000
vn 0.000000 -1.000000 -0.000000
vn 0.258819 -0.965926 -0.000000
vn 0.258819 -0.965926 -0.000000
vn 0.500000 -0.866025 -0.000000
vn 0.500000 -0.866025 -0.000000
vn 0.707107 -0.707107 -0.000000
vn 0.707107 -0.707107 -0.000000
vn 0.866025 -0.500000 -0.000000
vn 0.866025 -0.500000 -0.000000
vn 0.965926 0.258819 0.000000
vn 0.965926 0.258819 0.000000
vn 1.000000 0.000000 0.000000
vn 1.000000 0.000000 0.000000
vn 0.965926 -0.258819 -0.000000
vn 0.965926 -0.258819 -0.000000
vn 0.866025 -0.500000 -0.000000
vn 0.866025 -0.500000 -0.000000
vn 0.707107 -0.707107 -0.000000
vn 0.707107 -0.707107 -0.000000
vn 0.500000 -0.866025 -0.000000
vn 0.500000 -0.866025 -0.000000
vn 0.258819 -0.965926 -0.000000
vn 0.258819 -0.965926 -0.000000
vn 0.000000 -1.000000 -0.000000
vn 0.000000 -1.000000 -0.000000
vn -0.258819 -0.965926 -0.000000
vn -0.258819 -0.965926 -0.000000
vn -0.500000 -0.866025 -0.000000
vn -0.500000 -0.866025 -0.000000
vn -0.707107 -0.707107 -0.000000
vn -0.707107 -0.707107 -0.000000
vn -0.866025 -0.500000 -0.000000
vn -0.866025 -0.500000 -0.000000
vn -0.965926 -0.258819 -0.000000
vn -0.965926 -0.258819 -0.000000
vn -1.000000 -0.000000 -0.000000
vn -1.000000 -0.000000 -0.000000
vn -0.965926 0.258819 0.000000
vn -0.965926 0.258819 0.000000
vn -0.866025 0.500000 0.000000
vn -0.866025 0.500000 0.000000
vn -0.707107 0.707107 0.000000
vn -0.707107 0.707107 0.000000
vn -0.500000 0.866025 0.000000
vn -0.500000 0.866025 0.000000
vn -0.258819 0.965926 0.000000
vn -0.258819 0.965926 0.000000
vn -0.000000 1.000000 0.000000
vn -0.000000 1.000000 0.000000
vn 0.258819 0.965926 0.000000
vn 0.258819 0.965926 0.000000
vn 0.500000 0.866025 0.000000
vn 0.500000 0.866025 0.000000
vn 0.707107 0.707107 0.000000
vn 0.707107 0.707107 0.000000
vn 0.866025 0.500000 0.000000
vn 0.866025 0.500000 0.000000
vn 1.000000 0.000000 0.000000
vn 0.965926 0.258819 0.000000
vn 0.866025 0.500000 0.000000
vn 0.707107 0.707107 0.000000
vn 0.500000 0.866025 0.000000
vn 0.258819 0.965926 0.000000
vn -0.000000 1.000000 0.000000
vn -0.258819 0.965926 0.000000
vn -0.500000 0.866025 0.000000
vn -0.707107 0.707107 0.000000
vn -0.866025 0.500000 0.000000
vn -0.965926 0.258819 0.000000
vn -1.000000 -0.000000 -0.000000
vn -0.965926 -0.258819 -0.000000
vn -0.866025 -0.500000 -0.000000
vn -0.707107 -0.707107 -0.000000
vn -0.500000 -0.866025 -0.000000
vn -0.258819 -0.965926 -0.000000
vn 0.000000 -1.000000 -0.000000
vn 0.258819 -0.965926 -0.000000
vn 0.500000 -0.866025 -0.000000
vn 0.707107 -0.707107 -0.000000
vn 0.866025 -0.500000 -0.000000
vn 0.965926 -0.258819 -0.000000
vn 1.000000 0.000000 0.000000
vn 0.965926 0.258819 0.000000
vn 0.866025 0.500000 0.000000
vn 0.707107 0.707107 0.000000
vn 0.500000 0.866025 0.000000
vn 0.258819 0.965926 0.000000
vn -0.000000 1.000000 0.000000
vn -0.258819 0.965926 0.000000
vn -0.500000 0.866025 0.000000
vn -0.707107 0.707107 0.000000
vn -0.866025 0.500000 0.000000
vn -0.965926 0.258819 0.000000
vn -1.000000 -0.000000 -0.000000
vn -0.965926 -0.258819 -0.000000
vn -0.866025 -0.500000 -0.000000
vn -0.707107 -0.707107 -0.000000
vn -0.500000 -0.866025 -0.000000
vn -0.258819 -0.965926 -0.000000
vn 0.000000 -1.000000 -0.000000
vn 0.258819 -0.965926 -0.000000
vn 0.500000 -0.866025 -0.000000
vn 0.707107 -0.707107 -0.000000
vn 0.866025 -0.500000 -0.000000
vn 0.965926 -0.258819 -0.000000
vn -0.000000 0.000000 -1.000000
vn -0.000000 0.000000 -1.000000
vn -0.000000 0.000000 -1.000000
vn -0.000000 0.000000 -1.000000
vn -0.000000 0.000000 -1.000000
vn -0.000000 0.000000 -1.000000
vn -0.000000 0.000000 -1.000000
vn -0.000000 0.000000 -1.000000
vn -0.000000 0.000000 -1.000000
vn -0.000000 0.000000 -1.000000
vn -0.000000 0.000000 -1.000000
vn -0.000000 0.000000 -1.000000
vn -0.000000 0.000000 -1.000000
vn -0.000000 0.000000 -1.000000
vn -0.000000 0.000000 -1.000000
vn -0.000000 0.000000 -1.000000
vn -0.000000 0.000000 -1.000000
vn -0.000000 0.000000 -1.000000
vn -0.000000 0.000000 -1.000000
vn -0.000000 0.000000 -1.000000
vn -0.000000 0.000000 -1.000000
vn -0.000000 0.000000 -1.000000
vn -0.000000 0.000000 -1.000000
vn -0.000000 0.000000 -1.000000
vn 0.965926 -0.258819 -0.000000
vn 0.965926 -0.258819 -0.000000
vn 1.000000 0.000000 -0.000000
vn 1.000000 0.000000 -0.000000
vn 0.965926 0.258819 0.000000
vn 0.965926 0.258819 0.000000
vn 0.866025 0.500000 0.000000
vn 0.866025 0.500000 0.000000
vn 0.707107 0.707107 0.000000
vn 0.707107 0.707107 0.000000
vn 0.500000 0.866025 0.000000
vn 0.500000 0.866025 0.000000
vn 0.258819 0.965926 0.000000
vn 0.258819 0.965926 0.000000
vn -0.000000 1.000000 0.000000
vn -0.000000 1.000000 0.000000
vn -0.258819 0.965926 0.000000
vn -0.258819 0.965926 0.000000
vn -0.500000 0.866025 0.000000
vn -0.500000 0.866025 0.000000
vn -0.707107 0.707107 0.000000
vn -0.707107 0.707107 0.000000
vn -0.866025 0.500000 0.000000
vn -0.866025 0.500000 0.000000
vn -0.965926 0.258819 0.000000
vn -0.965926 0.258819 0.000000
vn -1.000000 -0.000000 0.000000
vn -1.000000 -0.000000 -0.000000
vn -0.965926 -0.258819 -0.000000
vn -0.965926 -0.258819 -0.000000
vn -0.866025 -0.500000 -0.000000
vn -0.866025 -0.500000 -0.000000
vn -0.707107 -0.707107 -0.000000
vn -0.707107 -0.707107 -0.000000
vn -0.500000 -0.866025 -0.000000
vn -0.500000 -0.866025 -0.000000
vn -0.258819 -0.965926 -0.000000
vn -0.258819 -0.965926 -0.000000
vn 0.000000 -1.000000 -0.000000
vn 0.000000 -1.000000 -0.000000
vn 0.258819 -0.965926 -0.000000
vn 0.258819 -0.965926 -0.000000
vn 0.500000 -0.866025 -0.000000
vn 0.500000 -0.866025 -0.000000
vn 0.707107 -0.707107 -0.000000
vn 0.707107 -0.707107 -0.000000
vn 0.866025 -0.500000 -0.000000
vn 0.866025 -0.500000 -0.000000
vn 0.965926 0.258819 0.000000
vn 0.965926 0.258819 0.000000
vn 1.000000 0.000000 0.000000
vn 1.000000 0.000000 0.000000
vn 0.965926 -0.258819 -0.000000
vn 0.965926 -0.258819 -0.000000
vn 0.866025 -0.500000 -0.000000
vn 0.866025 -0.500000 -0.000000
vn 0.707107 -0.707107 -0.000000
vn 0.707107 -0.707107 -0.000000
vn 0.500000 -0.866025 -0.000000
vn 0.500000 -0.866025 -0.000000
vn 0.258819 -0.965926 -0.000000
vn 0.258819 -0.965926 -0.000000
vn 0.000000 -1.000000 -0.000000
vn 0.000000 -1.000000 -0.000000
vn -0.258819 -0.965926 -0.000000
vn -0.258819 -0.965926 -0.000000
vn -0.500000 -0.866025 -0.000000
vn -0.500000 -0.866025 -0.000000
vn -0.707107 -0.707107 -0.000000
vn -0.707107 -0.707107 -0.000000
vn -0.866025 -0.500000 -0.000000
vn -0.866025 -0.500000 -0.000000
vn -0.965926 -0.258819 -0.000000
vn -0.965926 -0.258819 -0.000000
vn -1.000000 -0.000000 -0.000000
vn -1.000000 -0.000000 -0.000000
vn -0.965926 0.258819 0.000000
vn -0.965926 0.258819 0.000000
vn -0.866025 0.500000 0.000000
vn -0.866025 0.500000 0.000000
vn -0.707107 0.707107 0.000000
vn -0.707107 0.707107 0.000000
vn -0.500000 0.866025 0.000000
vn -0.500000 0.866025 0.000000
vn -0.258819 0.965926 0.000000
vn -0.258819 0.965926 0.000000
vn -0.000000 1.000000 0.000000
vn -0.000000 1.000000 0.000000
vn 0.258819 0.965926 0.000000
vn 0.258819 0.965926 0.000000
vn 0.500000 0.866025 0.000000
vn 0.500000 0.866025 0.000000
vn 0.707107 0.707107 0.000000
vn 0.707107 0.707107 0.000000
vn 0.866025 0.500000 0.000000
vn 0.866025 0.500000 0.000000
vn 1.000000 0.000000 0.000000
vn 0.965926 0.258819 0.000000
vn 0.866025 0.500000 0.000000
vn 0.707107 0.707107 0.000000
vn 0.500000 0.866025 0.000000
vn 0.258819 0.965926 0.000000
vn -0.000000 1.000000 0.000000
vn -0.258819 0.965926 0.000000
vn -0.500000 0.866025 0.000000
vn -0.707107 0.707107 0.000000
vn -0.866025 0.500000 0.000000
vn -0.965926 0.258819 0.000000
vn -1.000000 -0.000000 -0.000000
vn -0.965926 -0.258819 -0.000000
vn -0.866025 -0.500000 -0.000000
vn -0.707107 -0.707107 -0.000000
vn -0.500000 -0.866025 -0.000000
vn -0.258819 -0.965926 -0.000000
vn 0.000000 -1.000000 -0.000000
vn 0.258819 -0.965926 -0.000000
vn 0.500000 -0.866025 -0.000000
vn 0.707107 -0.707107 -0.000000
vn 0.866025 -0.500000 -0.000000
vn 0.965926 -0.258819 -0.000000
vn 1.000000 0.000000 0.000000
vn 0.965926 0.258819 0.000000
vn 0.866025 0.500000 0.000000
vn 0.707107 0.707107 0.000000
vn 0.500000 0.866025 0.000000
vn 0.258819 0.965926 0.000000
vn -0.000000 1.000000 0.000000
vn -0.258819 0.965926 0.000000
vn -0.500000 0.866025 0.000000
vn -0.707107 0.707107 0.000000
vn -0.866025 0.500000 0.000000
vn -0.965926 0.258819 0.000000
vn -1.000000 -0.000000 -0.000000
vn -0.965926 -0.258819 -0.000000
vn -0.866025 -0.500000 -0.000000
vn -0.707107 -0.707107 -0.000000
vn -0.500000 -0.866025 -0.000000
vn -0.258819 -0.965926 -0.000000
vn 0.000000 -1.000000 -0.000000
vn 0.258819 -0.965926 -0.000000
vn 0.500000 -0.866025 -0.000000
vn 0.707107 -0.707107 -0.000000
vn 0.866025 -0.500000 -0.000000
vn 0.965926 -0.258819 -0.000000
vn -0.000000 0.000000 -1.000000
vn -0.000000 0.000000 -1.000000
vn -0.000000 0.000000 -1.000000
vn -0.000000 0.000000 -1.000000
vn -0.000000 0.000000 -1.000000
vn -0.000000 0.000000 -1.000000
vn -0.000000 0.000000 -1.000000
vn -0.000000 0.000000 -1.000000
vn -0.000000 0.000000 -1.000000
vn -0.000000 0.000000 -1.000000
vn -0.000000 0.000000 -1.000000
vn -0.000000 0.000000 -1.000000
vn -0.000000 0.000000 -1.000000
vn -0.000000 0.000000 -1.000000
vn -0.000000 0.000000 -1.000000
vn -0.000000 0.000000 -1.000000
vn -0.000000 0.000000 -1.000000
vn -0.000000 0.000000 -1.000000
vn -0.000000 0.000000 -1.000000
vn -0.000000 0.000000 -1.000000
vn -0.000000 0.000000 -1.000000
vn -0.000000 0.000000 -1.000000
vn -0.000000 0.000000 -1.000000
vn -0.000000 0.000000 -1.000000
vn 0.965926 -0.258819 -0.000000
vn 0.965926 -0.258819 -0.000000
vn 1.000000 0.000000 -0.000000
vn 1.000000 0.000000 -0.000000
vn 0.965926 0.258819 0.000000
vn 0.965926 0.258819 0.000000
vn 0.866025 0.500000 0.000000
vn 0.866025 0.500000 0.000000
vn 0.707107 0.707107 0.000000
vn 0.707107 0.707107 0.000000
vn 0.500000 0.866025 0.000000
vn 0.500000 0.866025 0.000000
vn 0.258819 0.965926 0.000000
vn 0.258819 0.965926 0.000000
vn -0.000000 1.000000 0.000000
vn -0.000000 1.000000 0.000000
vn -0.258819 0.965926 0.000000
vn -0.258819 0.965926 0.000000
vn -0.500000 0.866025 0.000000
vn -0.500000 0.866025 0.000000
vn -0.707107 0.707107 0.000000
vn -0.707107 0.707107 0.000000
vn -0.866025 0.500000 0.000000
vn -0.866025 0.500000 0.000000
vn -0.965926 0.258819 0.000000
vn -0.965926 0.258819 0.000000
vn -1.000000 -0.000000 0.000000
vn -1.000000 -0.000000 -0.000000
vn -0.965926 -0.258819 -0.000000
vn -0.965926 -0.258819 -0.000000
vn -0.866025 -0.500000 -0.000000
vn -0.866025 -0.500000 -0.000000
vn -0.707107 -0.707107 -0.000000
vn -0.707107 -0.707107 -0.000000
vn -0.500000 -0.866025 -0.000000
vn -0.500000 -0.866025 -0.000000
vn -0.258819 -0.965926 -0.000000
vn -0.258819 -0.965926 -0.000000
vn 0.000000 -1.000000 -0.000000
vn 0.000000 -1.000000 -0.000000
vn 0.258819 -0.965926 -0.000000
vn 0.258819 -0.965926 -0.000000
vn 0.500000 -0.866025 -0.000000
vn 0.500000 -0.866025 -0.000000
vn 0.707107 -0.707107 -0.000000
vn 0.707107 -0.707107 -0.000000
vn 0.866025 -0.500000 -0.000000
vn 0.866025 -0.500000 -0.000000
vn 0.965926 0.258819 0.000000
vn 0.965926 0.258819 0.000000
vn 1.000000 0.000000 0.000000
vn 1.000000 0.000000 0.000000
vn 0.965926 -0.258819 -0.000000
vn 0.965926 -0.258819 -0.000000
vn 0.866025 -0.500000 -0.000000
vn 0.866025 -0.500000 -0.000000
vn 0.707107 -0.707107 -0.000000
vn 0.707107 -0.707107 -0.000000
vn 0.500000 -0.866025 -0.000000
vn 0.500000 -0.866025 -0.000000
vn 0.258819 -0.965926 -0.000000
vn 0.258819 -0.965926 -0.000000
vn 0.000000 -1.000000 -0.000000
vn 0.000000 -1.000000 -0.000000
vn -0.258819 -0.965926 -0.000000
vn -0.258819 -0.965926 -0.000000
vn -0.500000 -0.866025 -0.000000
vn -0.500000 -0.866025 -0.000000
vn -0.707107 -0.707107 -0.000000
vn -0.707107 -0.707107 -0.000000
vn -0.866025 -0.500000 -0.000000
vn -0.866025 -0.500000 -0.000000
vn -0.965926 -0.258819 -0.000000
vn -0.965926 -0.258819 -0.000000
vn -1.000000 -0.000000 -0.000000
vn -1.000000 -0.000000 -0.000000
vn -0.965926 0.258819 0.000000
vn -0.965926 0.258819 0.000000
vn -0.866025 0.500000 0.000000
vn -0.866025 0.500000 0.000000
vn -0.707107 0.707107 0.000000
vn -0.707107 0.707107 0.000000
vn -0.500000 0.866025 0.000000
vn -0.500000 0.866025 0.000000
vn -0.258819 0.965926 0.000000
vn -0.258819 0.965926 0.000000
vn -0.000000 1.000000 0.000000
vn -0.000000 1.000000 0.000000
vn 0.258819 0.965926 0.000000
vn 0.258819 0.965926 0.000000
vn 0.500000 0.866025 0.000000
vn 0.500000 0.866025 0.000000
vn 0.707107 0.707107 0.000000
vn 0.707107 0.707107 0.000000
vn 0.866025 0.500000 0.000000
vn 0.866025 0.500000 0.000000
vn 1.000000 0.000000 0.000000
vn 0.965926 0.258819 0.000000
vn 0.866025 0.500000 0.000000
vn 0.707107 0.707107 0.000000
vn 0.500000 0.866025 0.000000
vn 0.258819 0.965926 0.000000
vn -0.000000 1.000000 0.000000
vn -0.258819 0.965926 0.000000
vn -0.500000 0.866025 0.000000
vn -0.707107 0.707107 0.000000
vn -0.866025 0.500000 0.000000
vn -0.965926 0.258819 0.000000
vn -1.000000 -0.000000 -0.000000
vn -0.965926 -0.258819 -0.000000
vn -0.866025 -0.500000 -0.000000
vn -0.707107 -0.707107 -0.000000
vn -0.500000 -0.866025 -0.000000
vn -0.258819 -0.965926 -0.000000
vn 0.000000 -1.000000 -0.000000
vn 0.258819 -0.965926 -0.000000
vn 0.500000 -0.866025 -0.000000
vn 0.707107 -0.707107 -0.000000
vn 0.866025 -0.500000 -0.000000
vn 0.965926 -0.258819 -0.000000
vn 1.000000 0.000000 0.000000
vn 0.965926 0.258819 0.000000
vn 0.866025 0.500000 0.000000
vn 0.707107 0.707107 0.000000
vn 0.500000 0.866025 0.000000
vn 0.258819 0.965926 0.000000
vn -0.000000 1.000000 0.000000
vn -0.258819 0.965926 0.000000
vn -0.500000 0.866025 0.000000
vn -0.707107 0.707107 0.000000
vn -0.866025 0.500000 0.000000
vn -0.965926 0.258819 0.000000
vn -1.000000 -0.000000 -0.000000
vn -0.965926 -0.258819 -0.000000
vn -0.866025 -0.500000 -0.000000
vn -0.707107 -0.707107 -0.000000
vn -0.500000 -0.866025 -0.000000
vn -0.258819 -0.965926 -0.000000
vn 0.000000 -1.000000 -0.000000
vn 0.258819 -0.965926 -0.000000
vn 0.500000 -0.866025 -0.000000
vn 0.707107 -0.707107 -0.000000
vn 0.866025 -0.500000 -0.000000
vn 0.965926 -0.258819 -0.000000
vn -0.000000 0.000000 -1.000000
vn -0.000000 0.000000 -1.000000
vn -0.000000 0.000000 -1.000000
vn -0.000000 0.000000 -1.000000
vn -0.000000 0.000000 -1.000000
vn -0.000000 0.000000 -1.000000
vn -0.000000 0.000000 -1.000000
vn -0.000000 0.000000 -1.000000
vn -0.000000 0.000000 -1.000000
vn -0.000000 0.000000 -1.000000
vn -0.000000 0.000000 -1.000000
vn -0.000000 0.000000 -1.000000
vn -0.000000 0.000000 -1.000000
vn -0.000000 0.000000 -1.000000
vn -0.000000 0.000000 -1.000000
vn -0.000000 0.000000 -1.000000
vn -0.000000 0.000000 -1.000000
vn -0.000000 0.000000 -1.000000
vn -0.000000 0.000000 -1.000000
vn -0.000000 0.000000 -1.000000
vn -0.000000 0.000000 -1.000000
vn -0.000000 0.000000 -1.000000
vn -0.000000 0.000000 -1.000000
vn -0.000000 0.000000 -1.000000
vn 0.965926 -0.258819 -0.000000
vn 0.965926 -0.258819 -0.000000
vn 1.000000 0.000000 -0.000000
vn 1.000000 0.000000 -0.000000
vn 0.965926 0.258819 0.000000
vn 0.965926 0.258819 0.000000
vn 0.866025 0.500000 0.000000
vn 0.866025 0.500000 0.000000
vn 0.707107 0.707107 0.000000
vn 0.707107 0.707107 0.000000
vn 0.500000 0.866025 0.000000
vn 0.500000 0.866025 0.000000
vn 0.258819 0.965926 0.000000
vn 0.258819 0.965926 0.000000
vn -0.000000 1.000000 0.000000
vn -0.000000 1.000000 0.000000
vn -0.258819 0.965926 0.000000
vn -0.258819 0.965926 0.000000
vn -0.500000 0.866025 0.000000
vn -0.500000 0.866025 0.000000
vn -0.707107 0.707107 0.000000
vn -0.707107 0.707107 0.000000
vn -0.866025 0.500000 0.000000
vn -0.866025 0.500000 0.000000
vn -0.965926 0.258819 0.000000
vn -0.965926 0.258819 0.000000
vn -1.000000 -0.000000 0.000000
vn -1.000000 -0.000000 -0.000000
vn -0.965926 -0.258819 -0.000000
vn -0.965926 -0.258819 -0.000000
vn -0.866025 -0.500000 -0.000000
vn -0.866025 -0.500000 -0.000000
vn -0.707107 -0.707107 -0.000000
vn -0.707107 -0.707107 -0.000000
vn -0.500000 -0.866025 -0.000000
vn -0.500000 -0.866025 -0.000000
vn -0.258819 -0.965926 -0.000000
vn -0.258819 -0.965926 -0.000000
vn 0.000000 -1.000000 -0.000000
vn 0.000000 -1.000000 -0.000000
vn 0.258819 -0.965926 -0.000000
vn 0.258819 -0.965926 -0.000000
vn 0.500000 -0.866025 -0.000000
vn 0.500000 -0.866025 -0.000000
vn 0.707107 -0.707107 -0.000000
vn 0.707107 -0.707107 -0.000000
vn 0.866025 -0.500000 -0.000000
vn 0.866025 -0.500000 -0.000000
vn 0.965926 0.258819 0.000000
vn 0.965926 0.258819 0.000000
vn 1.000000 0.000000 0.000000
vn 1.000000 0.000000 0.000000
vn 0.965926 -0.258819 -0.000000
vn 0.965926 -0.258819 -0.000000
vn 0.866025 -0.500000 -0.000000
vn 0.866025 -0.500000 -0.000000
vn 0.707107 -0.707107 -0.000000
vn 0.707107 -0.707107 -0.000000
vn 0.500000 -0.866025 -0.000000
vn 0.500000 -0.866025 -0.000000
vn 0.258819 -0.965926 -0.000000
vn 0.258819 -0.965926 -0.000000
vn 0.000000 -1.000000 -0.000000
vn 0.000000 -1.000000 -0.000000
vn -0.258819 -0.965926 -0.000000
vn -0.258819 -0.965926 -0.000000
vn -0.500000 -0.866025 -0.000000
vn -0.500000 -0.866025 -0.000000
vn -0.707107 -0.707107 -0.000000
vn -0.707107 -0.707107 -0.000000
vn -0.866025 -0.500000 -0.000000
vn -0.866025 -0.500000 -0.000000
vn -0.965926 -0.258819 -0.000000
vn -0.965926 -0.258819 -0.000000
vn -1.000000 -0.000000 -0.000000
vn -1.000000 -0.000000 -0.000000
vn -0.965926 0.258819 0.000000
vn -0.965926 0.258819 0.000000
vn -0.866025 0.500000 0.000000
vn -0.866025 0.500000 0.000000
vn -0.707107 0.707107 0.000000
vn -0.707107 0.707107 0.000000
vn -0.500000 0.866025 0.000000
vn -0.500000 0.866025 0.000000
vn -0.258819 0.965926 0.000000
vn -0.258819 0.965926 0.000000
vn -0.000000 1.000000 0.000000
vn -0.000000 1.000000 0.000000
vn 0.258819 0.965926 0.000000
vn 0.258819 0.965926 0.000000
vn 0.500000 0.866025 0.000000
vn 0.500000 0.866025 0.000000
vn 0.707107 0.707107 0.000000
vn 0.707107 0.707107 0.000000
vn 0.866025 0.500000 0.000000
vn 0.866025 0.500000 0.000000
vn 1.000000 0.000000 0.000000
vn 0.965926 0.258819 0.000000
vn 0.866025 0.500000 0.000000
vn 0.707107 0.707107 0.000000
vn 0.500000 0.866025 0.000000
vn 0.258819 0.965926 0.000000
vn -0.000000 1.000000 0.000000
vn -0.258819 0.965926 0.000000
vn -0.500000 0.866025 0.000000
vn -0.707107 0.707107 0.000000
vn -0.866025 0.500000 0.000000
vn -0.965926 0.258819 0.000000
vn -1.000000 -0.000000 -0.000000
vn -0.965926 -0.258819 -0.000000
vn -0.866025 -0.500000 -0.000000
vn -0.707107 -0.707107 -0.000000
vn -0.500000 -0.866025 -0.000000
vn -0.258819 -0.965926 -0.000000
vn 0.000000 -1.000000 -0.000000
vn 0.258819 -0.965926 -0.000000
vn 0.500000 -0.866025 -0.000000
vn 0.707107 -0.707107 -0.000000
vn 0.866025 -0.500000 -0.000000
vn 0.965926 -0.258819 -0.000000
vn 1.000000 0.000000 0.000000
vn 0.965926 0.258819 0.000000
vn 0.866025 0.500000 0.000000
vn 0.707107 0.707107 0.000000
vn 0.500000 0.866025 0.000000
vn 0.258819 0.965926 0.000000
vn -0.000000 1.000000 0.000000
vn -0.258819 0.965926 0.000000
vn -0.500000 0.866025 0.000000
vn -0.707107 0.707107 0.000000
vn -0.866025 0.500000 0.000000
vn -0.965926 0.258819 0.000000
vn -1.000000 -0.000000 -0.000000
vn -0.965926 -0.258819 -0.000000
vn -0.866025 -0.500000 -0.000000
vn -0.707107 -0.707107 -0.000000
vn -0.500000 -0.866025 -0.000000
vn -0.258819 -0.965926 -0.000000
vn 0.000000 -1.000000 -0.000000
vn 0.258819 -0.965926 -0.000000
vn 0.500000 -0.866025 -0.000000
vn 0.707107 -0.707107 -0.000000
vn 0.866025 -0.500000 -0.000000
vn 0.965926 -0.258819 -0.000000
vn -0.000000 0.000000 -1.000000
vn -0.000000 0.000000 -1.000000
vn -0.000000 0.000000 -1.000000
vn -0.000000 0.000000 -1.000000
vn -0.000000 0.000000 -1.000000
vn -0.000000 0.000000 -1.000000
vn -0.000000 0.000000 -1.000000
vn -0.000000 0.000000 -1.000000
vn -0.000000 0.000000 -1.000000
vn -0.000000 0.000000 -1.000000
vn -0.000000 0.000000 -1.000000
vn -0.000000 0.000000 -1.000000
vn -0.000000 0.000000 -1.000000
vn -0.000000 0.000000 -1.000000
vn -0.000000 0.000000 -1.000000
vn -0.000000 0.000000 -1.000000
vn -0.000000 0.000000 -1.000000
vn -0.000000 0.000000 -1.000000
vn -0.000000 0.000000 -1.000000
vn -0.000000 0.000000 -1.000000
vn -0.000000 0.000000 -1.000000
vn -0.000000 0.000000 -1.000000
vn -0.000000 0.000000 -1.000000
vn -0.000000 0.000000 -1.000000
vn 0.965926 -0.258819 -0.000000
vn 0.965926 -0.258819 -0.000000
vn 1.000000 0.000000 -0.000000
vn 1.000000 0.000000 -0.000000
vn 0.965926 0.258819 0.000000
vn 0.965926 0.258819 0.000000
vn 0.866025 0.500000 0.000000
vn 0.866025 0.500000 0.000000
vn 0.707107 0.707107 0.000000
vn 0.707107 0.707107 0.000000
vn 0.500000 0.866025 0.000000
vn 0.500000 0.866025 0.000000
vn 0.258819 0.965926 0.000000
vn 0.258819 0.965926 0.000000
vn -0.000000 1.000000 0.000000
vn -0.000000 1.000000 0.000000
vn -0.258819 0.965926 0.000000
vn -0.258819 0.965926 0.000000
vn -0.500000 0.866025 0.000000
vn -0.500000 0.866025 0.000000
vn -0.707107 0.707107 0.000000
vn -0.707107 0.707107 0.000000
vn -0.866025 0.500000 0.000000
vn -0.866025 0.500000 0.000000
vn -0.965926 0.258819 0.000000
vn -0.965926 0.258819 0.000000
vn -1.000000 -0.000000 0.000000
vn -1.000000 -0.000000 -0.000000
vn -0.965926 -0.258819 -0.000000
vn -0.965926 -0.258819 -0.000000
vn -0.866025 -0.500000 -0.000000
vn -0.866025 -0.500000 -0.000000
vn -0.707107 -0.707107 -0.000000
vn -0.707107 -0.707107 -0.000000
vn -0.500000 -0.866025 -0.000000
vn -0.500000 -0.866025 -0.000000
vn -0.258819 -0.965926 -0.000000
vn -0.258819 -0.965926 -0.000000
vn 0.000000 -1.000000 -0.000000
vn 0.000000 -1.000000 -0.000000
vn 0.258819 -0.965926 -0.000000
vn 0.258819 -0.965926 -0.000000
vn 0.500000 -0.866025 -0.000000
vn 0.500000 -0.866025 -0.000000
vn 0.707107 -0.707107 -0.000000
vn 0.707107 -0.707107 -0.000000
vn 0.866025 -0.500000 -0.000000
vn 0.866025 -0.500000 -0.000000
vn 0.965926 0.258819 0.000000
vn 0.965926 0.258819 0.000000
vn 1.000000 0.000000 0.000000
vn 1.000000 0.000000 0.000000
vn 0.965926 -0.258819 -0.000000
vn 0.965926 -0.258819 -0.000000
vn 0.866025 -0.500000 -0.000000
vn 0.866025 -0.500000 -0.000000
vn 0.707107 -0.707107 -0.000000
vn 0.707107 -0.707107 -0.000000
vn 0.500000 -0.866025 -0.000000
vn 0.500000 -0.866025 -0.000000
vn 0.258819 -0.965926 -0.000000
vn 0.258819 -0.965926 -0.000000
vn 0.000000 -1.000000 -0.000000
vn 0.000000 -1.000000 -0.000000
vn -0.258819 -0.965926 -0.000000
vn -0.258819 -0.965926 -0.000000
vn -0.500000 -0.866025 -0.000000
vn -0.500000 -0.866025 -0.000000
vn -0.707107 -0.707107 -0.000000
vn -0.707107 -0.707107 -0.000000
vn -0.866025 -0.500000 -0.000000
vn -0.866025 -0.500000 -0.000000
vn -0.965926 -0.258819 -0.000000
vn -0.965926 -0.258819 -0.000000
vn -1.000000 -0.000000 -0.000000
vn -1.000000 -0.000000 -0.000000
vn -0.965926 0.258819 0.000000
vn -0.965926 0.258819 0.000000
vn -0.866025 0.500000 0.000000
vn -0.866025 0.500000 0.000000
vn -0.707107 0.707107 0.000000
vn -0.707107 0.707107 0.000000
vn -0.500000 0.866025 0.000000
vn -0.500000 0.866025 0.000000
vn -0.258819 0.965926 0.000000
vn -0.258819 0.965926 0.000000
vn -0.000000 1.000000 0.000000
vn -0.000000 1.000000 0.000000
vn 0.258819 0.965926 0.000000
vn 0.258819 0.965926 0.000000
vn 0.500000 0.866025 0.000000
vn 0.500000 0.866025 0.000000
vn 0.707107 0.707107 0.000000
vn 0.707107 0.707107 0.000000
vn 0.866025 0.500000 0.000000
vn 0.866025 0.500000 0.000000
vn 1.000000 0.000000 0.000000
vn 0.965926 0.258819 0.000000
vn 0.866025 0.500000 0.000000
vn 0.707107 0.707107 0.000000
vn 0.500000 0.866025 0.000000
vn 0.258819 0.965926 0.000000
vn -0.000000 1.000000 0.000000
vn -0.258819 0.965926 0.000000
vn -0.500000 0.866025 0.000000
vn -0.707107 0.707107 0.000000
vn -0.866025 0.500000 0.000000
vn -0.965926 0.258819 0.000000
vn -1.000000 -0.000000 -0.000000
vn -0.965926 -0.258819 -0.000000
vn -0.866025 -0.500000 -0.000000
vn -0.707107 -0.707107 -0.000000
vn -0.500000 -0.866025 -0.000000
vn -0.258819 -0.965926 -0.000000
vn 0.000000 -1.000000 -0.000000
vn 0.258819 -0.965926 -0.000000
vn 0.500000 -0.866025 -0.000000
vn 0.707107 -0.707107 -0.000000
vn 0.866025 -0.500000 -0.000000
vn 0.965926 -0.258819 -0.000000
vn 1.000000 0.000000 0.000000
vn 0.965926 0.258819 0.000000
vn 0.866025 0.500000 0.000000
vn 0.707107 0.707107 0.000000
vn 0.500000 0.866025 0.000000
vn 0.258819 0.965926 0.000000
vn -0.000000 1.000000 0.000000
vn -0.258819 0.965926 0.000000
vn -0.500000 0.866025 0.000000
vn -0.707107 0.707107 0.000000
vn -0.866025 0.500000 0.000000
vn -0.965926 0.258819 0.000000
vn -1.000000 -0.000000 -0.000000
vn -0.965926 -0.258819 -0.000000
vn -0.866025 -0.500000 -0.000000
vn -0.707107 -0.707107 -0.000000
vn -0.500000 -0.866025 -0.000000
vn -0.258819 -0.965926 -0.000000
vn 0.000000 -1.000000 -0.000000
vn 0.258819 -0.965926 -0.000000
vn 0.500000 -0.866025 -0.000000
vn 0.707107 -0.707107 -0.000000
vn 0.866025 -0.500000 -0.000000
vn 0.965926 -0.258819 -0.000000
vn -0.000000 0.000000 -1.000000
vn -0.000000 0.000000 -1.000000
vn -0.000000 0.000000 -1.000000
vn -0.000000 0.000000 -1.000000
vn -0.000000 0.000000 -1.000000
vn -0.000000 0.000000 -1.000000
vn -0.000000 0.000000 -1.000000
vn -0.000000 0.000000 -1.000000
vn -0.000000 0.000000 -1.000000
vn -0.000000 0.000000 -1.000000
vn -0.000000 0.000000 -1.000000
vn -0.000000 0.000000 -1.000000
vn -0.000000 0.000000 -1.000000
vn -0.000000 0.000000 -1.000000
vn -0.000000 0.000000 -1.000000
vn -0.000000 0.000000 -1.000000
vn -0.000000 0.000000 -1.000000
vn -0.000000 0.000000 -1.000000
vn -0.000000 0.000000 -1.000000
vn -0.000000 0.000000 -1.000000
vn -0.000000 0.000000 -1.000000
vn -0.000000 0.000000 -1.000000
vn -0.000000 0.000000 -1.000000
vn -0.000000 0.000000 -1.000000
vn 0.965926 -0.258819 -0.000000
vn 0.965926 -0.258819 -0.000000
vn 1.000000 0.000000 -0.000000
vn 1.000000 0.000000 -0.000000
vn 0.965926 0.258819 0.000000
vn 0.965926 0.258819 0.000000
vn 0.866025 0.500000 0.000000
vn 0.866025 0.500000 0.000000
vn 0.707107 0.707107 0.000000
vn 0.707107 0.707107 0.000000
vn 0.500000 0.866025 0.000000
vn 0.500000 0.866025 0.000000
vn 0.258819 0.965926 0.000000
vn 0.258819 0.965926 0.000000
vn -0.000000 1.000000 0.000000
vn -0.000000 1.000000 0.000000
vn -0.258819 0.965926 0.000000
vn -0.258819 0.965926 0.000000
vn -0.500000 0.866025 0.000000
vn -0.500000 0.866025 0.000000
vn -0.707107 0.707107 0.000000
vn -0.707107 0.707107 0.000000
vn -0.866025 0.500000 0.000000
vn -0.866025 0.500000 0.000000
vn -0.965926 0.258819 0.000000
vn -0.965926 0.258819 0.000000
vn -1.000000 -0.000000 0.000000
vn -1.000000 -0.000000 -0.000000
vn -0.965926 -0.258819 -0.000000
vn -0.965926 -0.258819 -0.000000
vn -0.866025 -0.500000 -0.000000
vn -0.866025 -0.500000 -0.000000
vn -0.707107 -0.707107 -0.000000
vn -0.707107 -0.707107 -0.000000
vn -0.500000 -0.866025 -0.000000
vn -0.500000 -0.866025 -0.000000
vn -0.258819 -0.965926 -0.000000
vn -0.258819 -0.965926 -0.000000
vn 0.000000 -1.000000 -0.000000
vn 0.000000 -1.000000 -0.000000
vn 0.258819 -0.965926 -0.000000
vn 0.258819 -0.965926 -0.000000
vn 0.500000 -0.866025 -0.000000
vn 0.500000 -0.866025 -0.000000
vn 0.707107 -0.707107 -0.000000
vn 0.707107 -0.707107 -0.000000
vn 0.866025 -0.500000 -0.000000
vn 0.866025 -0.500000 -0.000000
vn 0.965926 0.258819 0.000000
vn 0.965926 0.258819 0.000000
vn 1.000000 0.000000 0.000000
vn 1.000000 0.000000 0.000000
vn 0.965926 -0.258819 -0.000000
vn 0.965926 -0.258819 -0.000000
vn 0.866025 -0.500000 -0.000000
vn 0.866025 -0.500000 -0.000000
vn 0.707107 -0.707107 -0.000000
vn 0.707107 -0.707107 -0.000000
vn 0.500000 -0.866025 -0.000000
vn 0.500000 -0.866025 -0.000000
vn 0.258819 -0.965926 -0.000000
vn 0.258819 -0.965926 -0.000000
vn 0.000000 -1.000000 -0.000000
vn 0.000000 -1.000000 -0.000000
vn -0.258819 -0.965926 -0.000000
vn -0.258819 -0.965926 -0.000000
vn -0.500000 -0.866025 -0.000000
vn -0.500000 -0.866025 -0.000000
vn -0.707107 -0.707107 -0.000000
vn -0.707107 -0.707107 -0.000000
vn -0.866025 -0.500000 -0.000000
vn -0.866025 -0.500000 -0.000000
vn -0.965926 -0.258819 -0.000000
vn -0.965926 -0.258819 -0.000000
vn -1.000000 -0.000000 -0.000000
vn -1.000000 -0.000000 -0.000000
vn -0.965926 0.258819 0.000000
vn -0.965926 0.258819 0.000000
vn -0.866025 0.500000 0.000000
vn -0.866025 0.500000 0.000000
vn -0.707107 0.707107 0.000000
vn -0.707107 0.707107 0.000000
vn -0.500000 0.866025 0.000000
vn -0.500000 0.866025 0.000000
vn -0.258819 0.965926 0.000000
vn -0.258819 0.965926 0.000000
vn -0.000000 1.000000 0.000000
vn -0.000000 1.000000 0.000000
vn 0.258819 0.965926 0.000000
vn 0.258819 0.965926 0.000000
vn 0.500000 0.866025 0.000000
vn 0.500000 0.866025 0.000000
vn 0.707107 0.707107 0.000000
vn 0.707107 0.707107 0.000000
vn 0.866025 0.500000 0.000000
vn 0.866025 0.500000 0.000000
vn 1.000000 0.000000 0.000000
vn 0.965926 0.258819 0.000000
vn 0.866025 0.500000 0.000000
vn 0.707107 0.707107 0.000000
vn 0.500000 0.866025 0.000000
vn 0.258819 0.965926 0.000000
vn -0.000000 1.000000 0.000000
vn -0.258819 0.965926 0.000000
vn -0.500000 0.866025 0.000000
vn -0.707107 0.707107 0.000000
vn -0.866025 0.500000 0.000000
vn -0.965926 0.258819 0.000000
vn -1.000000 -0.000000 -0.000000
vn -0.965926 -0.258819 -0.000000
vn -0.866025 -0.500000 -0.000000
vn -0.707107 -0.707107 -0.000000
vn -0.500000 -0.866025 -0.000000
vn -0.258819 -0.965926 -0.000000
vn 0.000000 -1.000000 -0.000000
vn 0.258819 -0.965926 -0.000000
vn 0.500000 -0.866025 -0.000000
vn 0.707107 -0.707107 -0.000000
vn 0.866025 -0.500000 -0.000000
vn 0.965926 -0.258819 -0.000000
vn 1.000000 0.000000 0.000000
vn 0.965926 0.258819 0.000000
vn 0.866025 0.500000 0.000000
vn 0.707107 0.707107 0.000000
vn 0.500000 0.866025 0.000000
vn 0.258819 0.965926 0.000000
vn -0.000000 1.000000 0.000000
vn -0.258819 0.965926 0.000000
vn -0.500000 0.866025 0.000000
vn -0.707107 0.707107 0.000000
vn -0.866025 0.500000 0.000000
vn -0.965926 0.258819 0.000000
vn -1.000000 -0.000000 -0.000000
vn -0.965926 -0.258819 -0.000000
vn -0.866025 -0.500000 -0.000000
vn -0.707107 -0.707107 -0.000000
vn -0.500000 -0.866025 -0.000000
vn -0.258819 -0.965926 -0.000000
vn 0.000000 -1.000000 -0.000000
vn 0.258819 -0.965926 -0.000000
vn 0.500000 -0.866025 -0.000000
vn 0.707107 -0.707107 -0.000000
vn 0.866025 -0.500000 -0.000000
vn 0.965926 -0.258819 -0.000000
vn -0.000000 0.000000 -1.000000
vn -0.000000 0.000000 -1.000000
vn -0.000000 0.000000 -1.000000
vn -0.000000 0.000000 -1.000000
vn -0.000000 0.000000 -1.000000
vn -0.000000 0.000000 -1.000000
vn -0.000000 0.000000 -1.000000
vn -0.000000 0.000000 -1.000000
vn -0.000000 0.000000 -1.000000
vn -0.000000 0.000000 -1.000000
vn -0.000000 0.000000 -1.000000
vn -0.000000 0.000000 -1.000000
vn -0.000000 0.000000 -1.000000
vn -0.000000 0.000000 -1.000000
vn -0.000000 0.000000 -1.000000
vn -0.000000 0.000000 -1.000000
vn -0.000000 0.000000 -1.000000
vn -0.000000 0.000000 -1.000000
vn -0.000000 0.000000 -1.000000
vn -0.000000 0.000000 -1.000000
vn -0.000000 0.000000 -1.000000
vn -0.000000 0.000000 -1.000000
vn -0.000000 0.000000 -1.000000
vn -0.000000 0.000000 -1.000000
vn 0.965926 -0.258819 -0.000000
vn 0.965926 -0.258819 -0.000000
vn 1.000000 0.000000 -0.000000
vn 1.000000 0.000000 -0.000000
vn 0.965926 0.258819 0.000000
vn 0.965926 0.258819 0.000000
vn 0.866025 0.500000 0.000000
vn 0.866025 0.500000 0.000000
vn 0.707107 0.707107 0.000000
vn 0.707107 0.707107 0.000000
vn 0.500000 0.866025 0.000000
vn 0.500000 0.866025 0.000000
vn 0.258819 0.965926 0.000000
vn 0.258819 0.965926 0.000000
vn -0.000000 1.000000 0.000000
vn -0.000000 1.000000 0.000000
vn -0.258819 0.965926 0.000000
vn -0.258819 0.965926 0.000000
vn -0.500000 0.866025 0.000000
vn -0.500000 0.866025 0.000000
vn -0.707107 0.707107 0.000000
vn -0.707107 0.707107 0.000000
vn -0.866025 0.500000 0.000000
vn -0.866025 0.500000 0.000000
vn -0.965926 0.258819 0.000000
vn -0.965926 0.258819 0.000000
vn -1.000000 -0.000000 0.000000
vn -1.000000 -0.000000 -0.000000
vn -0.965926 -0.258819 -0.000000
vn -0.965926 -0.258819 -0.000000
vn -0.866025 -0.500000 -0.000000
vn -0.866025 -0.500000 -0.000000
vn -0.707107 -0.707107 -0.000000
vn -0.707107 -0.707107 -0.000000
vn -0.500000 -0.866025 -0.000000
vn -0.500000 -0.866025 -0.000000
vn -0.258819 -0.965926 -0.000000
vn -0.258819 -0.965926 -0.000000
vn 0.000000 -1.000000 -0.000000
vn 0.000000 -1.000000 -0.000000
vn 0.258819 -0.965926 -0.000000
vn 0.258819 -0.965926 -0.000000
vn 0.500000 -0.866025 -0.000000
vn 0.500000 -0.866025 -0.000000
vn 0.707107 -0.707107 -0.000000
vn 0.707107 -0.707107 -0.000000
vn 0.866025 -0.500000 -0.000000
vn 0.866025 -0.500000 -0.000000
vn 0.965926 0.258819 0.000000
vn 0.965926 0.258819 0.000000
vn 1.000000 0.000000 0.000000
vn 1.000000 0.000000 0.000000
vn 0.965926 -0.258819 -0.000000
vn 0.965926 -0.258819 -0.000000
vn 0.866025 -0.500000 -0.000000
vn 0.866025 -0.500000 -0.000000
vn 0.707107 -0.707107 -0.000000
vn 0.707107 -0.707107 -0.000000
vn 0.500000 -0.866025 -0.000000
vn 0.500000 -0.866025 -0.000000
vn 0.258819 -0.965926 -0.000000
vn 0.258819 -0.965926 -0.000000
vn 0.000000 -1.000000 -0.000000
vn 0.000000 -1.000000 -0.000000
vn -0.258819 -0.965926 -0.000000
vn -0.258819 -0.965926 -0.000000
vn -0.500000 -0.866025 -0.000000
vn -0.500000 -0.866025 -0.000000
vn -0.707107 -0.707107 -0.000000
vn -0.707107 -0.707107 -0.000000
vn -0.866025 -0.500000 -0.000000
vn -0.866025 -0.500000 -0.000000
vn -0.965926 -0.258819 -0.000000
vn -0.965926 -0.258819 -0.000000
vn -1.000000 -0.000000 -0.000000
vn -1.000000 -0.000000 -0.000000
vn -0.965926 0.258819 0.000000
vn -0.965926 0.258819 0.000000
vn -0.866025 0.500000 0.000000
vn -0.866025 0.500000 0.000000
vn -0.707107 0.707107 0.000000
vn -0.707107 0.707107 0.000000
vn -0.500000 0.866025 0.000000
vn -0.500000 0.866025 0.000000
vn -0.258819 0.965926 0.000000
vn -0.258819 0.965926 0.000000
vn -0.000000 1.000000 0.000000
vn -0.000000 1.000000 0.000000
vn 0.258819 0.965926 0.000000
vn 0.258819 0.965926 0.000000
vn 0.500000 0.866025 0.000000
vn 0.500000 0.866025 0.000000
vn 0.707107 0.707107 0.000000
vn 0.707107 0.707107 0.000000
vn 0.866025 0.500000 0.000000
vn 0.866025 0.500000 0.000000
vn 1.000000 0.000000 0.000000
vn 0.965926 0.258819 0.000000
vn 0.866025 0.500000 0.000000
vn 0.707107 0.707107 0.000000
vn 0.500000 0.866025 0.000000
vn 0.258819 0.965926 0.000000
vn -0.000000 1.000000 0.000000
vn -0.258819 0.965926 0.000000
vn -0.500000 0.866025 0.000000
vn -0.707107 0.707107 0.000000
vn -0.866025 0.500000 0.000000
vn -0.965926 0.258819 0.000000
vn -1.000000 -0.000000 -0.000000
vn -0.965926 -0.258819 -0.000000
vn -0.866025 -0.500000 -0.000000
vn -0.707107 -0.707107 -0.000000
vn -0.500000 -0.866025 -0.000000
vn -0.258819 -0.965926 -0.000000
vn 0.000000 -1.000000 -0.000000
vn 0.258819 -0.965926 -0.000000
vn 0.500000 -0.866025 -0.000000
vn 0.707107 -0.707107 -0.000000
vn 0.866025 -0.500000 -0.000000
vn 0.965926 -0.258819 -0.000000
vn 1.000000 0.000000 0.000000
vn 0.965926 0.258819 0.000000
vn 0.866025 0.500000 0.000000
vn 0.707107 0.707107 0.000000
vn 0.500000 0.866025 0.000000
vn 0.258819 0.965926 0.000000
vn -0.000000 1.000000 0.000000
vn -0.258819 0.965926 0.000000
vn -0.500000 0.866025 0.000000
vn -0.707107 0.707107 0.000000
vn -0.866025 0.500000 0.000000
vn -0.965926 0.258819 0.000000
vn -1.000000 -0.000000 -0.000000
vn -0.965926 -0.258819 -0.000000
vn -0.866025 -0.500000 -0.000000
vn -0.707107 -0.707107 -0.000000
vn -0.500000 -0.866025 -0.000000
vn -0.258819 -0.965926 -0.000000
vn 0.000000 -1.000000 -0.000000
vn 0.258819 -0.965926 -0.000000
vn 0.500000 -0.866025 -0.000000
vn 0.707107 -0.707107 -0.000000
vn 0.866025 -0.500000 -0.000000
vn 0.965926 -0.258819 -0.000000
vn -0.000000 0.000000 -1.000000
vn -0.000000 0.000000 -1.000000
vn -0.000000 0.000000 -1.000000
vn -0.000000 0.000000 -1.000000
vn -0.000000 0.000000 -1.000000
vn -0.000000 0.000000 -1.000000
vn -0.000000 0.000000 -1.000000
vn -0.000000 0.000000 -1.000000
vn -0.000000 0.000000 -1.000000
vn -0.000000 0.000000 -1.000000
vn -0.000000 0.000000 -1.000000
vn -0.000000 0.000000 -1.000000
vn -0.000000 0.000000 -1.000000
vn -0.000000 0.000000 -1.000000
vn -0.000000 0.000000 -1.000000
vn -0.000000 0.000000 -1.000000
vn -0.000000 0.000000 -1.000000
vn -0.000000 0.000000 -1.000000
vn -0.000000 0.000000 -1.000000
vn -0.000000 0.000000 -1.000000
vn -0.000000 0.000000 -1.000000
vn -0.000000 0.000000 -1.000000
vn -0.000000 0.000000 -1.000000
vn -0.000000 0.000000 -1.000000
vn 0.965926 -0.258819 -0.000000
vn 0.965926 -0.258819 -0.000000
vn 1.000000 0.000000 -0.000000
vn 1.000000 0.000000 -0.000000
vn 0.965926 0.258819 0.000000
vn 0.965926 0.258819 0.000000
vn 0.866025 0.500000 0.000000
vn 0.866025 0.500000 0.000000
vn 0.707107 0.707107 0.000000
vn 0.707107 0.707107 0.000000
vn 0.500000 0.866025 0.000000
vn 0.500000 0.866025 0.000000
vn 0.258819 0.965926 0.000000
vn 0.258819 0.965926 0.000000
vn -0.000000 1.000000 0.000000
vn -0.000000 1.000000 0.000000
vn -0.258819 0.965926 0.000000
vn -0.258819 0.965926 0.000000
vn -0.500000 0.866025 0.000000
vn -0.500000 0.866025 0.000000
vn -0.707107 0.707107 0.000000
vn -0.707107 0.707107 0.000000
vn -0.866025 0.500000 0.000000
vn -0.866025 0.500000 0.000000
vn -0.965926 0.258819 0.000000
vn -0.965926 0.258819 0.000000
vn -1.000000 -0.000000 0.000000
vn -1.000000 -0.000000 -0.000000
vn -0.965926 -0.258819 -0.000000
vn -0.965926 -0.258819 -0.000000
vn -0.866025 -0.500000 -0.000000
vn -0.866025 -0.500000 -0.000000
vn -0.707107 -0.707107 -0.000000
vn -0.707107 -0.707107 -0.000000
vn -0.500000 -0.866025 -0.000000
vn -0.500000 -0.866025 -0.000000
vn -0.258819 -0.965926 -0.000000
vn -0.258819 -0.965926 -0.000000
vn 0.000000 -1.000000 -0.000000
vn 0.000000 -1.000000 -0.000000
vn 0.258819 -0.965926 -0.000000
vn 0.258819 -0.965926 -0.000000
vn 0.500000 -0.866025 -0.000000
vn 0.500000 -0.866025 -0.000000
vn 0.707107 -0.707107 -0.000000
vn 0.707107 -0.707107 -0.000000
vn 0.866025 -0.500000 -0.000000
vn 0.866025 -0.500000 -0.000000
vn 0.965926 0.258819 0.000000
vn 0.965926 0.258819 0.000000
vn 1.000000 0.000000 0.000000
vn 1.000000 0.000000 0.000000
vn 0.965926 -0.258819 -0.000000
vn 0.965926 -0.258819 -0.000000
vn 0.866025 -0.500000 -0.000000
vn 0.866025 -0.500000 -0.000000
vn 0.707107 -0.707107 -0.000000
vn 0.707107 -0.707107 -0.000000
vn 0.500000 -0.866025 -0.000000
vn 0.500000 -0.866025 -0.000000
vn 0.258819 -0.965926 -0.000000
vn 0.258819 -0.965926 -0.000000
vn 0.000000 -1.000000 -0.000000
vn 0.000000 -1.000000 -0.000000
vn -0.258819 -0.965926 -0.000000
vn -0.258819 -0.965926 -0.000000
vn -0.500000 -0.866025 -0.000000
vn -0.500000 -0.866025 -0.000000
vn -0.707107 -0.707107 -0.000000
vn -0.707107 -0.707107 -0.000000
vn -0.866025 -0.500000 -0.000000
vn -0.866025 -0.500000 -0.000000
vn -0.965926 -0.258819 -0.000000
vn -0.965926 -0.258819 -0.000000
vn -1.000000 -0.000000 -0.000000
vn -1.000000 -0.000000 -0.000000
vn -0.965926 0.258819 0.000000
vn -0.965926 0.258819 0.000000
vn -0.866025 0.500000 0.000000
vn -0.866025 0.500000 0.000000
vn -0.707107 0.707107 0.000000
vn -0.707107 0.707107 0.000000
vn -0.500000 0.866025 0.000000
vn -0.500000 0.866025 0.000000
vn -0.258819 0.965926 0.000000
vn -0.258819 0.965926 0.000000
vn -0.000000 1.000000 0.000000
vn -0.000000 1.000000 0.000000
vn 0.258819 0.965926 0.000000
vn 0.258819 0.965926 0.000000
vn 0.500000 0.866025 0.000000
vn 0.500000 0.866025 0.000000
vn 0.707107 0.707107 0.000000
vn 0.707107 0.707107 0.000000
vn 0.866025 0.500000 0.000000
vn 0.866025 0.500000 0.000000
vn 1.000000 0.000000 0.000000
vn 0.965926 0.258819 0.000000
vn 0.866025 0.500000 0.000000
vn 0.707107 0.707107 0.000000
vn 0.500000 0.866025 0.000000
vn 0.258819 0.965926 0.000000
vn -0.000000 1.000000 0.000000
vn -0.258819 0.965926 0.000000
vn -0.500000 0.866025 0.000000
vn -0.707107 0.707107 0.000000
vn -0.866025 0.500000 0.000000
vn -0.965926 0.258819 0.000000
vn -1.000000 -0.000000 -0.000000
vn -0.965926 -0.258819 -0.000000
vn -0.866025 -0.500000 -0.000000
vn -0.707107 -0.707107 -0.000000
vn -0.500000 -0.866025 -0.000000
vn -0.258819 -0.965926 -0.000000
vn 0.000000 -1.000000 -0.000000
vn 0.258819 -0.965926 -0.000000
vn 0.500000 -0.866025 -0.000000
vn 0.707107 -0.707107 -0.000000
vn 0.866025 -0.500000 -0.000000
vn 0.965926 -0.258819 -0.000000
vn 1.000000 0.000000 0.000000
vn 0.965926 0.258819 0.000000
vn 0.866025 0.500000 0.000000
vn 0.707107 0.707107 0.000000
vn 0.500000 0.866025 0.000000
vn 0.258819 0.965926 0.000000
vn -0.000000 1.000000 0.000000
vn -0.258819 0.965926 0.000000
vn -0.500000 0.866025 0.000000
vn -0.707107 0.707107 0.000000
vn -0.866025 0.500000 0.000000
vn -0.965926 0.258819 0.000000
vn -1.000000 -0.000000 -0.000000
vn -0.965926 -0.258819 -0.000000
vn -0.866025 -0.500000 -0.000000
vn -0.707107 -0.707107 -0.000000
vn -0.500000 -0.866025 -0.000000
vn -0.258819 -0.965926 -0.000000
vn 0.000000 -1.000000 -0.000000
vn 0.258819 -0.965926 -0.000000
vn 0.500000 -0.866025 -0.000000
vn 0.707107 -0.707107 -0.000000
vn 0.866025 -0.500000 -0.000000
vn 0.965926 -0.258819 -0.000000
vn -0.000000 0.000000 -1.000000
vn -0.000000 0.000000 -1.000000
vn -0.000000 0.000000 -1.000000
vn -0.000000 0.000000 -1.000000
vn -0.000000 0.000000 -1.000000
vn -0.000000 0.000000 -1.000000
vn -0.000000 0.000000 -1.000000
vn -0.000000 0.000000 -1.000000
vn -0.000000 0.000000 -1.000000
vn -0.000000 0.000000 -1.000000
vn -0.000000 0.000000 -1.000000
vn -0.000000 0.000000 -1.000000
vn -0.000000 0.000000 -1.000000
vn -0.000000 0.000000 -1.000000
vn -0.000000 0.000000 -1.000000
vn -0.000000 0.000000 -1.000000
vn -0.000000 0.000000 -1.000000
vn -0.000000 0.000000 -1.000000
vn -0.000000 0.000000 -1.000000
vn -0.000000 0.000000 -1.000000
vn -0.000000 0.000000 -1.000000
vn -0.000000 0.000000 -1.000000
vn -0.000000 0.000000 -1.000000
vn -0.000000 0.000000 -1.000000
vn 0.965926 -0.258819 -0.000000
vn 0.965926 -0.258819 -0.000000
vn 1.000000 0.000000 -0.000000
vn 1.000000 0.000000 -0.000000
vn 0.965926 0.258819 0.000000
vn 0.965926 0.258819 0.000000
vn 0.866025 0.500000 0.000000
vn 0.866025 0.500000 0.000000
vn 0.707107 0.707107 0.000000
vn 0.707107 0.707107 0.000000
vn 0.500000 0.866025 0.000000
vn 0.500000 0.866025 0.000000
vn 0.258819 0.965926 0.000000
vn 0.258819 0.965926 0.000000
vn -0.000000 1.000000 0.000000
vn -0.000000 1.000000 0.000000
vn -0.258819 0.965926 0.000000
vn -0.258819 0.965926 0.000000
vn -0.500000 0.866025 0.000000
vn -0.500000 0.866025 0.000000
vn -0.707107 0.707107 0.000000
vn -0.707107 0.707107 0.000000
vn -0.866025 0.500000 0.000000
vn -0.866025 0.500000 0.000000
vn -0.965926 0.258819 0.000000
vn -0.965926 0.258819 0.000000
vn -1.000000 -0.000000 0.000000
vn -1.000000 -0.000000 -0.000000
vn -0.965926 -0.258819 -0.000000
vn -0.965926 -0.258819 -0.000000
vn -0.866025 -0.500000 -0.000000
vn -0.866025 -0.500000 -0.000000
vn -0.707107 -0.707107 -0.000000
vn -0.707107 -0.707107 -0.000000
vn -0.500000 -0.866025 -0.000000
vn -0.500000 -0.866025 -0.000000
vn -0.258819 -0.965926 -0.000000
vn -0.258819 -0.965926 -0.000000
vn 0.000000 -1.000000 -0.000000
vn 0.000000 -1.000000 -0.000000
vn 0.258819 -0.965926 -0.000000
vn 0.258819 -0.965926 -0.000000
vn 0.500000 -0.866025 -0.000000
vn 0.500000 -0.866025 -0.000000
vn 0.707107 -0.707107 -0.000000
vn 0.707107 -0.707107 -0.000000
vn 0.866025 -0.500000 -0.000000
vn 0.866025 -0.500000 -0.000000
vn 0.965926 0.258819 0.000000
vn 0.965926 0.258819 0.000000
vn 1.000000 0.000000 0.000000
vn 1.000000 0.000000 0.000000
vn 0.965926 -0.258819 -0.000000
vn 0.965926 -0.258819 -0.000000
vn 0.866025 -0.500000 -0.000000
vn 0.866025 -0.500000 -0.000000
vn 0.707107 -0.707107 -0.000000
vn 0.707107 -0.707107 -0.000000
vn 0.500000 -0.866025 -0.000000
vn 0.500000 -0.866025 -0.000000
vn 0.258819 -0.965926 -0.000000
vn 0.258819 -0.965926 -0.000000
vn 0.000000 -1.000000 -0.000000
vn 0.000000 -1.000000 -0.000000
vn -0.258819 -0.965926 -0.000000
vn -0.258819 -0.965926 -0.000000
vn -0.500000 -0.866025 -0.000000
vn -0.500000 -0.866025 -0.000000
vn -0.707107 -0.707107 -0.000000
vn -0.707107 -0.707107 -0.000000
vn -0.866025 -0.500000 -0.000000
vn -0.866025 -0.500000 -0.000000
vn -0.965926 -0.258819 -0.000000
vn -0.965926 -0.258819 -0.000000
vn -1.000000 -0.000000 -0.000000
vn -1.000000 -0.000000 -0.000000
vn -0.965926 0.258819 0.000000
vn -0.965926 0.258819 0.000000
vn -0.866025 0.500000 0.000000
vn -0.866025 0.500000 0.000000
vn -0.707107 0.707107 0.000000
vn -0.707107 0.707107 0.000000
vn -0.500000 0.866025 0.000000
vn -0.500000 0.866025 0.000000
vn -0.258819 0.965926 0.000000
vn -0.258819 0.965926 0.000000
vn -0.000000 1.000000 0.000000
vn -0.000000 1.000000 0.000000
vn 0.258819 0.965926 0.000000
vn 0.258819 0.965926 0.000000
vn 0.500000 0.866025 0.000000
vn 0.500000 0.866025 0.000000
vn 0.707107 0.707107 0.000000
vn 0.707107 0.707107 0.000000
vn 0.866025 0.500000 0.000000
vn 0.866025 0.500000 0.000000
vn 1.000000 0.000000 0.000000
vn 0.965926 0.258819 0.000000
vn 0.866025 0.500000 0.000000
vn 0.707107 0.707107 0.000000
vn 0.500000 0.866025 0.000000
vn 0.258819 0.965926 0.000000
vn -0.000000 1.000000 0.000000
vn -0.258819 0.965926 0.000000
vn -0.500000 0.866025 0.000000
vn -0.707107 0.707107 0.000000
vn -0.866025 0.500000 0.000000
vn -0.965926 0.258819 0.000000
vn -1.000000 -0.000000 -0.000000
vn -0.965926 -0.258819 -0.000000
vn -0.866025 -0.500000 -0.000000
vn -0.707107 -0.707107 -0.000000
vn -0.500000 -0.866025 -0.000000
vn -0.258819 -0.965926 -0.000000
vn 0.000000 -1.000000 -0.000000
vn 0.258819 -0.965926 -0.000000
vn 0.500000 -0.866025 -0.000000
vn 0.707107 -0.707107 -0.000000
vn 0.866025 -0.500000 -0.000000
vn 0.965926 -0.258819 -0.000000
vn 1.000000 0.000000 0.000000
vn 0.965926 0.258819 0.000000
vn 0.866025 0.500000 0.000000
vn 0.707107 0.707107 0.000000
vn 0.500000 0.866025 0.000000
vn 0.258819 0.965926 0.000000
vn -0.000000 1.000000 0.000000
vn -0.258819 0.965926 0.000000
vn -0.500000 0.866025 0.000000
vn -0.707107 0.707107 0.000000
vn -0.866025 0.500000 0.000000
vn -0.965926 0.258819 0.000000
vn -1.000000 -0.000000 -0.000000
vn -0.965926 -0.258819 -0.000000
vn -0.866025 -0.500000 -0.000000
vn -0.707107 -0.707107 -0.000000
vn -0.500000 -0.866025 -0.000000
vn -0.258819 -0.965926 -0.000000
vn 0.000000 -1.000000 -0.000000
vn 0.258819 -0.965926 -0.000000
vn 0.500000 -0.866025 -0.000000
vn 0.707107 -0.707107 -0.000000
vn 0.866025 -0.500000 -0.000000
vn 0.965926 -0.258819 -0.000000
vn -0.000000 0.000000 -1.000000
vn -0.000000 0.000000 -1.000000
vn -0.000000 0.000000 -1.000000
vn -0.000000 0.000000 -1.000000
vn -0.000000 0.000000 -1.000000
vn -0.000000 0.000000 -1.000000
vn -0.000000 0.000000 -1.000000
vn -0.000000 0.000000 -1.000000
vn -0.000000 0.000000 -1.000000
vn -0.000000 0.000000 -1.000000
vn -0.000000 0.000000 -1.000000
vn -0.000000 0.000000 -1.000000
vn -0.000000 0.000000 -1.000000
vn -0.000000 0.000000 -1.000000
vn -0.000000 0.000000 -1.000000
vn -0.000000 0.000000 -1.000000
vn -0.000000 0.000000 -1.000000
vn -0.000000 0.000000 -1.000000
vn -0.000000 0.000000 -1.000000
vn -0.000000 0.000000 -1.000000
vn -0.000000 0.000000 -1.000000
vn -0.000000 0.000000 -1.000000
vn -0.000000 0.000000 -1.000000
vn -0.000000 0.000000 -1.000000
vn 0.965926 -0.258819 -0.000000
vn 0.965926 -0.258819 -0.000000
vn 1.000000 0.000000 -0.000000
vn 1.000000 0.000000 -0.000000
vn 0.965926 0.258819 0.000000
vn 0.965926 0.258819 0.000000
vn 0.866025 0.500000 0.000000
vn 0.866025 0.500000 0.000000
vn 0.707107 0.707107 0.000000
vn 0.707107 0.707107 0.000000
vn 0.500000 0.866025 0.000000
vn 0.500000 0.866025 0.000000
vn 0.258819 0.965926 0.000000
vn 0.258819 0.965926 0.000000
vn -0.000000 1.000000 0.000000
vn -0.000000 1.000000 0.000000
vn -0.258819 0.965926 0.000000
vn -0.258819 0.965926 0.000000
vn -0.500000 0.866025 0.000000
vn -0.500000 0.866025 0.000000
vn -0.707107 0.707107 0.000000
vn -0.707107 0.707107 0.000000
vn -0.866025 0.500000 0.000000
vn -0.866025 0.500000 0.000000
vn -0.965926 0.258819 0.000000
vn -0.965926 0.258819 0.000000
vn -1.000000 -0.000000 0.000000
vn -1.000000 -0.000000 -0.000000
vn -0.965926 -0.258819 -0.000000
vn -0.965926 -0.258819 -0.000000
vn -0.866025 -0.500000 -0.000000
vn -0.866025 -0.500000 -0.000000
vn -0.707107 -0.707107 -0.000000
vn -0.707107 -0.707107 -0.000000
vn -0.500000 -0.866025 -0.000000
vn -0.500000 -0.866025 -0.000000
vn -0.258819 -0.965926 -0.000000
vn -0.258819 -0.965926 -0.000000
vn 0.000000 -1.000000 -0.000000
vn 0.000000 -1.000000 -0.000000
vn 0.258819 -0.965926 -0.000000
vn 0.258819 -0.965926 -0.000000
vn 0.500000 -0.866025 -0.000000
vn 0.500000 -0.866025 -0.000000
vn 0.707107 -0.707107 -0.000000
vn 0.707107 -0.707107 -0.000000
vn 0.866025 -0.500000 -0.000000
vn 0.866025 -0.500000 -0.000000
vn 0.965926 0.258819 0.000000
vn 0.965926 0.258819 0.000000
vn 1.000000 0.000000 0.000000
vn 1.000000 0.000000 0.000000
vn 0.965926 -0.258819 -0.000000
vn 0.965926 -0.258819 -0.000000
vn 0.866025 -0.500000 -0.000000
vn 0.866025 -0.500000 -0.000000
vn 0.707107 -0.707107 -0.000000
vn 0.707107 -0.707107 -0.000000
vn 0.500000 -0.866025 -0.000000
vn 0.500000 -0.866025 -0.000000
vn 0.258819 -0.965926 -0.000000
vn 0.258819 -0.965926 -0.000000
vn 0.000000 -1.000000 -0.000000
vn 0.000000 -1.000000 -0.000000
vn -0.258819 -0.965926 -0.000000
vn -0.258819 -0.965926 -0.000000
vn -0.500000 -0.866025 -0.000000
vn -0.500000 -0.866025 -0.000000
vn -0.707107 -0.707107 -0.000000
vn -0.707107 -0.707107 -0.000000
vn -0.866025 -0.500000 -0.000000
vn -0.866025 -0.500000 -0.000000
vn -0.965926 -0.258819 -0.000000
vn -0.965926 -0.258819 -0.000000
vn -1.000000 -0.000000 -0.000000
vn -1.000000 -0.000000 -0.000000
vn -0.965926 0.258819 0.000000
vn -0.965926 0.258819 0.000000
vn -0.866025 0.500000 0.000000
vn -0.866025 0.500000 0.000000
vn -0.707107 0.707107 0.000000
vn -0.707107 0.707107 0.000000
vn -0.500000 0.866025 0.000000
vn -0.500000 0.866025 0.000000
vn -0.258819 0.965926 0.000000
vn -0.258819 0.965926 0.000000
vn -0.000000 1.000000 0.000000
vn -0.000000 1.000000 0.000000
vn 0.258819 0.965926 0.000000
vn 0.258819 0.965926 0.000000
vn 0.500000 0.866025 0.000000
vn 0.500000 0.866025 0.000000
vn 0.707107 0.707107 0.000000
vn 0.707107 0.707107 0.000000
vn 0.866025 0.500000 0.000000
vn 0.866025 0.500000 0.000000
vn 1.000000 0.000000 0.000000
vn 0.965926 0.258819 0.000000
vn 0.866025 0.500000 0.000000
vn 0.707107 0.707107 0.000000
vn 0.500000 0.866025 0.000000
vn 0.258819 0.965926 0.000000
vn -0.000000 1.000000 0.000000
vn -0.258819 0.965926 0.000000
vn -0.500000 0.866025 0.000000
vn -0.707107 0.707107 0.000000
vn -0.866025 0.500000 0.000000
vn -0.965926 0.258819 0.000000
vn -1.000000 -0.000000 -0.000000
vn -0.965926 -0.258819 -0.000000
vn -0.866025 -0.500000 -0.000000
vn -0.707107 -0.707107 -0.000000
vn -0.500000 -0.866025 -0.000000
vn -0.258819 -0.965926 -0.000000
vn 0.000000 -1.000000 -0.000000
vn 0.258819 -0.965926 -0.000000
vn 0.500000 -0.866025 -0.000000
vn 0.707107 -0.707107 -0.000000
vn 0.866025 -0.500000 -0.000000
vn 0.965926 -0.258819 -0.000000
vn 1.000000 0.000000 0.000000
vn 0.965926 0.258819 0.000000
vn 0.866025 0.500000 0.000000
vn 0.707107 0.707107 0.000000
vn 0.500000 0.866025 0.000000
vn 0.258819 0.965926 0.000000
vn -0.000000 1.000000 0.000000
vn -0.258819 0.965926 0.000000
vn -0.500000 0.866025 0.000000
vn -0.707107 0.707107 0.000000
vn -0.866025 0.500000 0.000000
vn -0.965926 0.258819 0.000000
vn -1.000000 -0.000000 -0.000000
vn -0.965926 -0.258819 -0.000000
vn -0.866025 -0.500000 -0.000000
vn -0.707107 -0.707107 -0.000000
vn -0.500000 -0.866025 -0.000000
vn -0.258819 -0.965926 -0.000000
vn 0.000000 -1.000000 -0.000000
vn 0.258819 -0.965926 -0.000000
vn 0.500000 -0.866025 -0.000000
vn 0.707107 -0.707107 -0.000000
vn 0.866025 -0.500000 -0.000000
vn 0.965926 -0.258819 -0.000000
vn -0.000000 0.000000 -1.000000
vn -0.000000 0.000000 -1.000000
vn -0.000000 0.000000 -1.000000
vn -0.000000 0.000000 -1.000000
vn -0.000000 0.000000 -1.000000
vn -0.000000 0.000000 -1.000000
vn -0.000000 0.000000 -1.000000
vn -0.000000 0.000000 -1.000000
vn -0.000000 0.000000 -1.000000
vn -0.000000 0.000000 -1.000000
vn -0.000000 0.000000 -1.000000
vn -0.000000 0.000000 -1.000000
vn -0.000000 0.000000 -1.000000
vn -0.000000 0.000000 -1.000000
vn -0.000000 0.000000 -1.000000
vn -0.000000 0.000000 -1.000000
vn -0.000000 0.000000 -1.000000
vn -0.000000 0.000000 -1.000000
vn -0.000000 0.000000 -1.000000
vn -0.000000 0.000000 -1.000000
vn -0.000000 0.000000 -1.000000
vn -0.000000 0.000000 -1.000000
vn -0.000000 0.000000 -1.000000
vn -0.000000 0.000000 -1.000000
vn 0.965926 -0.258819 -0.000000
vn 0.965926 -0.258819 -0.000000
vn 1.000000 0.000000 -0.000000
vn 1.000000 0.000000 -0.000000
vn 0.965926 0.258819 0.000000
vn 0.965926 0.258819 0.000000
vn 0.866025 0.500000 0.000000
vn 0.866025 0.500000 0.000000
vn 0.707107 0.707107 0.000000
vn 0.707107 0.707107 0.000000
vn 0.500000 0.866025 0.000000
vn 0.500000 0.866025 0.000000
vn 0.258819 0.965926 0.000000
vn 0.258819 0.965926 0.000000
vn -0.000000 1.000000 0.000000
vn -0.000000 1.000000 0.000000
vn -0.258819 0.965926 0.000000
vn -0.258819 0.965926 0.000000
vn -0.500000 0.866025 0.000000
vn -0.500000 0.866025 0.000000
vn -0.707107 0.707107 0.000000
vn -0.707107 0.707107 0.000000
vn -0.866025 0.500000 0.000000
vn -0.866025 0.500000 0.000000
vn -0.965926 0.258819 0.000000
vn -0.965926 0.258819 0.000000
vn -1.000000 -0.000000 0.000000
vn -1.000000 -0.000000 -0.000000
vn -0.965926 -0.258819 -0.000000
vn -0.965926 -0.258819 -0.000000
vn -0.866025 -0.500000 -0.000000
vn -0.866025 -0.500000 -0.000000
vn -0.707107 -0.707107 -0.000000
vn -0.707107 -0.707107 -0.000000
vn -0.500000 -0.866025 -0.000000
vn -0.500000 -0.866025 -0.000000
vn -0.258819 -0.965926 -0.000000
vn -0.258819 -0.965926 -0.000000
vn 0.000000 -1.000000 -0.000000
vn 0.000000 -1.000000 -0.000000
vn 0.258819 -0.965926 -0.000000
vn 0.258819 -0.965926 -0.000000
vn 0.500000 -0.866025 -0.000000
vn 0.500000 -0.866025 -0.000000
vn 0.707107 -0.707107 -0.000000
vn 0.707107 -0.707107 -0.000000
vn 0.866025 -0.500000 -0.000000
vn 0.866025 -0.500000 -0.000000
vn 0.965926 0.258819 0.000000
vn 0.965926 0.258819 0.000000
vn 1.000000 0.000000 0.000000
vn 1.000000 0.000000 0.000000
vn 0.965926 -0.258819 -0.000000
vn 0.965926 -0.258819 -0.000000
vn 0.866025 -0.500000 -0.000000
vn 0.866025 -0.500000 -0.000000
vn 0.707107 -0.707107 -0.000000
vn 0.707107 -0.707107 -0.000000
vn 0.500000 -0.866025 -0.000000
vn 0.500000 -0.866025 -0.000000
vn 0.258819 -0.965926 -0.000000
vn 0.258819 -0.965926 -0.000000
vn 0.000000 -1.000000 -0.000000
vn 0.000000 -1.000000 -0.000000
vn -0.258819 -0.965926 -0.000000
vn -0.258819 -0.965926 -0.000000
vn -0.500000 -0.866025 -0.000000
vn -0.500000 -0.866025 -0.000000
vn -0.707107 -0.707107 -0.000000
vn -0.707107 -0.707107 -0.000000
vn -0.866025 -0.500000 -0.000000
vn -0.866025 -0.500000 -0.000000
vn -0.965926 -0.258819 -0.000000
vn -0.965926 -0.258819 -0.000000
vn -1.000000 -0.000000 -0.000000
vn -1.000000 -0.000000 -0.000000
vn -0.965926 0.258819 0.000000
vn -0.965926 0.258819 0.000000
vn -0.866025 0.500000 0.000000
vn -0.866025 0.500000 0.000000
vn -0.707107 0.707107 0.000000
vn -0.707107 0.707107 0.000000
vn -0.500000 0.866025 0.000000
vn -0.500000 0.866025 0.000000
vn -0.258819 0.965926 0.000000
vn -0.258819 0.965926 0.000000
vn -0.000000 1.000000 0.000000
vn -0.000000 1.000000 0.000000
vn 0.258819 0.965926 0.000000
vn 0.258819 0.965926 0.000000
vn 0.500000 0.866025 0.000000
vn 0.500000 0.866025 0.000000
vn 0.707107 0.707107 0.000000
vn 0.707107 0.707107 0.000000
vn 0.866025 0.500000 0.000000
vn 0.866025 0.500000 0.000000
vn 1.000000 0.000000 0.000000
vn 0.965926 0.258819 0.000000
vn 0.866025 0.500000 0.000000
vn 0.707107 0.707107 0.000000
vn 0.500000 0.866025 0.000000
vn 0.258819 0.965926 0.000000
vn -0.000000 1.000000 0.000000
vn -0.258819 0.965926 0.000000
vn -0.500000 0.866025 0.000000
vn -0.707107 0.707107 0.000000
vn -0.866025 0.500000 0.000000
vn -0.965926 0.258819 0.000000
vn -1.000000 -0.000000 -0.000000
vn -0.965926 -0.258819 -0.000000
vn -0.866025 -0.500000 -0.000000
vn -0.707107 -0.707107 -0.000000
vn -0.500000 -0.866025 -0.000000
vn -0.258819 -0.965926 -0.000000
vn 0.000000 -1.000000 -0.000000
vn 0.258819 -0.965926 -0.000000
vn 0.500000 -0.866025 -0.000000
vn 0.707107 -0.707107 -0.000000
vn 0.866025 -0.500000 -0.000000
vn 0.965926 -0.258819 -0.000000
vn 1.000000 0.000000 0.000000
vn 0.965926 0.258819 0.000000
vn 0.866025 0.500000 0.000000
vn 0.707107 0.707107 0.000000
vn 0.500000 0.866025 0.000000
vn 0.258819 0.965926 0.000000
vn -0.000000 1.000000 0.000000
vn -0.258819 0.965926 0.000000
vn -0.500000 0.866025 0.000000
vn -0.707107 0.707107 0.000000
vn -0.866025 0.500000 0.000000
vn -0.965926 0.258819 0.000000
vn -1.000000 -0.000000 -0.000000
vn -0.965926 -0.258819 -0.000000
vn -0.866025 -0.500000 -0.000000
vn -0.707107 -0.707107 -0.000000
vn -0.500000 -0.866025 -0.000000
vn -0.258819 -0.965926 -0.000000
vn 0.000000 -1.000000 -0.000000
vn 0.258819 -0.965926 -0.000000
vn 0.500000 -0.866025 -0.000000
vn 0.707107 -0.707107 -0.000000
vn 0.866025 -0.500000 -0.000000
vn 0.965926 -0.258819 -0.000000
vn -0.000000 0.000000 -1.000000
vn -0.000000 0.000000 -1.000000
vn -0.000000 0.000000 -1.000000
vn -0.000000 0.000000 -1.000000
vn -0.000000 0.000000 -1.000000
vn -0.000000 0.000000 -1.000000
vn -0.000000 0.000000 -1.000000
vn -0.000000 0.000000 -1.000000
vn -0.000000 0.000000 -1.000000
vn -0.000000 0.000000 -1.000000
vn -0.000000 0.000000 -1.000000
vn -0.000000 0.000000 -1.000000
vn -0.000000 0.000000 -1.000000
vn -0.000000 0.000000 -1.000000
vn -0.000000 0.000000 -1.000000
vn -0.000000 0.000000 -1.000000
vn -0.000000 0.000000 -1.000000
vn -0.000000 0.000000 -1.000000
vn -0.000000 0.000000 -1.000000
vn -0.000000 0.000000 -1.000000
vn -0.000000 0.000000 -1.000000
vn -0.000000 0.000000 -1.000000
vn -0.000000 0.000000 -1.000000
vn -0.000000 0.000000 -1.000000
vn 0.965926 -0.258819 -0.000000
vn 0.965926 -0.258819 -0.000000
vn 1.000000 0.000000 -0.000000
vn 1.000000 0.000000 -0.000000
vn 0.965926 0.258819 0.000000
vn 0.965926 0.258819 0.000000
vn 0.866025 0.500000 0.000000
vn 0.866025 0.500000 0.000000
vn 0.707107 0.707107 0.000000
vn 0.707107 0.707107 0.000000
vn 0.500000 0.866025 0.000000
vn 0.500000 0.866025 0.000000
vn 0.258819 0.965926 0.000000
vn 0.258819 0.965926 0.000000
vn -0.000000 1.000000 0.000000
vn -0.000000 1.000000 0.000000
vn -0.258819 0.965926 0.000000
vn -0.258819 0.965926 0.000000
vn -0.500000 0.866025 0.000000
vn -0.500000 0.866025 0.000000
vn -0.707107 0.707107 0.000000
vn -0.707107 0.707107 0.000000
vn -0.866025 0.500000 0.000000
vn -0.866025 0.500000 0.000000
vn -0.965926 0.258819 0.000000
vn -0.965926 0.258819 0.000000
vn -1.000000 -0.000000 0.000000
vn -1.000000 -0.000000 -0.000000
vn -0.965926 -0.258819 -0.000000
vn -0.965926 -0.258819 -0.000000
vn -0.866025 -0.500000 -0.000000
vn -0.866025 -0.500000 -0.000000
vn -0.707107 -0.707107 -0.000000
vn -0.707107 -0.707107 -0.000000
vn -0.500000 -0.866025 -0.000000
vn -0.500000 -0.866025 -0.000000
vn -0.258819 -0.965926 -0.000000
vn -0.258819 -0.965926 -0.000000
vn 0.000000 -1.000000 -0.000000
vn 0.000000 -1.000000 -0.000000
vn 0.258819 -0.965926 -0.000000
vn 0.258819 -0.965926 -0.000000
vn 0.500000 -0.866025 -0.000000
vn 0.500000 -0.866025 -0.000000
vn 0.707107 -0.707107 -0.000000
vn 0.707107 -0.707107 -0.000000
vn 0.866025 -0.500000 -0.000000
vn 0.866025 -0.500000 -0.000000
vn 0.965926 0.258819 0.000000
vn 0.965926 0.258819 0.000000
vn 1.000000 0.000000 0.000000
vn 1.000000 0.000000 0.000000
vn 0.965926 -0.258819 -0.000000
vn 0.965926 -0.258819 -0.000000
vn 0.866025 -0.500000 -0.000000
vn 0.866025 -0.500000 -0.000000
vn 0.707107 -0.707107 -0.000000
vn 0.707107 -0.707107 -0.000000
vn 0.500000 -0.866025 -0.000000
vn 0.500000 -0.866025 -0.000000
vn 0.258819 -0.965926 -0.000000
vn 0.258819 -0.965926 -0.000000
vn 0.000000 -1.000000 -0.000000
vn 0.000000 -1.000000 -0.000000
vn -0.258819 -0.965926 -0.000000
vn -0.258819 -0.965926 -0.000000
vn -0.500000 -0.866025 -0.000000
vn -0.500000 -0.866025 -0.000000
vn -0.707107 -0.707107 -0.000000
vn -0.707107 -0.707107 -0.000000
vn -0.866025 -0.500000 -0.000000
vn -0.866025 -0.500000 -0.000000
vn -0.965926 -0.258819 -0.000000
vn -0.965926 -0.258819 -0.000000
vn -1.000000 -0.000000 -0.000000
vn -1.000000 -0.000000 -0.000000
vn -0.965926 0.258819 0.000000
vn -0.965926 0.258819 0.000000
vn -0.866025 0.500000 0.000000
vn -0.866025 0.500000 0.000000
vn -0.707107 0.707107 0.000000
vn -0.707107 0.707107 0.000000
vn -0.500000 0.866025 0.000000
vn -0.500000 0.866025 0.000000
vn -0.258819 0.965926 0.000000
vn -0.258819 0.965926 0.000000
vn -0.000000 1.000000 0.000000
vn -0.000000 1.000000 0.000000
vn 0.258819 0.965926 0.000000
vn 0.258819 0.965926 0.000000
vn 0.500000 0.866025 0.000000
vn 0.500000 0.866025 0.000000
vn 0.707107 0.707107 0.000000
vn 0.707107 0.707107 0.000000
vn 0.866025 0.500000 0.000000
vn 0.866025 0.500000 0.000000
vn 1.000000 0.000000 0.000000
vn 0.965926 0.258819 0.000000
vn 0.866025 0.500000 0.000000
vn 0.707107 0.707107 0.000000
vn 0.500000 0.866025 0.000000
vn 0.258819 0.965926 0.000000
vn -0.000000 1.000000 0.000000
vn -0.258819 0.965926 0.000000
vn -0.500000 0.866025 0.000000
vn -0.707107 0.707107 0.000000
vn -0.866025 0.500000 0.000000
vn -0.965926 0.258819 0.000000
vn -1.000000 -0.000000 -0.000000
vn -0.965926 -0.258819 -0.000000
vn -0.866025 -0.500000 -0.000000
vn -0.707107 -0.707107 -0.000000
vn -0.500000 -0.866025 -0.000000
vn -0.258819 -0.965926 -0.000000
vn 0.000000 -1.000000 -0.000000
vn 0.258819 -0.965926 -0.000000
vn 0.500000 -0.866025 -0.000000
vn 0.707107 -0.707107 -0.000000
vn 0.866025 -0.500000 -0.000000
vn 0.965926 -0.258819 -0.000000
vn 1.000000 0.000000 0.000000
vn 0.965926 0.258819 0.000000
vn 0.866025 0.500000 0.000000
vn 0.707107 0.707107 0.000000
vn 0.500000 0.866025 0.000000
vn 0.258819 0.965926 0.000000
vn -0.000000 1.000000 0.000000
vn -0.258819 0.965926 0.000000
vn -0.500000 0.866025 0.000000
vn -0.707107 0.707107 0.000000
vn -0.866025 0.500000 0.000000
vn -0.965926 0.258819 0.000000
vn -1.000000 -0.000000 -0.000000
vn -0.965926 -0.258819 -0.000000
vn -0.866025 -0.500000 -0.000000
vn -0.707107 -0.707107 -0.000000
vn -0.500000 -0.866025 -0.000000
vn -0.258819 -0.965926 -0.000000
vn 0.000000 -1.000000 -0.000000
vn 0.258819 -0.965926 -0.000000
vn 0.500000 -0.866025 -0.000000
vn 0.707107 -0.707107 -0.000000
vn 0.866025 -0.500000 -0.000000
vn 0.965926 -0.258819 -0.000000
vn -0.000000 0.000000 -1.000000
vn -0.000000 0.000000 -1.000000
vn -0.000000 0.000000 -1.000000
vn -0.000000 0.000000 -1.000000
vn -0.000000 0.000000 -1.000000
vn -0.000000 0.000000 -1.000000
vn -0.000000 0.000000 -1.000000
vn -0.000000 0.000000 -1.000000
vn -0.000000 0.000000 -1.000000
vn -0.000000 0.000000 -1.000000
vn -0.000000 0.000000 -1.000000
vn -0.000000 0.000000 -1.000000
vn -0.000000 0.000000 -1.000000
vn -0.000000 0.000000 -1.000000
vn -0.000000 0.000000 -1.000000
vn -0.000000 0.000000 -1.000000
vn -0.000000 0.000000 -1.000000
vn -0.000000 0.000000 -1.000000
vn -0.000000 0.000000 -1.000000
vn -0.000000 0.000000 -1.000000
vn -0.000000 0.000000 -1.000000
vn -0.000000 0.000000 -1.000000
vn -0.000000 0.000000 -1.000000
vn -0.000000 0.000000 -1.000000
vn 0.965926 -0.258819 -0.000000
vn 0.965926 -0.258819 -0.000000
vn 1.000000 0.000000 -0.000000
vn 1.000000 0.000000 -0.000000
vn 0.965926 0.258819 0.000000
vn 0.965926 0.258819 0.000000
vn 0.866025 0.500000 0.000000
vn 0.866025 0.500000 0.000000
vn 0.707107 0.707107 0.000000
vn 0.707107 0.707107 0.000000
vn 0.500000 0.866025 0.000000
vn 0.500000 0.866025 0.000000
vn 0.258819 0.965926 0.000000
vn 0.258819 0.965926 0.000000
vn -0.000000 1.000000 0.000000
vn -0.000000 1.000000 0.000000
vn -0.258819 0.965926 0.000000
vn -0.258819 0.965926 0.000000
vn -0.500000 0.866025 0.000000
vn -0.500000 0.866025 0.000000
vn -0.707107 0.707107 0.000000
vn -0.707107 0.707107 0.000000
vn -0.866025 0.500000 0.000000
vn -0.866025 0.500000 0.000000
vn -0.965926 0.258819 0.000000
vn -0.965926 0.258819 0.000000
vn -1.000000 -0.000000 0.000000
vn -1.000000 -0.000000 -0.000000
vn -0.965926 -0.258819 -0.000000
vn -0.965926 -0.258819 -0.000000
vn -0.866025 -0.500000 -0.000000
vn -0.866025 -0.500000 -0.000000
vn -0.707107 -0.707107 -0.000000
vn -0.707107 -0.707107 -0.000000
vn -0.500000 -0.866025 -0.000000
vn -0.500000 -0.866025 -0.000000
vn -0.258819 -0.965926 -0.000000
vn -0.258819 -0.965926 -0.000000
vn 0.000000 -1.000000 -0.000000
vn 0.000000 -1.000000 -0.000000
vn 0.258819 -0.965926 -0.000000
vn 0.258819 -0.965926 -0.000000
vn 0.500000 -0.866025 -0.000000
vn 0.500000 -0.866025 -0.000000
vn 0.707107 -0.707107 -0.000000
vn 0.707107 -0.707107 -0.000000
vn 0.866025 -0.500000 -0.000000
vn 0.866025 -0.500000 -0.000000
vn 0.965926 0.258819 0.000000
vn 0.965926 0.258819 0.000000
vn 1.000000 0.000000 0.000000
vn 1.000000 0.000000 0.000000
vn 0.965926 -0.258819 -0.000000
vn 0.965926 -0.258819 -0.000000
vn 0.866025 -0.500000 -0.000000
vn 0.866025 -0.500000 -0.000000
vn 0.707107 -0.707107 -0.000000
vn 0.707107 -0.707107 -0.000000
vn 0.500000 -0.866025 -0.000000
vn 0.500000 -0.866025 -0.000000
vn 0.258819 -0.965926 -0.000000
vn 0.258819 -0.965926 -0.000000
vn 0.000000 -1.000000 -0.000000
vn 0.000000 -1.000000 -0.000000
vn -0.258819 -0.965926 -0.000000
vn -0.258819 -0.965926 -0.000000
vn -0.500000 -0.866025 -0.000000
vn -0.500000 -0.866025 -0.000000
vn -0.707107 -0.707107 -0.000000
vn -0.707107 -0.707107 -0.000000
vn -0.866025 -0.500000 -0.000000
vn -0.866025 -0.500000 -0.000000
vn -0.965926 -0.258819 -0.000000
vn -0.965926 -0.258819 -0.000000
vn -1.000000 -0.000000 -0.000000
vn -1.000000 -0.000000 -0.000000
vn -0.965926 0.258819 0.000000
vn -0.965926 0.258819 0.000000
vn -0.866025 0.500000 0.000000
vn -0.866025 0.500000 0.000000
vn -0.707107 0.707107 0.000000
vn -0.707107 0.707107 0.000000
vn -0.500000 0.866025 0.000000
vn -0.500000 0.866025 0.000000
vn -0.258819 0.965926 0.000000
vn -0.258819 0.965926 0.000000
vn -0.000000 1.000000 0.000000
vn -0.000000 1.000000 0.000000
vn 0.258819 0.965926 0.000000
vn 0.258819 0.965926 0.000000
vn 0.500000 0.866025 0.000000
vn 0.500000 0.866025 0.000000
vn 0.707107 0.707107 0.000000
vn 0.707107 0.707107 0.000000
vn 0.866025 0.500000 0.000000
vn 0.866025 0.500000 0.000000
vn 1.000000 0.000000 0.000000
vn 0.965926 0.258819 0.000000
vn 0.866025 0.500000 0.000000
vn 0.707107 0.707107 0.000000
vn 0.500000 0.866025 0.000000
vn 0.258819 0.965926 0.000000
vn -0.000000 1.000000 0.000000
vn -0.258819 0.965926 0.000000
vn -0.500000 0.866025 0.000000
vn -0.707107 0.707107 0.000000
vn -0.866025 0.500000 0.000000
vn -0.965926 0.258819 0.000000
vn -1.000000 -0.000000 -0.000000
vn -0.965926 -0.258819 -0.000000
vn -0.866025 -0.500000 -0.000000
vn -0.707107 -0.707107 -0.000000
vn -0.500000 -0.866025 -0.000000
vn -0.258819 -0.965926 -0.000000
vn 0.000000 -1.000000 -0.000000
vn 0.258819 -0.965926 -0.000000
vn 0.500000 -0.866025 -0.000000
vn 0.707107 -0.707107 -0.000000
vn 0.866025 -0.500000 -0.000000
vn 0.965926 -0.258819 -0.000000
vn 1.000000 0.000000 0.000000
vn 0.965926 0.258819 0.000000
vn 0.866025 0.500000 0.000000
vn 0.707107 0.707107 0.000000
vn 0.500000 0.866025 0.000000
vn 0.258819 0.965926 0.000000
vn -0.000000 1.000000 0.000000
vn -0.258819 0.965926 0.000000
vn -0.500000 0.866025 0.000000
vn -0.707107 0.707107 0.000000
vn -0.866025 0.500000 0.000000
vn -0.965926 0.258819 0.000000
vn -1.000000 -0.000000 -0.000000
vn -0.965926 -0.258819 -0.000000
vn -0.866025 -0.500000 -0.000000
vn -0.707107 -0.707107 -0.000000
vn -0.500000 -0.866025 -0.000000
vn -0.258819 -0.965926 -0.000000
vn 0.000000 -1.000000 -0.000000
vn 0.258819 -0.965926 -0.000000
vn 0.500000 -0.866025 -0.000000
vn 0.707107 -0.707107 -0.000000
vn 0.866025 -0.500000 -0.000000
vn 0.965926 -0.258819 -0.000000
vn -0.000000 0.000000 -1.000000
vn -0.000000 0.000000 -1.000000
vn -0.000000 0.000000 -1.000000
vn -0.000000 0.000000 -1.000000
vn -0.000000 0.000000 -1.000000
vn -0.000000 0.000000 -1.000000
vn -0.000000 0.000000 -1.000000
vn -0.000000 0.000000 -1.000000
vn -0.000000 0.000000 -1.000000
vn -0.000000 0.000000 -1.000000
vn -0.000000 0.000000 -1.000000
vn -0.000000 0.000000 -1.000000
vn -0.000000 0.000000 -1.000000
vn -0.000000 0.000000 -1.000000
vn -0.000000 0.000000 -1.000000
vn -0.000000 0.000000 -1.000000
vn -0.000000 0.000000 -1.000000
vn -0.000000 0.000000 -1.000000
vn -0.000000 0.000000 -1.000000
vn -0.000000 0.000000 -1.000000
vn -0.000000 0.000000 -1.000000
vn -0.000000 0.000000 -1.000000
vn -0.000000 0.000000 -1.000000
vn -0.000000 0.000000 -1.000000
vn 0.965926 -0.258819 -0.000000
vn 0.965926 -0.258819 -0.000000
vn 1.000000 0.000000 -0.000000
vn 1.000000 0.000000 -0.000000
vn 0.965926 0.258819 0.000000
vn 0.965926 0.258819 0.000000
vn 0.866025 0.500000 0.000000
vn 0.866025 0.500000 0.000000
vn 0.707107 0.707107 0.000000
vn 0.707107 0.707107 0.000000
vn 0.500000 0.866025 0.000000
vn 0.500000 0.866025 0.000000
vn 0.258819 0.965926 0.000000
vn 0.258819 0.965926 0.000000
vn -0.000000 1.000000 0.000000
vn -0.000000 1.000000 0.000000
vn -0.258819 0.965926 0.000000
vn -0.258819 0.965926 0.000000
vn -0.500000 0.866025 0.000000
vn -0.500000 0.866025 0.000000
vn -0.707107 0.707107 0.000000
vn -0.707107 0.707107 0.000000
vn -0.866025 0.500000 0.000000
vn -0.866025 0.500000 0.000000
vn -0.965926 0.258819 0.000000
vn -0.965926 0.258819 0.000000
vn -1.000000 -0.000000 0.000000
vn -1.000000 -0.000000 -0.000000
vn -0.965926 -0.258819 -0.000000
vn -0.965926 -0.258819 -0.000000
vn -0.866025 -0.500000 -0.000000
vn -0.866025 -0.500000 -0.000000
vn -0.707107 -0.707107 -0.000000
vn -0.707107 -0.707107 -0.000000
vn -0.500000 -0.866025 -0.000000
vn -0.500000 -0.866025 -0.000000
vn -0.258819 -0.965926 -0.000000
vn -0.258819 -0.965926 -0.000000
vn 0.000000 -1.000000 -0.000000
vn 0.000000 -1.000000 -0.000000
vn 0.258819 -0.965926 -0.000000
vn 0.258819 -0.965926 -0.000000
vn 0.500000 -0.866025 -0.000000
vn 0.500000 -0.866025 -0.000000
vn 0.707107 -0.707107 -0.000000
vn 0.707107 -0.707107 -0.000000
vn 0.866025 -0.500000 -0.000000
vn 0.866025 -0.500000 -0.000000
vn -0.000000 0.000000 -1.000000
vn -0.000000 0.000000 -1.000000
vn -0.000000 0.000000 -1.000000
vn -0.000000 0.000000 -1.000000
vn -0.000000 0.000000 -1.000000
vn -0.000000 0.000000 -1.000000
vn -0.000000 0.000000 -1.000000
vn -0.000000 0.000000 -1.000000
vn -0.000000 0.000000 -1.000000
vn -0.000000 0.000000 -1.000000
vn -0.000000 0.000000 -1.000000
vn -0.000000 0.000000 -1.000000
vn -0.000000 0.000000 -1.000000
vn -0.000000 0.000000 -1.000000
vn -0.000000 0.000000 -1.000000
vn -0.000000 0.000000 -1.000000
vn -0.000000 0.000000 -1.000000
vn -0.000000 0.000000 -1.000000
vn -0.000000 0.000000 -1.000000
vn -0.000000 0.000000 -1.000000
vn -0.000000 0.000000 -1.000000
vn -0.000000 0.000000 -1.000000
vn -0.000000 0.000000 -1.000000
vn -0.000000 0.000000 -1.000000
vn 0.965926 -0.258819 -0.000000
vn 0.965926 -0.258819 -0.000000
vn 1.000000 0.000000 -0.000000
vn 1.000000 0.000000 -0.000000
vn 0.965926 0.258819 0.000000
vn 0.965926 0.258819 0.000000
vn 0.866025 0.500000 0.000000
vn 0.866025 0.500000 0.000000
vn 0.707107 0.707107 0.000000
vn 0.707107 0.707107 0.000000
vn 0.500000 0.866025 0.000000
vn 0.500000 0.866025 0.000000
vn 0.258819 0.965926 0.000000
vn 0.258819 0.965926 0.000000
vn -0.000000 1.000000 0.000000
vn -0.000000 1.000000 0.000000
vn -0.258819 0.965926 0.000000
vn -0.258819 0.965926 0.000000
vn -0.500000 0.866025 0.000000
vn -0.500000 0.866025 0.000000
vn -0.707107 0.707107 0.000000
vn -0.707107 0.707107 0.000000
vn -0.866025 0.500000 0.000000
vn -0.866025 0.500000 0.000000
vn -0.965926 0.258819 0.000000
vn -0.965926 0.258819 0.000000
vn -1.000000 -0.000000 0.000000
vn -1.000000 -0.000000 -0.000000
vn -0.965926 -0.258819 -0.000000
vn -0.965926 -0.258819 -0.000000
vn -0.866025 -0.500000 -0.000000
vn -0.866025 -0.500000 -0.000000
vn -0.707107 -0.707107 -0.000000
vn -0.707107 -0.707107 -0.000000
vn -0.500000 -0.866025 -0.000000
vn -0.500000 -0.866025 -0.000000
vn -0.258819 -0.965926 -0.000000
vn -0.258819 -0.965926 -0.000000
vn 0.000000 -1.000000 -0.000000
vn 0.000000 -1.000000 -0.000000
vn 0.258819 -0.965926 -0.000000
vn 0.258819 -0.965926 -0.000000
vn 0.500000 -0.866025 -0.000000
vn 0.500000 -0.866025 -0.000000
vn 0.707107 -0.707107 -0.000000
vn 0.707107 -0.707107 -0.000000
vn 0.866025 -0.500000 -0.000000
vn 0.866025 -0.500000 -0.000000
vn -1.000000 -0.000000 0.000000
vn -1.000000 -0.000000 -0.000000
vn -0.965926 -0.000000 -0.258819
vn -0.965926 -0.000000 -0.258819
vn -0.866025 -0.000000 -0.500000
vn -0.866025 -0.000000 -0.500000
vn -0.707107 -0.000000 -0.707107
vn -0.707107 -0.000000 -0.707107
vn -0.500000 -0.000000 -0.866025
vn -0.500000 -0.000000 -0.866025
vn -0.258819 -0.000000 -0.965926
vn -0.258819 -0.000000 -0.965926
vn -0.000000 0.000000 -1.000000
vn -0.000000 0.000000 -1.000000
vn -1.000000 -0.000000 0.000000
vn -1.000000 -0.000000 0.000000
vn -1.000000 -0.000000 0.000000
vn -1.000000 -0.000000 0.000000
vn -1.000000 -0.000000 0.000000
vn -1.000000 -0.000000 0.000000
vn -1.000000 -0.000000 0.000000
vn -1.000000 -0.000000 0.000000
vn -1.000000 -0.000000 0.000000
vn -1.000000 -0.000000 0.000000
vn -0.258819 -0.000000 0.965926
vn 0.000000 -0.000000 1.000000
vn -0.258819 -0.000000 0.965926
vn 0.000000 -0.000000 1.000000
vn -0.258819 -0.000000 0.965926
vn -0.500000 -0.000000 0.866025
vn -0.500000 -0.000000 0.866025
vn -0.707107 -0.000000 0.707107
vn -0.707107 -0.000000 0.707107
vn -0.866025 -0.000000 0.500000
vn -0.866025 -0.000000 0.500000
vn -0.965926 -0.000000 0.258819
vn -0.965926 -0.000000 0.258819
vn -0.965926 -0.000000 0.258819
vn -0.866025 -0.000000 0.500000
vn -0.707107 -0.000000 0.707107
vn -0.500000 -0.000000 0.866025
vn 0.000000 -0.000000 1.000000
vn 0.000000 -0.000000 1.000000
vn 1.000000 0.000000 0.000000
vn 1.000000 0.000000 -0.000000
vn 0.965926 0.000000 0.258819
vn 0.965926 0.000000 0.258819
vn 0.866025 0.000000 0.500000
vn 0.866025 0.000000 0.500000
vn 0.707107 0.000000 0.707107
vn 0.707107 0.000000 0.707107
vn 0.500000 0.000000 0.866025
vn 0.500000 0.000000 0.866025
vn 0.258819 0.000000 0.965926
vn 0.258819 0.000000 0.965926
vn 0.258819 0.000000 0.965926
vn 0.500000 0.000000 0.866025
vn 0.707107 0.000000 0.707107
vn 0.866025 0.000000 0.500000
vn 0.965926 0.000000 0.258819
vn 1.000000 0.000000 0.000000
vn 1.000000 0.000000 0.000000
vn 1.000000 0.000000 0.000000
vn 1.000000 0.000000 0.000000
vn 1.000000 0.000000 0.000000
vn 1.000000 0.000000 0.000000
vn 1.000000 0.000000 0.000000
vn 1.000000 0.000000 0.000000
vn 1.000000 0.000000 0.000000
vn 1.000000 0.000000 0.000000
vn 0.965926 0.000000 -0.258819
vn 0.965926 0.000000 -0.258819
vn 0.866025 0.000000 -0.500000
vn 0.866025 0.000000 -0.500000
vn 0.707107 0.000000 -0.707107
vn 0.707107 0.000000 -0.707107
vn 0.500000 0.000000 -0.866025
vn 0.500000 0.000000 -0.866025
vn 0.258819 0.000000 -0.965926
vn 0.258819 0.000000 -0.965926
vn -0.000000 0.000000 -1.000000
vn -0.000000 0.000000 -1.000000
vn -0.000000 0.000000 -1.000000
vn -0.000000 0.000000 -1.000000
vn -0.000000 0.000000 -1.000000
vn -0.000000 0.000000 -1.000000
vn -0.000000 0.000000 -1.000000
vn -0.000000 0.000000 -1.000000
vn -0.000000 0.000000 -1.000000
vn -0.000000 0.000000 -1.000000
vn -0.000000 0.000000 -1.000000
vn -0.000000 0.000000 -1.000000
vn -0.000000 0.000000 -1.000000
vn -0.000000 0.000000 -1.000000
vn -0.000000 0.000000 -1.000000
vn -0.000000 0.000000 -1.000000
vn -0.000000 0.000000 -1.000000
vn -0.000000 0.000000 -1.000000
vn -0.000000 0.000000 -1.000000
vn -0.000000 0.000000 -1.000000
vn -0.000000 0.000000 -1.000000
vn -0.000000 0.000000 -1.000000
vn -0.000000 0.000000 -1.000000
vn -0.000000 0.000000 -1.000000
vn -0.000000 0.000000 -1.000000
vn -0.000000 0.000000 -1.000000
vn -0.000000 0.000000 -1.000000
vn -0.000000 0.000000 -1.000000
vn -0.000000 0.000000 -1.000000
vn -0.000000 0.000000 -1.000000
vn -0.000000 0.000000 -1.000000
vn -0.000000 0.000000 -1.000000
vn -0.000000 0.000000 -1.000000
vn -0.000000 0.000000 -1.000000
vn -0.000000 0.000000 -1.000000
vn -0.000000 0.000000 -1.000000
vn -0.000000 0.000000 -1.000000
vn -0.000000 0.000000 -1.000000
vn -0.000000 0.000000 -1.000000
vn -0.000000 0.000000 -1.000000
vn -0.000000 0.000000 -1.000000
vn -0.000000 0.000000 -1.000000
vn -0.000000 0.000000 -1.000000
vn -0.000000 0.000000 -1.000000
vn -0.000000 0.000000 -1.000000
vn -0.000000 0.000000 -1.000000
vn -0.000000 0.000000 -1.000000
vn -0.000000 0.000000 -1.000000
vn -0.000000 0.000000 -1.000000
vn -0.000000 0.000000 -1.000000
vn -0.000000 0.000000 -1.000000
vn -0.000000 0.000000 -1.000000
vn -0.000000 0.000000 -1.000000
vn -0.000000 0.000000 -1.000000
vn -0.000000 0.000000 -1.000000
vn -0.000000 0.000000 -1.000000
vn -0.000000 0.000000 -1.000000
vn -0.000000 0.000000 -1.000000
vn -0.000000 0.000000 -1.000000
vn -0.000000 0.000000 -1.000000
vn -0.000000 0.000000 -1.000000
vn -0.000000 0.000000 -1.000000
vn -0.000000 0.000000 -1.000000
vn -0.000000 0.000000 -1.000000
vn -0.000000 0.000000 -1.000000
vn -0.000000 0.000000 -1.000000
vn -0.000000 0.000000 -1.000000
vn -0.000000 0.000000 -1.000000
vn -0.000000 0.000000 -1.000000
vn -0.000000 0.000000 -1.000000
vn -0.000000 0.000000 -1.000000
vn -0.000000 0.000000 -1.000000
vn -0.000000 0.000000 -1.000000
vn -0.000000 0.000000 -1.000000
vn -0.000000 0.000000 -1.000000
vn -0.000000 0.000000 -1.000000
vn -0.000000 0.000000 -1.000000
vn -0.000000 0.000000 -1.000000
vn -0.000000 0.000000 -1.000000
vn -0.000000 0.000000 -1.000000
vn -0.000000 0.000000 -1.000000
vn -0.000000 0.000000 -1.000000
vn -0.000000 0.000000 -1.000000
vn -0.000000 0.000000 -1.000000
vn -0.000000 0.000000 -1.000000
vn -0.000000 0.000000 -1.000000
vn -0.000000 0.000000 -1.000000
vn -0.000000 0.000000 -1.000000
vn -0.000000 0.000000 -1.000000
vn -0.000000 0.000000 -1.000000
vn -0.000000 0.000000 -1.000000
vn -0.000000 0.000000 -1.000000
vn -0.000000 0.000000 -1.000000
vn -0.000000 0.000000 -1.000000
vn -0.000000 0.000000 -1.000000
vn -0.000000 0.000000 -1.000000
vn -0.000000 0.000000 -1.000000
vn -0.000000 0.000000 -1.000000
vn -0.000000 0.000000 -1.000000
vn -0.000000 0.000000 -1.000000
vn -0.000000 0.000000 -1.000000
vn -0.000000 0.000000 -1.000000
vn -0.000000 0.000000 -1.000000
vn -0.000000 0.000000 -1.000000
vn -0.000000 0.000000 -1.000000
vn -0.000000 0.000000 -1.000000
vn -0.000000 0.000000 -1.000000
vn -0.000000 0.000000 -1.000000
vn -0.000000 0.000000 -1.000000
vn -0.000000 0.000000 -1.000000
vn -0.000000 0.000000 -1.000000
vn -0.000000 0.000000 -1.000000
vn -0.000000 0.000000 -1.000000
vn -0.000000 0.000000 -1.000000
vn -0.000000 0.000000 -1.000000
vn -0.000000 0.000000 -1.000000
vn -0.000000 0.000000 -1.000000
vn -0.000000 0.000000 -1.000000
vn -0.000000 0.000000 -1.000000
vn -0.000000 0.000000 -1.000000
vn -0.000000 0.000000 -1.000000
vn -0.000000 0.000000 -1.000000
vn -0.000000 0.000000 -1.000000
vn -0.000000 0.000000 -1.000000
vn -0.000000 0.000000 -1.000000
vn -0.000000 0.000000 -1.000000
vn -0.000000 0.000000 -1.000000
vn -0.000000 0.000000 -1.000000
vn -0.000000 0.000000 -1.000000
vn -0.000000 0.000000 -1.000000
vn -0.000000 0.000000 -1.000000
vn -0.000000 0.000000 -1.000000
vn -0.000000 0.000000 -1.000000
vn -0.000000 0.000000 -1.000000
vn -0.000000 0.000000 -1.000000
vn -0.000000 0.000000 -1.000000
vn -0.000000 0.000000 -1.000000
vn -0.000000 0.000000 -1.000000
vn -0.000000 0.000000 -1.000000
vn -0.000000 0.000000 -1.000000
vn -0.000000 0.000000 -1.000000
vn -0.000000 0.000000 -1.000000
vn -0.000000 0.000000 -1.000000
vn -0.000000 0.000000 -1.000000
vn -0.000000 0.000000 -1.000000
vn -0.000000 0.000000 -1.000000
vn -0.000000 0.000000 -1.000000
vn -0.000000 0.000000 -1.000000
vn -0.000000 0.000000 -1.000000
vn -0.000000 0.000000 -1.000000
vn -0.000000 0.000000 -1.000000
vn -0.000000 0.000000 -1.000000
vn -0.000000 0.000000 -1.000000
vn -0.000000 0.000000 -1.000000
vn -0.000000 0.000000 -1.000000
vn -0.000000 0.000000 -1.000000
vn -0.000000 0.000000 -1.000000
vn -0.000000 0.000000 -1.000000
vn -0.000000 0.000000 -1.000000
vn -0.000000 0.000000 -1.000000
vn -0.000000 0.000000 -1.000000
vn -0.000000 0.000000 -1.000000
vn -0.000000 0.000000 -1.000000
vn -0.000000 0.000000 -1.000000
vn -0.000000 0.000000 -1.000000
vn -0.000000 0.000000 -1.000000
vn -0.000000 0.000000 -1.000000
vn -0.000000 0.000000 -1.000000
vn -0.000000 0.000000 -1.000000
vn -0.000000 0.000000 -1.000000
vn -0.000000 0.000000 -1.000000
vn -0.000000 0.000000 -1.000000
vn -0.000000 0.000000 -1.000000
vn -0.000000 0.000000 -1.000000
vn -0.000000 0.000000 -1.000000
vn -0.000000 0.000000 -1.000000
vn -0.000000 0.000000 -1.000000
vn -0.000000 0.000000 -1.000000
vn -0.000000 0.000000 -1.000000
vn -0.000000 0.000000 -1.000000
vn -0.000000 0.000000 -1.000000
vn -0.000000 0.000000 -1.000000
vn -0.000000 0.000000 -1.000000
vn -0.000000 0.000000 -1.000000
vn -0.000000 0.000000 -1.000000
vn -0.000000 0.000000 -1.000000
vn -0.000000 0.000000 -1.000000
vn -0.000000 0.000000 -1.000000
vn -0.000000 0.000000 -1.000000
vn -0.000000 0.000000 -1.000000
vn -0.000000 0.000000 -1.000000
vn -0.000000 0.000000 -1.000000
vn -0.000000 0.000000 -1.000000
vn -0.000000 0.000000 -1.000000
vn -0.000000 0.000000 -1.000000
vn -0.000000 0.000000 -1.000000
vn -0.000000 0.000000 -1.000000
vn -0.000000 0.000000 -1.000000
vn -0.000000 0.000000 -1.000000
vn -0.000000 0.000000 -1.000000
vn -0.000000 0.000000 -1.000000
vn -0.000000 0.000000 -1.000000
vn -0.000000 0.000000 -1.000000
vn -0.000000 0.000000 -1.000000
vn -0.000000 0.000000 -1.000000
vn -0.000000 0.000000 -1.000000
vn -0.000000 0.000000 -1.000000
vn -0.000000 0.000000 -1.000000
vn -0.000000 0.000000 -1.000000
vn -0.000000 0.000000 -1.000000
vn -0.000000 0.000000 -1.000000
vn -0.000000 0.000000 -1.000000
vn -0.000000 0.000000 -1.000000
vn -0.000000 0.000000 -1.000000
vn -0.000000 0.000000 -1.000000
vn -0.000000 0.000000 -1.000000
vn -0.000000 0.000000 -1.000000
vn -0.000000 0.000000 -1.000000
vn -0.000000 0.000000 -1.000000
vn -0.000000 0.000000 -1.000000
vn -0.000000 0.000000 -1.000000
vn -0.000000 0.000000 -1.000000
vn -0.000000 0.000000 -1.000000
vn -0.000000 0.000000 -1.000000
vn -0.000000 0.000000 -1.000000
vn -0.000000 0.000000 -1.000000
vn -0.000000 0.000000 -1.000000
vn -0.000000 0.000000 -1.000000
vn -0.000000 0.000000 -1.000000
vn -0.000000 0.000000 -1.000000
vn -0.000000 0.000000 -1.000000
vn -0.000000 0.000000 -1.000000
vn -0.000000 0.000000 -1.000000
vn -0.000000 0.000000 -1.000000
vn -0.000000 0.000000 -1.000000
vn -0.000000 0.000000 -1.000000
vn -0.000000 0.000000 -1.000000
vn -0.000000 0.000000 -1.000000
vn -0.000000 0.000000 -1.000000
vn -0.000000 0.000000 -1.000000
vn -0.000000 0.000000 -1.000000
vn -0.000000 0.000000 -1.000000
vn -0.000000 0.000000 -1.000000
vn -0.000000 0.000000 -1.000000
vn -0.000000 0.000000 -1.000000
vn -0.000000 0.000000 -1.000000
vn -0.000000 0.000000 -1.000000
vn -0.000000 0.000000 -1.000000
vn -0.000000 0.000000 -1.000000
vn -0.000000 0.000000 -1.000000
vn -0.000000 0.000000 -1.000000
vn -0.000000 0.000000 -1.000000
vn -0.000000 0.000000 -1.000000
vn -0.000000 0.000000 -1.000000
vn -0.000000 0.000000 -1.000000
vn -0.000000 0.000000 -1.000000
vn -0.000000 0.000000 -1.000000
vn -0.000000 0.000000 -1.000000
vn -0.000000 0.000000 -1.000000
vn -0.000000 0.000000 -1.000000
vn -0.000000 0.000000 -1.000000
vn -0.000000 0.000000 -1.000000
vn -0.000000 0.000000 -1.000000
vn -0.000000 0.000000 -1.000000
vn -0.000000 0.000000 -1.000000
vn -0.000000 0.000000 -1.000000
vn -0.000000 0.000000 -1.000000
vn -0.000000 0.000000 -1.000000
vn -0.000000 0.000000 -1.000000
vn -0.000000 0.000000 -1.000000
vn -0.000000 0.000000 -1.000000
vn -0.000000 0.000000 -1.000000
vn -0.000000 0.000000 -1.000000
vn -0.000000 0.000000 -1.000000
vn -0.000000 0.000000 -1.000000
vn -0.000000 0.000000 -1.000000
vn -0.000000 0.000000 -1.000000
vn -0.000000 0.000000 -1.000000
vn -0.000000 0.000000 -1.000000
vn -0.000000 0.000000 -1.000000
vn -0.000000 0.000000 -1.000000
vn -0.000000 0.000000 -1.000000
vn -0.000000 0.000000 -1.000000
vn -0.000000 0.000000 -1.000000
vn -0.000000 0.000000 -1.000000
vn -0.000000 0.000000 -1.000000
vn -0.000000 0.000000 -1.000000
vn -0.000000 0.000000 -1.000000
vn -0.000000 0.000000 -1.000000
vn -0.000000 0.000000 -1.000000
vn -0.000000 0.000000 -1.000000
vn -0.000000 0.000000 -1.000000
vn -0.000000 0.000000 -1.000000
vn -0.000000 0.000000 -1.000000
vn -0.000000 0.000000 -1.000000
vn -0.000000 0.000000 -1.000000
vn -0.000000 0.000000 -1.000000
vn -0.000000 0.000000 -1.000000
vn -0.000000 0.000000 -1.000000
vn -0.000000 0.000000 -1.000000
vn -0.000000 0.000000 -1.000000
vn -0.000000 0.000000 -1.000000
vn -0.000000 0.000000 -1.000000
vn -0.000000 0.000000 -1.000000
vn -0.000000 0.000000 -1.000000
vn -0.000000 0.000000 -1.000000
vn -0.000000 0.000000 -1.000000
vn -0.000000 0.000000 -1.000000
vn -0.000000 0.000000 -1.000000
vn -0.000000 0.000000 -1.000000
vn -0.000000 0.000000 -1.000000
vn -0.000000 0.000000 -1.000000
vn -0.000000 0.000000 -1.000000
vn -0.000000 0.000000 -1.000000
vn -0.000000 0.000000 -1.000000
vn -0.000000 0.000000 -1.000000
vn -0.000000 0.000000 -1.000000
vn -0.000000 0.000000 -1.000000
vn -0.000000 0.000000 -1.000000
vn -0.000000 0.000000 -1.000000
vn -0.000000 0.000000 -1.000000
vn -0.000000 0.000000 -1.000000
vn -0.000000 0.000000 -1.000000
vn -0.000000 0.000000 -1.000000
vn -0.000000 0.000000 -1.000000
vn -0.000000 0.000000 -1.000000
vn -0.000000 0.000000 -1.000000
vn -0.000000 0.000000 -1.000000
vn -0.000000 0.000000 -1.000000
vn -0.000000 0.000000 -1.000000
vn -0.000000 0.000000 -1.000000
vn -0.000000 0.000000 -1.000000
vn -0.000000 0.000000 -1.000000
vn -0.000000 0.000000 -1.000000
vn -0.000000 0.000000 -1.000000
vn -0.000000 0.000000 -1.000000
vn -0.000000 0.000000 -1.000000
vn -0.000000 0.000000 -1.000000
vn -0.000000 0.000000 -1.000000
vn -0.000000 0.000000 -1.000000
vn -0.000000 0.000000 -1.000000
vn -0.000000 0.000000 -1.000000
vn -0.000000 0.000000 -1.000000
vn -0.000000 0.000000 -1.000000
vn -0.000000 0.000000 -1.000000
vn -0.000000 0.000000 -1.000000
vn -0.000000 0.000000 -1.000000
vn -0.000000 0.000000 -1.000000
vn -0.000000 0.000000 -1.000000
vn -0.000000 0.000000 -1.000000
vn -0.000000 0.000000 -1.000000
vn -0.000000 0.000000 -1.000000
vn -0.000000 0.000000 -1.000000
vn -0.000000 0.000000 -1.000000
vn -0.000000 0.000000 -1.000000
vn -0.000000 0.000000 -1.000000
vn -0.000000 0.000000 -1.000000
vn -0.000000 0.000000 -1.000000
vn -0.000000 0.000000 -1.000000
vn -0.000000 0.000000 -1.000000
vn -0.000000 0.000000 -1.000000
vn -0.000000 0.000000 -1.000000
vn -0.000000 0.000000 -1.000000
vn -0.000000 0.000000 -1.000000
vn -0.000000 0.000000 -1.000000
vn -0.000000 0.000000 -1.000000
vn -0.000000 0.000000 -1.000000
vn -0.000000 0.000000 -1.000000
vn -0.000000 0.000000 -1.000000
vn -0.000000 0.000000 -1.000000
vn -0.000000 0.000000 -1.000000
vn -0.000000 0.000000 -1.000000
vn -0.000000 0.000000 -1.000000
vn -0.000000 0.000000 -1.000000
vn -0.000000 0.000000 -1.000000
vn -0.000000 0.000000 -1.000000
vn -0.000000 0.000000 -1.000000
vn -0.000000 0.000000 -1.000000
vn -0.000000 0.000000 -1.000000
vn -0.000000 0.000000 -1.000000
vn -0.000000 0.000000 -1.000000
vn -0.000000 0.000000 -1.000000
vn -0.000000 0.000000 -1.000000
vn -0.000000 0.000000 -1.000000
vn -0.000000 0.000000 -1.000000
vn -0.000000 0.000000 -1.000000
vn -0.000000 0.000000 -1.000000
vn -0.000000 0.000000 -1.000000
vn -0.000000 0.000000 -1.000000
vn -0.000000 0.000000 -1.000000
vn -0.000000 0.000000 -1.000000
vn -0.000000 0.000000 -1.000000
vn -0.000000 0.000000 -1.000000
vn -0.000000 0.000000 -1.000000
vn -0.000000 0.000000 -1.000000
vn -0.000000 0.000000 -1.000000
vn -0.000000 0.000000 -1.000000
vn -0.000000 0.000000 -1.000000
vn -0.000000 0.000000 -1.000000
vn -0.000000 0.000000 -1.000000
vn -0.000000 0.000000 -1.000000
vn -0.000000 0.000000 -1.000000
vn -0.000000 0.000000 -1.000000
vn -0.000000 0.000000 -1.000000
vn -0.000000 0.000000 -1.000000
vn -0.000000 0.000000 -1.000000
vn -0.000000 0.000000 -1.000000
vn -0.000000 0.000000 -1.000000
vn -0.000000 0.000000 -1.000000
vn -0.000000 0.000000 -1.000000
vn -0.000000 0.000000 -1.000000
vn -0.000000 0.000000 -1.000000
vn -0.000000 0.000000 -1.000000
vn -0.000000 0.000000 -1.000000
vn -0.000000 0.000000 -1.000000
vn -0.000000 0.000000 -1.000000
vn -0.000000 0.000000 -1.000000
vn -0.000000 0.000000 -1.000000
vn -0.000000 0.000000 -1.000000
vn -0.000000 0.000000 -1.000000
vn -0.000000 0.000000 -1.000000
vn -0.000000 0.000000 -1.000000
vn -0.000000 0.000000 -1.000000
vn -0.000000 0.000000 -1.000000
vn -0.000000 0.000000 -1.000000
vn -0.000000 0.000000 -1.000000
vn -0.000000 0.000000 -1.000000
vn -0.000000 0.000000 -1.000000
vn -0.000000 0.000000 -1.000000
vn -0.000000 0.000000 -1.000000
vn -0.000000 0.000000 -1.000000
vn -0.000000 0.000000 -1.000000
vn -0.000000 0.000000 -1.000000
vn -0.000000 0.000000 -1.000000
vn -0.000000 0.000000 -1.000000
vn -0.000000 0.000000 -1.000000
vn -0.000000 0.000000 -1.000000
vn -0.000000 0.000000 -1.000000
vn -0.000000 0.000000 -1.000000
vn -0.000000 0.000000 -1.000000
vn -0.000000 0.000000 -1.000000
vn -0.000000 0.000000 -1.000000
vn -0.000000 0.000000 -1.000000
vn -0.000000 0.000000 -1.000000
vn -0.000000 0.000000 -1.000000
vn -0.000000 0.000000 -1.000000
vn -0.000000 0.000000 -1.000000
vn -0.000000 0.000000 -1.000000
vn -0.000000 0.000000 -1.000000
vn -0.000000 0.000000 -1.000000
vn -0.000000 1.000000 0.000000
vn -0.000000 1.000000 0.000000
vn -0.000000 1.000000 0.000000
vn -0.000000 1.000000 0.000000
vn -0.000000 1.000000 0.000000
vn -0.000000 1.000000 0.000000
vn -0.000000 1.000000 0.000000
vn -0.000000 1.000000 0.000000
vn -0.000000 1.000000 0.000000
vn -0.000000 1.000000 0.000000
vn -0.000000 1.000000 0.000000
vn -0.000000 1.000000 0.000000
vn -0.000000 1.000000 0.000000
vn -0.000000 1.000000 0.000000
vn -0.000000 1.000000 0.000000
vn -0.000000 1.000000 0.000000
vn -0.000000 1.000000 0.000000
vn -0.000000 1.000000 0.000000
vn -0.000000 1.000000 0.000000
vn -0.000000 1.000000 0.000000
vn -0.000000 1.000000 0.000000
vn -0.000000 1.000000 0.000000
vn -0.000000 1.000000 0.000000
vn -0.000000 1.000000 0.000000
vn -0.000000 1.000000 0.000000
vn -0.000000 1.000000 0.000000
vn -0.000000 1.000000 0.000000
vn -0.000000 1.000000 0.000000
usemtl Opaque(160,160,160)
f 835/2011/1937 836/2012/1938 844/2013/1939
f 844/2013/1939 836/2012/1938 837/2014/1940
f 844/2013/1939 837/2014/1940 842/2015/1941
f 842/2015/1941 837/2014/1940 838/2016/1942
f 842/2015/1941 838/2016/1942 839/2017/1943
f 839/2017/1943 840/2018/1944 842/2015/1941
f 842/2015/1941 840/2018/1944 841/2019/1945
f 842/2015/1941 843/2020/1946 844/2013/1939
f 845/2021/1947 846/2022/1948 854/2023/1949
f 854/2023/1949 846/2022/1948 847/2024/1950
f 854/2023/1949 847/2024/1950 848/2025/1951
f 848/2025/1951 849/2026/1952 854/2023/1949
f 854/2023/1949 849/2026/1952 852/2027/1953
f 854/2023/1949 852/2027/1953 853/2028/1954
f 849/2026/1952 850/2029/1955 852/2027/1953
f 852/2027/1953 850/2029/1955 851/2030/1956
f 856/2031/1957 857/2032/1958 855/2033/1959
f 855/2033/1959 857/2032/1958 858/2034/1960
f 855/2033/1959 858/2034/1960 859/2035/1961
f 859/2035/1961 860/2036/1962 855/2033/1959
f 855/2033/1959 860/2036/1962 865/2037/1963
f 855/2033/1959 865/2037/1963 870/2038/1964
f 870/2038/1964 865/2037/1963 866/2039/1965
f 870/2038/1964 866/2039/1965 867/2040/1966
f 865/2037/1963 860/2036/1962 864/2041/1967
f 864/2041/1967 860/2036/1962 861/2042/1968
f 864/2041/1967 861/2042/1968 863/2043/1969
f 863/2043/1969 861/2042/1968 862/2044/1970
f 867/2040/1966 868/2045/1971 870/2038/1964
f 870/2038/1964 868/2045/1971 869/2046/1972
f 871/2047/1973 853/2048/1974 872/2049/1975
f 872/2049/1975 853/2048/1974 852/2050/1976
f 873/2051/1977 854/2052/1978 871/2053/1979
f 871/2053/1979 854/2052/1978 853/2054/1980
f 874/2055/1981 873/2056/1982 872/2057/1983
f 872/2057/1983 873/2056/1982 871/2058/1984
f 843/2059/1985 875/2060/1986 844/2061/1987
f 844/2061/1987 875/2060/1986 876/2062/1988
f 842/2063/1989 877/2064/1990 843/2065/1991
f 843/2065/1991 877/2064/1990 875/2066/1992
f 877/2067/1993 878/2068/1994 875/2069/1995
f 875/2069/1995 878/2068/1994 876/2070/1996
f 880/2071/1997 881/2072/1998 879/2073/1999
f 879/2073/1999 881/2072/1998 882/2074/2000
f 883/2075/2001 884/2076/2002 879/2077/2003
f 879/2077/2003 884/2076/2002 880/2078/2004
f 884/2079/2005 885/2080/2006 880/2081/2007
f 880/2081/2007 885/2080/2006 881/2082/2008
f 885/2083/2009 886/2084/2010 881/2085/2011
f 881/2085/2011 886/2084/2010 882/2086/2012
f 888/2087/2013 889/2088/2014 887/2089/2015
f 887/2089/2015 889/2088/2014 890/2090/2016
f 891/2091/2017 892/2092/2018 887/2093/2019
f 887/2093/2019 892/2092/2018 888/2094/2020
f 892/2095/2021 893/2096/2022 888/2097/2023
f 888/2097/2023 893/2096/2022 889/2098/2024
f 893/2099/2025 894/2100/2026 889/2101/2027
f 889/2101/2027 894/2100/2026 890/2102/2028
f 896/2103/2029 906/2104/2030 895/2105/2031
f 895/2105/2031 906/2104/2030 907/2106/2032
f 895/2105/2031 907/2106/2032 918/2107/2033
f 918/2107/2033 907/2106/2032 908/2108/2034
f 918/2107/2033 908/2108/2034 917/2109/2035
f 917/2109/2035 908/2108/2034 909/2110/2036
f 917/2109/2035 909/2110/2036 916/2111/2037
f 916/2111/2037 909/2110/2036 910/2112/2038
f 916/2111/2037 910/2112/2038 915/2113/2039
f 915/2113/2039 910/2112/2038 911/2114/2040
f 915/2113/2039 911/2114/2040 914/2115/2041
f 914/2115/2041 911/2114/2040 912/2116/2042
f 914/2115/2041 912/2116/2042 913/2117/2043
f 906/2104/2030 896/2103/2029 905/2118/2044
f 905/2118/2044 896/2103/2029 897/2119/2045
f 905/2118/2044 897/2119/2045 904/2120/2046
f 904/2120/2046 897/2119/2045 898/2121/2047
f 904/2120/2046 898/2121/2047 903/2122/2048
f 903/2122/2048 898/2121/2047 899/2123/2049
f 903/2122/2048 899/2123/2049 902/2124/2050
f 902/2124/2050 899/2123/2049 900/2125/2051
f 902/2124/2050 900/2125/2051 901/2126/2052
f 920/2127/2053 947/2128/2054 919/2129/2055
f 919/2129/2055 947/2128/2054 943/2130/2056
f 919/2131/2055 943/2132/2056 942/2133/2057
f 942/2133/2057 943/2132/2056 1035/2134/2058
f 942/2133/2057 1035/2134/2058 941/2135/2059
f 941/2135/2059 1035/2134/2058 1031/2136/2060
f 941/2135/2059 1031/2136/2060 940/2137/2061
f 940/2137/2061 1031/2136/2060 1027/2138/2062
f 940/2137/2061 1027/2138/2062 939/2139/2063
f 939/2139/2063 1027/2138/2062 1023/2140/2064
f 939/2139/2063 1023/2140/2064 938/2141/2065
f 938/2141/2065 1023/2140/2064 1019/2142/2066
f 938/2141/2065 1019/2142/2066 937/2143/2067
f 937/2143/2067 1019/2142/2066 1015/2144/2068
f 937/2143/2067 1015/2144/2068 936/2145/2069
f 936/2145/2069 1015/2144/2068 1011/2146/2070
f 936/2145/2069 1011/2146/2070 935/2147/2071
f 935/2147/2071 1011/2146/2070 1007/2148/2072
f 935/2147/2071 1007/2148/2072 934/2149/2073
f 934/2149/2073 1007/2148/2072 1003/2150/2074
f 934/2149/2073 1003/2150/2074 933/2151/2075
f 933/2151/2075 1003/2150/2074 999/2152/2076
f 933/2151/2075 999/2152/2076 932/2153/2077
f 932/2153/2077 999/2152/2076 995/2154/2078
f 932/2153/2077 995/2154/2078 931/2155/2079
f 931/2155/2079 995/2154/2078 991/2156/2080
f 931/2155/2079 991/2156/2080 930/2157/2081
f 930/2157/2081 991/2156/2080 987/2158/2082
f 930/2157/2081 987/2158/2082 929/2159/2083
f 929/2159/2083 987/2158/2082 983/2160/2084
f 929/2159/2083 983/2160/2084 928/2161/2085
f 928/2161/2085 983/2160/2084 979/2162/2086
f 928/2161/2085 979/2162/2086 927/2163/2087
f 927/2163/2087 979/2162/2086 975/2164/2088
f 927/2163/2087 975/2164/2088 926/2165/2089
f 926/2165/2089 975/2164/2088 971/2166/2090
f 926/2165/2089 971/2166/2090 925/2167/2091
f 925/2167/2091 971/2166/2090 967/2168/2092
f 925/2167/2091 967/2168/2092 924/2169/2093
f 924/2169/2093 967/2168/2092 963/2170/2094
f 924/2169/2093 963/2170/2094 923/2171/2095
f 923/2171/2095 963/2170/2094 959/2172/2096
f 923/2171/2095 959/2172/2096 922/2173/2097
f 922/2173/2097 959/2172/2096 955/2174/2098
f 922/2173/2097 955/2174/2098 921/2175/2099
f 921/2175/2099 955/2174/2098 951/2176/2100
f 921/2175/2099 951/2176/2100 920/2127/2053
f 920/2127/2053 951/2176/2100 947/2128/2054
f 918/2177/2101 1038/2178/2102 895/2179/2103
f 895/2179/2103 1038/2178/2102 946/2180/2104
f 895/2181/2103 946/2182/2104 896/2183/2105
f 896/2183/2105 946/2182/2104 950/2184/2106
f 896/2183/2105 950/2184/2106 897/2185/2107
f 897/2185/2107 950/2184/2106 954/2186/2108
f 897/2185/2107 954/2186/2108 898/2187/2109
f 898/2187/2109 954/2186/2108 958/2188/2110
f 898/2187/2109 958/2188/2110 899/2189/2111
f 899/2189/2111 958/2188/2110 962/2190/2112
f 899/2189/2111 962/2190/2112 900/2191/2113
f 900/2191/2113 962/2190/2112 966/2192/2114
f 900/2191/2113 966/2192/2114 901/2193/2115
f 901/2193/2115 966/2192/2114 970/2194/2116
f 901/2193/2115 970/2194/2116 902/2195/2117
f 902/2195/2117 970/2194/2116 974/2196/2118
f 902/2195/2117 974/2196/2118 903/2197/2119
f 903/2197/2119 974/2196/2118 978/2198/2120
f 903/2197/2119 978/2198/2120 904/2199/2121
f 904/2199/2121 978/2198/2120 982/2200/2122
f 904/2199/2121 982/2200/2122 905/2201/2123
f 905/2201/2123 982/2200/2122 986/2202/2124
f 905/2201/2123 986/2202/2124 906/2203/2125
f 906/2203/2125 986/2202/2124 990/2204/2126
f 906/2203/2125 990/2204/2126 907/2205/2127
f 907/2205/2127 990/2204/2126 994/2206/2128
f 907/2205/2127 994/2206/2128 908/2207/2129
f 908/2207/2129 994/2206/2128 998/2208/2130
f 908/2207/2129 998/2208/2130 909/2209/2131
f 909/2209/2131 998/2208/2130 1002/2210/2132
f 909/2209/2131 1002/2210/2132 910/2211/2133
f 910/2211/2133 1002/2210/2132 1006/2212/2134
f 910/2211/2133 1006/2212/2134 911/2213/2135
f 911/2213/2135 1006/2212/2134 1010/2214/2136
f 911/2213/2135 1010/2214/2136 912/2215/2137
f 912/2215/2137 1010/2214/2136 1014/2216/2138
f 912/2215/2137 1014/2216/2138 913/2217/2139
f 913/2217/2139 1014/2216/2138 1018/2218/2140
f 913/2217/2139 1018/2218/2140 914/2219/2141
f 914/2219/2141 1018/2218/2140 1022/2220/2142
f 914/2219/2141 1022/2220/2142 915/2221/2143
f 915/2221/2143 1022/2220/2142 1026/2222/2144
f 915/2221/2143 1026/2222/2144 916/2223/2145
f 916/2223/2145 1026/2222/2144 1030/2224/2146
f 916/2223/2145 1030/2224/2146 917/2225/2147
f 917/2225/2147 1030/2224/2146 1034/2226/2148
f 917/2225/2147 1034/2226/2148 918/2177/2101
f 918/2177/2101 1034/2226/2148 1038/2178/2102
f 943/2132/2056 944/2227/2149 1035/2134/2058
f 1035/2134/2058 944/2227/2149 1036/2228/2150
f 1035/2134/2058 1036/2228/2150 1031/2136/2060
f 1031/2136/2060 1036/2228/2150 1032/2229/2151
f 1031/2136/2060 1032/2229/2151 1027/2138/2062
f 1027/2138/2062 1032/2229/2151 1028/2230/2152
f 1027/2138/2062 1028/2230/2152 1023/2140/2064
f 1023/2140/2064 1028/2230/2152 1024/2231/2153
f 1023/2140/2064 1024/2231/2153 1019/2142/2066
f 1019/2142/2066 1024/2231/2153 1020/2232/2154
f 1019/2142/2066 1020/2232/2154 1015/2144/2068
f 1015/2144/2068 1020/2232/2154 1016/2233/2155
f 1015/2144/2068 1016/2233/2155 1011/2146/2070
f 1011/2146/2070 1016/2233/2155 1012/2234/2156
f 1011/2146/2070 1012/2234/2156 1007/2148/2072
f 1007/2148/2072 1012/2234/2156 1008/2235/2157
f 1007/2148/2072 1008/2235/2157 1003/2150/2074
f 1003/2150/2074 1008/2235/2157 1004/2236/2158
f 1003/2150/2074 1004/2236/2158 999/2152/2076
f 999/2152/2076 1004/2236/2158 1000/2237/2159
f 999/2152/2076 1000/2237/2159 995/2154/2078
f 995/2154/2078 1000/2237/2159 996/2238/2160
f 995/2154/2078 996/2238/2160 991/2156/2080
f 991/2156/2080 996/2238/2160 992/2239/2161
f 991/2156/2080 992/2239/2161 987/2158/2082
f 987/2158/2082 992/2239/2161 988/2240/2162
f 987/2158/2082 988/2240/2162 983/2160/2084
f 983/2160/2084 988/2240/2162 984/2241/2163
f 983/2160/2084 984/2241/2163 979/2162/2086
f 979/2162/2086 984/2241/2163 980/2242/2164
f 979/2162/2086 980/2242/2164 975/2164/2088
f 975/2164/2088 980/2242/2164 976/2243/2165
f 975/2164/2088 976/2243/2165 971/2166/2090
f 971/2166/2090 976/2243/2165 972/2244/2166
f 971/2166/2090 972/2244/2166 967/2168/2092
f 967/2168/2092 972/2244/2166 968/2245/2167
f 967/2168/2092 968/2245/2167 963/2170/2094
f 963/2170/2094 968/2245/2167 964/2246/2168
f 963/2170/2094 964/2246/2168 959/2172/2096
f 959/2172/2096 964/2246/2168 960/2247/2169
f 959/2172/2096 960/2247/2169 955/2174/2098
f 955/2174/2098 960/2247/2169 956/2248/2170
f 955/2174/2098 956/2248/2170 951/2176/2100
f 951/2176/2100 956/2248/2170 952/2249/2171
f 951/2176/2100 952/2249/2171 947/2128/2054
f 947/2128/2054 952/2249/2171 948/2250/2172
f 947/2128/2054 948/2250/2172 943/2130/2056
f 943/2130/2056 948/2250/2172 944/2251/2149
f 944/2227/2149 945/2252/2173 1036/2228/2150
f 1036/2228/2150 945/2252/2173 1037/2253/2174
f 1036/2228/2150 1037/2253/2174 1032/2229/2151
f 1032/2229/2151 1037/2253/2174 1033/2254/2175
f 1032/2229/2151 1033/2254/2175 1028/2230/2152
f 1028/2230/2152 1033/2254/2175 1029/2255/2176
f 1028/2230/2152 1029/2255/2176 1024/2231/2153
f 1024/2231/2153 1029/2255/2176 1025/2256/2177
f 1024/2231/2153 1025/2256/2177 1020/2232/2154
f 1020/2232/2154 1025/2256/2177 1021/2257/2178
f 1020/2232/2154 1021/2257/2178 1016/2233/2155
f 1016/2233/2155 1021/2257/2178 1017/2258/2179
f 1016/2233/2155 1017/2258/2179 1012/2234/2156
f 1012/2234/2156 1017/2258/2179 1013/2259/2180
f 1012/2234/2156 1013/2259/2180 1008/2235/2157
f 1008/2235/2157 1013/2259/2180 1009/2260/2181
f 1008/2235/2157 1009/2260/2181 1004/2236/2158
f 1004/2236/2158 1009/2260/2181 1005/2261/2182
f 1004/2236/2158 1005/2261/2182 1000/2237/2159
f 1000/2237/2159 1005/2261/2182 1001/2262/2183
f 1000/2237/2159 1001/2262/2183 996/2238/2160
f 996/2238/2160 1001/2262/2183 997/2263/2184
f 996/2238/2160 997/2263/2184 992/2239/2161
f 992/2239/2161 997/2263/2184 993/2264/2185
f 992/2239/2161 993/2264/2185 988/2240/2162
f 988/2240/2162 993/2264/2185 989/2265/2186
f 988/2240/2162 989/2265/2186 984/2241/2163
f 984/2241/2163 989/2265/2186 985/2266/2187
f 984/2241/2163 985/2266/2187 980/2242/2164
f 980/2242/2164 985/2266/2187 981/2267/2188
f 980/2242/2164 981/2267/2188 976/2243/2165
f 976/2243/2165 981/2267/2188 977/2268/2189
f 976/2243/2165 977/2268/2189 972/2244/2166
f 972/2244/2166 977/2268/2189 973/2269/2190
f 972/2244/2166 973/2269/2190 968/2245/2167
f 968/2245/2167 973/2269/2190 969/2270/2191
f 968/2245/2167 969/2270/2191 964/2246/2168
f 964/2246/2168 969/2270/2191 965/2271/2192
f 964/2246/2168 965/2271/2192 960/2247/2169
f 960/2247/2169 965/2271/2192 961/2272/2193
f 960/2247/2169 961/2272/2193 956/2248/2170
f 956/2248/2170 961/2272/2193 957/2273/2194
f 956/2248/2170 957/2273/2194 952/2249/2171
f 952/2249/2171 957/2273/2194 953/2274/2195
f 952/2249/2171 953/2274/2195 948/2250/2172
f 948/2250/2172 953/2274/2195 949/2275/2196
f 948/2250/2172 949/2275/2196 944/2251/2149
f 944/2251/2149 949/2275/2196 945/2276/2173
f 945/2252/2173 946/2180/2104 1037/2253/2174
f 1037/2253/2174 946/2180/2104 1038/2178/2102
f 1037/2253/2174 1038/2178/2102 1033/2254/2175
f 1033/2254/2175 1038/2178/2102 1034/2226/2148
f 1033/2254/2175 1034/2226/2148 1029/2255/2176
f 1029/2255/2176 1034/2226/2148 1030/2224/2146
f 1029/2255/2176 1030/2224/2146 1025/2256/2177
f 1025/2256/2177 1030/2224/2146 1026/2222/2144
f 1025/2256/2177 1026/2222/2144 1021/2257/2178
f 1021/2257/2178 1026/2222/2144 1022/2220/2142
f 1021/2257/2178 1022/2220/2142 1017/2258/2179
f 1017/2258/2179 1022/2220/2142 1018/2218/2140
f 1017/2258/2179 1018/2218/2140 1013/2259/2180
f 1013/2259/2180 1018/2218/2140 1014/2216/2138
f 1013/2259/2180 1014/2216/2138 1009/2260/2181
f 1009/2260/2181 1014/2216/2138 1010/2214/2136
f 1009/2260/2181 1010/2214/2136 1005/2261/2182
f 1005/2261/2182 1010/2214/2136 1006/2212/2134
f 1005/2261/2182 1006/2212/2134 1001/2262/2183
f 1001/2262/2183 1006/2212/2134 1002/2210/2132
f 1001/2262/2183 1002/2210/2132 997/2263/2184
f 997/2263/2184 1002/2210/2132 998/2208/2130
f 997/2263/2184 998/2208/2130 993/2264/2185
f 993/2264/2185 998/2208/2130 994/2206/2128
f 993/2264/2185 994/2206/2128 989/2265/2186
f 989/2265/2186 994/2206/2128 990/2204/2126
f 989/2265/2186 990/2204/2126 985/2266/2187
f 985/2266/2187 990/2204/2126 986/2202/2124
f 985/2266/2187 986/2202/2124 981/2267/2188
f 981/2267/2188 986/2202/2124 982/2200/2122
f 981/2267/2188 982/2200/2122 977/2268/2189
f 977/2268/2189 982/2200/2122 978/2198/2120
f 977/2268/2189 978/2198/2120 973/2269/2190
f 973/2269/2190 978/2198/2120 974/2196/2118
f 973/2269/2190 974/2196/2118 969/2270/2191
f 969/2270/2191 974/2196/2118 970/2194/2116
f 969/2270/2191 970/2194/2116 965/2271/2192
f 965/2271/2192 970/2194/2116 966/2192/2114
f 965/2271/2192 966/2192/2114 961/2272/2193
f 961/2272/2193 966/2192/2114 962/2190/2112
f 961/2272/2193 962/2190/2112 957/2273/2194
f 957/2273/2194 962/2190/2112 958/2188/2110
f 957/2273/2194 958/2188/2110 953/2274/2195
f 953/2274/2195 958/2188/2110 954/2186/2108
f 953/2274/2195 954/2186/2108 949/2275/2196
f 949/2275/2196 954/2186/2108 950/2184/2106
f 949/2275/2196 950/2184/2106 945/2276/2173
f 945/2276/2173 950/2184/2106 946/2182/2104
f 1040/2277/2197 1050/2278/2198 1039/2279/2199
f 1039/2279/2199 1050/2278/2198 1051/2280/2200
f 1039/2279/2199 1051/2280/2200 1062/2281/2201
f 1062/2281/2201 1051/2280/2200 1052/2282/2202
f 1062/2281/2201 1052/2282/2202 1061/2283/2203
f 1061/2283/2203 1052/2282/2202 1053/2284/2204
f 1061/2283/2203 1053/2284/2204 1060/2285/2205
f 1060/2285/2205 1053/2284/2204 1054/2286/2206
f 1060/2285/2205 1054/2286/2206 1059/2287/2207
f 1059/2287/2207 1054/2286/2206 1055/2288/2208
f 1059/2287/2207 1055/2288/2208 1058/2289/2209
f 1058/2289/2209 1055/2288/2208 1056/2290/2210
f 1058/2289/2209 1056/2290/2210 1057/2291/2211
f 1050/2278/2198 1040/2277/2197 1049/2292/2212
f 1049/2292/2212 1040/2277/2197 1041/2293/2213
f 1049/2292/2212 1041/2293/2213 1048/2294/2214
f 1048/2294/2214 1041/2293/2213 1042/2295/2215
f 1048/2294/2214 1042/2295/2215 1047/2296/2216
f 1047/2296/2216 1042/2295/2215 1043/2297/2217
f 1047/2296/2216 1043/2297/2217 1046/2298/2218
f 1046/2298/2218 1043/2297/2217 1044/2299/2219
f 1046/2298/2218 1044/2299/2219 1045/2300/2220
f 1064/2301/2221 1091/2302/2222 1063/2303/2223
f 1063/2303/2223 1091/2302/2222 1087/2304/2224
f 1063/2305/2223 1087/2306/2224 1086/2307/2225
f 1086/2307/2225 1087/2306/2224 1179/2308/2226
f 1086/2307/2225 1179/2308/2226 1085/2309/2227
f 1085/2309/2227 1179/2308/2226 1175/2310/2228
f 1085/2309/2227 1175/2310/2228 1084/2311/2229
f 1084/2311/2229 1175/2310/2228 1171/2312/2230
f 1084/2311/2229 1171/2312/2230 1083/2313/2231
f 1083/2313/2231 1171/2312/2230 1167/2314/2232
f 1083/2313/2231 1167/2314/2232 1082/2315/2233
f 1082/2315/2233 1167/2314/2232 1163/2316/2234
f 1082/2315/2233 1163/2316/2234 1081/2317/2235
f 1081/2317/2235 1163/2316/2234 1159/2318/2236
f 1081/2317/2235 1159/2318/2236 1080/2319/2237
f 1080/2319/2237 1159/2318/2236 1155/2320/2238
f 1080/2319/2237 1155/2320/2238 1079/2321/2239
f 1079/2321/2239 1155/2320/2238 1151/2322/2240
f 1079/2321/2239 1151/2322/2240 1078/2323/2241
f 1078/2323/2241 1151/2322/2240 1147/2324/2242
f 1078/2323/2241 1147/2324/2242 1077/2325/2243
f 1077/2325/2243 1147/2324/2242 1143/2326/2244
f 1077/2325/2243 1143/2326/2244 1076/2327/2245
f 1076/2327/2245 1143/2326/2244 1139/2328/2246
f 1076/2327/2245 1139/2328/2246 1075/2329/2247
f 1075/2329/2247 1139/2328/2246 1135/2330/2248
f 1075/2329/2247 1135/2330/2248 1074/2331/2249
f 1074/2331/2249 1135/2330/2248 1131/2332/2250
f 1074/2331/2249 1131/2332/2250 1073/2333/2251
f 1073/2333/2251 1131/2332/2250 1127/2334/2252
f 1073/2333/2251 1127/2334/2252 1072/2335/2253
f 1072/2335/2253 1127/2334/2252 1123/2336/2254
f 1072/2335/2253 1123/2336/2254 1071/2337/2255
f 1071/2337/2255 1123/2336/2254 1119/2338/2256
f 1071/2337/2255 1119/2338/2256 1070/2339/2257
f 1070/2339/2257 1119/2338/2256 1115/2340/2258
f 1070/2339/2257 1115/2340/2258 1069/2341/2259
f 1069/2341/2259 1115/2340/2258 1111/2342/2260
f 1069/2341/2259 1111/2342/2260 1068/2343/2261
f 1068/2343/2261 1111/2342/2260 1107/2344/2262
f 1068/2343/2261 1107/2344/2262 1067/2345/2263
f 1067/2345/2263 1107/2344/2262 1103/2346/2264
f 1067/2345/2263 1103/2346/2264 1066/2347/2265
f 1066/2347/2265 1103/2346/2264 1099/2348/2266
f 1066/2347/2265 1099/2348/2266 1065/2349/2267
f 1065/2349/2267 1099/2348/2266 1095/2350/2268
f 1065/2349/2267 1095/2350/2268 1064/2301/2221
f 1064/2301/2221 1095/2350/2268 1091/2302/2222
f 1062/2351/2269 1182/2352/2270 1039/2353/2271
f 1039/2353/2271 1182/2352/2270 1090/2354/2272
f 1039/2355/2271 1090/2356/2272 1040/2357/2273
f 1040/2357/2273 1090/2356/2272 1094/2358/2274
f 1040/2357/2273 1094/2358/2274 1041/2359/2275
f 1041/2359/2275 1094/2358/2274 1098/2360/2276
f 1041/2359/2275 1098/2360/2276 1042/2361/2277
f 1042/2361/2277 1098/2360/2276 1102/2362/2278
f 1042/2361/2277 1102/2362/2278 1043/2363/2279
f 1043/2363/2279 1102/2362/2278 1106/2364/2280
f 1043/2363/2279 1106/2364/2280 1044/2365/2281
f 1044/2365/2281 1106/2364/2280 1110/2366/2282
f 1044/2365/2281 1110/2366/2282 1045/2367/2283
f 1045/2367/2283 1110/2366/2282 1114/2368/2284
f 1045/2367/2283 1114/2368/2284 1046/2369/2285
f 1046/2369/2285 1114/2368/2284 1118/2370/2286
f 1046/2369/2285 1118/2370/2286 1047/2371/2287
f 1047/2371/2287 1118/2370/2286 1122/2372/2288
f 1047/2371/2287 1122/2372/2288 1048/2373/2289
f 1048/2373/2289 1122/2372/2288 1126/2374/2290
f 1048/2373/2289 1126/2374/2290 1049/2375/2291
f 1049/2375/2291 1126/2374/2290 1130/2376/2292
f 1049/2375/2291 1130/2376/2292 1050/2377/2293
f 1050/2377/2293 1130/2376/2292 1134/2378/2294
f 1050/2377/2293 1134/2378/2294 1051/2379/2295
f 1051/2379/2295 1134/2378/2294 1138/2380/2296
f 1051/2379/2295 1138/2380/2296 1052/2381/2297
f 1052/2381/2297 1138/2380/2296 1142/2382/2298
f 1052/2381/2297 1142/2382/2298 1053/2383/2299
f 1053/2383/2299 1142/2382/2298 1146/2384/2300
f 1053/2383/2299 1146/2384/2300 1054/2385/2301
f 1054/2385/2301 1146/2384/2300 1150/2386/2302
f 1054/2385/2301 1150/2386/2302 1055/2387/2303
f 1055/2387/2303 1150/2386/2302 1154/2388/2304
f 1055/2387/2303 1154/2388/2304 1056/2389/2305
f 1056/2389/2305 1154/2388/2304 1158/2390/2306
f 1056/2389/2305 1158/2390/2306 1057/2391/2307
f 1057/2391/2307 1158/2390/2306 1162/2392/2308
f 1057/2391/2307 1162/2392/2308 1058/2393/2309
f 1058/2393/2309 1162/2392/2308 1166/2394/2310
f 1058/2393/2309 1166/2394/2310 1059/2395/2311
f 1059/2395/2311 1166/2394/2310 1170/2396/2312
f 1059/2395/2311 1170/2396/2312 1060/2397/2313
f 1060/2397/2313 1170/2396/2312 1174/2398/2314
f 1060/2397/2313 1174/2398/2314 1061/2399/2315
f 1061/2399/2315 1174/2398/2314 1178/2400/2316
f 1061/2399/2315 1178/2400/2316 1062/2351/2269
f 1062/2351/2269 1178/2400/2316 1182/2352/2270
f 1087/2306/2224 1088/2401/2317 1179/2308/2226
f 1179/2308/2226 1088/2401/2317 1180/2402/2318
f 1179/2308/2226 1180/2402/2318 1175/2310/2228
f 1175/2310/2228 1180/2402/2318 1176/2403/2319
f 1175/2310/2228 1176/2403/2319 1171/2312/2230
f 1171/2312/2230 1176/2403/2319 1172/2404/2320
f 1171/2312/2230 1172/2404/2320 1167/2314/2232
f 1167/2314/2232 1172/2404/2320 1168/2405/2321
f 1167/2314/2232 1168/2405/2321 1163/2316/2234
f 1163/2316/2234 1168/2405/2321 1164/2406/2322
f 1163/2316/2234 1164/2406/2322 1159/2318/2236
f 1159/2318/2236 1164/2406/2322 1160/2407/2323
f 1159/2318/2236 1160/2407/2323 1155/2320/2238
f 1155/2320/2238 1160/2407/2323 1156/2408/2324
f 1155/2320/2238 1156/2408/2324 1151/2322/2240
f 1151/2322/2240 1156/2408/2324 1152/2409/2325
f 1151/2322/2240 1152/2409/2325 1147/2324/2242
f 1147/2324/2242 1152/2409/2325 1148/2410/2326
f 1147/2324/2242 1148/2410/2326 1143/2326/2244
f 1143/2326/2244 1148/2410/2326 1144/2411/2327
f 1143/2326/2244 1144/2411/2327 1139/2328/2246
f 1139/2328/2246 1144/2411/2327 1140/2412/2328
f 1139/2328/2246 1140/2412/2328 1135/2330/2248
f 1135/2330/2248 1140/2412/2328 1136/2413/2329
f 1135/2330/2248 1136/2413/2329 1131/2332/2250
f 1131/2332/2250 1136/2413/2329 1132/2414/2330
f 1131/2332/2250 1132/2414/2330 1127/2334/2252
f 1127/2334/2252 1132/2414/2330 1128/2415/2331
f 1127/2334/2252 1128/2415/2331 1123/2336/2254
f 1123/2336/2254 1128/2415/2331 1124/2416/2332
f 1123/2336/2254 1124/2416/2332 1119/2338/2256
f 1119/2338/2256 1124/2416/2332 1120/2417/2333
f 1119/2338/2256 1120/2417/2333 1115/2340/2258
f 1115/2340/2258 1120/2417/2333 1116/2418/2334
f 1115/2340/2258 1116/2418/2334 1111/2342/2260
f 1111/2342/2260 1116/2418/2334 1112/2419/2335
f 1111/2342/2260 1112/2419/2335 1107/2344/2262
f 1107/2344/2262 1112/2419/2335 1108/2420/2336
f 1107/2344/2262 1108/2420/2336 1103/2346/2264
f 1103/2346/2264 1108/2420/2336 1104/2421/2337
f 1103/2346/2264 1104/2421/2337 1099/2348/2266
f 1099/2348/2266 1104/2421/2337 1100/2422/2338
f 1099/2348/2266 1100/2422/2338 1095/2350/2268
f 1095/2350/2268 1100/2422/2338 1096/2423/2339
f 1095/2350/2268 1096/2423/2339 1091/2302/2222
f 1091/2302/2222 1096/2423/2339 1092/2424/2340
f 1091/2302/2222 1092/2424/2340 1087/2304/2224
f 1087/2304/2224 1092/2424/2340 1088/2425/2317
f 1088/2401/2317 1089/2426/2341 1180/2402/2318
f 1180/2402/2318 1089/2426/2341 1181/2427/2342
f 1180/2402/2318 1181/2427/2342 1176/2403/2319
f 1176/2403/2319 1181/2427/2342 1177/2428/2343
f 1176/2403/2319 1177/2428/2343 1172/2404/2320
f 1172/2404/2320 1177/2428/2343 1173/2429/2344
f 1172/2404/2320 1173/2429/2344 1168/2405/2321
f 1168/2405/2321 1173/2429/2344 1169/2430/2345
f 1168/2405/2321 1169/2430/2345 1164/2406/2322
f 1164/2406/2322 1169/2430/2345 1165/2431/2346
f 1164/2406/2322 1165/2431/2346 1160/2407/2323
f 1160/2407/2323 1165/2431/2346 1161/2432/2347
f 1160/2407/2323 1161/2432/2347 1156/2408/2324
f 1156/2408/2324 1161/2432/2347 1157/2433/2348
f 1156/2408/2324 1157/2433/2348 1152/2409/2325
f 1152/2409/2325 1157/2433/2348 1153/2434/2349
f 1152/2409/2325 1153/2434/2349 1148/2410/2326
f 1148/2410/2326 1153/2434/2349 1149/2435/2350
f 1148/2410/2326 1149/2435/2350 1144/2411/2327
f 1144/2411/2327 1149/2435/2350 1145/2436/2351
f 1144/2411/2327 1145/2436/2351 1140/2412/2328
f 1140/2412/2328 1145/2436/2351 1141/2437/2352
f 1140/2412/2328 1141/2437/2352 1136/2413/2329
f 1136/2413/2329 1141/2437/2352 1137/2438/2353
f 1136/2413/2329 1137/2438/2353 1132/2414/2330
f 1132/2414/2330 1137/2438/2353 1133/2439/2354
f 1132/2414/2330 1133/2439/2354 1128/2415/2331
f 1128/2415/2331 1133/2439/2354 1129/2440/2355
f 1128/2415/2331 1129/2440/2355 1124/2416/2332
f 1124/2416/2332 1129/2440/2355 1125/2441/2356
f 1124/2416/2332 1125/2441/2356 1120/2417/2333
f 1120/2417/2333 1125/2441/2356 1121/2442/2357
f 1120/2417/2333 1121/2442/2357 1116/2418/2334
f 1116/2418/2334 1121/2442/2357 1117/2443/2358
f 1116/2418/2334 1117/2443/2358 1112/2419/2335
f 1112/2419/2335 1117/2443/2358 1113/2444/2359
f 1112/2419/2335 1113/2444/2359 1108/2420/2336
f 1108/2420/2336 1113/2444/2359 1109/2445/2360
f 1108/2420/2336 1109/2445/2360 1104/2421/2337
f 1104/2421/2337 1109/2445/2360 1105/2446/2361
f 1104/2421/2337 1105/2446/2361 1100/2422/2338
f 1100/2422/2338 1105/2446/2361 1101/2447/2362
f 1100/2422/2338 1101/2447/2362 1096/2423/2339
f 1096/2423/2339 1101/2447/2362 1097/2448/2363
f 1096/2423/2339 1097/2448/2363 1092/2424/2340
f 1092/2424/2340 1097/2448/2363 1093/2449/2364
f 1092/2424/2340 1093/2449/2364 1088/2425/2317
f 1088/2425/2317 1093/2449/2364 1089/2450/2341
f 1089/2426/2341 1090/2354/2272 1181/2427/2342
f 1181/2427/2342 1090/2354/2272 1182/2352/2270
f 1181/2427/2342 1182/2352/2270 1177/2428/2343
f 1177/2428/2343 1182/2352/2270 1178/2400/2316
f 1177/2428/2343 1178/2400/2316 1173/2429/2344
f 1173/2429/2344 1178/2400/2316 1174/2398/2314
f 1173/2429/2344 1174/2398/2314 1169/2430/2345
f 1169/2430/2345 1174/2398/2314 1170/2396/2312
f 1169/2430/2345 1170/2396/2312 1165/2431/2346
f 1165/2431/2346 1170/2396/2312 1166/2394/2310
f 1165/2431/2346 1166/2394/2310 1161/2432/2347
f 1161/2432/2347 1166/2394/2310 1162/2392/2308
f 1161/2432/2347 1162/2392/2308 1157/2433/2348
f 1157/2433/2348 1162/2392/2308 1158/2390/2306
f 1157/2433/2348 1158/2390/2306 1153/2434/2349
f 1153/2434/2349 1158/2390/2306 1154/2388/2304
f 1153/2434/2349 1154/2388/2304 1149/2435/2350
f 1149/2435/2350 1154/2388/2304 1150/2386/2302
f 1149/2435/2350 1150/2386/2302 1145/2436/2351
f 1145/2436/2351 1150/2386/2302 1146/2384/2300
f 1145/2436/2351 1146/2384/2300 1141/2437/2352
f 1141/2437/2352 1146/2384/2300 1142/2382/2298
f 1141/2437/2352 1142/2382/2298 1137/2438/2353
f 1137/2438/2353 1142/2382/2298 1138/2380/2296
f 1137/2438/2353 1138/2380/2296 1133/2439/2354
f 1133/2439/2354 1138/2380/2296 1134/2378/2294
f 1133/2439/2354 1134/2378/2294 1129/2440/2355
f 1129/2440/2355 1134/2378/2294 1130/2376/2292
f 1129/2440/2355 1130/2376/2292 1125/2441/2356
f 1125/2441/2356 1130/2376/2292 1126/2374/2290
f 1125/2441/2356 1126/2374/2290 1121/2442/2357
f 1121/2442/2357 1126/2374/2290 1122/2372/2288
f 1121/2442/2357 1122/2372/2288 1117/2443/2358
f 1117/2443/2358 1122/2372/2288 1118/2370/2286
f 1117/2443/2358 1118/2370/2286 1113/2444/2359
f 1113/2444/2359 1118/2370/2286 1114/2368/2284
f 1113/2444/2359 1114/2368/2284 1109/2445/2360
f 1109/2445/2360 1114/2368/2284 1110/2366/2282
f 1109/2445/2360 1110/2366/2282 1105/2446/2361
f 1105/2446/2361 1110/2366/2282 1106/2364/2280
f 1105/2446/2361 1106/2364/2280 1101/2447/2362
f 1101/2447/2362 1106/2364/2280 1102/2362/2278
f 1101/2447/2362 1102/2362/2278 1097/2448/2363
f 1097/2448/2363 1102/2362/2278 1098/2360/2276
f 1097/2448/2363 1098/2360/2276 1093/2449/2364
f 1093/2449/2364 1098/2360/2276 1094/2358/2274
f 1093/2449/2364 1094/2358/2274 1089/2450/2341
f 1089/2450/2341 1094/2358/2274 1090/2356/2272
f 1184/2451/2365 1194/2452/2366 1183/2453/2367
f 1183/2453/2367 1194/2452/2366 1195/2454/2368
f 1183/2453/2367 1195/2454/2368 1206/2455/2369
f 1206/2455/2369 1195/2454/2368 1196/2456/2370
f 1206/2455/2369 1196/2456/2370 1205/2457/2371
f 1205/2457/2371 1196/2456/2370 1197/2458/2372
f 1205/2457/2371 1197/2458/2372 1204/2459/2373
f 1204/2459/2373 1197/2458/2372 1198/2460/2374
f 1204/2459/2373 1198/2460/2374 1203/2461/2375
f 1203/2461/2375 1198/2460/2374 1199/2462/2376
f 1203/2461/2375 1199/2462/2376 1202/2463/2377
f 1202/2463/2377 1199/2462/2376 1200/2464/2378
f 1202/2463/2377 1200/2464/2378 1201/2465/2379
f 1194/2452/2366 1184/2451/2365 1193/2466/2380
f 1193/2466/2380 1184/2451/2365 1185/2467/2381
f 1193/2466/2380 1185/2467/2381 1192/2468/2382
f 1192/2468/2382 1185/2467/2381 1186/2469/2383
f 1192/2468/2382 1186/2469/2383 1191/2470/2384
f 1191/2470/2384 1186/2469/2383 1187/2471/2385
f 1191/2470/2384 1187/2471/2385 1190/2472/2386
f 1190/2472/2386 1187/2471/2385 1188/2473/2387
f 1190/2472/2386 1188/2473/2387 1189/2474/2388
f 1208/2475/2389 1235/2476/2390 1207/2477/2391
f 1207/2477/2391 1235/2476/2390 1231/2478/2392
f 1207/2479/2391 1231/2480/2392 1230/2481/2393
f 1230/2481/2393 1231/2480/2392 1323/2482/2394
f 1230/2481/2393 1323/2482/2394 1229/2483/2395
f 1229/2483/2395 1323/2482/2394 1319/2484/2396
f 1229/2483/2395 1319/2484/2396 1228/2485/2397
f 1228/2485/2397 1319/2484/2396 1315/2486/2398
f 1228/2485/2397 1315/2486/2398 1227/2487/2399
f 1227/2487/2399 1315/2486/2398 1311/2488/2400
f 1227/2487/2399 1311/2488/2400 1226/2489/2401
f 1226/2489/2401 1311/2488/2400 1307/2490/2402
f 1226/2489/2401 1307/2490/2402 1225/2491/2403
f 1225/2491/2403 1307/2490/2402 1303/2492/2404
f 1225/2491/2403 1303/2492/2404 1224/2493/2405
f 1224/2493/2405 1303/2492/2404 1299/2494/2406
f 1224/2493/2405 1299/2494/2406 1223/2495/2407
f 1223/2495/2407 1299/2494/2406 1295/2496/2408
f 1223/2495/2407 1295/2496/2408 1222/2497/2409
f 1222/2497/2409 1295/2496/2408 1291/2498/2410
f 1222/2497/2409 1291/2498/2410 1221/2499/2411
f 1221/2499/2411 1291/2498/2410 1287/2500/2412
f 1221/2499/2411 1287/2500/2412 1220/2501/2413
f 1220/2501/2413 1287/2500/2412 1283/2502/2414
f 1220/2501/2413 1283/2502/2414 1219/2503/2415
f 1219/2503/2415 1283/2502/2414 1279/2504/2416
f 1219/2503/2415 1279/2504/2416 1218/2505/2417
f 1218/2505/2417 1279/2504/2416 1275/2506/2418
f 1218/2505/2417 1275/2506/2418 1217/2507/2419
f 1217/2507/2419 1275/2506/2418 1271/2508/2420
f 1217/2507/2419 1271/2508/2420 1216/2509/2421
f 1216/2509/2421 1271/2508/2420 1267/2510/2422
f 1216/2509/2421 1267/2510/2422 1215/2511/2423
f 1215/2511/2423 1267/2510/2422 1263/2512/2424
f 1215/2511/2423 1263/2512/2424 1214/2513/2425
f 1214/2513/2425 1263/2512/2424 1259/2514/2426
f 1214/2513/2425 1259/2514/2426 1213/2515/2427
f 1213/2515/2427 1259/2514/2426 1255/2516/2428
f 1213/2515/2427 1255/2516/2428 1212/2517/2429
f 1212/2517/2429 1255/2516/2428 1251/2518/2430
f 1212/2517/2429 1251/2518/2430 1211/2519/2431
f 1211/2519/2431 1251/2518/2430 1247/2520/2432
f 1211/2519/2431 1247/2520/2432 1210/2521/2433
f 1210/2521/2433 1247/2520/2432 1243/2522/2434
f 1210/2521/2433 1243/2522/2434 1209/2523/2435
f 1209/2523/2435 1243/2522/2434 1239/2524/2436
f 1209/2523/2435 1239/2524/2436 1208/2475/2389
f 1208/2475/2389 1239/2524/2436 1235/2476/2390
f 1206/2525/2437 1326/2526/2438 1183/2527/2439
f 1183/2527/2439 1326/2526/2438 1234/2528/2440
f 1183/2529/2439 1234/2530/2440 1184/2531/2441
f 1184/2531/2441 1234/2530/2440 1238/2532/2442
f 1184/2531/2441 1238/2532/2442 1185/2533/2443
f 1185/2533/2443 1238/2532/2442 1242/2534/2444
f 1185/2533/2443 1242/2534/2444 1186/2535/2445
f 1186/2535/2445 1242/2534/2444 1246/2536/2446
f 1186/2535/2445 1246/2536/2446 1187/2537/2447
f 1187/2537/2447 1246/2536/2446 1250/2538/2448
f 1187/2537/2447 1250/2538/2448 1188/2539/2449
f 1188/2539/2449 1250/2538/2448 1254/2540/2450
f 1188/2539/2449 1254/2540/2450 1189/2541/2451
f 1189/2541/2451 1254/2540/2450 1258/2542/2452
f 1189/2541/2451 1258/2542/2452 1190/2543/2453
f 1190/2543/2453 1258/2542/2452 1262/2544/2454
f 1190/2543/2453 1262/2544/2454 1191/2545/2455
f 1191/2545/2455 1262/2544/2454 1266/2546/2456
f 1191/2545/2455 1266/2546/2456 1192/2547/2457
f 1192/2547/2457 1266/2546/2456 1270/2548/2458
f 1192/2547/2457 1270/2548/2458 1193/2549/2459
f 1193/2549/2459 1270/2548/2458 1274/2550/2460
f 1193/2549/2459 1274/2550/2460 1194/2551/2461
f 1194/2551/2461 1274/2550/2460 1278/2552/2462
f 1194/2551/2461 1278/2552/2462 1195/2553/2463
f 1195/2553/2463 1278/2552/2462 1282/2554/2464
f 1195/2553/2463 1282/2554/2464 1196/2555/2465
f 1196/2555/2465 1282/2554/2464 1286/2556/2466
f 1196/2555/2465 1286/2556/2466 1197/2557/2467
f 1197/2557/2467 1286/2556/2466 1290/2558/2468
f 1197/2557/2467 1290/2558/2468 1198/2559/2469
f 1198/2559/2469 1290/2558/2468 1294/2560/2470
f 1198/2559/2469 1294/2560/2470 1199/2561/2471
f 1199/2561/2471 1294/2560/2470 1298/2562/2472
f 1199/2561/2471 1298/2562/2472 1200/2563/2473
f 1200/2563/2473 1298/2562/2472 1302/2564/2474
f 1200/2563/2473 1302/2564/2474 1201/2565/2475
f 1201/2565/2475 1302/2564/2474 1306/2566/2476
f 1201/2565/2475 1306/2566/2476 1202/2567/2477
f 1202/2567/2477 1306/2566/2476 1310/2568/2478
f 1202/2567/2477 1310/2568/2478 1203/2569/2479
f 1203/2569/2479 1310/2568/2478 1314/2570/2480
f 1203/2569/2479 1314/2570/2480 1204/2571/2481
f 1204/2571/2481 1314/2570/2480 1318/2572/2482
f 1204/2571/2481 1318/2572/2482 1205/2573/2483
f 1205/2573/2483 1318/2572/2482 1322/2574/2484
f 1205/2573/2483 1322/2574/2484 1206/2525/2437
f 1206/2525/2437 1322/2574/2484 1326/2526/2438
f 1231/2480/2392 1232/2575/2485 1323/2482/2394
f 1323/2482/2394 1232/2575/2485 1324/2576/2486
f 1323/2482/2394 1324/2576/2486 1319/2484/2396
f 1319/2484/2396 1324/2576/2486 1320/2577/2487
f 1319/2484/2396 1320/2577/2487 1315/2486/2398
f 1315/2486/2398 1320/2577/2487 1316/2578/2488
f 1315/2486/2398 1316/2578/2488 1311/2488/2400
f 1311/2488/2400 1316/2578/2488 1312/2579/2489
f 1311/2488/2400 1312/2579/2489 1307/2490/2402
f 1307/2490/2402 1312/2579/2489 1308/2580/2490
f 1307/2490/2402 1308/2580/2490 1303/2492/2404
f 1303/2492/2404 1308/2580/2490 1304/2581/2491
f 1303/2492/2404 1304/2581/2491 1299/2494/2406
f 1299/2494/2406 1304/2581/2491 1300/2582/2492
f 1299/2494/2406 1300/2582/2492 1295/2496/2408
f 1295/2496/2408 1300/2582/2492 1296/2583/2493
f 1295/2496/2408 1296/2583/2493 1291/2498/2410
f 1291/2498/2410 1296/2583/2493 1292/2584/2494
f 1291/2498/2410 1292/2584/2494 1287/2500/2412
f 1287/2500/2412 1292/2584/2494 1288/2585/2495
f 1287/2500/2412 1288/2585/2495 1283/2502/2414
f 1283/2502/2414 1288/2585/2495 1284/2586/2496
f 1283/2502/2414 1284/2586/2496 1279/2504/2416
f 1279/2504/2416 1284/2586/2496 1280/2587/2497
f 1279/2504/2416 1280/2587/2497 1275/2506/2418
f 1275/2506/2418 1280/2587/2497 1276/2588/2498
f 1275/2506/2418 1276/2588/2498 1271/2508/2420
f 1271/2508/2420 1276/2588/2498 1272/2589/2499
f 1271/2508/2420 1272/2589/2499 1267/2510/2422
f 1267/2510/2422 1272/2589/2499 1268/2590/2500
f 1267/2510/2422 1268/2590/2500 1263/2512/2424
f 1263/2512/2424 1268/2590/2500 1264/2591/2501
f 1263/2512/2424 1264/2591/2501 1259/2514/2426
f 1259/2514/2426 1264/2591/2501 1260/2592/2502
f 1259/2514/2426 1260/2592/2502 1255/2516/2428
f 1255/2516/2428 1260/2592/2502 1256/2593/2503
f 1255/2516/2428 1256/2593/2503 1251/2518/2430
f 1251/2518/2430 1256/2593/2503 1252/2594/2504
f 1251/2518/2430 1252/2594/2504 1247/2520/2432
f 1247/2520/2432 1252/2594/2504 1248/2595/2505
f 1247/2520/2432 1248/2595/2505 1243/2522/2434
f 1243/2522/2434 1248/2595/2505 1244/2596/2506
f 1243/2522/2434 1244/2596/2506 1239/2524/2436
f 1239/2524/2436 1244/2596/2506 1240/2597/2507
f 1239/2524/2436 1240/2597/2507 1235/2476/2390
f 1235/2476/2390 1240/2597/2507 1236/2598/2508
f 1235/2476/2390 1236/2598/2508 1231/2478/2392
f 1231/2478/2392 1236/2598/2508 1232/2599/2485
f 1232/2575/2485 1233/2600/2509 1324/2576/2486
f 1324/2576/2486 1233/2600/2509 1325/2601/2510
f 1324/2576/2486 1325/2601/2510 1320/2577/2487
f 1320/2577/2487 1325/2601/2510 1321/2602/2511
f 1320/2577/2487 1321/2602/2511 1316/2578/2488
f 1316/2578/2488 1321/2602/2511 1317/2603/2512
f 1316/2578/2488 1317/2603/2512 1312/2579/2489
f 1312/2579/2489 1317/2603/2512 1313/2604/2513
f 1312/2579/2489 1313/2604/2513 1308/2580/2490
f 1308/2580/2490 1313/2604/2513 1309/2605/2514
f 1308/2580/2490 1309/2605/2514 1304/2581/2491
f 1304/2581/2491 1309/2605/2514 1305/2606/2515
f 1304/2581/2491 1305/2606/2515 1300/2582/2492
f 1300/2582/2492 1305/2606/2515 1301/2607/2516
f 1300/2582/2492 1301/2607/2516 1296/2583/2493
f 1296/2583/2493 1301/2607/2516 1297/2608/2517
f 1296/2583/2493 1297/2608/2517 1292/2584/2494
f 1292/2584/2494 1297/2608/2517 1293/2609/2518
f 1292/2584/2494 1293/2609/2518 1288/2585/2495
f 1288/2585/2495 1293/2609/2518 1289/2610/2519
f 1288/2585/2495 1289/2610/2519 1284/2586/2496
f 1284/2586/2496 1289/2610/2519 1285/2611/2520
f 1284/2586/2496 1285/2611/2520 1280/2587/2497
f 1280/2587/2497 1285/2611/2520 1281/2612/2521
f 1280/2587/2497 1281/2612/2521 1276/2588/2498
f 1276/2588/2498 1281/2612/2521 1277/2613/2522
f 1276/2588/2498 1277/2613/2522 1272/2589/2499
f 1272/2589/2499 1277/2613/2522 1273/2614/2523
f 1272/2589/2499 1273/2614/2523 1268/2590/2500
f 1268/2590/2500 1273/2614/2523 1269/2615/2524
f 1268/2590/2500 1269/2615/2524 1264/2591/2501
f 1264/2591/2501 1269/2615/2524 1265/2616/2525
f 1264/2591/2501 1265/2616/2525 1260/2592/2502
f 1260/2592/2502 1265/2616/2525 1261/2617/2526
f 1260/2592/2502 1261/2617/2526 1256/2593/2503
f 1256/2593/2503 1261/2617/2526 1257/2618/2527
f 1256/2593/2503 1257/2618/2527 1252/2594/2504
f 1252/2594/2504 1257/2618/2527 1253/2619/2528
f 1252/2594/2504 1253/2619/2528 1248/2595/2505
f 1248/2595/2505 1253/2619/2528 1249/2620/2529
f 1248/2595/2505 1249/2620/2529 1244/2596/2506
f 1244/2596/2506 1249/2620/2529 1245/2621/2530
f 1244/2596/2506 1245/2621/2530 1240/2597/2507
f 1240/2597/2507 1245/2621/2530 1241/2622/2531
f 1240/2597/2507 1241/2622/2531 1236/2598/2508
f 1236/2598/2508 1241/2622/2531 1237/2623/2532
f 1236/2598/2508 1237/2623/2532 1232/2599/2485
f 1232/2599/2485 1237/2623/2532 1233/2624/2509
f 1233/2600/2509 1234/2528/2440 1325/2601/2510
f 1325/2601/2510 1234/2528/2440 1326/2526/2438
f 1325/2601/2510 1326/2526/2438 1321/2602/2511
f 1321/2602/2511 1326/2526/2438 1322/2574/2484
f 1321/2602/2511 1322/2574/2484 1317/2603/2512
f 1317/2603/2512 1322/2574/2484 1318/2572/2482
f 1317/2603/2512 1318/2572/2482 1313/2604/2513
f 1313/2604/2513 1318/2572/2482 1314/2570/2480
f 1313/2604/2513 1314/2570/2480 1309/2605/2514
f 1309/2605/2514 1314/2570/2480 1310/2568/2478
f 1309/2605/2514 1310/2568/2478 1305/2606/2515
f 1305/2606/2515 1310/2568/2478 1306/2566/2476
f 1305/2606/2515 1306/2566/2476 1301/2607/2516
f 1301/2607/2516 1306/2566/2476 1302/2564/2474
f 1301/2607/2516 1302/2564/2474 1297/2608/2517
f 1297/2608/2517 1302/2564/2474 1298/2562/2472
f 1297/2608/2517 1298/2562/2472 1293/2609/2518
f 1293/2609/2518 1298/2562/2472 1294/2560/2470
f 1293/2609/2518 1294/2560/2470 1289/2610/2519
f 1289/2610/2519 1294/2560/2470 1290/2558/2468
f 1289/2610/2519 1290/2558/2468 1285/2611/2520
f 1285/2611/2520 1290/2558/2468 1286/2556/2466
f 1285/2611/2520 1286/2556/2466 1281/2612/2521
f 1281/2612/2521 1286/2556/2466 1282/2554/2464
f 1281/2612/2521 1282/2554/2464 1277/2613/2522
f 1277/2613/2522 1282/2554/2464 1278/2552/2462
f 1277/2613/2522 1278/2552/2462 1273/2614/2523
f 1273/2614/2523 1278/2552/2462 1274/2550/2460
f 1273/2614/2523 1274/2550/2460 1269/2615/2524
f 1269/2615/2524 1274/2550/2460 1270/2548/2458
f 1269/2615/2524 1270/2548/2458 1265/2616/2525
f 1265/2616/2525 1270/2548/2458 1266/2546/2456
f 1265/2616/2525 1266/2546/2456 1261/2617/2526
f 1261/2617/2526 1266/2546/2456 1262/2544/2454
f 1261/2617/2526 1262/2544/2454 1257/2618/2527
f 1257/2618/2527 1262/2544/2454 1258/2542/2452
f 1257/2618/2527 1258/2542/2452 1253/2619/2528
f 1253/2619/2528 1258/2542/2452 1254/2540/2450
f 1253/2619/2528 1254/2540/2450 1249/2620/2529
f 1249/2620/2529 1254/2540/2450 1250/2538/2448
f 1249/2620/2529 1250/2538/2448 1245/2621/2530
f 1245/2621/2530 1250/2538/2448 1246/2536/2446
f 1245/2621/2530 1246/2536/2446 1241/2622/2531
f 1241/2622/2531 1246/2536/2446 1242/2534/2444
f 1241/2622/2531 1242/2534/2444 1237/2623/2532
f 1237/2623/2532 1242/2534/2444 1238/2532/2442
f 1237/2623/2532 1238/2532/2442 1233/2624/2509
f 1233/2624/2509 1238/2532/2442 1234/2530/2440
f 1328/2625/2533 1338/2626/2534 1327/2627/2535
f 1327/2627/2535 1338/2626/2534 1339/2628/2536
f 1327/2627/2535 1339/2628/2536 1350/2629/2537
f 1350/2629/2537 1339/2628/2536 1340/2630/2538
f 1350/2629/2537 1340/2630/2538 1349/2631/2539
f 1349/2631/2539 1340/2630/2538 1341/2632/2540
f 1349/2631/2539 1341/2632/2540 1348/2633/2541
f 1348/2633/2541 1341/2632/2540 1342/2634/2542
f 1348/2633/2541 1342/2634/2542 1347/2635/2543
f 1347/2635/2543 1342/2634/2542 1343/2636/2544
f 1347/2635/2543 1343/2636/2544 1346/2637/2545
f 1346/2637/2545 1343/2636/2544 1344/2638/2546
f 1346/2637/2545 1344/2638/2546 1345/2639/2547
f 1338/2626/2534 1328/2625/2533 1337/2640/2548
f 1337/2640/2548 1328/2625/2533 1329/2641/2549
f 1337/2640/2548 1329/2641/2549 1336/2642/2550
f 1336/2642/2550 1329/2641/2549 1330/2643/2551
f 1336/2642/2550 1330/2643/2551 1335/2644/2552
f 1335/2644/2552 1330/2643/2551 1331/2645/2553
f 1335/2644/2552 1331/2645/2553 1334/2646/2554
f 1334/2646/2554 1331/2645/2553 1332/2647/2555
f 1334/2646/2554 1332/2647/2555 1333/2648/2556
f 1352/2649/2557 1379/2650/2558 1351/2651/2559
f 1351/2651/2559 1379/2650/2558 1375/2652/2560
f 1351/2653/2559 1375/2654/2560 1374/2655/2561
f 1374/2655/2561 1375/2654/2560 1467/2656/2562
f 1374/2655/2561 1467/2656/2562 1373/2657/2563
f 1373/2657/2563 1467/2656/2562 1463/2658/2564
f 1373/2657/2563 1463/2658/2564 1372/2659/2565
f 1372/2659/2565 1463/2658/2564 1459/2660/2566
f 1372/2659/2565 1459/2660/2566 1371/2661/2567
f 1371/2661/2567 1459/2660/2566 1455/2662/2568
f 1371/2661/2567 1455/2662/2568 1370/2663/2569
f 1370/2663/2569 1455/2662/2568 1451/2664/2570
f 1370/2663/2569 1451/2664/2570 1369/2665/2571
f 1369/2665/2571 1451/2664/2570 1447/2666/2572
f 1369/2665/2571 1447/2666/2572 1368/2667/2573
f 1368/2667/2573 1447/2666/2572 1443/2668/2574
f 1368/2667/2573 1443/2668/2574 1367/2669/2575
f 1367/2669/2575 1443/2668/2574 1439/2670/2576
f 1367/2669/2575 1439/2670/2576 1366/2671/2577
f 1366/2671/2577 1439/2670/2576 1435/2672/2578
f 1366/2671/2577 1435/2672/2578 1365/2673/2579
f 1365/2673/2579 1435/2672/2578 1431/2674/2580
f 1365/2673/2579 1431/2674/2580 1364/2675/2581
f 1364/2675/2581 1431/2674/2580 1427/2676/2582
f 1364/2675/2581 1427/2676/2582 1363/2677/2583
f 1363/2677/2583 1427/2676/2582 1423/2678/2584
f 1363/2677/2583 1423/2678/2584 1362/2679/2585
f 1362/2679/2585 1423/2678/2584 1419/2680/2586
f 1362/2679/2585 1419/2680/2586 1361/2681/2587
f 1361/2681/2587 1419/2680/2586 1415/2682/2588
f 1361/2681/2587 1415/2682/2588 1360/2683/2589
f 1360/2683/2589 1415/2682/2588 1411/2684/2590
f 1360/2683/2589 1411/2684/2590 1359/2685/2591
f 1359/2685/2591 1411/2684/2590 1407/2686/2592
f 1359/2685/2591 1407/2686/2592 1358/2687/2593
f 1358/2687/2593 1407/2686/2592 1403/2688/2594
f 1358/2687/2593 1403/2688/2594 1357/2689/2595
f 1357/2689/2595 1403/2688/2594 1399/2690/2596
f 1357/2689/2595 1399/2690/2596 1356/2691/2597
f 1356/2691/2597 1399/2690/2596 1395/2692/2598
f 1356/2691/2597 1395/2692/2598 1355/2693/2599
f 1355/2693/2599 1395/2692/2598 1391/2694/2600
f 1355/2693/2599 1391/2694/2600 1354/2695/2601
f 1354/2695/2601 1391/2694/2600 1387/2696/2602
f 1354/2695/2601 1387/2696/2602 1353/2697/2603
f 1353/2697/2603 1387/2696/2602 1383/2698/2604
f 1353/2697/2603 1383/2698/2604 1352/2649/2557
f 1352/2649/2557 1383/2698/2604 1379/2650/2558
f 1350/2699/2605 1470/2700/2606 1327/2701/2607
f 1327/2701/2607 1470/2700/2606 1378/2702/2608
f 1327/2703/2607 1378/2704/2608 1328/2705/2609
f 1328/2705/2609 1378/2704/2608 1382/2706/2610
f 1328/2705/2609 1382/2706/2610 1329/2707/2611
f 1329/2707/2611 1382/2706/2610 1386/2708/2612
f 1329/2707/2611 1386/2708/2612 1330/2709/2613
f 1330/2709/2613 1386/2708/2612 1390/2710/2614
f 1330/2709/2613 1390/2710/2614 1331/2711/2615
f 1331/2711/2615 1390/2710/2614 1394/2712/2616
f 1331/2711/2615 1394/2712/2616 1332/2713/2617
f 1332/2713/2617 1394/2712/2616 1398/2714/2618
f 1332/2713/2617 1398/2714/2618 1333/2715/2619
f 1333/2715/2619 1398/2714/2618 1402/2716/2620
f 1333/2715/2619 1402/2716/2620 1334/2717/2621
f 1334/2717/2621 1402/2716/2620 1406/2718/2622
f 1334/2717/2621 1406/2718/2622 1335/2719/2623
f 1335/2719/2623 1406/2718/2622 1410/2720/2624
f 1335/2719/2623 1410/2720/2624 1336/2721/2625
f 1336/2721/2625 1410/2720/2624 1414/2722/2626
f 1336/2721/2625 1414/2722/2626 1337/2723/2627
f 1337/2723/2627 1414/2722/2626 1418/2724/2628
f 1337/2723/2627 1418/2724/2628 1338/2725/2629
f 1338/2725/2629 1418/2724/2628 1422/2726/2630
f 1338/2725/2629 1422/2726/2630 1339/2727/2631
f 1339/2727/2631 1422/2726/2630 1426/2728/2632
f 1339/2727/2631 1426/2728/2632 1340/2729/2633
f 1340/2729/2633 1426/2728/2632 1430/2730/2634
f 1340/2729/2633 1430/2730/2634 1341/2731/2635
f 1341/2731/2635 1430/2730/2634 1434/2732/2636
f 1341/2731/2635 1434/2732/2636 1342/2733/2637
f 1342/2733/2637 1434/2732/2636 1438/2734/2638
f 1342/2733/2637 1438/2734/2638 1343/2735/2639
f 1343/2735/2639 1438/2734/2638 1442/2736/2640
f 1343/2735/2639 1442/2736/2640 1344/2737/2641
f 1344/2737/2641 1442/2736/2640 1446/2738/2642
f 1344/2737/2641 1446/2738/2642 1345/2739/2643
f 1345/2739/2643 1446/2738/2642 1450/2740/2644
f 1345/2739/2643 1450/2740/2644 1346/2741/2645
f 1346/2741/2645 1450/2740/2644 1454/2742/2646
f 1346/2741/2645 1454/2742/2646 1347/2743/2647
f 1347/2743/2647 1454/2742/2646 1458/2744/2648
f 1347/2743/2647 1458/2744/2648 1348/2745/2649
f 1348/2745/2649 1458/2744/2648 1462/2746/2650
f 1348/2745/2649 1462/2746/2650 1349/2747/2651
f 1349/2747/2651 1462/2746/2650 1466/2748/2652
f 1349/2747/2651 1466/2748/2652 1350/2699/2605
f 1350/2699/2605 1466/2748/2652 1470/2700/2606
f 1375/2654/2560 1376/2749/2653 1467/2656/2562
f 1467/2656/2562 1376/2749/2653 1468/2750/2654
f 1467/2656/2562 1468/2750/2654 1463/2658/2564
f 1463/2658/2564 1468/2750/2654 1464/2751/2655
f 1463/2658/2564 1464/2751/2655 1459/2660/2566
f 1459/2660/2566 1464/2751/2655 1460/2752/2656
f 1459/2660/2566 1460/2752/2656 1455/2662/2568
f 1455/2662/2568 1460/2752/2656 1456/2753/2657
f 1455/2662/2568 1456/2753/2657 1451/2664/2570
f 1451/2664/2570 1456/2753/2657 1452/2754/2658
f 1451/2664/2570 1452/2754/2658 1447/2666/2572
f 1447/2666/2572 1452/2754/2658 1448/2755/2659
f 1447/2666/2572 1448/2755/2659 1443/2668/2574
f 1443/2668/2574 1448/2755/2659 1444/2756/2660
f 1443/2668/2574 1444/2756/2660 1439/2670/2576
f 1439/2670/2576 1444/2756/2660 1440/2757/2661
f 1439/2670/2576 1440/2757/2661 1435/2672/2578
f 1435/2672/2578 1440/2757/2661 1436/2758/2662
f 1435/2672/2578 1436/2758/2662 1431/2674/2580
f 1431/2674/2580 1436/2758/2662 1432/2759/2663
f 1431/2674/2580 1432/2759/2663 1427/2676/2582
f 1427/2676/2582 1432/2759/2663 1428/2760/2664
f 1427/2676/2582 1428/2760/2664 1423/2678/2584
f 1423/2678/2584 1428/2760/2664 1424/2761/2665
f 1423/2678/2584 1424/2761/2665 1419/2680/2586
f 1419/2680/2586 1424/2761/2665 1420/2762/2666
f 1419/2680/2586 1420/2762/2666 1415/2682/2588
f 1415/2682/2588 1420/2762/2666 1416/2763/2667
f 1415/2682/2588 1416/2763/2667 1411/2684/2590
f 1411/2684/2590 1416/2763/2667 1412/2764/2668
f 1411/2684/2590 1412/2764/2668 1407/2686/2592
f 1407/2686/2592 1412/2764/2668 1408/2765/2669
f 1407/2686/2592 1408/2765/2669 1403/2688/2594
f 1403/2688/2594 1408/2765/2669 1404/2766/2670
f 1403/2688/2594 1404/2766/2670 1399/2690/2596
f 1399/2690/2596 1404/2766/2670 1400/2767/2671
f 1399/2690/2596 1400/2767/2671 1395/2692/2598
f 1395/2692/2598 1400/2767/2671 1396/2768/2672
f 1395/2692/2598 1396/2768/2672 1391/2694/2600
f 1391/2694/2600 1396/2768/2672 1392/2769/2673
f 1391/2694/2600 1392/2769/2673 1387/2696/2602
f 1387/2696/2602 1392/2769/2673 1388/2770/2674
f 1387/2696/2602 1388/2770/2674 1383/2698/2604
f 1383/2698/2604 1388/2770/2674 1384/2771/2675
f 1383/2698/2604 1384/2771/2675 1379/2650/2558
f 1379/2650/2558 1384/2771/2675 1380/2772/2676
f 1379/2650/2558 1380/2772/2676 1375/2652/2560
f 1375/2652/2560 1380/2772/2676 1376/2773/2653
f 1376/2749/2653 1377/2774/2677 1468/2750/2654
f 1468/2750/2654 1377/2774/2677 1469/2775/2678
f 1468/2750/2654 1469/2775/2678 1464/2751/2655
f 1464/2751/2655 1469/2775/2678 1465/2776/2679
f 1464/2751/2655 1465/2776/2679 1460/2752/2656
f 1460/2752/2656 1465/2776/2679 1461/2777/2680
f 1460/2752/2656 1461/2777/2680 1456/2753/2657
f 1456/2753/2657 1461/2777/2680 1457/2778/2681
f 1456/2753/2657 1457/2778/2681 1452/2754/2658
f 1452/2754/2658 1457/2778/2681 1453/2779/2682
f 1452/2754/2658 1453/2779/2682 1448/2755/2659
f 1448/2755/2659 1453/2779/2682 1449/2780/2683
f 1448/2755/2659 1449/2780/2683 1444/2756/2660
f 1444/2756/2660 1449/2780/2683 1445/2781/2684
f 1444/2756/2660 1445/2781/2684 1440/2757/2661
f 1440/2757/2661 1445/2781/2684 1441/2782/2685
f 1440/2757/2661 1441/2782/2685 1436/2758/2662
f 1436/2758/2662 1441/2782/2685 1437/2783/2686
f 1436/2758/2662 1437/2783/2686 1432/2759/2663
f 1432/2759/2663 1437/2783/2686 1433/2784/2687
f 1432/2759/2663 1433/2784/2687 1428/2760/2664
f 1428/2760/2664 1433/2784/2687 1429/2785/2688
f 1428/2760/2664 1429/2785/2688 1424/2761/2665
f 1424/2761/2665 1429/2785/2688 1425/2786/2689
f 1424/2761/2665 1425/2786/2689 1420/2762/2666
f 1420/2762/2666 1425/2786/2689 1421/2787/2690
f 1420/2762/2666 1421/2787/2690 1416/2763/2667
f 1416/2763/2667 1421/2787/2690 1417/2788/2691
f 1416/2763/2667 1417/2788/2691 1412/2764/2668
f 1412/2764/2668 1417/2788/2691 1413/2789/2692
f 1412/2764/2668 1413/2789/2692 1408/2765/2669
f 1408/2765/2669 1413/2789/2692 1409/2790/2693
f 1408/2765/2669 1409/2790/2693 1404/2766/2670
f 1404/2766/2670 1409/2790/2693 1405/2791/2694
f 1404/2766/2670 1405/2791/2694 1400/2767/2671
f 1400/2767/2671 1405/2791/2694 1401/2792/2695
f 1400/2767/2671 1401/2792/2695 1396/2768/2672
f 1396/2768/2672 1401/2792/2695 1397/2793/2696
f 1396/2768/2672 1397/2793/2696 1392/2769/2673
f 1392/2769/2673 1397/2793/2696 1393/2794/2697
f 1392/2769/2673 1393/2794/2697 1388/2770/2674
f 1388/2770/2674 1393/2794/2697 1389/2795/2698
f 1388/2770/2674 1389/2795/2698 1384/2771/2675
f 1384/2771/2675 1389/2795/2698 1385/2796/2699
f 1384/2771/2675 1385/2796/2699 1380/2772/2676
f 1380/2772/2676 1385/2796/2699 1381/2797/2700
f 1380/2772/2676 1381/2797/2700 1376/2773/2653
f 1376/2773/2653 1381/2797/2700 1377/2798/2677
f 1377/2774/2677 1378/2702/2608 1469/2775/2678
f 1469/2775/2678 1378/2702/2608 1470/2700/2606
f 1469/2775/2678 1470/2700/2606 1465/2776/2679
f 1465/2776/2679 1470/2700/2606 1466/2748/2652
f 1465/2776/2679 1466/2748/2652 1461/2777/2680
f 1461/2777/2680 1466/2748/2652 1462/2746/2650
f 1461/2777/2680 1462/2746/2650 1457/2778/2681
f 1457/2778/2681 1462/2746/2650 1458/2744/2648
f 1457/2778/2681 1458/2744/2648 1453/2779/2682
f 1453/2779/2682 1458/2744/2648 1454/2742/2646
f 1453/2779/2682 1454/2742/2646 1449/2780/2683
f 1449/2780/2683 1454/2742/2646 1450/2740/2644
f 1449/2780/2683 1450/2740/2644 1445/2781/2684
f 1445/2781/2684 1450/2740/2644 1446/2738/2642
f 1445/2781/2684 1446/2738/2642 1441/2782/2685
f 1441/2782/2685 1446/2738/2642 1442/2736/2640
f 1441/2782/2685 1442/2736/2640 1437/2783/2686
f 1437/2783/2686 1442/2736/2640 1438/2734/2638
f 1437/2783/2686 1438/2734/2638 1433/2784/2687
f 1433/2784/2687 1438/2734/2638 1434/2732/2636
f 1433/2784/2687 1434/2732/2636 1429/2785/2688
f 1429/2785/2688 1434/2732/2636 1430/2730/2634
f 1429/2785/2688 1430/2730/2634 1425/2786/2689
f 1425/2786/2689 1430/2730/2634 1426/2728/2632
f 1425/2786/2689 1426/2728/2632 1421/2787/2690
f 1421/2787/2690 1426/2728/2632 1422/2726/2630
f 1421/2787/2690 1422/2726/2630 1417/2788/2691
f 1417/2788/2691 1422/2726/2630 1418/2724/2628
f 1417/2788/2691 1418/2724/2628 1413/2789/2692
f 1413/2789/2692 1418/2724/2628 1414/2722/2626
f 1413/2789/2692 1414/2722/2626 1409/2790/2693
f 1409/2790/2693 1414/2722/2626 1410/2720/2624
f 1409/2790/2693 1410/2720/2624 1405/2791/2694
f 1405/2791/2694 1410/2720/2624 1406/2718/2622
f 1405/2791/2694 1406/2718/2622 1401/2792/2695
f 1401/2792/2695 1406/2718/2622 1402/2716/2620
f 1401/2792/2695 1402/2716/2620 1397/2793/2696
f 1397/2793/2696 1402/2716/2620 1398/2714/2618
f 1397/2793/2696 1398/2714/2618 1393/2794/2697
f 1393/2794/2697 1398/2714/2618 1394/2712/2616
f 1393/2794/2697 1394/2712/2616 1389/2795/2698
f 1389/2795/2698 1394/2712/2616 1390/2710/2614
f 1389/2795/2698 1390/2710/2614 1385/2796/2699
f 1385/2796/2699 1390/2710/2614 1386/2708/2612
f 1385/2796/2699 1386/2708/2612 1381/2797/2700
f 1381/2797/2700 1386/2708/2612 1382/2706/2610
f 1381/2797/2700 1382/2706/2610 1377/2798/2677
f 1377/2798/2677 1382/2706/2610 1378/2704/2608
f 1472/2799/2701 1482/2800/2702 1471/2801/2703
f 1471/2801/2703 1482/2800/2702 1483/2802/2704
f 1471/2801/2703 1483/2802/2704 1494/2803/2705
f 1494/2803/2705 1483/2802/2704 1484/2804/2706
f 1494/2803/2705 1484/2804/2706 1493/2805/2707
f 1493/2805/2707 1484/2804/2706 1485/2806/2708
f 1493/2805/2707 1485/2806/2708 1492/2807/2709
f 1492/2807/2709 1485/2806/2708 1486/2808/2710
f 1492/2807/2709 1486/2808/2710 1491/2809/2711
f 1491/2809/2711 1486/2808/2710 1487/2810/2712
f 1491/2809/2711 1487/2810/2712 1490/2811/2713
f 1490/2811/2713 1487/2810/2712 1488/2812/2714
f 1490/2811/2713 1488/2812/2714 1489/2813/2715
f 1482/2800/2702 1472/2799/2701 1481/2814/2716
f 1481/2814/2716 1472/2799/2701 1473/2815/2717
f 1481/2814/2716 1473/2815/2717 1480/2816/2718
f 1480/2816/2718 1473/2815/2717 1474/2817/2719
f 1480/2816/2718 1474/2817/2719 1479/2818/2720
f 1479/2818/2720 1474/2817/2719 1475/2819/2721
f 1479/2818/2720 1475/2819/2721 1478/2820/2722
f 1478/2820/2722 1475/2819/2721 1476/2821/2723
f 1478/2820/2722 1476/2821/2723 1477/2822/2724
f 1496/2823/2725 1523/2824/2726 1495/2825/2727
f 1495/2825/2727 1523/2824/2726 1519/2826/2728
f 1495/2827/2727 1519/2828/2728 1518/2829/2729
f 1518/2829/2729 1519/2828/2728 1611/2830/2730
f 1518/2829/2729 1611/2830/2730 1517/2831/2731
f 1517/2831/2731 1611/2830/2730 1607/2832/2732
f 1517/2831/2731 1607/2832/2732 1516/2833/2733
f 1516/2833/2733 1607/2832/2732 1603/2834/2734
f 1516/2833/2733 1603/2834/2734 1515/2835/2735
f 1515/2835/2735 1603/2834/2734 1599/2836/2736
f 1515/2835/2735 1599/2836/2736 1514/2837/2737
f 1514/2837/2737 1599/2836/2736 1595/2838/2738
f 1514/2837/2737 1595/2838/2738 1513/2839/2739
f 1513/2839/2739 1595/2838/2738 1591/2840/2740
f 1513/2839/2739 1591/2840/2740 1512/2841/2741
f 1512/2841/2741 1591/2840/2740 1587/2842/2742
f 1512/2841/2741 1587/2842/2742 1511/2843/2743
f 1511/2843/2743 1587/2842/2742 1583/2844/2744
f 1511/2843/2743 1583/2844/2744 1510/2845/2745
f 1510/2845/2745 1583/2844/2744 1579/2846/2746
f 1510/2845/2745 1579/2846/2746 1509/2847/2747
f 1509/2847/2747 1579/2846/2746 1575/2848/2748
f 1509/2847/2747 1575/2848/2748 1508/2849/2749
f 1508/2849/2749 1575/2848/2748 1571/2850/2750
f 1508/2849/2749 1571/2850/2750 1507/2851/2751
f 1507/2851/2751 1571/2850/2750 1567/2852/2752
f 1507/2851/2751 1567/2852/2752 1506/2853/2753
f 1506/2853/2753 1567/2852/2752 1563/2854/2754
f 1506/2853/2753 1563/2854/2754 1505/2855/2755
f 1505/2855/2755 1563/2854/2754 1559/2856/2756
f 1505/2855/2755 1559/2856/2756 1504/2857/2757
f 1504/2857/2757 1559/2856/2756 1555/2858/2758
f 1504/2857/2757 1555/2858/2758 1503/2859/2759
f 1503/2859/2759 1555/2858/2758 1551/2860/2760
f 1503/2859/2759 1551/2860/2760 1502/2861/2761
f 1502/2861/2761 1551/2860/2760 1547/2862/2762
f 1502/2861/2761 1547/2862/2762 1501/2863/2763
f 1501/2863/2763 1547/2862/2762 1543/2864/2764
f 1501/2863/2763 1543/2864/2764 1500/2865/2765
f 1500/2865/2765 1543/2864/2764 1539/2866/2766
f 1500/2865/2765 1539/2866/2766 1499/2867/2767
f 1499/2867/2767 1539/2866/2766 1535/2868/2768
f 1499/2867/2767 1535/2868/2768 1498/2869/2769
f 1498/2869/2769 1535/2868/2768 1531/2870/2770
f 1498/2869/2769 1531/2870/2770 1497/2871/2771
f 1497/2871/2771 1531/2870/2770 1527/2872/2772
f 1497/2871/2771 1527/2872/2772 1496/2823/2725
f 1496/2823/2725 1527/2872/2772 1523/2824/2726
f 1494/2873/2773 1614/2874/2774 1471/2875/2775
f 1471/2875/2775 1614/2874/2774 1522/2876/2776
f 1471/2877/2775 1522/2878/2776 1472/2879/2777
f 1472/2879/2777 1522/2878/2776 1526/2880/2778
f 1472/2879/2777 1526/2880/2778 1473/2881/2779
f 1473/2881/2779 1526/2880/2778 1530/2882/2780
f 1473/2881/2779 1530/2882/2780 1474/2883/2781
f 1474/2883/2781 1530/2882/2780 1534/2884/2782
f 1474/2883/2781 1534/2884/2782 1475/2885/2783
f 1475/2885/2783 1534/2884/2782 1538/2886/2784
f 1475/2885/2783 1538/2886/2784 1476/2887/2785
f 1476/2887/2785 1538/2886/2784 1542/2888/2786
f 1476/2887/2785 1542/2888/2786 1477/2889/2787
f 1477/2889/2787 1542/2888/2786 1546/2890/2788
f 1477/2889/2787 1546/2890/2788 1478/2891/2789
f 1478/2891/2789 1546/2890/2788 1550/2892/2790
f 1478/2891/2789 1550/2892/2790 1479/2893/2791
f 1479/2893/2791 1550/2892/2790 1554/2894/2792
f 1479/2893/2791 1554/2894/2792 1480/2895/2793
f 1480/2895/2793 1554/2894/2792 1558/2896/2794
f 1480/2895/2793 1558/2896/2794 1481/2897/2795
f 1481/2897/2795 1558/2896/2794 1562/2898/2796
f 1481/2897/2795 1562/2898/2796 1482/2899/2797
f 1482/2899/2797 1562/2898/2796 1566/2900/2798
f 1482/2899/2797 1566/2900/2798 1483/2901/2799
f 1483/2901/2799 1566/2900/2798 1570/2902/2800
f 1483/2901/2799 1570/2902/2800 1484/2903/2801
f 1484/2903/2801 1570/2902/2800 1574/2904/2802
f 1484/2903/2801 1574/2904/2802 1485/2905/2803
f 1485/2905/2803 1574/2904/2802 1578/2906/2804
f 1485/2905/2803 1578/2906/2804 1486/2907/2805
f 1486/2907/2805 1578/2906/2804 1582/2908/2806
f 1486/2907/2805 1582/2908/2806 1487/2909/2807
f 1487/2909/2807 1582/2908/2806 1586/2910/2808
f 1487/2909/2807 1586/2910/2808 1488/2911/2809
f 1488/2911/2809 1586/2910/2808 1590/2912/2810
f 1488/2911/2809 1590/2912/2810 1489/2913/2811
f 1489/2913/2811 1590/2912/2810 1594/2914/2812
f 1489/2913/2811 1594/2914/2812 1490/2915/2813
f 1490/2915/2813 1594/2914/2812 1598/2916/2814
f 1490/2915/2813 1598/2916/2814 1491/2917/2815
f 1491/2917/2815 1598/2916/2814 1602/2918/2816
f 1491/2917/2815 1602/2918/2816 1492/2919/2817
f 1492/2919/2817 1602/2918/2816 1606/2920/2818
f 1492/2919/2817 1606/2920/2818 1493/2921/2819
f 1493/2921/2819 1606/2920/2818 1610/2922/2820
f 1493/2921/2819 1610/2922/2820 1494/2873/2773
f 1494/2873/2773 1610/2922/2820 1614/2874/2774
f 1519/2828/2728 1520/2923/2821 1611/2830/2730
f 1611/2830/2730 1520/2923/2821 1612/2924/2822
f 1611/2830/2730 1612/2924/2822 1607/2832/2732
f 1607/2832/2732 1612/2924/2822 1608/2925/2823
f 1607/2832/2732 1608/2925/2823 1603/2834/2734
f 1603/2834/2734 1608/2925/2823 1604/2926/2824
f 1603/2834/2734 1604/2926/2824 1599/2836/2736
f 1599/2836/2736 1604/2926/2824 1600/2927/2825
f 1599/2836/2736 1600/2927/2825 1595/2838/2738
f 1595/2838/2738 1600/2927/2825 1596/2928/2826
f 1595/2838/2738 1596/2928/2826 1591/2840/2740
f 1591/2840/2740 1596/2928/2826 1592/2929/2827
f 1591/2840/2740 1592/2929/2827 1587/2842/2742
f 1587/2842/2742 1592/2929/2827 1588/2930/2828
f 1587/2842/2742 1588/2930/2828 1583/2844/2744
f 1583/2844/2744 1588/2930/2828 1584/2931/2829
f 1583/2844/2744 1584/2931/2829 1579/2846/2746
f 1579/2846/2746 1584/2931/2829 1580/2932/2830
f 1579/2846/2746 1580/2932/2830 1575/2848/2748
f 1575/2848/2748 1580/2932/2830 1576/2933/2831
f 1575/2848/2748 1576/2933/2831 1571/2850/2750
f 1571/2850/2750 1576/2933/2831 1572/2934/2832
f 1571/2850/2750 1572/2934/2832 1567/2852/2752
f 1567/2852/2752 1572/2934/2832 1568/2935/2833
f 1567/2852/2752 1568/2935/2833 1563/2854/2754
f 1563/2854/2754 1568/2935/2833 1564/2936/2834
f 1563/2854/2754 1564/2936/2834 1559/2856/2756
f 1559/2856/2756 1564/2936/2834 1560/2937/2835
f 1559/2856/2756 1560/2937/2835 1555/2858/2758
f 1555/2858/2758 1560/2937/2835 1556/2938/2836
f 1555/2858/2758 1556/2938/2836 1551/2860/2760
f 1551/2860/2760 1556/2938/2836 1552/2939/2837
f 1551/2860/2760 1552/2939/2837 1547/2862/2762
f 1547/2862/2762 1552/2939/2837 1548/2940/2838
f 1547/2862/2762 1548/2940/2838 1543/2864/2764
f 1543/2864/2764 1548/2940/2838 1544/2941/2839
f 1543/2864/2764 1544/2941/2839 1539/2866/2766
f 1539/2866/2766 1544/2941/2839 1540/2942/2840
f 1539/2866/2766 1540/2942/2840 1535/2868/2768
f 1535/2868/2768 1540/2942/2840 1536/2943/2841
f 1535/2868/2768 1536/2943/2841 1531/2870/2770
f 1531/2870/2770 1536/2943/2841 1532/2944/2842
f 1531/2870/2770 1532/2944/2842 1527/2872/2772
f 1527/2872/2772 1532/2944/2842 1528/2945/2843
f 1527/2872/2772 1528/2945/2843 1523/2824/2726
f 1523/2824/2726 1528/2945/2843 1524/2946/2844
f 1523/2824/2726 1524/2946/2844 1519/2826/2728
f 1519/2826/2728 1524/2946/2844 1520/2947/2821
f 1520/2923/2821 1521/2948/2845 1612/2924/2822
f 1612/2924/2822 1521/2948/2845 1613/2949/2846
f 1612/2924/2822 1613/2949/2846 1608/2925/2823
f 1608/2925/2823 1613/2949/2846 1609/2950/2847
f 1608/2925/2823 1609/2950/2847 1604/2926/2824
f 1604/2926/2824 1609/2950/2847 1605/2951/2848
f 1604/2926/2824 1605/2951/2848 1600/2927/2825
f 1600/2927/2825 1605/2951/2848 1601/2952/2849
f 1600/2927/2825 1601/2952/2849 1596/2928/2826
f 1596/2928/2826 1601/2952/2849 1597/2953/2850
f 1596/2928/2826 1597/2953/2850 1592/2929/2827
f 1592/2929/2827 1597/2953/2850 1593/2954/2851
f 1592/2929/2827 1593/2954/2851 1588/2930/2828
f 1588/2930/2828 1593/2954/2851 1589/2955/2852
f 1588/2930/2828 1589/2955/2852 1584/2931/2829
f 1584/2931/2829 1589/2955/2852 1585/2956/2853
f 1584/2931/2829 1585/2956/2853 1580/2932/2830
f 1580/2932/2830 1585/2956/2853 1581/2957/2854
f 1580/2932/2830 1581/2957/2854 1576/2933/2831
f 1576/2933/2831 1581/2957/2854 1577/2958/2855
f 1576/2933/2831 1577/2958/2855 1572/2934/2832
f 1572/2934/2832 1577/2958/2855 1573/2959/2856
f 1572/2934/2832 1573/2959/2856 1568/2935/2833
f 1568/2935/2833 1573/2959/2856 1569/2960/2857
f 1568/2935/2833 1569/2960/2857 1564/2936/2834
f 1564/2936/2834 1569/2960/2857 1565/2961/2858
f 1564/2936/2834 1565/2961/2858 1560/2937/2835
f 1560/2937/2835 1565/2961/2858 1561/2962/2859
f 1560/2937/2835 1561/2962/2859 1556/2938/2836
f 1556/2938/2836 1561/2962/2859 1557/2963/2860
f 1556/2938/2836 1557/2963/2860 1552/2939/2837
f 1552/2939/2837 1557/2963/2860 1553/2964/2861
f 1552/2939/2837 1553/2964/2861 1548/2940/2838
f 1548/2940/2838 1553/2964/2861 1549/2965/2862
f 1548/2940/2838 1549/2965/2862 1544/2941/2839
f 1544/2941/2839 1549/2965/2862 1545/2966/2863
f 1544/2941/2839 1545/2966/2863 1540/2942/2840
f 1540/2942/2840 1545/2966/2863 1541/2967/2864
f 1540/2942/2840 1541/2967/2864 1536/2943/2841
f 1536/2943/2841 1541/2967/2864 1537/2968/2865
f 1536/2943/2841 1537/2968/2865 1532/2944/2842
f 1532/2944/2842 1537/2968/2865 1533/2969/2866
f 1532/2944/2842 1533/2969/2866 1528/2945/2843
f 1528/2945/2843 1533/2969/2866 1529/2970/2867
f 1528/2945/2843 1529/2970/2867 1524/2946/2844
f 1524/2946/2844 1529/2970/2867 1525/2971/2868
f 1524/2946/2844 1525/2971/2868 1520/2947/2821
f 1520/2947/2821 1525/2971/2868 1521/2972/2845
f 1521/2948/2845 1522/2876/2776 1613/2949/2846
f 1613/2949/2846 1522/2876/2776 1614/2874/2774
f 1613/2949/2846 1614/2874/2774 1609/2950/2847
f 1609/2950/2847 1614/2874/2774 1610/2922/2820
f 1609/2950/2847 1610/2922/2820 1605/2951/2848
f 1605/2951/2848 1610/2922/2820 1606/2920/2818
f 1605/2951/2848 1606/2920/2818 1601/2952/2849
f 1601/2952/2849 1606/2920/2818 1602/2918/2816
f 1601/2952/2849 1602/2918/2816 1597/2953/2850
f 1597/2953/2850 1602/2918/2816 1598/2916/2814
f 1597/2953/2850 1598/2916/2814 1593/2954/2851
f 1593/2954/2851 1598/2916/2814 1594/2914/2812
f 1593/2954/2851 1594/2914/2812 1589/2955/2852
f 1589/2955/2852 1594/2914/2812 1590/2912/2810
f 1589/2955/2852 1590/2912/2810 1585/2956/2853
f 1585/2956/2853 1590/2912/2810 1586/2910/2808
f 1585/2956/2853 1586/2910/2808 1581/2957/2854
f 1581/2957/2854 1586/2910/2808 1582/2908/2806
f 1581/2957/2854 1582/2908/2806 1577/2958/2855
f 1577/2958/2855 1582/2908/2806 1578/2906/2804
f 1577/2958/2855 1578/2906/2804 1573/2959/2856
f 1573/2959/2856 1578/2906/2804 1574/2904/2802
f 1573/2959/2856 1574/2904/2802 1569/2960/2857
f 1569/2960/2857 1574/2904/2802 1570/2902/2800
f 1569/2960/2857 1570/2902/2800 1565/2961/2858
f 1565/2961/2858 1570/2902/2800 1566/2900/2798
f 1565/2961/2858 1566/2900/2798 1561/2962/2859
f 1561/2962/2859 1566/2900/2798 1562/2898/2796
f 1561/2962/2859 1562/2898/2796 1557/2963/2860
f 1557/2963/2860 1562/2898/2796 1558/2896/2794
f 1557/2963/2860 1558/2896/2794 1553/2964/2861
f 1553/2964/2861 1558/2896/2794 1554/2894/2792
f 1553/2964/2861 1554/2894/2792 1549/2965/2862
f 1549/2965/2862 1554/2894/2792 1550/2892/2790
f 1549/2965/2862 1550/2892/2790 1545/2966/2863
f 1545/2966/2863 1550/2892/2790 1546/2890/2788
f 1545/2966/2863 1546/2890/2788 1541/2967/2864
f 1541/2967/2864 1546/2890/2788 1542/2888/2786
f 1541/2967/2864 1542/2888/2786 1537/2968/2865
f 1537/2968/2865 1542/2888/2786 1538/2886/2784
f 1537/2968/2865 1538/2886/2784 1533/2969/2866
f 1533/2969/2866 1538/2886/2784 1534/2884/2782
f 1533/2969/2866 1534/2884/2782 1529/2970/2867
f 1529/2970/2867 1534/2884/2782 1530/2882/2780
f 1529/2970/2867 1530/2882/2780 1525/2971/2868
f 1525/2971/2868 1530/2882/2780 1526/2880/2778
f 1525/2971/2868 1526/2880/2778 1521/2972/2845
f 1521/2972/2845 1526/2880/2778 1522/2878/2776
f 1616/2973/2869 1626/2974/2870 1615/2975/2871
f 1615/2975/2871 1626/2974/2870 1627/2976/2872
f 1615/2975/2871 1627/2976/2872 1638/2977/2873
f 1638/2977/2873 1627/2976/2872 1628/2978/2874
f 1638/2977/2873 1628/2978/2874 1637/2979/2875
f 1637/2979/2875 1628/2978/2874 1629/2980/2876
f 1637/2979/2875 1629/2980/2876 1636/2981/2877
f 1636/2981/2877 1629/2980/2876 1630/2982/2878
f 1636/2981/2877 1630/2982/2878 1635/2983/2879
f 1635/2983/2879 1630/2982/2878 1631/2984/2880
f 1635/2983/2879 1631/2984/2880 1634/2985/2881
f 1634/2985/2881 1631/2984/2880 1632/2986/2882
f 1634/2985/2881 1632/2986/2882 1633/2987/2883
f 1626/2974/2870 1616/2973/2869 1625/2988/2884
f 1625/2988/2884 1616/2973/2869 1617/2989/2885
f 1625/2988/2884 1617/2989/2885 1624/2990/2886
f 1624/2990/2886 1617/2989/2885 1618/2991/2887
f 1624/2990/2886 1618/2991/2887 1623/2992/2888
f 1623/2992/2888 1618/2991/2887 1619/2993/2889
f 1623/2992/2888 1619/2993/2889 1622/2994/2890
f 1622/2994/2890 1619/2993/2889 1620/2995/2891
f 1622/2994/2890 1620/2995/2891 1621/2996/2892
f 1640/2997/2893 1667/2998/2894 1639/2999/2895
f 1639/2999/2895 1667/2998/2894 1663/3000/2896
f 1639/3001/2895 1663/3002/2896 1662/3003/2897
f 1662/3003/2897 1663/3002/2896 1755/3004/2898
f 1662/3003/2897 1755/3004/2898 1661/3005/2899
f 1661/3005/2899 1755/3004/2898 1751/3006/2900
f 1661/3005/2899 1751/3006/2900 1660/3007/2901
f 1660/3007/2901 1751/3006/2900 1747/3008/2902
f 1660/3007/2901 1747/3008/2902 1659/3009/2903
f 1659/3009/2903 1747/3008/2902 1743/3010/2904
f 1659/3009/2903 1743/3010/2904 1658/3011/2905
f 1658/3011/2905 1743/3010/2904 1739/3012/2906
f 1658/3011/2905 1739/3012/2906 1657/3013/2907
f 1657/3013/2907 1739/3012/2906 1735/3014/2908
f 1657/3013/2907 1735/3014/2908 1656/3015/2909
f 1656/3015/2909 1735/3014/2908 1731/3016/2910
f 1656/3015/2909 1731/3016/2910 1655/3017/2911
f 1655/3017/2911 1731/3016/2910 1727/3018/2912
f 1655/3017/2911 1727/3018/2912 1654/3019/2913
f 1654/3019/2913 1727/3018/2912 1723/3020/2914
f 1654/3019/2913 1723/3020/2914 1653/3021/2915
f 1653/3021/2915 1723/3020/2914 1719/3022/2916
f 1653/3021/2915 1719/3022/2916 1652/3023/2917
f 1652/3023/2917 1719/3022/2916 1715/3024/2918
f 1652/3023/2917 1715/3024/2918 1651/3025/2919
f 1651/3025/2919 1715/3024/2918 1711/3026/2920
f 1651/3025/2919 1711/3026/2920 1650/3027/2921
f 1650/3027/2921 1711/3026/2920 1707/3028/2922
f 1650/3027/2921 1707/3028/2922 1649/3029/2923
f 1649/3029/2923 1707/3028/2922 1703/3030/2924
f 1649/3029/2923 1703/3030/2924 1648/3031/2925
f 1648/3031/2925 1703/3030/2924 1699/3032/2926
f 1648/3031/2925 1699/3032/2926 1647/3033/2927
f 1647/3033/2927 1699/3032/2926 1695/3034/2928
f 1647/3033/2927 1695/3034/2928 1646/3035/2929
f 1646/3035/2929 1695/3034/2928 1691/3036/2930
f 1646/3035/2929 1691/3036/2930 1645/3037/2931
f 1645/3037/2931 1691/3036/2930 1687/3038/2932
f 1645/3037/2931 1687/3038/2932 1644/3039/2933
f 1644/3039/2933 1687/3038/2932 1683/3040/2934
f 1644/3039/2933 1683/3040/2934 1643/3041/2935
f 1643/3041/2935 1683/3040/2934 1679/3042/2936
f 1643/3041/2935 1679/3042/2936 1642/3043/2937
f 1642/3043/2937 1679/3042/2936 1675/3044/2938
f 1642/3043/2937 1675/3044/2938 1641/3045/2939
f 1641/3045/2939 1675/3044/2938 1671/3046/2940
f 1641/3045/2939 1671/3046/2940 1640/2997/2893
f 1640/2997/2893 1671/3046/2940 1667/2998/2894
f 1638/3047/2941 1758/3048/2942 1615/3049/2943
f 1615/3049/2943 1758/3048/2942 1666/3050/2944
f 1615/3051/2943 1666/3052/2944 1616/3053/2945
f 1616/3053/2945 1666/3052/2944 1670/3054/2946
f 1616/3053/2945 1670/3054/2946 1617/3055/2947
f 1617/3055/2947 1670/3054/2946 1674/3056/2948
f 1617/3055/2947 1674/3056/2948 1618/3057/2949
f 1618/3057/2949 1674/3056/2948 1678/3058/2950
f 1618/3057/2949 1678/3058/2950 1619/3059/2951
f 1619/3059/2951 1678/3058/2950 1682/3060/2952
f 1619/3059/2951 1682/3060/2952 1620/3061/2953
f 1620/3061/2953 1682/3060/2952 1686/3062/2954
f 1620/3061/2953 1686/3062/2954 1621/3063/2955
f 1621/3063/2955 1686/3062/2954 1690/3064/2956
f 1621/3063/2955 1690/3064/2956 1622/3065/2957
f 1622/3065/2957 1690/3064/2956 1694/3066/2958
f 1622/3065/2957 1694/3066/2958 1623/3067/2959
f 1623/3067/2959 1694/3066/2958 1698/3068/2960
f 1623/3067/2959 1698/3068/2960 1624/3069/2961
f 1624/3069/2961 1698/3068/2960 1702/3070/2962
f 1624/3069/2961 1702/3070/2962 1625/3071/2963
f 1625/3071/2963 1702/3070/2962 1706/3072/2964
f 1625/3071/2963 1706/3072/2964 1626/3073/2965
f 1626/3073/2965 1706/3072/2964 1710/3074/2966
f 1626/3073/2965 1710/3074/2966 1627/3075/2967
f 1627/3075/2967 1710/3074/2966 1714/3076/2968
f 1627/3075/2967 1714/3076/2968 1628/3077/2969
f 1628/3077/2969 1714/3076/2968 1718/3078/2970
f 1628/3077/2969 1718/3078/2970 1629/3079/2971
f 1629/3079/2971 1718/3078/2970 1722/3080/2972
f 1629/3079/2971 1722/3080/2972 1630/3081/2973
f 1630/3081/2973 1722/3080/2972 1726/3082/2974
f 1630/3081/2973 1726/3082/2974 1631/3083/2975
f 1631/3083/2975 1726/3082/2974 1730/3084/2976
f 1631/3083/2975 1730/3084/2976 1632/3085/2977
f 1632/3085/2977 1730/3084/2976 1734/3086/2978
f 1632/3085/2977 1734/3086/2978 1633/3087/2979
f 1633/3087/2979 1734/3086/2978 1738/3088/2980
f 1633/3087/2979 1738/3088/2980 1634/3089/2981
f 1634/3089/2981 1738/3088/2980 1742/3090/2982
f 1634/3089/2981 1742/3090/2982 1635/3091/2983
f 1635/3091/2983 1742/3090/2982 1746/3092/2984
f 1635/3091/2983 1746/3092/2984 1636/3093/2985
f 1636/3093/2985 1746/3092/2984 1750/3094/2986
f 1636/3093/2985 1750/3094/2986 1637/3095/2987
f 1637/3095/2987 1750/3094/2986 1754/3096/2988
f 1637/3095/2987 1754/3096/2988 1638/3047/2941
f 1638/3047/2941 1754/3096/2988 1758/3048/2942
f 1663/3002/2896 1664/3097/2989 1755/3004/2898
f 1755/3004/2898 1664/3097/2989 1756/3098/2990
f 1755/3004/2898 1756/3098/2990 1751/3006/2900
f 1751/3006/2900 1756/3098/2990 1752/3099/2991
f 1751/3006/2900 1752/3099/2991 1747/3008/2902
f 1747/3008/2902 1752/3099/2991 1748/3100/2992
f 1747/3008/2902 1748/3100/2992 1743/3010/2904
f 1743/3010/2904 1748/3100/2992 1744/3101/2993
f 1743/3010/2904 1744/3101/2993 1739/3012/2906
f 1739/3012/2906 1744/3101/2993 1740/3102/2994
f 1739/3012/2906 1740/3102/2994 1735/3014/2908
f 1735/3014/2908 1740/3102/2994 1736/3103/2995
f 1735/3014/2908 1736/3103/2995 1731/3016/2910
f 1731/3016/2910 1736/3103/2995 1732/3104/2996
f 1731/3016/2910 1732/3104/2996 1727/3018/2912
f 1727/3018/2912 1732/3104/2996 1728/3105/2997
f 1727/3018/2912 1728/3105/2997 1723/3020/2914
f 1723/3020/2914 1728/3105/2997 1724/3106/2998
f 1723/3020/2914 1724/3106/2998 1719/3022/2916
f 1719/3022/2916 1724/3106/2998 1720/3107/2999
f 1719/3022/2916 1720/3107/2999 1715/3024/2918
f 1715/3024/2918 1720/3107/2999 1716/3108/3000
f 1715/3024/2918 1716/3108/3000 1711/3026/2920
f 1711/3026/2920 1716/3108/3000 1712/3109/3001
f 1711/3026/2920 1712/3109/3001 1707/3028/2922
f 1707/3028/2922 1712/3109/3001 1708/3110/3002
f 1707/3028/2922 1708/3110/3002 1703/3030/2924
f 1703/3030/2924 1708/3110/3002 1704/3111/3003
f 1703/3030/2924 1704/3111/3003 1699/3032/2926
f 1699/3032/2926 1704/3111/3003 1700/3112/3004
f 1699/3032/2926 1700/3112/3004 1695/3034/2928
f 1695/3034/2928 1700/3112/3004 1696/3113/3005
f 1695/3034/2928 1696/3113/3005 1691/3036/2930
f 1691/3036/2930 1696/3113/3005 1692/3114/3006
f 1691/3036/2930 1692/3114/3006 1687/3038/2932
f 1687/3038/2932 1692/3114/3006 1688/3115/3007
f 1687/3038/2932 1688/3115/3007 1683/3040/2934
f 1683/3040/2934 1688/3115/3007 1684/3116/3008
f 1683/3040/2934 1684/3116/3008 1679/3042/2936
f 1679/3042/2936 1684/3116/3008 1680/3117/3009
f 1679/3042/2936 1680/3117/3009 1675/3044/2938
f 1675/3044/2938 1680/3117/3009 1676/3118/3010
f 1675/3044/2938 1676/3118/3010 1671/3046/2940
f 1671/3046/2940 1676/3118/3010 1672/3119/3011
f 1671/3046/2940 1672/3119/3011 1667/2998/2894
f 1667/2998/2894 1672/3119/3011 1668/3120/3012
f 1667/2998/2894 1668/3120/3012 1663/3000/2896
f 1663/3000/2896 1668/3120/3012 1664/3121/2989
f 1664/3097/2989 1665/3122/3013 1756/3098/2990
f 1756/3098/2990 1665/3122/3013 1757/3123/3014
f 1756/3098/2990 1757/3123/3014 1752/3099/2991
f 1752/3099/2991 1757/3123/3014 1753/3124/3015
f 1752/3099/2991 1753/3124/3015 1748/3100/2992
f 1748/3100/2992 1753/3124/3015 1749/3125/3016
f 1748/3100/2992 1749/3125/3016 1744/3101/2993
f 1744/3101/2993 1749/3125/3016 1745/3126/3017
f 1744/3101/2993 1745/3126/3017 1740/3102/2994
f 1740/3102/2994 1745/3126/3017 1741/3127/3018
f 1740/3102/2994 1741/3127/3018 1736/3103/2995
f 1736/3103/2995 1741/3127/3018 1737/3128/3019
f 1736/3103/2995 1737/3128/3019 1732/3104/2996
f 1732/3104/2996 1737/3128/3019 1733/3129/3020
f 1732/3104/2996 1733/3129/3020 1728/3105/2997
f 1728/3105/2997 1733/3129/3020 1729/3130/3021
f 1728/3105/2997 1729/3130/3021 1724/3106/2998
f 1724/3106/2998 1729/3130/3021 1725/3131/3022
f 1724/3106/2998 1725/3131/3022 1720/3107/2999
f 1720/3107/2999 1725/3131/3022 1721/3132/3023
f 1720/3107/2999 1721/3132/3023 1716/3108/3000
f 1716/3108/3000 1721/3132/3023 1717/3133/3024
f 1716/3108/3000 1717/3133/3024 1712/3109/3001
f 1712/3109/3001 1717/3133/3024 1713/3134/3025
f 1712/3109/3001 1713/3134/3025 1708/3110/3002
f 1708/3110/3002 1713/3134/3025 1709/3135/3026
f 1708/3110/3002 1709/3135/3026 1704/3111/3003
f 1704/3111/3003 1709/3135/3026 1705/3136/3027
f 1704/3111/3003 1705/3136/3027 1700/3112/3004
f 1700/3112/3004 1705/3136/3027 1701/3137/3028
f 1700/3112/3004 1701/3137/3028 1696/3113/3005
f 1696/3113/3005 1701/3137/3028 1697/3138/3029
f 1696/3113/3005 1697/3138/3029 1692/3114/3006
f 1692/3114/3006 1697/3138/3029 1693/3139/3030
f 1692/3114/3006 1693/3139/3030 1688/3115/3007
f 1688/3115/3007 1693/3139/3030 1689/3140/3031
f 1688/3115/3007 1689/3140/3031 1684/3116/3008
f 1684/3116/3008 1689/3140/3031 1685/3141/3032
f 1684/3116/3008 1685/3141/3032 1680/3117/3009
f 1680/3117/3009 1685/3141/3032 1681/3142/3033
f 1680/3117/3009 1681/3142/3033 1676/3118/3010
f 1676/3118/3010 1681/3142/3033 1677/3143/3034
f 1676/3118/3010 1677/3143/3034 1672/3119/3011
f 1672/3119/3011 1677/3143/3034 1673/3144/3035
f 1672/3119/3011 1673/3144/3035 1668/3120/3012
f 1668/3120/3012 1673/3144/3035 1669/3145/3036
f 1668/3120/3012 1669/3145/3036 1664/3121/2989
f 1664/3121/2989 1669/3145/3036 1665/3146/3013
f 1665/3122/3013 1666/3050/2944 1757/3123/3014
f 1757/3123/3014 1666/3050/2944 1758/3048/2942
f 1757/3123/3014 1758/3048/2942 1753/3124/3015
f 1753/3124/3015 1758/3048/2942 1754/3096/2988
f 1753/3124/3015 1754/3096/2988 1749/3125/3016
f 1749/3125/3016 1754/3096/2988 1750/3094/2986
f 1749/3125/3016 1750/3094/2986 1745/3126/3017
f 1745/3126/3017 1750/3094/2986 1746/3092/2984
f 1745/3126/3017 1746/3092/2984 1741/3127/3018
f 1741/3127/3018 1746/3092/2984 1742/3090/2982
f 1741/3127/3018 1742/3090/2982 1737/3128/3019
f 1737/3128/3019 1742/3090/2982 1738/3088/2980
f 1737/3128/3019 1738/3088/2980 1733/3129/3020
f 1733/3129/3020 1738/3088/2980 1734/3086/2978
f 1733/3129/3020 1734/3086/2978 1729/3130/3021
f 1729/3130/3021 1734/3086/2978 1730/3084/2976
f 1729/3130/3021 1730/3084/2976 1725/3131/3022
f 1725/3131/3022 1730/3084/2976 1726/3082/2974
f 1725/3131/3022 1726/3082/2974 1721/3132/3023
f 1721/3132/3023 1726/3082/2974 1722/3080/2972
f 1721/3132/3023 1722/3080/2972 1717/3133/3024
f 1717/3133/3024 1722/3080/2972 1718/3078/2970
f 1717/3133/3024 1718/3078/2970 1713/3134/3025
f 1713/3134/3025 1718/3078/2970 1714/3076/2968
f 1713/3134/3025 1714/3076/2968 1709/3135/3026
f 1709/3135/3026 1714/3076/2968 1710/3074/2966
f 1709/3135/3026 1710/3074/2966 1705/3136/3027
f 1705/3136/3027 1710/3074/2966 1706/3072/2964
f 1705/3136/3027 1706/3072/2964 1701/3137/3028
f 1701/3137/3028 1706/3072/2964 1702/3070/2962
f 1701/3137/3028 1702/3070/2962 1697/3138/3029
f 1697/3138/3029 1702/3070/2962 1698/3068/2960
f 1697/3138/3029 1698/3068/2960 1693/3139/3030
f 1693/3139/3030 1698/3068/2960 1694/3066/2958
f 1693/3139/3030 1694/3066/2958 1689/3140/3031
f 1689/3140/3031 1694/3066/2958 1690/3064/2956
f 1689/3140/3031 1690/3064/2956 1685/3141/3032
f 1685/3141/3032 1690/3064/2956 1686/3062/2954
f 1685/3141/3032 1686/3062/2954 1681/3142/3033
f 1681/3142/3033 1686/3062/2954 1682/3060/2952
f 1681/3142/3033 1682/3060/2952 1677/3143/3034
f 1677/3143/3034 1682/3060/2952 1678/3058/2950
f 1677/3143/3034 1678/3058/2950 1673/3144/3035
f 1673/3144/3035 1678/3058/2950 1674/3056/2948
f 1673/3144/3035 1674/3056/2948 1669/3145/3036
f 1669/3145/3036 1674/3056/2948 1670/3054/2946
f 1669/3145/3036 1670/3054/2946 1665/3146/3013
f 1665/3146/3013 1670/3054/2946 1666/3052/2944
f 1760/3147/3037 1770/3148/3038 1759/3149/3039
f 1759/3149/3039 1770/3148/3038 1771/3150/3040
f 1759/3149/3039 1771/3150/3040 1782/3151/3041
f 1782/3151/3041 1771/3150/3040 1772/3152/3042
f 1782/3151/3041 1772/3152/3042 1781/3153/3043
f 1781/3153/3043 1772/3152/3042 1773/3154/3044
f 1781/3153/3043 1773/3154/3044 1780/3155/3045
f 1780/3155/3045 1773/3154/3044 1774/3156/3046
f 1780/3155/3045 1774/3156/3046 1779/3157/3047
f 1779/3157/3047 1774/3156/3046 1775/3158/3048
f 1779/3157/3047 1775/3158/3048 1778/3159/3049
f 1778/3159/3049 1775/3158/3048 1776/3160/3050
f 1778/3159/3049 1776/3160/3050 1777/3161/3051
f 1770/3148/3038 1760/3147/3037 1769/3162/3052
f 1769/3162/3052 1760/3147/3037 1761/3163/3053
f 1769/3162/3052 1761/3163/3053 1768/3164/3054
f 1768/3164/3054 1761/3163/3053 1762/3165/3055
f 1768/3164/3054 1762/3165/3055 1767/3166/3056
f 1767/3166/3056 1762/3165/3055 1763/3167/3057
f 1767/3166/3056 1763/3167/3057 1766/3168/3058
f 1766/3168/3058 1763/3167/3057 1764/3169/3059
f 1766/3168/3058 1764/3169/3059 1765/3170/3060
f 1784/3171/3061 1811/3172/3062 1783/3173/3063
f 1783/3173/3063 1811/3172/3062 1807/3174/3064
f 1783/3175/3063 1807/3176/3064 1806/3177/3065
f 1806/3177/3065 1807/3176/3064 1899/3178/3066
f 1806/3177/3065 1899/3178/3066 1805/3179/3067
f 1805/3179/3067 1899/3178/3066 1895/3180/3068
f 1805/3179/3067 1895/3180/3068 1804/3181/3069
f 1804/3181/3069 1895/3180/3068 1891/3182/3070
f 1804/3181/3069 1891/3182/3070 1803/3183/3071
f 1803/3183/3071 1891/3182/3070 1887/3184/3072
f 1803/3183/3071 1887/3184/3072 1802/3185/3073
f 1802/3185/3073 1887/3184/3072 1883/3186/3074
f 1802/3185/3073 1883/3186/3074 1801/3187/3075
f 1801/3187/3075 1883/3186/3074 1879/3188/3076
f 1801/3187/3075 1879/3188/3076 1800/3189/3077
f 1800/3189/3077 1879/3188/3076 1875/3190/3078
f 1800/3189/3077 1875/3190/3078 1799/3191/3079
f 1799/3191/3079 1875/3190/3078 1871/3192/3080
f 1799/3191/3079 1871/3192/3080 1798/3193/3081
f 1798/3193/3081 1871/3192/3080 1867/3194/3082
f 1798/3193/3081 1867/3194/3082 1797/3195/3083
f 1797/3195/3083 1867/3194/3082 1863/3196/3084
f 1797/3195/3083 1863/3196/3084 1796/3197/3085
f 1796/3197/3085 1863/3196/3084 1859/3198/3086
f 1796/3197/3085 1859/3198/3086 1795/3199/3087
f 1795/3199/3087 1859/3198/3086 1855/3200/3088
f 1795/3199/3087 1855/3200/3088 1794/3201/3089
f 1794/3201/3089 1855/3200/3088 1851/3202/3090
f 1794/3201/3089 1851/3202/3090 1793/3203/3091
f 1793/3203/3091 1851/3202/3090 1847/3204/3092
f 1793/3203/3091 1847/3204/3092 1792/3205/3093
f 1792/3205/3093 1847/3204/3092 1843/3206/3094
f 1792/3205/3093 1843/3206/3094 1791/3207/3095
f 1791/3207/3095 1843/3206/3094 1839/3208/3096
f 1791/3207/3095 1839/3208/3096 1790/3209/3097
f 1790/3209/3097 1839/3208/3096 1835/3210/3098
f 1790/3209/3097 1835/3210/3098 1789/3211/3099
f 1789/3211/3099 1835/3210/3098 1831/3212/3100
f 1789/3211/3099 1831/3212/3100 1788/3213/3101
f 1788/3213/3101 1831/3212/3100 1827/3214/3102
f 1788/3213/3101 1827/3214/3102 1787/3215/3103
f 1787/3215/3103 1827/3214/3102 1823/3216/3104
f 1787/3215/3103 1823/3216/3104 1786/3217/3105
f 1786/3217/3105 1823/3216/3104 1819/3218/3106
f 1786/3217/3105 1819/3218/3106 1785/3219/3107
f 1785/3219/3107 1819/3218/3106 1815/3220/3108
f 1785/3219/3107 1815/3220/3108 1784/3171/3061
f 1784/3171/3061 1815/3220/3108 1811/3172/3062
f 1782/3221/3109 1902/3222/3110 1759/3223/3111
f 1759/3223/3111 1902/3222/3110 1810/3224/3112
f 1759/3225/3111 1810/3226/3112 1760/3227/3113
f 1760/3227/3113 1810/3226/3112 1814/3228/3114
f 1760/3227/3113 1814/3228/3114 1761/3229/3115
f 1761/3229/3115 1814/3228/3114 1818/3230/3116
f 1761/3229/3115 1818/3230/3116 1762/3231/3117
f 1762/3231/3117 1818/3230/3116 1822/3232/3118
f 1762/3231/3117 1822/3232/3118 1763/3233/3119
f 1763/3233/3119 1822/3232/3118 1826/3234/3120
f 1763/3233/3119 1826/3234/3120 1764/3235/3121
f 1764/3235/3121 1826/3234/3120 1830/3236/3122
f 1764/3235/3121 1830/3236/3122 1765/3237/3123
f 1765/3237/3123 1830/3236/3122 1834/3238/3124
f 1765/3237/3123 1834/3238/3124 1766/3239/3125
f 1766/3239/3125 1834/3238/3124 1838/3240/3126
f 1766/3239/3125 1838/3240/3126 1767/3241/3127
f 1767/3241/3127 1838/3240/3126 1842/3242/3128
f 1767/3241/3127 1842/3242/3128 1768/3243/3129
f 1768/3243/3129 1842/3242/3128 1846/3244/3130
f 1768/3243/3129 1846/3244/3130 1769/3245/3131
f 1769/3245/3131 1846/3244/3130 1850/3246/3132
f 1769/3245/3131 1850/3246/3132 1770/3247/3133
f 1770/3247/3133 1850/3246/3132 1854/3248/3134
f 1770/3247/3133 1854/3248/3134 1771/3249/3135
f 1771/3249/3135 1854/3248/3134 1858/3250/3136
f 1771/3249/3135 1858/3250/3136 1772/3251/3137
f 1772/3251/3137 1858/3250/3136 1862/3252/3138
f 1772/3251/3137 1862/3252/3138 1773/3253/3139
f 1773/3253/3139 1862/3252/3138 1866/3254/3140
f 1773/3253/3139 1866/3254/3140 1774/3255/3141
f 1774/3255/3141 1866/3254/3140 1870/3256/3142
f 1774/3255/3141 1870/3256/3142 1775/3257/3143
f 1775/3257/3143 1870/3256/3142 1874/3258/3144
f 1775/3257/3143 1874/3258/3144 1776/3259/3145
f 1776/3259/3145 1874/3258/3144 1878/3260/3146
f 1776/3259/3145 1878/3260/3146 1777/3261/3147
f 1777/3261/3147 1878/3260/3146 1882/3262/3148
f 1777/3261/3147 1882/3262/3148 1778/3263/3149
f 1778/3263/3149 1882/3262/3148 1886/3264/3150
f 1778/3263/3149 1886/3264/3150 1779/3265/3151
f 1779/3265/3151 1886/3264/3150 1890/3266/3152
f 1779/3265/3151 1890/3266/3152 1780/3267/3153
f 1780/3267/3153 1890/3266/3152 1894/3268/3154
f 1780/3267/3153 1894/3268/3154 1781/3269/3155
f 1781/3269/3155 1894/3268/3154 1898/3270/3156
f 1781/3269/3155 1898/3270/3156 1782/3221/3109
f 1782/3221/3109 1898/3270/3156 1902/3222/3110
f 1807/3176/3064 1808/3271/3157 1899/3178/3066
f 1899/3178/3066 1808/3271/3157 1900/3272/3158
f 1899/3178/3066 1900/3272/3158 1895/3180/3068
f 1895/3180/3068 1900/3272/3158 1896/3273/3159
f 1895/3180/3068 1896/3273/3159 1891/3182/3070
f 1891/3182/3070 1896/3273/3159 1892/3274/3160
f 1891/3182/3070 1892/3274/3160 1887/3184/3072
f 1887/3184/3072 1892/3274/3160 1888/3275/3161
f 1887/3184/3072 1888/3275/3161 1883/3186/3074
f 1883/3186/3074 1888/3275/3161 1884/3276/3162
f 1883/3186/3074 1884/3276/3162 1879/3188/3076
f 1879/3188/3076 1884/3276/3162 1880/3277/3163
f 1879/3188/3076 1880/3277/3163 1875/3190/3078
f 1875/3190/3078 1880/3277/3163 1876/3278/3164
f 1875/3190/3078 1876/3278/3164 1871/3192/3080
f 1871/3192/3080 1876/3278/3164 1872/3279/3165
f 1871/3192/3080 1872/3279/3165 1867/3194/3082
f 1867/3194/3082 1872/3279/3165 1868/3280/3166
f 1867/3194/3082 1868/3280/3166 1863/3196/3084
f 1863/3196/3084 1868/3280/3166 1864/3281/3167
f 1863/3196/3084 1864/3281/3167 1859/3198/3086
f 1859/3198/3086 1864/3281/3167 1860/3282/3168
f 1859/3198/3086 1860/3282/3168 1855/3200/3088
f 1855/3200/3088 1860/3282/3168 1856/3283/3169
f 1855/3200/3088 1856/3283/3169 1851/3202/3090
f 1851/3202/3090 1856/3283/3169 1852/3284/3170
f 1851/3202/3090 1852/3284/3170 1847/3204/3092
f 1847/3204/3092 1852/3284/3170 1848/3285/3171
f 1847/3204/3092 1848/3285/3171 1843/3206/3094
f 1843/3206/3094 1848/3285/3171 1844/3286/3172
f 1843/3206/3094 1844/3286/3172 1839/3208/3096
f 1839/3208/3096 1844/3286/3172 1840/3287/3173
f 1839/3208/3096 1840/3287/3173 1835/3210/3098
f 1835/3210/3098 1840/3287/3173 1836/3288/3174
f 1835/3210/3098 1836/3288/3174 1831/3212/3100
f 1831/3212/3100 1836/3288/3174 1832/3289/3175
f 1831/3212/3100 1832/3289/3175 1827/3214/3102
f 1827/3214/3102 1832/3289/3175 1828/3290/3176
f 1827/3214/3102 1828/3290/3176 1823/3216/3104
f 1823/3216/3104 1828/3290/3176 1824/3291/3177
f 1823/3216/3104 1824/3291/3177 1819/3218/3106
f 1819/3218/3106 1824/3291/3177 1820/3292/3178
f 1819/3218/3106 1820/3292/3178 1815/3220/3108
f 1815/3220/3108 1820/3292/3178 1816/3293/3179
f 1815/3220/3108 1816/3293/3179 1811/3172/3062
f 1811/3172/3062 1816/3293/3179 1812/3294/3180
f 1811/3172/3062 1812/3294/3180 1807/3174/3064
f 1807/3174/3064 1812/3294/3180 1808/3295/3157
f 1808/3271/3157 1809/3296/3181 1900/3272/3158
f 1900/3272/3158 1809/3296/3181 1901/3297/3182
f 1900/3272/3158 1901/3297/3182 1896/3273/3159
f 1896/3273/3159 1901/3297/3182 1897/3298/3183
f 1896/3273/3159 1897/3298/3183 1892/3274/3160
f 1892/3274/3160 1897/3298/3183 1893/3299/3184
f 1892/3274/3160 1893/3299/3184 1888/3275/3161
f 1888/3275/3161 1893/3299/3184 1889/3300/3185
f 1888/3275/3161 1889/3300/3185 1884/3276/3162
f 1884/3276/3162 1889/3300/3185 1885/3301/3186
f 1884/3276/3162 1885/3301/3186 1880/3277/3163
f 1880/3277/3163 1885/3301/3186 1881/3302/3187
f 1880/3277/3163 1881/3302/3187 1876/3278/3164
f 1876/3278/3164 1881/3302/3187 1877/3303/3188
f 1876/3278/3164 1877/3303/3188 1872/3279/3165
f 1872/3279/3165 1877/3303/3188 1873/3304/3189
f 1872/3279/3165 1873/3304/3189 1868/3280/3166
f 1868/3280/3166 1873/3304/3189 1869/3305/3190
f 1868/3280/3166 1869/3305/3190 1864/3281/3167
f 1864/3281/3167 1869/3305/3190 1865/3306/3191
f 1864/3281/3167 1865/3306/3191 1860/3282/3168
f 1860/3282/3168 1865/3306/3191 1861/3307/3192
f 1860/3282/3168 1861/3307/3192 1856/3283/3169
f 1856/3283/3169 1861/3307/3192 1857/3308/3193
f 1856/3283/3169 1857/3308/3193 1852/3284/3170
f 1852/3284/3170 1857/3308/3193 1853/3309/3194
f 1852/3284/3170 1853/3309/3194 1848/3285/3171
f 1848/3285/3171 1853/3309/3194 1849/3310/3195
f 1848/3285/3171 1849/3310/3195 1844/3286/3172
f 1844/3286/3172 1849/3310/3195 1845/3311/3196
f 1844/3286/3172 1845/3311/3196 1840/3287/3173
f 1840/3287/3173 1845/3311/3196 1841/3312/3197
f 1840/3287/3173 1841/3312/3197 1836/3288/3174
f 1836/3288/3174 1841/3312/3197 1837/3313/3198
f 1836/3288/3174 1837/3313/3198 1832/3289/3175
f 1832/3289/3175 1837/3313/3198 1833/3314/3199
f 1832/3289/3175 1833/3314/3199 1828/3290/3176
f 1828/3290/3176 1833/3314/3199 1829/3315/3200
f 1828/3290/3176 1829/3315/3200 1824/3291/3177
f 1824/3291/3177 1829/3315/3200 1825/3316/3201
f 1824/3291/3177 1825/3316/3201 1820/3292/3178
f 1820/3292/3178 1825/3316/3201 1821/3317/3202
f 1820/3292/3178 1821/3317/3202 1816/3293/3179
f 1816/3293/3179 1821/3317/3202 1817/3318/3203
f 1816/3293/3179 1817/3318/3203 1812/3294/3180
f 1812/3294/3180 1817/3318/3203 1813/3319/3204
f 1812/3294/3180 1813/3319/3204 1808/3295/3157
f 1808/3295/3157 1813/3319/3204 1809/3320/3181
f 1809/3296/3181 1810/3224/3112 1901/3297/3182
f 1901/3297/3182 1810/3224/3112 1902/3222/3110
f 1901/3297/3182 1902/3222/3110 1897/3298/3183
f 1897/3298/3183 1902/3222/3110 1898/3270/3156
f 1897/3298/3183 1898/3270/3156 1893/3299/3184
f 1893/3299/3184 1898/3270/3156 1894/3268/3154
f 1893/3299/3184 1894/3268/3154 1889/3300/3185
f 1889/3300/3185 1894/3268/3154 1890/3266/3152
f 1889/3300/3185 1890/3266/3152 1885/3301/3186
f 1885/3301/3186 1890/3266/3152 1886/3264/3150
f 1885/3301/3186 1886/3264/3150 1881/3302/3187
f 1881/3302/3187 1886/3264/3150 1882/3262/3148
f 1881/3302/3187 1882/3262/3148 1877/3303/3188
f 1877/3303/3188 1882/3262/3148 1878/3260/3146
f 1877/3303/3188 1878/3260/3146 1873/3304/3189
f 1873/3304/3189 1878/3260/3146 1874/3258/3144
f 1873/3304/3189 1874/3258/3144 1869/3305/3190
f 1869/3305/3190 1874/3258/3144 1870/3256/3142
f 1869/3305/3190 1870/3256/3142 1865/3306/3191
f 1865/3306/3191 1870/3256/3142 1866/3254/3140
f 1865/3306/3191 1866/3254/3140 1861/3307/3192
f 1861/3307/3192 1866/3254/3140 1862/3252/3138
f 1861/3307/3192 1862/3252/3138 1857/3308/3193
f 1857/3308/3193 1862/3252/3138 1858/3250/3136
f 1857/3308/3193 1858/3250/3136 1853/3309/3194
f 1853/3309/3194 1858/3250/3136 1854/3248/3134
f 1853/3309/3194 1854/3248/3134 1849/3310/3195
f 1849/3310/3195 1854/3248/3134 1850/3246/3132
f 1849/3310/3195 1850/3246/3132 1845/3311/3196
f 1845/3311/3196 1850/3246/3132 1846/3244/3130
f 1845/3311/3196 1846/3244/3130 1841/3312/3197
f 1841/3312/3197 1846/3244/3130 1842/3242/3128
f 1841/3312/3197 1842/3242/3128 1837/3313/3198
f 1837/3313/3198 1842/3242/3128 1838/3240/3126
f 1837/3313/3198 1838/3240/3126 1833/3314/3199
f 1833/3314/3199 1838/3240/3126 1834/3238/3124
f 1833/3314/3199 1834/3238/3124 1829/3315/3200
f 1829/3315/3200 1834/3238/3124 1830/3236/3122
f 1829/3315/3200 1830/3236/3122 1825/3316/3201
f 1825/3316/3201 1830/3236/3122 1826/3234/3120
f 1825/3316/3201 1826/3234/3120 1821/3317/3202
f 1821/3317/3202 1826/3234/3120 1822/3232/3118
f 1821/3317/3202 1822/3232/3118 1817/3318/3203
f 1817/3318/3203 1822/3232/3118 1818/3230/3116
f 1817/3318/3203 1818/3230/3116 1813/3319/3204
f 1813/3319/3204 1818/3230/3116 1814/3228/3114
f 1813/3319/3204 1814/3228/3114 1809/3320/3181
f 1809/3320/3181 1814/3228/3114 1810/3226/3112
f 1904/3321/3205 1914/3322/3206 1903/3323/3207
f 1903/3323/3207 1914/3322/3206 1915/3324/3208
f 1903/3323/3207 1915/3324/3208 1926/3325/3209
f 1926/3325/3209 1915/3324/3208 1916/3326/3210
f 1926/3325/3209 1916/3326/3210 1925/3327/3211
f 1925/3327/3211 1916/3326/3210 1917/3328/3212
f 1925/3327/3211 1917/3328/3212 1924/3329/3213
f 1924/3329/3213 1917/3328/3212 1918/3330/3214
f 1924/3329/3213 1918/3330/3214 1923/3331/3215
f 1923/3331/3215 1918/3330/3214 1919/3332/3216
f 1923/3331/3215 1919/3332/3216 1922/3333/3217
f 1922/3333/3217 1919/3332/3216 1920/3334/3218
f 1922/3333/3217 1920/3334/3218 1921/3335/3219
f 1914/3322/3206 1904/3321/3205 1913/3336/3220
f 1913/3336/3220 1904/3321/3205 1905/3337/3221
f 1913/3336/3220 1905/3337/3221 1912/3338/3222
f 1912/3338/3222 1905/3337/3221 1906/3339/3223
f 1912/3338/3222 1906/3339/3223 1911/3340/3224
f 1911/3340/3224 1906/3339/3223 1907/3341/3225
f 1911/3340/3224 1907/3341/3225 1910/3342/3226
f 1910/3342/3226 1907/3341/3225 1908/3343/3227
f 1910/3342/3226 1908/3343/3227 1909/3344/3228
f 1928/3345/3229 1955/3346/3230 1927/3347/3231
f 1927/3347/3231 1955/3346/3230 1951/3348/3232
f 1927/3349/3231 1951/3350/3232 1950/3351/3233
f 1950/3351/3233 1951/3350/3232 2043/3352/3234
f 1950/3351/3233 2043/3352/3234 1949/3353/3235
f 1949/3353/3235 2043/3352/3234 2039/3354/3236
f 1949/3353/3235 2039/3354/3236 1948/3355/3237
f 1948/3355/3237 2039/3354/3236 2035/3356/3238
f 1948/3355/3237 2035/3356/3238 1947/3357/3239
f 1947/3357/3239 2035/3356/3238 2031/3358/3240
f 1947/3357/3239 2031/3358/3240 1946/3359/3241
f 1946/3359/3241 2031/3358/3240 2027/3360/3242
f 1946/3359/3241 2027/3360/3242 1945/3361/3243
f 1945/3361/3243 2027/3360/3242 2023/3362/3244
f 1945/3361/3243 2023/3362/3244 1944/3363/3245
f 1944/3363/3245 2023/3362/3244 2019/3364/3246
f 1944/3363/3245 2019/3364/3246 1943/3365/3247
f 1943/3365/3247 2019/3364/3246 2015/3366/3248
f 1943/3365/3247 2015/3366/3248 1942/3367/3249
f 1942/3367/3249 2015/3366/3248 2011/3368/3250
f 1942/3367/3249 2011/3368/3250 1941/3369/3251
f 1941/3369/3251 2011/3368/3250 2007/3370/3252
f 1941/3369/3251 2007/3370/3252 1940/3371/3253
f 1940/3371/3253 2007/3370/3252 2003/3372/3254
f 1940/3371/3253 2003/3372/3254 1939/3373/3255
f 1939/3373/3255 2003/3372/3254 1999/3374/3256
f 1939/3373/3255 1999/3374/3256 1938/3375/3257
f 1938/3375/3257 1999/3374/3256 1995/3376/3258
f 1938/3375/3257 1995/3376/3258 1937/3377/3259
f 1937/3377/3259 1995/3376/3258 1991/3378/3260
f 1937/3377/3259 1991/3378/3260 1936/3379/3261
f 1936/3379/3261 1991/3378/3260 1987/3380/3262
f 1936/3379/3261 1987/3380/3262 1935/3381/3263
f 1935/3381/3263 1987/3380/3262 1983/3382/3264
f 1935/3381/3263 1983/3382/3264 1934/3383/3265
f 1934/3383/3265 1983/3382/3264 1979/3384/3266
f 1934/3383/3265 1979/3384/3266 1933/3385/3267
f 1933/3385/3267 1979/3384/3266 1975/3386/3268
f 1933/3385/3267 1975/3386/3268 1932/3387/3269
f 1932/3387/3269 1975/3386/3268 1971/3388/3270
f 1932/3387/3269 1971/3388/3270 1931/3389/3271
f 1931/3389/3271 1971/3388/3270 1967/3390/3272
f 1931/3389/3271 1967/3390/3272 1930/3391/3273
f 1930/3391/3273 1967/3390/3272 1963/3392/3274
f 1930/3391/3273 1963/3392/3274 1929/3393/3275
f 1929/3393/3275 1963/3392/3274 1959/3394/3276
f 1929/3393/3275 1959/3394/3276 1928/3345/3229
f 1928/3345/3229 1959/3394/3276 1955/3346/3230
f 1926/3395/3277 2046/3396/3278 1903/3397/3279
f 1903/3397/3279 2046/3396/3278 1954/3398/3280
f 1903/3399/3279 1954/3400/3280 1904/3401/3281
f 1904/3401/3281 1954/3400/3280 1958/3402/3282
f 1904/3401/3281 1958/3402/3282 1905/3403/3283
f 1905/3403/3283 1958/3402/3282 1962/3404/3284
f 1905/3403/3283 1962/3404/3284 1906/3405/3285
f 1906/3405/3285 1962/3404/3284 1966/3406/3286
f 1906/3405/3285 1966/3406/3286 1907/3407/3287
f 1907/3407/3287 1966/3406/3286 1970/3408/3288
f 1907/3407/3287 1970/3408/3288 1908/3409/3289
f 1908/3409/3289 1970/3408/3288 1974/3410/3290
f 1908/3409/3289 1974/3410/3290 1909/3411/3291
f 1909/3411/3291 1974/3410/3290 1978/3412/3292
f 1909/3411/3291 1978/3412/3292 1910/3413/3293
f 1910/3413/3293 1978/3412/3292 1982/3414/3294
f 1910/3413/3293 1982/3414/3294 1911/3415/3295
f 1911/3415/3295 1982/3414/3294 1986/3416/3296
f 1911/3415/3295 1986/3416/3296 1912/3417/3297
f 1912/3417/3297 1986/3416/3296 1990/3418/3298
f 1912/3417/3297 1990/3418/3298 1913/3419/3299
f 1913/3419/3299 1990/3418/3298 1994/3420/3300
f 1913/3419/3299 1994/3420/3300 1914/3421/3301
f 1914/3421/3301 1994/3420/3300 1998/3422/3302
f 1914/3421/3301 1998/3422/3302 1915/3423/3303
f 1915/3423/3303 1998/3422/3302 2002/3424/3304
f 1915/3423/3303 2002/3424/3304 1916/3425/3305
f 1916/3425/3305 2002/3424/3304 2006/3426/3306
f 1916/3425/3305 2006/3426/3306 1917/3427/3307
f 1917/3427/3307 2006/3426/3306 2010/3428/3308
f 1917/3427/3307 2010/3428/3308 1918/3429/3309
f 1918/3429/3309 2010/3428/3308 2014/3430/3310
f 1918/3429/3309 2014/3430/3310 1919/3431/3311
f 1919/3431/3311 2014/3430/3310 2018/3432/3312
f 1919/3431/3311 2018/3432/3312 1920/3433/3313
f 1920/3433/3313 2018/3432/3312 2022/3434/3314
f 1920/3433/3313 2022/3434/3314 1921/3435/3315
f 1921/3435/3315 2022/3434/3314 2026/3436/3316
f 1921/3435/3315 2026/3436/3316 1922/3437/3317
f 1922/3437/3317 2026/3436/3316 2030/3438/3318
f 1922/3437/3317 2030/3438/3318 1923/3439/3319
f 1923/3439/3319 2030/3438/3318 2034/3440/3320
f 1923/3439/3319 2034/3440/3320 1924/3441/3321
f 1924/3441/3321 2034/3440/3320 2038/3442/3322
f 1924/3441/3321 2038/3442/3322 1925/3443/3323
f 1925/3443/3323 2038/3442/3322 2042/3444/3324
f 1925/3443/3323 2042/3444/3324 1926/3395/3277
f 1926/3395/3277 2042/3444/3324 2046/3396/3278
f 1951/3350/3232 1952/3445/3325 2043/3352/3234
f 2043/3352/3234 1952/3445/3325 2044/3446/3326
f 2043/3352/3234 2044/3446/3326 2039/3354/3236
f 2039/3354/3236 2044/3446/3326 2040/3447/3327
f 2039/3354/3236 2040/3447/3327 2035/3356/3238
f 2035/3356/3238 2040/3447/3327 2036/3448/3328
f 2035/3356/3238 2036/3448/3328 2031/3358/3240
f 2031/3358/3240 2036/3448/3328 2032/3449/3329
f 2031/3358/3240 2032/3449/3329 2027/3360/3242
f 2027/3360/3242 2032/3449/3329 2028/3450/3330
f 2027/3360/3242 2028/3450/3330 2023/3362/3244
f 2023/3362/3244 2028/3450/3330 2024/3451/3331
f 2023/3362/3244 2024/3451/3331 2019/3364/3246
f 2019/3364/3246 2024/3451/3331 2020/3452/3332
f 2019/3364/3246 2020/3452/3332 2015/3366/3248
f 2015/3366/3248 2020/3452/3332 2016/3453/3333
f 2015/3366/3248 2016/3453/3333 2011/3368/3250
f 2011/3368/3250 2016/3453/3333 2012/3454/3334
f 2011/3368/3250 2012/3454/3334 2007/3370/3252
f 2007/3370/3252 2012/3454/3334 2008/3455/3335
f 2007/3370/3252 2008/3455/3335 2003/3372/3254
f 2003/3372/3254 2008/3455/3335 2004/3456/3336
f 2003/3372/3254 2004/3456/3336 1999/3374/3256
f 1999/3374/3256 2004/3456/3336 2000/3457/3337
f 1999/3374/3256 2000/3457/3337 1995/3376/3258
f 1995/3376/3258 2000/3457/3337 1996/3458/3338
f 1995/3376/3258 1996/3458/3338 1991/3378/3260
f 1991/3378/3260 1996/3458/3338 1992/3459/3339
f 1991/3378/3260 1992/3459/3339 1987/3380/3262
f 1987/3380/3262 1992/3459/3339 1988/3460/3340
f 1987/3380/3262 1988/3460/3340 1983/3382/3264
f 1983/3382/3264 1988/3460/3340 1984/3461/3341
f 1983/3382/3264 1984/3461/3341 1979/3384/3266
f 1979/3384/3266 1984/3461/3341 1980/3462/3342
f 1979/3384/3266 1980/3462/3342 1975/3386/3268
f 1975/3386/3268 1980/3462/3342 1976/3463/3343
f 1975/3386/3268 1976/3463/3343 1971/3388/3270
f 1971/3388/3270 1976/3463/3343 1972/3464/3344
f 1971/3388/3270 1972/3464/3344 1967/3390/3272
f 1967/3390/3272 1972/3464/3344 1968/3465/3345
f 1967/3390/3272 1968/3465/3345 1963/3392/3274
f 1963/3392/3274 1968/3465/3345 1964/3466/3346
f 1963/3392/3274 1964/3466/3346 1959/3394/3276
f 1959/3394/3276 1964/3466/3346 1960/3467/3347
f 1959/3394/3276 1960/3467/3347 1955/3346/3230
f 1955/3346/3230 1960/3467/3347 1956/3468/3348
f 1955/3346/3230 1956/3468/3348 1951/3348/3232
f 1951/3348/3232 1956/3468/3348 1952/3469/3325
f 1952/3445/3325 1953/3470/3349 2044/3446/3326
f 2044/3446/3326 1953/3470/3349 2045/3471/3350
f 2044/3446/3326 2045/3471/3350 2040/3447/3327
f 2040/3447/3327 2045/3471/3350 2041/3472/3351
f 2040/3447/3327 2041/3472/3351 2036/3448/3328
f 2036/3448/3328 2041/3472/3351 2037/3473/3352
f 2036/3448/3328 2037/3473/3352 2032/3449/3329
f 2032/3449/3329 2037/3473/3352 2033/3474/3353
f 2032/3449/3329 2033/3474/3353 2028/3450/3330
f 2028/3450/3330 2033/3474/3353 2029/3475/3354
f 2028/3450/3330 2029/3475/3354 2024/3451/3331
f 2024/3451/3331 2029/3475/3354 2025/3476/3355
f 2024/3451/3331 2025/3476/3355 2020/3452/3332
f 2020/3452/3332 2025/3476/3355 2021/3477/3356
f 2020/3452/3332 2021/3477/3356 2016/3453/3333
f 2016/3453/3333 2021/3477/3356 2017/3478/3357
f 2016/3453/3333 2017/3478/3357 2012/3454/3334
f 2012/3454/3334 2017/3478/3357 2013/3479/3358
f 2012/3454/3334 2013/3479/3358 2008/3455/3335
f 2008/3455/3335 2013/3479/3358 2009/3480/3359
f 2008/3455/3335 2009/3480/3359 2004/3456/3336
f 2004/3456/3336 2009/3480/3359 2005/3481/3360
f 2004/3456/3336 2005/3481/3360 2000/3457/3337
f 2000/3457/3337 2005/3481/3360 2001/3482/3361
f 2000/3457/3337 2001/3482/3361 1996/3458/3338
f 1996/3458/3338 2001/3482/3361 1997/3483/3362
f 1996/3458/3338 1997/3483/3362 1992/3459/3339
f 1992/3459/3339 1997/3483/3362 1993/3484/3363
f 1992/3459/3339 1993/3484/3363 1988/3460/3340
f 1988/3460/3340 1993/3484/3363 1989/3485/3364
f 1988/3460/3340 1989/3485/3364 1984/3461/3341
f 1984/3461/3341 1989/3485/3364 1985/3486/3365
f 1984/3461/3341 1985/3486/3365 1980/3462/3342
f 1980/3462/3342 1985/3486/3365 1981/3487/3366
f 1980/3462/3342 1981/3487/3366 1976/3463/3343
f 1976/3463/3343 1981/3487/3366 1977/3488/3367
f 1976/3463/3343 1977/3488/3367 1972/3464/3344
f 1972/3464/3344 1977/3488/3367 1973/3489/3368
f 1972/3464/3344 1973/3489/3368 1968/3465/3345
f 1968/3465/3345 1973/3489/3368 1969/3490/3369
f 1968/3465/3345 1969/3490/3369 1964/3466/3346
f 1964/3466/3346 1969/3490/3369 1965/3491/3370
f 1964/3466/3346 1965/3491/3370 1960/3467/3347
f 1960/3467/3347 1965/3491/3370 1961/3492/3371
f 1960/3467/3347 1961/3492/3371 1956/3468/3348
f 1956/3468/3348 1961/3492/3371 1957/3493/3372
f 1956/3468/3348 1957/3493/3372 1952/3469/3325
f 1952/3469/3325 1957/3493/3372 1953/3494/3349
f 1953/3470/3349 1954/3398/3280 2045/3471/3350
f 2045/3471/3350 1954/3398/3280 2046/3396/3278
f 2045/3471/3350 2046/3396/3278 2041/3472/3351
f 2041/3472/3351 2046/3396/3278 2042/3444/3324
f 2041/3472/3351 2042/3444/3324 2037/3473/3352
f 2037/3473/3352 2042/3444/3324 2038/3442/3322
f 2037/3473/3352 2038/3442/3322 2033/3474/3353
f 2033/3474/3353 2038/3442/3322 2034/3440/3320
f 2033/3474/3353 2034/3440/3320 2029/3475/3354
f 2029/3475/3354 2034/3440/3320 2030/3438/3318
f 2029/3475/3354 2030/3438/3318 2025/3476/3355
f 2025/3476/3355 2030/3438/3318 2026/3436/3316
f 2025/3476/3355 2026/3436/3316 2021/3477/3356
f 2021/3477/3356 2026/3436/3316 2022/3434/3314
f 2021/3477/3356 2022/3434/3314 2017/3478/3357
f 2017/3478/3357 2022/3434/3314 2018/3432/3312
f 2017/3478/3357 2018/3432/3312 2013/3479/3358
f 2013/3479/3358 2018/3432/3312 2014/3430/3310
f 2013/3479/3358 2014/3430/3310 2009/3480/3359
f 2009/3480/3359 2014/3430/3310 2010/3428/3308
f 2009/3480/3359 2010/3428/3308 2005/3481/3360
f 2005/3481/3360 2010/3428/3308 2006/3426/3306
f 2005/3481/3360 2006/3426/3306 2001/3482/3361
f 2001/3482/3361 2006/3426/3306 2002/3424/3304
f 2001/3482/3361 2002/3424/3304 1997/3483/3362
f 1997/3483/3362 2002/3424/3304 1998/3422/3302
f 1997/3483/3362 1998/3422/3302 1993/3484/3363
f 1993/3484/3363 1998/3422/3302 1994/3420/3300
f 1993/3484/3363 1994/3420/3300 1989/3485/3364
f 1989/3485/3364 1994/3420/3300 1990/3418/3298
f 1989/3485/3364 1990/3418/3298 1985/3486/3365
f 1985/3486/3365 1990/3418/3298 1986/3416/3296
f 1985/3486/3365 1986/3416/3296 1981/3487/3366
f 1981/3487/3366 1986/3416/3296 1982/3414/3294
f 1981/3487/3366 1982/3414/3294 1977/3488/3367
f 1977/3488/3367 1982/3414/3294 1978/3412/3292
f 1977/3488/3367 1978/3412/3292 1973/3489/3368
f 1973/3489/3368 1978/3412/3292 1974/3410/3290
f 1973/3489/3368 1974/3410/3290 1969/3490/3369
f 1969/3490/3369 1974/3410/3290 1970/3408/3288
f 1969/3490/3369 1970/3408/3288 1965/3491/3370
f 1965/3491/3370 1970/3408/3288 1966/3406/3286
f 1965/3491/3370 1966/3406/3286 1961/3492/3371
f 1961/3492/3371 1966/3406/3286 1962/3404/3284
f 1961/3492/3371 1962/3404/3284 1957/3493/3372
f 1957/3493/3372 1962/3404/3284 1958/3402/3282
f 1957/3493/3372 1958/3402/3282 1953/3494/3349
f 1953/3494/3349 1958/3402/3282 1954/3400/3280
f 2048/3495/3373 2058/3496/3374 2047/3497/3375
f 2047/3497/3375 2058/3496/3374 2059/3498/3376
f 2047/3497/3375 2059/3498/3376 2070/3499/3377
f 2070/3499/3377 2059/3498/3376 2060/3500/3378
f 2070/3499/3377 2060/3500/3378 2069/3501/3379
f 2069/3501/3379 2060/3500/3378 2061/3502/3380
f 2069/3501/3379 2061/3502/3380 2068/3503/3381
f 2068/3503/3381 2061/3502/3380 2062/3504/3382
f 2068/3503/3381 2062/3504/3382 2067/3505/3383
f 2067/3505/3383 2062/3504/3382 2063/3506/3384
f 2067/3505/3383 2063/3506/3384 2066/3507/3385
f 2066/3507/3385 2063/3506/3384 2064/3508/3386
f 2066/3507/3385 2064/3508/3386 2065/3509/3387
f 2058/3496/3374 2048/3495/3373 2057/3510/3388
f 2057/3510/3388 2048/3495/3373 2049/3511/3389
f 2057/3510/3388 2049/3511/3389 2056/3512/3390
f 2056/3512/3390 2049/3511/3389 2050/3513/3391
f 2056/3512/3390 2050/3513/3391 2055/3514/3392
f 2055/3514/3392 2050/3513/3391 2051/3515/3393
f 2055/3514/3392 2051/3515/3393 2054/3516/3394
f 2054/3516/3394 2051/3515/3393 2052/3517/3395
f 2054/3516/3394 2052/3517/3395 2053/3518/3396
f 2072/3519/3397 2099/3520/3398 2071/3521/3399
f 2071/3521/3399 2099/3520/3398 2095/3522/3400
f 2071/3523/3399 2095/3524/3400 2094/3525/3401
f 2094/3525/3401 2095/3524/3400 2187/3526/3402
f 2094/3525/3401 2187/3526/3402 2093/3527/3403
f 2093/3527/3403 2187/3526/3402 2183/3528/3404
f 2093/3527/3403 2183/3528/3404 2092/3529/3405
f 2092/3529/3405 2183/3528/3404 2179/3530/3406
f 2092/3529/3405 2179/3530/3406 2091/3531/3407
f 2091/3531/3407 2179/3530/3406 2175/3532/3408
f 2091/3531/3407 2175/3532/3408 2090/3533/3409
f 2090/3533/3409 2175/3532/3408 2171/3534/3410
f 2090/3533/3409 2171/3534/3410 2089/3535/3411
f 2089/3535/3411 2171/3534/3410 2167/3536/3412
f 2089/3535/3411 2167/3536/3412 2088/3537/3413
f 2088/3537/3413 2167/3536/3412 2163/3538/3414
f 2088/3537/3413 2163/3538/3414 2087/3539/3415
f 2087/3539/3415 2163/3538/3414 2159/3540/3416
f 2087/3539/3415 2159/3540/3416 2086/3541/3417
f 2086/3541/3417 2159/3540/3416 2155/3542/3418
f 2086/3541/3417 2155/3542/3418 2085/3543/3419
f 2085/3543/3419 2155/3542/3418 2151/3544/3420
f 2085/3543/3419 2151/3544/3420 2084/3545/3421
f 2084/3545/3421 2151/3544/3420 2147/3546/3422
f 2084/3545/3421 2147/3546/3422 2083/3547/3423
f 2083/3547/3423 2147/3546/3422 2143/3548/3424
f 2083/3547/3423 2143/3548/3424 2082/3549/3425
f 2082/3549/3425 2143/3548/3424 2139/3550/3426
f 2082/3549/3425 2139/3550/3426 2081/3551/3427
f 2081/3551/3427 2139/3550/3426 2135/3552/3428
f 2081/3551/3427 2135/3552/3428 2080/3553/3429
f 2080/3553/3429 2135/3552/3428 2131/3554/3430
f 2080/3553/3429 2131/3554/3430 2079/3555/3431
f 2079/3555/3431 2131/3554/3430 2127/3556/3432
f 2079/3555/3431 2127/3556/3432 2078/3557/3433
f 2078/3557/3433 2127/3556/3432 2123/3558/3434
f 2078/3557/3433 2123/3558/3434 2077/3559/3435
f 2077/3559/3435 2123/3558/3434 2119/3560/3436
f 2077/3559/3435 2119/3560/3436 2076/3561/3437
f 2076/3561/3437 2119/3560/3436 2115/3562/3438
f 2076/3561/3437 2115/3562/3438 2075/3563/3439
f 2075/3563/3439 2115/3562/3438 2111/3564/3440
f 2075/3563/3439 2111/3564/3440 2074/3565/3441
f 2074/3565/3441 2111/3564/3440 2107/3566/3442
f 2074/3565/3441 2107/3566/3442 2073/3567/3443
f 2073/3567/3443 2107/3566/3442 2103/3568/3444
f 2073/3567/3443 2103/3568/3444 2072/3519/3397
f 2072/3519/3397 2103/3568/3444 2099/3520/3398
f 2070/3569/3445 2190/3570/3446 2047/3571/3447
f 2047/3571/3447 2190/3570/3446 2098/3572/3448
f 2047/3573/3447 2098/3574/3448 2048/3575/3449
f 2048/3575/3449 2098/3574/3448 2102/3576/3450
f 2048/3575/3449 2102/3576/3450 2049/3577/3451
f 2049/3577/3451 2102/3576/3450 2106/3578/3452
f 2049/3577/3451 2106/3578/3452 2050/3579/3453
f 2050/3579/3453 2106/3578/3452 2110/3580/3454
f 2050/3579/3453 2110/3580/3454 2051/3581/3455
f 2051/3581/3455 2110/3580/3454 2114/3582/3456
f 2051/3581/3455 2114/3582/3456 2052/3583/3457
f 2052/3583/3457 2114/3582/3456 2118/3584/3458
f 2052/3583/3457 2118/3584/3458 2053/3585/3459
f 2053/3585/3459 2118/3584/3458 2122/3586/3460
f 2053/3585/3459 2122/3586/3460 2054/3587/3461
f 2054/3587/3461 2122/3586/3460 2126/3588/3462
f 2054/3587/3461 2126/3588/3462 2055/3589/3463
f 2055/3589/3463 2126/3588/3462 2130/3590/3464
f 2055/3589/3463 2130/3590/3464 2056/3591/3465
f 2056/3591/3465 2130/3590/3464 2134/3592/3466
f 2056/3591/3465 2134/3592/3466 2057/3593/3467
f 2057/3593/3467 2134/3592/3466 2138/3594/3468
f 2057/3593/3467 2138/3594/3468 2058/3595/3469
f 2058/3595/3469 2138/3594/3468 2142/3596/3470
f 2058/3595/3469 2142/3596/3470 2059/3597/3471
f 2059/3597/3471 2142/3596/3470 2146/3598/3472
f 2059/3597/3471 2146/3598/3472 2060/3599/3473
f 2060/3599/3473 2146/3598/3472 2150/3600/3474
f 2060/3599/3473 2150/3600/3474 2061/3601/3475
f 2061/3601/3475 2150/3600/3474 2154/3602/3476
f 2061/3601/3475 2154/3602/3476 2062/3603/3477
f 2062/3603/3477 2154/3602/3476 2158/3604/3478
f 2062/3603/3477 2158/3604/3478 2063/3605/3479
f 2063/3605/3479 2158/3604/3478 2162/3606/3480
f 2063/3605/3479 2162/3606/3480 2064/3607/3481
f 2064/3607/3481 2162/3606/3480 2166/3608/3482
f 2064/3607/3481 2166/3608/3482 2065/3609/3483
f 2065/3609/3483 2166/3608/3482 2170/3610/3484
f 2065/3609/3483 2170/3610/3484 2066/3611/3485
f 2066/3611/3485 2170/3610/3484 2174/3612/3486
f 2066/3611/3485 2174/3612/3486 2067/3613/3487
f 2067/3613/3487 2174/3612/3486 2178/3614/3488
f 2067/3613/3487 2178/3614/3488 2068/3615/3489
f 2068/3615/3489 2178/3614/3488 2182/3616/3490
f 2068/3615/3489 2182/3616/3490 2069/3617/3491
f 2069/3617/3491 2182/3616/3490 2186/3618/3492
f 2069/3617/3491 2186/3618/3492 2070/3569/3445
f 2070/3569/3445 2186/3618/3492 2190/3570/3446
f 2095/3524/3400 2096/3619/3493 2187/3526/3402
f 2187/3526/3402 2096/3619/3493 2188/3620/3494
f 2187/3526/3402 2188/3620/3494 2183/3528/3404
f 2183/3528/3404 2188/3620/3494 2184/3621/3495
f 2183/3528/3404 2184/3621/3495 2179/3530/3406
f 2179/3530/3406 2184/3621/3495 2180/3622/3496
f 2179/3530/3406 2180/3622/3496 2175/3532/3408
f 2175/3532/3408 2180/3622/3496 2176/3623/3497
f 2175/3532/3408 2176/3623/3497 2171/3534/3410
f 2171/3534/3410 2176/3623/3497 2172/3624/3498
f 2171/3534/3410 2172/3624/3498 2167/3536/3412
f 2167/3536/3412 2172/3624/3498 2168/3625/3499
f 2167/3536/3412 2168/3625/3499 2163/3538/3414
f 2163/3538/3414 2168/3625/3499 2164/3626/3500
f 2163/3538/3414 2164/3626/3500 2159/3540/3416
f 2159/3540/3416 2164/3626/3500 2160/3627/3501
f 2159/3540/3416 2160/3627/3501 2155/3542/3418
f 2155/3542/3418 2160/3627/3501 2156/3628/3502
f 2155/3542/3418 2156/3628/3502 2151/3544/3420
f 2151/3544/3420 2156/3628/3502 2152/3629/3503
f 2151/3544/3420 2152/3629/3503 2147/3546/3422
f 2147/3546/3422 2152/3629/3503 2148/3630/3504
f 2147/3546/3422 2148/3630/3504 2143/3548/3424
f 2143/3548/3424 2148/3630/3504 2144/3631/3505
f 2143/3548/3424 2144/3631/3505 2139/3550/3426
f 2139/3550/3426 2144/3631/3505 2140/3632/3506
f 2139/3550/3426 2140/3632/3506 2135/3552/3428
f 2135/3552/3428 2140/3632/3506 2136/3633/3507
f 2135/3552/3428 2136/3633/3507 2131/3554/3430
f 2131/3554/3430 2136/3633/3507 2132/3634/3508
f 2131/3554/3430 2132/3634/3508 2127/3556/3432
f 2127/3556/3432 2132/3634/3508 2128/3635/3509
f 2127/3556/3432 2128/3635/3509 2123/3558/3434
f 2123/3558/3434 2128/3635/3509 2124/3636/3510
f 2123/3558/3434 2124/3636/3510 2119/3560/3436
f 2119/3560/3436 2124/3636/3510 2120/3637/3511
f 2119/3560/3436 2120/3637/3511 2115/3562/3438
f 2115/3562/3438 2120/3637/3511 2116/3638/3512
f 2115/3562/3438 2116/3638/3512 2111/3564/3440
f 2111/3564/3440 2116/3638/3512 2112/3639/3513
f 2111/3564/3440 2112/3639/3513 2107/3566/3442
f 2107/3566/3442 2112/3639/3513 2108/3640/3514
f 2107/3566/3442 2108/3640/3514 2103/3568/3444
f 2103/3568/3444 2108/3640/3514 2104/3641/3515
f 2103/3568/3444 2104/3641/3515 2099/3520/3398
f 2099/3520/3398 2104/3641/3515 2100/3642/3516
f 2099/3520/3398 2100/3642/3516 2095/3522/3400
f 2095/3522/3400 2100/3642/3516 2096/3643/3493
f 2096/3619/3493 2097/3644/3517 2188/3620/3494
f 2188/3620/3494 2097/3644/3517 2189/3645/3518
f 2188/3620/3494 2189/3645/3518 2184/3621/3495
f 2184/3621/3495 2189/3645/3518 2185/3646/3519
f 2184/3621/3495 2185/3646/3519 2180/3622/3496
f 2180/3622/3496 2185/3646/3519 2181/3647/3520
f 2180/3622/3496 2181/3647/3520 2176/3623/3497
f 2176/3623/3497 2181/3647/3520 2177/3648/3521
f 2176/3623/3497 2177/3648/3521 2172/3624/3498
f 2172/3624/3498 2177/3648/3521 2173/3649/3522
f 2172/3624/3498 2173/3649/3522 2168/3625/3499
f 2168/3625/3499 2173/3649/3522 2169/3650/3523
f 2168/3625/3499 2169/3650/3523 2164/3626/3500
f 2164/3626/3500 2169/3650/3523 2165/3651/3524
f 2164/3626/3500 2165/3651/3524 2160/3627/3501
f 2160/3627/3501 2165/3651/3524 2161/3652/3525
f 2160/3627/3501 2161/3652/3525 2156/3628/3502
f 2156/3628/3502 2161/3652/3525 2157/3653/3526
f 2156/3628/3502 2157/3653/3526 2152/3629/3503
f 2152/3629/3503 2157/3653/3526 2153/3654/3527
f 2152/3629/3503 2153/3654/3527 2148/3630/3504
f 2148/3630/3504 2153/3654/3527 2149/3655/3528
f 2148/3630/3504 2149/3655/3528 2144/3631/3505
f 2144/3631/3505 2149/3655/3528 2145/3656/3529
f 2144/3631/3505 2145/3656/3529 2140/3632/3506
f 2140/3632/3506 2145/3656/3529 2141/3657/3530
f 2140/3632/3506 2141/3657/3530 2136/3633/3507
f 2136/3633/3507 2141/3657/3530 2137/3658/3531
f 2136/3633/3507 2137/3658/3531 2132/3634/3508
f 2132/3634/3508 2137/3658/3531 2133/3659/3532
f 2132/3634/3508 2133/3659/3532 2128/3635/3509
f 2128/3635/3509 2133/3659/3532 2129/3660/3533
f 2128/3635/3509 2129/3660/3533 2124/3636/3510
f 2124/3636/3510 2129/3660/3533 2125/3661/3534
f 2124/3636/3510 2125/3661/3534 2120/3637/3511
f 2120/3637/3511 2125/3661/3534 2121/3662/3535
f 2120/3637/3511 2121/3662/3535 2116/3638/3512
f 2116/3638/3512 2121/3662/3535 2117/3663/3536
f 2116/3638/3512 2117/3663/3536 2112/3639/3513
f 2112/3639/3513 2117/3663/3536 2113/3664/3537
f 2112/3639/3513 2113/3664/3537 2108/3640/3514
f 2108/3640/3514 2113/3664/3537 2109/3665/3538
f 2108/3640/3514 2109/3665/3538 2104/3641/3515
f 2104/3641/3515 2109/3665/3538 2105/3666/3539
f 2104/3641/3515 2105/3666/3539 2100/3642/3516
f 2100/3642/3516 2105/3666/3539 2101/3667/3540
f 2100/3642/3516 2101/3667/3540 2096/3643/3493
f 2096/3643/3493 2101/3667/3540 2097/3668/3517
f 2097/3644/3517 2098/3572/3448 2189/3645/3518
f 2189/3645/3518 2098/3572/3448 2190/3570/3446
f 2189/3645/3518 2190/3570/3446 2185/3646/3519
f 2185/3646/3519 2190/3570/3446 2186/3618/3492
f 2185/3646/3519 2186/3618/3492 2181/3647/3520
f 2181/3647/3520 2186/3618/3492 2182/3616/3490
f 2181/3647/3520 2182/3616/3490 2177/3648/3521
f 2177/3648/3521 2182/3616/3490 2178/3614/3488
f 2177/3648/3521 2178/3614/3488 2173/3649/3522
f 2173/3649/3522 2178/3614/3488 2174/3612/3486
f 2173/3649/3522 2174/3612/3486 2169/3650/3523
f 2169/3650/3523 2174/3612/3486 2170/3610/3484
f 2169/3650/3523 2170/3610/3484 2165/3651/3524
f 2165/3651/3524 2170/3610/3484 2166/3608/3482
f 2165/3651/3524 2166/3608/3482 2161/3652/3525
f 2161/3652/3525 2166/3608/3482 2162/3606/3480
f 2161/3652/3525 2162/3606/3480 2157/3653/3526
f 2157/3653/3526 2162/3606/3480 2158/3604/3478
f 2157/3653/3526 2158/3604/3478 2153/3654/3527
f 2153/3654/3527 2158/3604/3478 2154/3602/3476
f 2153/3654/3527 2154/3602/3476 2149/3655/3528
f 2149/3655/3528 2154/3602/3476 2150/3600/3474
f 2149/3655/3528 2150/3600/3474 2145/3656/3529
f 2145/3656/3529 2150/3600/3474 2146/3598/3472
f 2145/3656/3529 2146/3598/3472 2141/3657/3530
f 2141/3657/3530 2146/3598/3472 2142/3596/3470
f 2141/3657/3530 2142/3596/3470 2137/3658/3531
f 2137/3658/3531 2142/3596/3470 2138/3594/3468
f 2137/3658/3531 2138/3594/3468 2133/3659/3532
f 2133/3659/3532 2138/3594/3468 2134/3592/3466
f 2133/3659/3532 2134/3592/3466 2129/3660/3533
f 2129/3660/3533 2134/3592/3466 2130/3590/3464
f 2129/3660/3533 2130/3590/3464 2125/3661/3534
f 2125/3661/3534 2130/3590/3464 2126/3588/3462
f 2125/3661/3534 2126/3588/3462 2121/3662/3535
f 2121/3662/3535 2126/3588/3462 2122/3586/3460
f 2121/3662/3535 2122/3586/3460 2117/3663/3536
f 2117/3663/3536 2122/3586/3460 2118/3584/3458
f 2117/3663/3536 2118/3584/3458 2113/3664/3537
f 2113/3664/3537 2118/3584/3458 2114/3582/3456
f 2113/3664/3537 2114/3582/3456 2109/3665/3538
f 2109/3665/3538 2114/3582/3456 2110/3580/3454
f 2109/3665/3538 2110/3580/3454 2105/3666/3539
f 2105/3666/3539 2110/3580/3454 2106/3578/3452
f 2105/3666/3539 2106/3578/3452 2101/3667/3540
f 2101/3667/3540 2106/3578/3452 2102/3576/3450
f 2101/3667/3540 2102/3576/3450 2097/3668/3517
f 2097/3668/3517 2102/3576/3450 2098/3574/3448
f 2192/3669/3541 2202/3670/3542 2191/3671/3543
f 2191/3671/3543 2202/3670/3542 2203/3672/3544
f 2191/3671/3543 2203/3672/3544 2214/3673/3545
f 2214/3673/3545 2203/3672/3544 2204/3674/3546
f 2214/3673/3545 2204/3674/3546 2213/3675/3547
f 2213/3675/3547 2204/3674/3546 2205/3676/3548
f 2213/3675/3547 2205/3676/3548 2212/3677/3549
f 2212/3677/3549 2205/3676/3548 2206/3678/3550
f 2212/3677/3549 2206/3678/3550 2211/3679/3551
f 2211/3679/3551 2206/3678/3550 2207/3680/3552
f 2211/3679/3551 2207/3680/3552 2210/3681/3553
f 2210/3681/3553 2207/3680/3552 2208/3682/3554
f 2210/3681/3553 2208/3682/3554 2209/3683/3555
f 2202/3670/3542 2192/3669/3541 2201/3684/3556
f 2201/3684/3556 2192/3669/3541 2193/3685/3557
f 2201/3684/3556 2193/3685/3557 2200/3686/3558
f 2200/3686/3558 2193/3685/3557 2194/3687/3559
f 2200/3686/3558 2194/3687/3559 2199/3688/3560
f 2199/3688/3560 2194/3687/3559 2195/3689/3561
f 2199/3688/3560 2195/3689/3561 2198/3690/3562
f 2198/3690/3562 2195/3689/3561 2196/3691/3563
f 2198/3690/3562 2196/3691/3563 2197/3692/3564
f 2216/3693/3565 2243/3694/3566 2215/3695/3567
f 2215/3695/3567 2243/3694/3566 2239/3696/3568
f 2215/3697/3567 2239/3698/3568 2238/3699/3569
f 2238/3699/3569 2239/3698/3568 2331/3700/3570
f 2238/3699/3569 2331/3700/3570 2237/3701/3571
f 2237/3701/3571 2331/3700/3570 2327/3702/3572
f 2237/3701/3571 2327/3702/3572 2236/3703/3573
f 2236/3703/3573 2327/3702/3572 2323/3704/3574
f 2236/3703/3573 2323/3704/3574 2235/3705/3575
f 2235/3705/3575 2323/3704/3574 2319/3706/3576
f 2235/3705/3575 2319/3706/3576 2234/3707/3577
f 2234/3707/3577 2319/3706/3576 2315/3708/3578
f 2234/3707/3577 2315/3708/3578 2233/3709/3579
f 2233/3709/3579 2315/3708/3578 2311/3710/3580
f 2233/3709/3579 2311/3710/3580 2232/3711/3581
f 2232/3711/3581 2311/3710/3580 2307/3712/3582
f 2232/3711/3581 2307/3712/3582 2231/3713/3583
f 2231/3713/3583 2307/3712/3582 2303/3714/3584
f 2231/3713/3583 2303/3714/3584 2230/3715/3585
f 2230/3715/3585 2303/3714/3584 2299/3716/3586
f 2230/3715/3585 2299/3716/3586 2229/3717/3587
f 2229/3717/3587 2299/3716/3586 2295/3718/3588
f 2229/3717/3587 2295/3718/3588 2228/3719/3589
f 2228/3719/3589 2295/3718/3588 2291/3720/3590
f 2228/3719/3589 2291/3720/3590 2227/3721/3591
f 2227/3721/3591 2291/3720/3590 2287/3722/3592
f 2227/3721/3591 2287/3722/3592 2226/3723/3593
f 2226/3723/3593 2287/3722/3592 2283/3724/3594
f 2226/3723/3593 2283/3724/3594 2225/3725/3595
f 2225/3725/3595 2283/3724/3594 2279/3726/3596
f 2225/3725/3595 2279/3726/3596 2224/3727/3597
f 2224/3727/3597 2279/3726/3596 2275/3728/3598
f 2224/3727/3597 2275/3728/3598 2223/3729/3599
f 2223/3729/3599 2275/3728/3598 2271/3730/3600
f 2223/3729/3599 2271/3730/3600 2222/3731/3601
f 2222/3731/3601 2271/3730/3600 2267/3732/3602
f 2222/3731/3601 2267/3732/3602 2221/3733/3603
f 2221/3733/3603 2267/3732/3602 2263/3734/3604
f 2221/3733/3603 2263/3734/3604 2220/3735/3605
f 2220/3735/3605 2263/3734/3604 2259/3736/3606
f 2220/3735/3605 2259/3736/3606 2219/3737/3607
f 2219/3737/3607 2259/3736/3606 2255/3738/3608
f 2219/3737/3607 2255/3738/3608 2218/3739/3609
f 2218/3739/3609 2255/3738/3608 2251/3740/3610
f 2218/3739/3609 2251/3740/3610 2217/3741/3611
f 2217/3741/3611 2251/3740/3610 2247/3742/3612
f 2217/3741/3611 2247/3742/3612 2216/3693/3565
f 2216/3693/3565 2247/3742/3612 2243/3694/3566
f 2214/3743/3613 2334/3744/3614 2191/3745/3615
f 2191/3745/3615 2334/3744/3614 2242/3746/3616
f 2191/3747/3615 2242/3748/3616 2192/3749/3617
f 2192/3749/3617 2242/3748/3616 2246/3750/3618
f 2192/3749/3617 2246/3750/3618 2193/3751/3619
f 2193/3751/3619 2246/3750/3618 2250/3752/3620
f 2193/3751/3619 2250/3752/3620 2194/3753/3621
f 2194/3753/3621 2250/3752/3620 2254/3754/3622
f 2194/3753/3621 2254/3754/3622 2195/3755/3623
f 2195/3755/3623 2254/3754/3622 2258/3756/3624
f 2195/3755/3623 2258/3756/3624 2196/3757/3625
f 2196/3757/3625 2258/3756/3624 2262/3758/3626
f 2196/3757/3625 2262/3758/3626 2197/3759/3627
f 2197/3759/3627 2262/3758/3626 2266/3760/3628
f 2197/3759/3627 2266/3760/3628 2198/3761/3629
f 2198/3761/3629 2266/3760/3628 2270/3762/3630
f 2198/3761/3629 2270/3762/3630 2199/3763/3631
f 2199/3763/3631 2270/3762/3630 2274/3764/3632
f 2199/3763/3631 2274/3764/3632 2200/3765/3633
f 2200/3765/3633 2274/3764/3632 2278/3766/3634
f 2200/3765/3633 2278/3766/3634 2201/3767/3635
f 2201/3767/3635 2278/3766/3634 2282/3768/3636
f 2201/3767/3635 2282/3768/3636 2202/3769/3637
f 2202/3769/3637 2282/3768/3636 2286/3770/3638
f 2202/3769/3637 2286/3770/3638 2203/3771/3639
f 2203/3771/3639 2286/3770/3638 2290/3772/3640
f 2203/3771/3639 2290/3772/3640 2204/3773/3641
f 2204/3773/3641 2290/3772/3640 2294/3774/3642
f 2204/3773/3641 2294/3774/3642 2205/3775/3643
f 2205/3775/3643 2294/3774/3642 2298/3776/3644
f 2205/3775/3643 2298/3776/3644 2206/3777/3645
f 2206/3777/3645 2298/3776/3644 2302/3778/3646
f 2206/3777/3645 2302/3778/3646 2207/3779/3647
f 2207/3779/3647 2302/3778/3646 2306/3780/3648
f 2207/3779/3647 2306/3780/3648 2208/3781/3649
f 2208/3781/3649 2306/3780/3648 2310/3782/3650
f 2208/3781/3649 2310/3782/3650 2209/3783/3651
f 2209/3783/3651 2310/3782/3650 2314/3784/3652
f 2209/3783/3651 2314/3784/3652 2210/3785/3653
f 2210/3785/3653 2314/3784/3652 2318/3786/3654
f 2210/3785/3653 2318/3786/3654 2211/3787/3655
f 2211/3787/3655 2318/3786/3654 2322/3788/3656
f 2211/3787/3655 2322/3788/3656 2212/3789/3657
f 2212/3789/3657 2322/3788/3656 2326/3790/3658
f 2212/3789/3657 2326/3790/3658 2213/3791/3659
f 2213/3791/3659 2326/3790/3658 2330/3792/3660
f 2213/3791/3659 2330/3792/3660 2214/3743/3613
f 2214/3743/3613 2330/3792/3660 2334/3744/3614
f 2239/3698/3568 2240/3793/3661 2331/3700/3570
f 2331/3700/3570 2240/3793/3661 2332/3794/3662
f 2331/3700/3570 2332/3794/3662 2327/3702/3572
f 2327/3702/3572 2332/3794/3662 2328/3795/3663
f 2327/3702/3572 2328/3795/3663 2323/3704/3574
f 2323/3704/3574 2328/3795/3663 2324/3796/3664
f 2323/3704/3574 2324/3796/3664 2319/3706/3576
f 2319/3706/3576 2324/3796/3664 2320/3797/3665
f 2319/3706/3576 2320/3797/3665 2315/3708/3578
f 2315/3708/3578 2320/3797/3665 2316/3798/3666
f 2315/3708/3578 2316/3798/3666 2311/3710/3580
f 2311/3710/3580 2316/3798/3666 2312/3799/3667
f 2311/3710/3580 2312/3799/3667 2307/3712/3582
f 2307/3712/3582 2312/3799/3667 2308/3800/3668
f 2307/3712/3582 2308/3800/3668 2303/3714/3584
f 2303/3714/3584 2308/3800/3668 2304/3801/3669
f 2303/3714/3584 2304/3801/3669 2299/3716/3586
f 2299/3716/3586 2304/3801/3669 2300/3802/3670
f 2299/3716/3586 2300/3802/3670 2295/3718/3588
f 2295/3718/3588 2300/3802/3670 2296/3803/3671
f 2295/3718/3588 2296/3803/3671 2291/3720/3590
f 2291/3720/3590 2296/3803/3671 2292/3804/3672
f 2291/3720/3590 2292/3804/3672 2287/3722/3592
f 2287/3722/3592 2292/3804/3672 2288/3805/3673
f 2287/3722/3592 2288/3805/3673 2283/3724/3594
f 2283/3724/3594 2288/3805/3673 2284/3806/3674
f 2283/3724/3594 2284/3806/3674 2279/3726/3596
f 2279/3726/3596 2284/3806/3674 2280/3807/3675
f 2279/3726/3596 2280/3807/3675 2275/3728/3598
f 2275/3728/3598 2280/3807/3675 2276/3808/3676
f 2275/3728/3598 2276/3808/3676 2271/3730/3600
f 2271/3730/3600 2276/3808/3676 2272/3809/3677
f 2271/3730/3600 2272/3809/3677 2267/3732/3602
f 2267/3732/3602 2272/3809/3677 2268/3810/3678
f 2267/3732/3602 2268/3810/3678 2263/3734/3604
f 2263/3734/3604 2268/3810/3678 2264/3811/3679
f 2263/3734/3604 2264/3811/3679 2259/3736/3606
f 2259/3736/3606 2264/3811/3679 2260/3812/3680
f 2259/3736/3606 2260/3812/3680 2255/3738/3608
f 2255/3738/3608 2260/3812/3680 2256/3813/3681
f 2255/3738/3608 2256/3813/3681 2251/3740/3610
f 2251/3740/3610 2256/3813/3681 2252/3814/3682
f 2251/3740/3610 2252/3814/3682 2247/3742/3612
f 2247/3742/3612 2252/3814/3682 2248/3815/3683
f 2247/3742/3612 2248/3815/3683 2243/3694/3566
f 2243/3694/3566 2248/3815/3683 2244/3816/3684
f 2243/3694/3566 2244/3816/3684 2239/3696/3568
f 2239/3696/3568 2244/3816/3684 2240/3817/3661
f 2240/3793/3661 2241/3818/3685 2332/3794/3662
f 2332/3794/3662 2241/3818/3685 2333/3819/3686
f 2332/3794/3662 2333/3819/3686 2328/3795/3663
f 2328/3795/3663 2333/3819/3686 2329/3820/3687
f 2328/3795/3663 2329/3820/3687 2324/3796/3664
f 2324/3796/3664 2329/3820/3687 2325/3821/3688
f 2324/3796/3664 2325/3821/3688 2320/3797/3665
f 2320/3797/3665 2325/3821/3688 2321/3822/3689
f 2320/3797/3665 2321/3822/3689 2316/3798/3666
f 2316/3798/3666 2321/3822/3689 2317/3823/3690
f 2316/3798/3666 2317/3823/3690 2312/3799/3667
f 2312/3799/3667 2317/3823/3690 2313/3824/3691
f 2312/3799/3667 2313/3824/3691 2308/3800/3668
f 2308/3800/3668 2313/3824/3691 2309/3825/3692
f 2308/3800/3668 2309/3825/3692 2304/3801/3669
f 2304/3801/3669 2309/3825/3692 2305/3826/3693
f 2304/3801/3669 2305/3826/3693 2300/3802/3670
f 2300/3802/3670 2305/3826/3693 2301/3827/3694
f 2300/3802/3670 2301/3827/3694 2296/3803/3671
f 2296/3803/3671 2301/3827/3694 2297/3828/3695
f 2296/3803/3671 2297/3828/3695 2292/3804/3672
f 2292/3804/3672 2297/3828/3695 2293/3829/3696
f 2292/3804/3672 2293/3829/3696 2288/3805/3673
f 2288/3805/3673 2293/3829/3696 2289/3830/3697
f 2288/3805/3673 2289/3830/3697 2284/3806/3674
f 2284/3806/3674 2289/3830/3697 2285/3831/3698
f 2284/3806/3674 2285/3831/3698 2280/3807/3675
f 2280/3807/3675 2285/3831/3698 2281/3832/3699
f 2280/3807/3675 2281/3832/3699 2276/3808/3676
f 2276/3808/3676 2281/3832/3699 2277/3833/3700
f 2276/3808/3676 2277/3833/3700 2272/3809/3677
f 2272/3809/3677 2277/3833/3700 2273/3834/3701
f 2272/3809/3677 2273/3834/3701 2268/3810/3678
f 2268/3810/3678 2273/3834/3701 2269/3835/3702
f 2268/3810/3678 2269/3835/3702 2264/3811/3679
f 2264/3811/3679 2269/3835/3702 2265/3836/3703
f 2264/3811/3679 2265/3836/3703 2260/3812/3680
f 2260/3812/3680 2265/3836/3703 2261/3837/3704
f 2260/3812/3680 2261/3837/3704 2256/3813/3681
f 2256/3813/3681 2261/3837/3704 2257/3838/3705
f 2256/3813/3681 2257/3838/3705 2252/3814/3682
f 2252/3814/3682 2257/3838/3705 2253/3839/3706
f 2252/3814/3682 2253/3839/3706 2248/3815/3683
f 2248/3815/3683 2253/3839/3706 2249/3840/3707
f 2248/3815/3683 2249/3840/3707 2244/3816/3684
f 2244/3816/3684 2249/3840/3707 2245/3841/3708
f 2244/3816/3684 2245/3841/3708 2240/3817/3661
f 2240/3817/3661 2245/3841/3708 2241/3842/3685
f 2241/3818/3685 2242/3746/3616 2333/3819/3686
f 2333/3819/3686 2242/3746/3616 2334/3744/3614
f 2333/3819/3686 2334/3744/3614 2329/3820/3687
f 2329/3820/3687 2334/3744/3614 2330/3792/3660
f 2329/3820/3687 2330/3792/3660 2325/3821/3688
f 2325/3821/3688 2330/3792/3660 2326/3790/3658
f 2325/3821/3688 2326/3790/3658 2321/3822/3689
f 2321/3822/3689 2326/3790/3658 2322/3788/3656
f 2321/3822/3689 2322/3788/3656 2317/3823/3690
f 2317/3823/3690 2322/3788/3656 2318/3786/3654
f 2317/3823/3690 2318/3786/3654 2313/3824/3691
f 2313/3824/3691 2318/3786/3654 2314/3784/3652
f 2313/3824/3691 2314/3784/3652 2309/3825/3692
f 2309/3825/3692 2314/3784/3652 2310/3782/3650
f 2309/3825/3692 2310/3782/3650 2305/3826/3693
f 2305/3826/3693 2310/3782/3650 2306/3780/3648
f 2305/3826/3693 2306/3780/3648 2301/3827/3694
f 2301/3827/3694 2306/3780/3648 2302/3778/3646
f 2301/3827/3694 2302/3778/3646 2297/3828/3695
f 2297/3828/3695 2302/3778/3646 2298/3776/3644
f 2297/3828/3695 2298/3776/3644 2293/3829/3696
f 2293/3829/3696 2298/3776/3644 2294/3774/3642
f 2293/3829/3696 2294/3774/3642 2289/3830/3697
f 2289/3830/3697 2294/3774/3642 2290/3772/3640
f 2289/3830/3697 2290/3772/3640 2285/3831/3698
f 2285/3831/3698 2290/3772/3640 2286/3770/3638
f 2285/3831/3698 2286/3770/3638 2281/3832/3699
f 2281/3832/3699 2286/3770/3638 2282/3768/3636
f 2281/3832/3699 2282/3768/3636 2277/3833/3700
f 2277/3833/3700 2282/3768/3636 2278/3766/3634
f 2277/3833/3700 2278/3766/3634 2273/3834/3701
f 2273/3834/3701 2278/3766/3634 2274/3764/3632
f 2273/3834/3701 2274/3764/3632 2269/3835/3702
f 2269/3835/3702 2274/3764/3632 2270/3762/3630
f 2269/3835/3702 2270/3762/3630 2265/3836/3703
f 2265/3836/3703 2270/3762/3630 2266/3760/3628
f 2265/3836/3703 2266/3760/3628 2261/3837/3704
f 2261/3837/3704 2266/3760/3628 2262/3758/3626
f 2261/3837/3704 2262/3758/3626 2257/3838/3705
f 2257/3838/3705 2262/3758/3626 2258/3756/3624
f 2257/3838/3705 2258/3756/3624 2253/3839/3706
f 2253/3839/3706 2258/3756/3624 2254/3754/3622
f 2253/3839/3706 2254/3754/3622 2249/3840/3707
f 2249/3840/3707 2254/3754/3622 2250/3752/3620
f 2249/3840/3707 2250/3752/3620 2245/3841/3708
f 2245/3841/3708 2250/3752/3620 2246/3750/3618
f 2245/3841/3708 2246/3750/3618 2241/3842/3685
f 2241/3842/3685 2246/3750/3618 2242/3748/3616
f 2336/3843/3709 2346/3844/3710 2335/3845/3711
f 2335/3845/3711 2346/3844/3710 2347/3846/3712
f 2335/3845/3711 2347/3846/3712 2358/3847/3713
f 2358/3847/3713 2347/3846/3712 2348/3848/3714
f 2358/3847/3713 2348/3848/3714 2357/3849/3715
f 2357/3849/3715 2348/3848/3714 2349/3850/3716
f 2357/3849/3715 2349/3850/3716 2356/3851/3717
f 2356/3851/3717 2349/3850/3716 2350/3852/3718
f 2356/3851/3717 2350/3852/3718 2355/3853/3719
f 2355/3853/3719 2350/3852/3718 2351/3854/3720
f 2355/3853/3719 2351/3854/3720 2354/3855/3721
f 2354/3855/3721 2351/3854/3720 2352/3856/3722
f 2354/3855/3721 2352/3856/3722 2353/3857/3723
f 2346/3844/3710 2336/3843/3709 2345/3858/3724
f 2345/3858/3724 2336/3843/3709 2337/3859/3725
f 2345/3858/3724 2337/3859/3725 2344/3860/3726
f 2344/3860/3726 2337/3859/3725 2338/3861/3727
f 2344/3860/3726 2338/3861/3727 2343/3862/3728
f 2343/3862/3728 2338/3861/3727 2339/3863/3729
f 2343/3862/3728 2339/3863/3729 2342/3864/3730
f 2342/3864/3730 2339/3863/3729 2340/3865/3731
f 2342/3864/3730 2340/3865/3731 2341/3866/3732
f 2360/3867/3733 2387/3868/3734 2359/3869/3735
f 2359/3869/3735 2387/3868/3734 2383/3870/3736
f 2359/3871/3735 2383/3872/3736 2382/3873/3737
f 2382/3873/3737 2383/3872/3736 2475/3874/3738
f 2382/3873/3737 2475/3874/3738 2381/3875/3739
f 2381/3875/3739 2475/3874/3738 2471/3876/3740
f 2381/3875/3739 2471/3876/3740 2380/3877/3741
f 2380/3877/3741 2471/3876/3740 2467/3878/3742
f 2380/3877/3741 2467/3878/3742 2379/3879/3743
f 2379/3879/3743 2467/3878/3742 2463/3880/3744
f 2379/3879/3743 2463/3880/3744 2378/3881/3745
f 2378/3881/3745 2463/3880/3744 2459/3882/3746
f 2378/3881/3745 2459/3882/3746 2377/3883/3747
f 2377/3883/3747 2459/3882/3746 2455/3884/3748
f 2377/3883/3747 2455/3884/3748 2376/3885/3749
f 2376/3885/3749 2455/3884/3748 2451/3886/3750
f 2376/3885/3749 2451/3886/3750 2375/3887/3751
f 2375/3887/3751 2451/3886/3750 2447/3888/3752
f 2375/3887/3751 2447/3888/3752 2374/3889/3753
f 2374/3889/3753 2447/3888/3752 2443/3890/3754
f 2374/3889/3753 2443/3890/3754 2373/3891/3755
f 2373/3891/3755 2443/3890/3754 2439/3892/3756
f 2373/3891/3755 2439/3892/3756 2372/3893/3757
f 2372/3893/3757 2439/3892/3756 2435/3894/3758
f 2372/3893/3757 2435/3894/3758 2371/3895/3759
f 2371/3895/3759 2435/3894/3758 2431/3896/3760
f 2371/3895/3759 2431/3896/3760 2370/3897/3761
f 2370/3897/3761 2431/3896/3760 2427/3898/3762
f 2370/3897/3761 2427/3898/3762 2369/3899/3763
f 2369/3899/3763 2427/3898/3762 2423/3900/3764
f 2369/3899/3763 2423/3900/3764 2368/3901/3765
f 2368/3901/3765 2423/3900/3764 2419/3902/3766
f 2368/3901/3765 2419/3902/3766 2367/3903/3767
f 2367/3903/3767 2419/3902/3766 2415/3904/3768
f 2367/3903/3767 2415/3904/3768 2366/3905/3769
f 2366/3905/3769 2415/3904/3768 2411/3906/3770
f 2366/3905/3769 2411/3906/3770 2365/3907/3771
f 2365/3907/3771 2411/3906/3770 2407/3908/3772
f 2365/3907/3771 2407/3908/3772 2364/3909/3773
f 2364/3909/3773 2407/3908/3772 2403/3910/3774
f 2364/3909/3773 2403/3910/3774 2363/3911/3775
f 2363/3911/3775 2403/3910/3774 2399/3912/3776
f 2363/3911/3775 2399/3912/3776 2362/3913/3777
f 2362/3913/3777 2399/3912/3776 2395/3914/3778
f 2362/3913/3777 2395/3914/3778 2361/3915/3779
f 2361/3915/3779 2395/3914/3778 2391/3916/3780
f 2361/3915/3779 2391/3916/3780 2360/3867/3733
f 2360/3867/3733 2391/3916/3780 2387/3868/3734
f 2358/3917/3781 2478/3918/3782 2335/3919/3783
f 2335/3919/3783 2478/3918/3782 2386/3920/3784
f 2335/3921/3783 2386/3922/3784 2336/3923/3785
f 2336/3923/3785 2386/3922/3784 2390/3924/3786
f 2336/3923/3785 2390/3924/3786 2337/3925/3787
f 2337/3925/3787 2390/3924/3786 2394/3926/3788
f 2337/3925/3787 2394/3926/3788 2338/3927/3789
f 2338/3927/3789 2394/3926/3788 2398/3928/3790
f 2338/3927/3789 2398/3928/3790 2339/3929/3791
f 2339/3929/3791 2398/3928/3790 2402/3930/3792
f 2339/3929/3791 2402/3930/3792 2340/3931/3793
f 2340/3931/3793 2402/3930/3792 2406/3932/3794
f 2340/3931/3793 2406/3932/3794 2341/3933/3795
f 2341/3933/3795 2406/3932/3794 2410/3934/3796
f 2341/3933/3795 2410/3934/3796 2342/3935/3797
f 2342/3935/3797 2410/3934/3796 2414/3936/3798
f 2342/3935/3797 2414/3936/3798 2343/3937/3799
f 2343/3937/3799 2414/3936/3798 2418/3938/3800
f 2343/3937/3799 2418/3938/3800 2344/3939/3801
f 2344/3939/3801 2418/3938/3800 2422/3940/3802
f 2344/3939/3801 2422/3940/3802 2345/3941/3803
f 2345/3941/3803 2422/3940/3802 2426/3942/3804
f 2345/3941/3803 2426/3942/3804 2346/3943/3805
f 2346/3943/3805 2426/3942/3804 2430/3944/3806
f 2346/3943/3805 2430/3944/3806 2347/3945/3807
f 2347/3945/3807 2430/3944/3806 2434/3946/3808
f 2347/3945/3807 2434/3946/3808 2348/3947/3809
f 2348/3947/3809 2434/3946/3808 2438/3948/3810
f 2348/3947/3809 2438/3948/3810 2349/3949/3811
f 2349/3949/3811 2438/3948/3810 2442/3950/3812
f 2349/3949/3811 2442/3950/3812 2350/3951/3813
f 2350/3951/3813 2442/3950/3812 2446/3952/3814
f 2350/3951/3813 2446/3952/3814 2351/3953/3815
f 2351/3953/3815 2446/3952/3814 2450/3954/3816
f 2351/3953/3815 2450/3954/3816 2352/3955/3817
f 2352/3955/3817 2450/3954/3816 2454/3956/3818
f 2352/3955/3817 2454/3956/3818 2353/3957/3819
f 2353/3957/3819 2454/3956/3818 2458/3958/3820
f 2353/3957/3819 2458/3958/3820 2354/3959/3821
f 2354/3959/3821 2458/3958/3820 2462/3960/3822
f 2354/3959/3821 2462/3960/3822 2355/3961/3823
f 2355/3961/3823 2462/3960/3822 2466/3962/3824
f 2355/3961/3823 2466/3962/3824 2356/3963/3825
f 2356/3963/3825 2466/3962/3824 2470/3964/3826
f 2356/3963/3825 2470/3964/3826 2357/3965/3827
f 2357/3965/3827 2470/3964/3826 2474/3966/3828
f 2357/3965/3827 2474/3966/3828 2358/3917/3781
f 2358/3917/3781 2474/3966/3828 2478/3918/3782
f 2383/3872/3736 2384/3967/3829 2475/3874/3738
f 2475/3874/3738 2384/3967/3829 2476/3968/3830
f 2475/3874/3738 2476/3968/3830 2471/3876/3740
f 2471/3876/3740 2476/3968/3830 2472/3969/3831
f 2471/3876/3740 2472/3969/3831 2467/3878/3742
f 2467/3878/3742 2472/3969/3831 2468/3970/3832
f 2467/3878/3742 2468/3970/3832 2463/3880/3744
f 2463/3880/3744 2468/3970/3832 2464/3971/3833
f 2463/3880/3744 2464/3971/3833 2459/3882/3746
f 2459/3882/3746 2464/3971/3833 2460/3972/3834
f 2459/3882/3746 2460/3972/3834 2455/3884/3748
f 2455/3884/3748 2460/3972/3834 2456/3973/3835
f 2455/3884/3748 2456/3973/3835 2451/3886/3750
f 2451/3886/3750 2456/3973/3835 2452/3974/3836
f 2451/3886/3750 2452/3974/3836 2447/3888/3752
f 2447/3888/3752 2452/3974/3836 2448/3975/3837
f 2447/3888/3752 2448/3975/3837 2443/3890/3754
f 2443/3890/3754 2448/3975/3837 2444/3976/3838
f 2443/3890/3754 2444/3976/3838 2439/3892/3756
f 2439/3892/3756 2444/3976/3838 2440/3977/3839
f 2439/3892/3756 2440/3977/3839 2435/3894/3758
f 2435/3894/3758 2440/3977/3839 2436/3978/3840
f 2435/3894/3758 2436/3978/3840 2431/3896/3760
f 2431/3896/3760 2436/3978/3840 2432/3979/3841
f 2431/3896/3760 2432/3979/3841 2427/3898/3762
f 2427/3898/3762 2432/3979/3841 2428/3980/3842
f 2427/3898/3762 2428/3980/3842 2423/3900/3764
f 2423/3900/3764 2428/3980/3842 2424/3981/3843
f 2423/3900/3764 2424/3981/3843 2419/3902/3766
f 2419/3902/3766 2424/3981/3843 2420/3982/3844
f 2419/3902/3766 2420/3982/3844 2415/3904/3768
f 2415/3904/3768 2420/3982/3844 2416/3983/3845
f 2415/3904/3768 2416/3983/3845 2411/3906/3770
f 2411/3906/3770 2416/3983/3845 2412/3984/3846
f 2411/3906/3770 2412/3984/3846 2407/3908/3772
f 2407/3908/3772 2412/3984/3846 2408/3985/3847
f 2407/3908/3772 2408/3985/3847 2403/3910/3774
f 2403/3910/3774 2408/3985/3847 2404/3986/3848
f 2403/3910/3774 2404/3986/3848 2399/3912/3776
f 2399/3912/3776 2404/3986/3848 2400/3987/3849
f 2399/3912/3776 2400/3987/3849 2395/3914/3778
f 2395/3914/3778 2400/3987/3849 2396/3988/3850
f 2395/3914/3778 2396/3988/3850 2391/3916/3780
f 2391/3916/3780 2396/3988/3850 2392/3989/3851
f 2391/3916/3780 2392/3989/3851 2387/3868/3734
f 2387/3868/3734 2392/3989/3851 2388/3990/3852
f 2387/3868/3734 2388/3990/3852 2383/3870/3736
f 2383/3870/3736 2388/3990/3852 2384/3991/3829
f 2384/3967/3829 2385/3992/3853 2476/3968/3830
f 2476/3968/3830 2385/3992/3853 2477/3993/3854
f 2476/3968/3830 2477/3993/3854 2472/3969/3831
f 2472/3969/3831 2477/3993/3854 2473/3994/3855
f 2472/3969/3831 2473/3994/3855 2468/3970/3832
f 2468/3970/3832 2473/3994/3855 2469/3995/3856
f 2468/3970/3832 2469/3995/3856 2464/3971/3833
f 2464/3971/3833 2469/3995/3856 2465/3996/3857
f 2464/3971/3833 2465/3996/3857 2460/3972/3834
f 2460/3972/3834 2465/3996/3857 2461/3997/3858
f 2460/3972/3834 2461/3997/3858 2456/3973/3835
f 2456/3973/3835 2461/3997/3858 2457/3998/3859
f 2456/3973/3835 2457/3998/3859 2452/3974/3836
f 2452/3974/3836 2457/3998/3859 2453/3999/3860
f 2452/3974/3836 2453/3999/3860 2448/3975/3837
f 2448/3975/3837 2453/3999/3860 2449/4000/3861
f 2448/3975/3837 2449/4000/3861 2444/3976/3838
f 2444/3976/3838 2449/4000/3861 2445/4001/3862
f 2444/3976/3838 2445/4001/3862 2440/3977/3839
f 2440/3977/3839 2445/4001/3862 2441/4002/3863
f 2440/3977/3839 2441/4002/3863 2436/3978/3840
f 2436/3978/3840 2441/4002/3863 2437/4003/3864
f 2436/3978/3840 2437/4003/3864 2432/3979/3841
f 2432/3979/3841 2437/4003/3864 2433/4004/3865
f 2432/3979/3841 2433/4004/3865 2428/3980/3842
f 2428/3980/3842 2433/4004/3865 2429/4005/3866
f 2428/3980/3842 2429/4005/3866 2424/3981/3843
f 2424/3981/3843 2429/4005/3866 2425/4006/3867
f 2424/3981/3843 2425/4006/3867 2420/3982/3844
f 2420/3982/3844 2425/4006/3867 2421/4007/3868
f 2420/3982/3844 2421/4007/3868 2416/3983/3845
f 2416/3983/3845 2421/4007/3868 2417/4008/3869
f 2416/3983/3845 2417/4008/3869 2412/3984/3846
f 2412/3984/3846 2417/4008/3869 2413/4009/3870
f 2412/3984/3846 2413/4009/3870 2408/3985/3847
f 2408/3985/3847 2413/4009/3870 2409/4010/3871
f 2408/3985/3847 2409/4010/3871 2404/3986/3848
f 2404/3986/3848 2409/4010/3871 2405/4011/3872
f 2404/3986/3848 2405/4011/3872 2400/3987/3849
f 2400/3987/3849 2405/4011/3872 2401/4012/3873
f 2400/3987/3849 2401/4012/3873 2396/3988/3850
f 2396/3988/3850 2401/4012/3873 2397/4013/3874
f 2396/3988/3850 2397/4013/3874 2392/3989/3851
f 2392/3989/3851 2397/4013/3874 2393/4014/3875
f 2392/3989/3851 2393/4014/3875 2388/3990/3852
f 2388/3990/3852 2393/4014/3875 2389/4015/3876
f 2388/3990/3852 2389/4015/3876 2384/3991/3829
f 2384/3991/3829 2389/4015/3876 2385/4016/3853
f 2385/3992/3853 2386/3920/3784 2477/3993/3854
f 2477/3993/3854 2386/3920/3784 2478/3918/3782
f 2477/3993/3854 2478/3918/3782 2473/3994/3855
f 2473/3994/3855 2478/3918/3782 2474/3966/3828
f 2473/3994/3855 2474/3966/3828 2469/3995/3856
f 2469/3995/3856 2474/3966/3828 2470/3964/3826
f 2469/3995/3856 2470/3964/3826 2465/3996/3857
f 2465/3996/3857 2470/3964/3826 2466/3962/3824
f 2465/3996/3857 2466/3962/3824 2461/3997/3858
f 2461/3997/3858 2466/3962/3824 2462/3960/3822
f 2461/3997/3858 2462/3960/3822 2457/3998/3859
f 2457/3998/3859 2462/3960/3822 2458/3958/3820
f 2457/3998/3859 2458/3958/3820 2453/3999/3860
f 2453/3999/3860 2458/3958/3820 2454/3956/3818
f 2453/3999/3860 2454/3956/3818 2449/4000/3861
f 2449/4000/3861 2454/3956/3818 2450/3954/3816
f 2449/4000/3861 2450/3954/3816 2445/4001/3862
f 2445/4001/3862 2450/3954/3816 2446/3952/3814
f 2445/4001/3862 2446/3952/3814 2441/4002/3863
f 2441/4002/3863 2446/3952/3814 2442/3950/3812
f 2441/4002/3863 2442/3950/3812 2437/4003/3864
f 2437/4003/3864 2442/3950/3812 2438/3948/3810
f 2437/4003/3864 2438/3948/3810 2433/4004/3865
f 2433/4004/3865 2438/3948/3810 2434/3946/3808
f 2433/4004/3865 2434/3946/3808 2429/4005/3866
f 2429/4005/3866 2434/3946/3808 2430/3944/3806
f 2429/4005/3866 2430/3944/3806 2425/4006/3867
f 2425/4006/3867 2430/3944/3806 2426/3942/3804
f 2425/4006/3867 2426/3942/3804 2421/4007/3868
f 2421/4007/3868 2426/3942/3804 2422/3940/3802
f 2421/4007/3868 2422/3940/3802 2417/4008/3869
f 2417/4008/3869 2422/3940/3802 2418/3938/3800
f 2417/4008/3869 2418/3938/3800 2413/4009/3870
f 2413/4009/3870 2418/3938/3800 2414/3936/3798
f 2413/4009/3870 2414/3936/3798 2409/4010/3871
f 2409/4010/3871 2414/3936/3798 2410/3934/3796
f 2409/4010/3871 2410/3934/3796 2405/4011/3872
f 2405/4011/3872 2410/3934/3796 2406/3932/3794
f 2405/4011/3872 2406/3932/3794 2401/4012/3873
f 2401/4012/3873 2406/3932/3794 2402/3930/3792
f 2401/4012/3873 2402/3930/3792 2397/4013/3874
f 2397/4013/3874 2402/3930/3792 2398/3928/3790
f 2397/4013/3874 2398/3928/3790 2393/4014/3875
f 2393/4014/3875 2398/3928/3790 2394/3926/3788
f 2393/4014/3875 2394/3926/3788 2389/4015/3876
f 2389/4015/3876 2394/3926/3788 2390/3924/3786
f 2389/4015/3876 2390/3924/3786 2385/4016/3853
f 2385/4016/3853 2390/3924/3786 2386/3922/3784
f 2480/4017/3877 2490/4018/3878 2479/4019/3879
f 2479/4019/3879 2490/4018/3878 2491/4020/3880
f 2479/4019/3879 2491/4020/3880 2502/4021/3881
f 2502/4021/3881 2491/4020/3880 2492/4022/3882
f 2502/4021/3881 2492/4022/3882 2501/4023/3883
f 2501/4023/3883 2492/4022/3882 2493/4024/3884
f 2501/4023/3883 2493/4024/3884 2500/4025/3885
f 2500/4025/3885 2493/4024/3884 2494/4026/3886
f 2500/4025/3885 2494/4026/3886 2499/4027/3887
f 2499/4027/3887 2494/4026/3886 2495/4028/3888
f 2499/4027/3887 2495/4028/3888 2498/4029/3889
f 2498/4029/3889 2495/4028/3888 2496/4030/3890
f 2498/4029/3889 2496/4030/3890 2497/4031/3891
f 2490/4018/3878 2480/4017/3877 2489/4032/3892
f 2489/4032/3892 2480/4017/3877 2481/4033/3893
f 2489/4032/3892 2481/4033/3893 2488/4034/3894
f 2488/4034/3894 2481/4033/3893 2482/4035/3895
f 2488/4034/3894 2482/4035/3895 2487/4036/3896
f 2487/4036/3896 2482/4035/3895 2483/4037/3897
f 2487/4036/3896 2483/4037/3897 2486/4038/3898
f 2486/4038/3898 2483/4037/3897 2484/4039/3899
f 2486/4038/3898 2484/4039/3899 2485/4040/3900
f 2504/4041/3901 2531/4042/3902 2503/4043/3903
f 2503/4043/3903 2531/4042/3902 2527/4044/3904
f 2503/4045/3903 2527/4046/3904 2526/4047/3905
f 2526/4047/3905 2527/4046/3904 2619/4048/3906
f 2526/4047/3905 2619/4048/3906 2525/4049/3907
f 2525/4049/3907 2619/4048/3906 2615/4050/3908
f 2525/4049/3907 2615/4050/3908 2524/4051/3909
f 2524/4051/3909 2615/4050/3908 2611/4052/3910
f 2524/4051/3909 2611/4052/3910 2523/4053/3911
f 2523/4053/3911 2611/4052/3910 2607/4054/3912
f 2523/4053/3911 2607/4054/3912 2522/4055/3913
f 2522/4055/3913 2607/4054/3912 2603/4056/3914
f 2522/4055/3913 2603/4056/3914 2521/4057/3915
f 2521/4057/3915 2603/4056/3914 2599/4058/3916
f 2521/4057/3915 2599/4058/3916 2520/4059/3917
f 2520/4059/3917 2599/4058/3916 2595/4060/3918
f 2520/4059/3917 2595/4060/3918 2519/4061/3919
f 2519/4061/3919 2595/4060/3918 2591/4062/3920
f 2519/4061/3919 2591/4062/3920 2518/4063/3921
f 2518/4063/3921 2591/4062/3920 2587/4064/3922
f 2518/4063/3921 2587/4064/3922 2517/4065/3923
f 2517/4065/3923 2587/4064/3922 2583/4066/3924
f 2517/4065/3923 2583/4066/3924 2516/4067/3925
f 2516/4067/3925 2583/4066/3924 2579/4068/3926
f 2516/4067/3925 2579/4068/3926 2515/4069/3927
f 2515/4069/3927 2579/4068/3926 2575/4070/3928
f 2515/4069/3927 2575/4070/3928 2514/4071/3929
f 2514/4071/3929 2575/4070/3928 2571/4072/3930
f 2514/4071/3929 2571/4072/3930 2513/4073/3931
f 2513/4073/3931 2571/4072/3930 2567/4074/3932
f 2513/4073/3931 2567/4074/3932 2512/4075/3933
f 2512/4075/3933 2567/4074/3932 2563/4076/3934
f 2512/4075/3933 2563/4076/3934 2511/4077/3935
f 2511/4077/3935 2563/4076/3934 2559/4078/3936
f 2511/4077/3935 2559/4078/3936 2510/4079/3937
f 2510/4079/3937 2559/4078/3936 2555/4080/3938
f 2510/4079/3937 2555/4080/3938 2509/4081/3939
f 2509/4081/3939 2555/4080/3938 2551/4082/3940
f 2509/4081/3939 2551/4082/3940 2508/4083/3941
f 2508/4083/3941 2551/4082/3940 2547/4084/3942
f 2508/4083/3941 2547/4084/3942 2507/4085/3943
f 2507/4085/3943 2547/4084/3942 2543/4086/3944
f 2507/4085/3943 2543/4086/3944 2506/4087/3945
f 2506/4087/3945 2543/4086/3944 2539/4088/3946
f 2506/4087/3945 2539/4088/3946 2505/4089/3947
f 2505/4089/3947 2539/4088/3946 2535/4090/3948
f 2505/4089/3947 2535/4090/3948 2504/4041/3901
f 2504/4041/3901 2535/4090/3948 2531/4042/3902
f 2502/4091/3949 2622/4092/3950 2479/4093/3951
f 2479/4093/3951 2622/4092/3950 2530/4094/3952
f 2479/4095/3951 2530/4096/3952 2480/4097/3953
f 2480/4097/3953 2530/4096/3952 2534/4098/3954
f 2480/4097/3953 2534/4098/3954 2481/4099/3955
f 2481/4099/3955 2534/4098/3954 2538/4100/3956
f 2481/4099/3955 2538/4100/3956 2482/4101/3957
f 2482/4101/3957 2538/4100/3956 2542/4102/3958
f 2482/4101/3957 2542/4102/3958 2483/4103/3959
f 2483/4103/3959 2542/4102/3958 2546/4104/3960
f 2483/4103/3959 2546/4104/3960 2484/4105/3961
f 2484/4105/3961 2546/4104/3960 2550/4106/3962
f 2484/4105/3961 2550/4106/3962 2485/4107/3963
f 2485/4107/3963 2550/4106/3962 2554/4108/3964
f 2485/4107/3963 2554/4108/3964 2486/4109/3965
f 2486/4109/3965 2554/4108/3964 2558/4110/3966
f 2486/4109/3965 2558/4110/3966 2487/4111/3967
f 2487/4111/3967 2558/4110/3966 2562/4112/3968
f 2487/4111/3967 2562/4112/3968 2488/4113/3969
f 2488/4113/3969 2562/4112/3968 2566/4114/3970
f 2488/4113/3969 2566/4114/3970 2489/4115/3971
f 2489/4115/3971 2566/4114/3970 2570/4116/3972
f 2489/4115/3971 2570/4116/3972 2490/4117/3973
f 2490/4117/3973 2570/4116/3972 2574/4118/3974
f 2490/4117/3973 2574/4118/3974 2491/4119/3975
f 2491/4119/3975 2574/4118/3974 2578/4120/3976
f 2491/4119/3975 2578/4120/3976 2492/4121/3977
f 2492/4121/3977 2578/4120/3976 2582/4122/3978
f 2492/4121/3977 2582/4122/3978 2493/4123/3979
f 2493/4123/3979 2582/4122/3978 2586/4124/3980
f 2493/4123/3979 2586/4124/3980 2494/4125/3981
f 2494/4125/3981 2586/4124/3980 2590/4126/3982
f 2494/4125/3981 2590/4126/3982 2495/4127/3983
f 2495/4127/3983 2590/4126/3982 2594/4128/3984
f 2495/4127/3983 2594/4128/3984 2496/4129/3985
f 2496/4129/3985 2594/4128/3984 2598/4130/3986
f 2496/4129/3985 2598/4130/3986 2497/4131/3987
f 2497/4131/3987 2598/4130/3986 2602/4132/3988
f 2497/4131/3987 2602/4132/3988 2498/4133/3989
f 2498/4133/3989 2602/4132/3988 2606/4134/3990
f 2498/4133/3989 2606/4134/3990 2499/4135/3991
f 2499/4135/3991 2606/4134/3990 2610/4136/3992
f 2499/4135/3991 2610/4136/3992 2500/4137/3993
f 2500/4137/3993 2610/4136/3992 2614/4138/3994
f 2500/4137/3993 2614/4138/3994 2501/4139/3995
f 2501/4139/3995 2614/4138/3994 2618/4140/3996
f 2501/4139/3995 2618/4140/3996 2502/4091/3949
f 2502/4091/3949 2618/4140/3996 2622/4092/3950
f 2527/4046/3904 2528/4141/3997 2619/4048/3906
f 2619/4048/3906 2528/4141/3997 2620/4142/3998
f 2619/4048/3906 2620/4142/3998 2615/4050/3908
f 2615/4050/3908 2620/4142/3998 2616/4143/3999
f 2615/4050/3908 2616/4143/3999 2611/4052/3910
f 2611/4052/3910 2616/4143/3999 2612/4144/4000
f 2611/4052/3910 2612/4144/4000 2607/4054/3912
f 2607/4054/3912 2612/4144/4000 2608/4145/4001
f 2607/4054/3912 2608/4145/4001 2603/4056/3914
f 2603/4056/3914 2608/4145/4001 2604/4146/4002
f 2603/4056/3914 2604/4146/4002 2599/4058/3916
f 2599/4058/3916 2604/4146/4002 2600/4147/4003
f 2599/4058/3916 2600/4147/4003 2595/4060/3918
f 2595/4060/3918 2600/4147/4003 2596/4148/4004
f 2595/4060/3918 2596/4148/4004 2591/4062/3920
f 2591/4062/3920 2596/4148/4004 2592/4149/4005
f 2591/4062/3920 2592/4149/4005 2587/4064/3922
f 2587/4064/3922 2592/4149/4005 2588/4150/4006
f 2587/4064/3922 2588/4150/4006 2583/4066/3924
f 2583/4066/3924 2588/4150/4006 2584/4151/4007
f 2583/4066/3924 2584/4151/4007 2579/4068/3926
f 2579/4068/3926 2584/4151/4007 2580/4152/4008
f 2579/4068/3926 2580/4152/4008 2575/4070/3928
f 2575/4070/3928 2580/4152/4008 2576/4153/4009
f 2575/4070/3928 2576/4153/4009 2571/4072/3930
f 2571/4072/3930 2576/4153/4009 2572/4154/4010
f 2571/4072/3930 2572/4154/4010 2567/4074/3932
f 2567/4074/3932 2572/4154/4010 2568/4155/4011
f 2567/4074/3932 2568/4155/4011 2563/4076/3934
f 2563/4076/3934 2568/4155/4011 2564/4156/4012
f 2563/4076/3934 2564/4156/4012 2559/4078/3936
f 2559/4078/3936 2564/4156/4012 2560/4157/4013
f 2559/4078/3936 2560/4157/4013 2555/4080/3938
f 2555/4080/3938 2560/4157/4013 2556/4158/4014
f 2555/4080/3938 2556/4158/4014 2551/4082/3940
f 2551/4082/3940 2556/4158/4014 2552/4159/4015
f 2551/4082/3940 2552/4159/4015 2547/4084/3942
f 2547/4084/3942 2552/4159/4015 2548/4160/4016
f 2547/4084/3942 2548/4160/4016 2543/4086/3944
f 2543/4086/3944 2548/4160/4016 2544/4161/4017
f 2543/4086/3944 2544/4161/4017 2539/4088/3946
f 2539/4088/3946 2544/4161/4017 2540/4162/4018
f 2539/4088/3946 2540/4162/4018 2535/4090/3948
f 2535/4090/3948 2540/4162/4018 2536/4163/4019
f 2535/4090/3948 2536/4163/4019 2531/4042/3902
f 2531/4042/3902 2536/4163/4019 2532/4164/4020
f 2531/4042/3902 2532/4164/4020 2527/4044/3904
f 2527/4044/3904 2532/4164/4020 2528/4165/3997
f 2528/4141/3997 2529/4166/4021 2620/4142/3998
f 2620/4142/3998 2529/4166/4021 2621/4167/4022
f 2620/4142/3998 2621/4167/4022 2616/4143/3999
f 2616/4143/3999 2621/4167/4022 2617/4168/4023
f 2616/4143/3999 2617/4168/4023 2612/4144/4000
f 2612/4144/4000 2617/4168/4023 2613/4169/4024
f 2612/4144/4000 2613/4169/4024 2608/4145/4001
f 2608/4145/4001 2613/4169/4024 2609/4170/4025
f 2608/4145/4001 2609/4170/4025 2604/4146/4002
f 2604/4146/4002 2609/4170/4025 2605/4171/4026
f 2604/4146/4002 2605/4171/4026 2600/4147/4003
f 2600/4147/4003 2605/4171/4026 2601/4172/4027
f 2600/4147/4003 2601/4172/4027 2596/4148/4004
f 2596/4148/4004 2601/4172/4027 2597/4173/4028
f 2596/4148/4004 2597/4173/4028 2592/4149/4005
f 2592/4149/4005 2597/4173/4028 2593/4174/4029
f 2592/4149/4005 2593/4174/4029 2588/4150/4006
f 2588/4150/4006 2593/4174/4029 2589/4175/4030
f 2588/4150/4006 2589/4175/4030 2584/4151/4007
f 2584/4151/4007 2589/4175/4030 2585/4176/4031
f 2584/4151/4007 2585/4176/4031 2580/4152/4008
f 2580/4152/4008 2585/4176/4031 2581/4177/4032
f 2580/4152/4008 2581/4177/4032 2576/4153/4009
f 2576/4153/4009 2581/4177/4032 2577/4178/4033
f 2576/4153/4009 2577/4178/4033 2572/4154/4010
f 2572/4154/4010 2577/4178/4033 2573/4179/4034
f 2572/4154/4010 2573/4179/4034 2568/4155/4011
f 2568/4155/4011 2573/4179/4034 2569/4180/4035
f 2568/4155/4011 2569/4180/4035 2564/4156/4012
f 2564/4156/4012 2569/4180/4035 2565/4181/4036
f 2564/4156/4012 2565/4181/4036 2560/4157/4013
f 2560/4157/4013 2565/4181/4036 2561/4182/4037
f 2560/4157/4013 2561/4182/4037 2556/4158/4014
f 2556/4158/4014 2561/4182/4037 2557/4183/4038
f 2556/4158/4014 2557/4183/4038 2552/4159/4015
f 2552/4159/4015 2557/4183/4038 2553/4184/4039
f 2552/4159/4015 2553/4184/4039 2548/4160/4016
f 2548/4160/4016 2553/4184/4039 2549/4185/4040
f 2548/4160/4016 2549/4185/4040 2544/4161/4017
f 2544/4161/4017 2549/4185/4040 2545/4186/4041
f 2544/4161/4017 2545/4186/4041 2540/4162/4018
f 2540/4162/4018 2545/4186/4041 2541/4187/4042
f 2540/4162/4018 2541/4187/4042 2536/4163/4019
f 2536/4163/4019 2541/4187/4042 2537/4188/4043
f 2536/4163/4019 2537/4188/4043 2532/4164/4020
f 2532/4164/4020 2537/4188/4043 2533/4189/4044
f 2532/4164/4020 2533/4189/4044 2528/4165/3997
f 2528/4165/3997 2533/4189/4044 2529/4190/4021
f 2529/4166/4021 2530/4094/3952 2621/4167/4022
f 2621/4167/4022 2530/4094/3952 2622/4092/3950
f 2621/4167/4022 2622/4092/3950 2617/4168/4023
f 2617/4168/4023 2622/4092/3950 2618/4140/3996
f 2617/4168/4023 2618/4140/3996 2613/4169/4024
f 2613/4169/4024 2618/4140/3996 2614/4138/3994
f 2613/4169/4024 2614/4138/3994 2609/4170/4025
f 2609/4170/4025 2614/4138/3994 2610/4136/3992
f 2609/4170/4025 2610/4136/3992 2605/4171/4026
f 2605/4171/4026 2610/4136/3992 2606/4134/3990
f 2605/4171/4026 2606/4134/3990 2601/4172/4027
f 2601/4172/4027 2606/4134/3990 2602/4132/3988
f 2601/4172/4027 2602/4132/3988 2597/4173/4028
f 2597/4173/4028 2602/4132/3988 2598/4130/3986
f 2597/4173/4028 2598/4130/3986 2593/4174/4029
f 2593/4174/4029 2598/4130/3986 2594/4128/3984
f 2593/4174/4029 2594/4128/3984 2589/4175/4030
f 2589/4175/4030 2594/4128/3984 2590/4126/3982
f 2589/4175/4030 2590/4126/3982 2585/4176/4031
f 2585/4176/4031 2590/4126/3982 2586/4124/3980
f 2585/4176/4031 2586/4124/3980 2581/4177/4032
f 2581/4177/4032 2586/4124/3980 2582/4122/3978
f 2581/4177/4032 2582/4122/3978 2577/4178/4033
f 2577/4178/4033 2582/4122/3978 2578/4120/3976
f 2577/4178/4033 2578/4120/3976 2573/4179/4034
f 2573/4179/4034 2578/4120/3976 2574/4118/3974
f 2573/4179/4034 2574/4118/3974 2569/4180/4035
f 2569/4180/4035 2574/4118/3974 2570/4116/3972
f 2569/4180/4035 2570/4116/3972 2565/4181/4036
f 2565/4181/4036 2570/4116/3972 2566/4114/3970
f 2565/4181/4036 2566/4114/3970 2561/4182/4037
f 2561/4182/4037 2566/4114/3970 2562/4112/3968
f 2561/4182/4037 2562/4112/3968 2557/4183/4038
f 2557/4183/4038 2562/4112/3968 2558/4110/3966
f 2557/4183/4038 2558/4110/3966 2553/4184/4039
f 2553/4184/4039 2558/4110/3966 2554/4108/3964
f 2553/4184/4039 2554/4108/3964 2549/4185/4040
f 2549/4185/4040 2554/4108/3964 2550/4106/3962
f 2549/4185/4040 2550/4106/3962 2545/4186/4041
f 2545/4186/4041 2550/4106/3962 2546/4104/3960
f 2545/4186/4041 2546/4104/3960 2541/4187/4042
f 2541/4187/4042 2546/4104/3960 2542/4102/3958
f 2541/4187/4042 2542/4102/3958 2537/4188/4043
f 2537/4188/4043 2542/4102/3958 2538/4100/3956
f 2537/4188/4043 2538/4100/3956 2533/4189/4044
f 2533/4189/4044 2538/4100/3956 2534/4098/3954
f 2533/4189/4044 2534/4098/3954 2529/4190/4021
f 2529/4190/4021 2534/4098/3954 2530/4096/3952
f 2624/4191/4045 2634/4192/4046 2623/4193/4047
f 2623/4193/4047 2634/4192/4046 2635/4194/4048
f 2623/4193/4047 2635/4194/4048 2646/4195/4049
f 2646/4195/4049 2635/4194/4048 2636/4196/4050
f 2646/4195/4049 2636/4196/4050 2645/4197/4051
f 2645/4197/4051 2636/4196/4050 2637/4198/4052
f 2645/4197/4051 2637/4198/4052 2644/4199/4053
f 2644/4199/4053 2637/4198/4052 2638/4200/4054
f 2644/4199/4053 2638/4200/4054 2643/4201/4055
f 2643/4201/4055 2638/4200/4054 2639/4202/4056
f 2643/4201/4055 2639/4202/4056 2642/4203/4057
f 2642/4203/4057 2639/4202/4056 2640/4204/4058
f 2642/4203/4057 2640/4204/4058 2641/4205/4059
f 2634/4192/4046 2624/4191/4045 2633/4206/4060
f 2633/4206/4060 2624/4191/4045 2625/4207/4061
f 2633/4206/4060 2625/4207/4061 2632/4208/4062
f 2632/4208/4062 2625/4207/4061 2626/4209/4063
f 2632/4208/4062 2626/4209/4063 2631/4210/4064
f 2631/4210/4064 2626/4209/4063 2627/4211/4065
f 2631/4210/4064 2627/4211/4065 2630/4212/4066
f 2630/4212/4066 2627/4211/4065 2628/4213/4067
f 2630/4212/4066 2628/4213/4067 2629/4214/4068
f 2648/4215/4069 2675/4216/4070 2647/4217/4071
f 2647/4217/4071 2675/4216/4070 2671/4218/4072
f 2647/4219/4071 2671/4220/4072 2670/4221/4073
f 2670/4221/4073 2671/4220/4072 2763/4222/4074
f 2670/4221/4073 2763/4222/4074 2669/4223/4075
f 2669/4223/4075 2763/4222/4074 2759/4224/4076
f 2669/4223/4075 2759/4224/4076 2668/4225/4077
f 2668/4225/4077 2759/4224/4076 2755/4226/4078
f 2668/4225/4077 2755/4226/4078 2667/4227/4079
f 2667/4227/4079 2755/4226/4078 2751/4228/4080
f 2667/4227/4079 2751/4228/4080 2666/4229/4081
f 2666/4229/4081 2751/4228/4080 2747/4230/4082
f 2666/4229/4081 2747/4230/4082 2665/4231/4083
f 2665/4231/4083 2747/4230/4082 2743/4232/4084
f 2665/4231/4083 2743/4232/4084 2664/4233/4085
f 2664/4233/4085 2743/4232/4084 2739/4234/4086
f 2664/4233/4085 2739/4234/4086 2663/4235/4087
f 2663/4235/4087 2739/4234/4086 2735/4236/4088
f 2663/4235/4087 2735/4236/4088 2662/4237/4089
f 2662/4237/4089 2735/4236/4088 2731/4238/4090
f 2662/4237/4089 2731/4238/4090 2661/4239/4091
f 2661/4239/4091 2731/4238/4090 2727/4240/4092
f 2661/4239/4091 2727/4240/4092 2660/4241/4093
f 2660/4241/4093 2727/4240/4092 2723/4242/4094
f 2660/4241/4093 2723/4242/4094 2659/4243/4095
f 2659/4243/4095 2723/4242/4094 2719/4244/4096
f 2659/4243/4095 2719/4244/4096 2658/4245/4097
f 2658/4245/4097 2719/4244/4096 2715/4246/4098
f 2658/4245/4097 2715/4246/4098 2657/4247/4099
f 2657/4247/4099 2715/4246/4098 2711/4248/4100
f 2657/4247/4099 2711/4248/4100 2656/4249/4101
f 2656/4249/4101 2711/4248/4100 2707/4250/4102
f 2656/4249/4101 2707/4250/4102 2655/4251/4103
f 2655/4251/4103 2707/4250/4102 2703/4252/4104
f 2655/4251/4103 2703/4252/4104 2654/4253/4105
f 2654/4253/4105 2703/4252/4104 2699/4254/4106
f 2654/4253/4105 2699/4254/4106 2653/4255/4107
f 2653/4255/4107 2699/4254/4106 2695/4256/4108
f 2653/4255/4107 2695/4256/4108 2652/4257/4109
f 2652/4257/4109 2695/4256/4108 2691/4258/4110
f 2652/4257/4109 2691/4258/4110 2651/4259/4111
f 2651/4259/4111 2691/4258/4110 2687/4260/4112
f 2651/4259/4111 2687/4260/4112 2650/4261/4113
f 2650/4261/4113 2687/4260/4112 2683/4262/4114
f 2650/4261/4113 2683/4262/4114 2649/4263/4115
f 2649/4263/4115 2683/4262/4114 2679/4264/4116
f 2649/4263/4115 2679/4264/4116 2648/4215/4069
f 2648/4215/4069 2679/4264/4116 2675/4216/4070
f 2646/4265/4117 2766/4266/4118 2623/4267/4119
f 2623/4267/4119 2766/4266/4118 2674/4268/4120
f 2623/4269/4119 2674/4270/4120 2624/4271/4121
f 2624/4271/4121 2674/4270/4120 2678/4272/4122
f 2624/4271/4121 2678/4272/4122 2625/4273/4123
f 2625/4273/4123 2678/4272/4122 2682/4274/4124
f 2625/4273/4123 2682/4274/4124 2626/4275/4125
f 2626/4275/4125 2682/4274/4124 2686/4276/4126
f 2626/4275/4125 2686/4276/4126 2627/4277/4127
f 2627/4277/4127 2686/4276/4126 2690/4278/4128
f 2627/4277/4127 2690/4278/4128 2628/4279/4129
f 2628/4279/4129 2690/4278/4128 2694/4280/4130
f 2628/4279/4129 2694/4280/4130 2629/4281/4131
f 2629/4281/4131 2694/4280/4130 2698/4282/4132
f 2629/4281/4131 2698/4282/4132 2630/4283/4133
f 2630/4283/4133 2698/4282/4132 2702/4284/4134
f 2630/4283/4133 2702/4284/4134 2631/4285/4135
f 2631/4285/4135 2702/4284/4134 2706/4286/4136
f 2631/4285/4135 2706/4286/4136 2632/4287/4137
f 2632/4287/4137 2706/4286/4136 2710/4288/4138
f 2632/4287/4137 2710/4288/4138 2633/4289/4139
f 2633/4289/4139 2710/4288/4138 2714/4290/4140
f 2633/4289/4139 2714/4290/4140 2634/4291/4141
f 2634/4291/4141 2714/4290/4140 2718/4292/4142
f 2634/4291/4141 2718/4292/4142 2635/4293/4143
f 2635/4293/4143 2718/4292/4142 2722/4294/4144
f 2635/4293/4143 2722/4294/4144 2636/4295/4145
f 2636/4295/4145 2722/4294/4144 2726/4296/4146
f 2636/4295/4145 2726/4296/4146 2637/4297/4147
f 2637/4297/4147 2726/4296/4146 2730/4298/4148
f 2637/4297/4147 2730/4298/4148 2638/4299/4149
f 2638/4299/4149 2730/4298/4148 2734/4300/4150
f 2638/4299/4149 2734/4300/4150 2639/4301/4151
f 2639/4301/4151 2734/4300/4150 2738/4302/4152
f 2639/4301/4151 2738/4302/4152 2640/4303/4153
f 2640/4303/4153 2738/4302/4152 2742/4304/4154
f 2640/4303/4153 2742/4304/4154 2641/4305/4155
f 2641/4305/4155 2742/4304/4154 2746/4306/4156
f 2641/4305/4155 2746/4306/4156 2642/4307/4157
f 2642/4307/4157 2746/4306/4156 2750/4308/4158
f 2642/4307/4157 2750/4308/4158 2643/4309/4159
f 2643/4309/4159 2750/4308/4158 2754/4310/4160
f 2643/4309/4159 2754/4310/4160 2644/4311/4161
f 2644/4311/4161 2754/4310/4160 2758/4312/4162
f 2644/4311/4161 2758/4312/4162 2645/4313/4163
f 2645/4313/4163 2758/4312/4162 2762/4314/4164
f 2645/4313/4163 2762/4314/4164 2646/4265/4117
f 2646/4265/4117 2762/4314/4164 2766/4266/4118
f 2671/4220/4072 2672/4315/4165 2763/4222/4074
f 2763/4222/4074 2672/4315/4165 2764/4316/4166
f 2763/4222/4074 2764/4316/4166 2759/4224/4076
f 2759/4224/4076 2764/4316/4166 2760/4317/4167
f 2759/4224/4076 2760/4317/4167 2755/4226/4078
f 2755/4226/4078 2760/4317/4167 2756/4318/4168
f 2755/4226/4078 2756/4318/4168 2751/4228/4080
f 2751/4228/4080 2756/4318/4168 2752/4319/4169
f 2751/4228/4080 2752/4319/4169 2747/4230/4082
f 2747/4230/4082 2752/4319/4169 2748/4320/4170
f 2747/4230/4082 2748/4320/4170 2743/4232/4084
f 2743/4232/4084 2748/4320/4170 2744/4321/4171
f 2743/4232/4084 2744/4321/4171 2739/4234/4086
f 2739/4234/4086 2744/4321/4171 2740/4322/4172
f 2739/4234/4086 2740/4322/4172 2735/4236/4088
f 2735/4236/4088 2740/4322/4172 2736/4323/4173
f 2735/4236/4088 2736/4323/4173 2731/4238/4090
f 2731/4238/4090 2736/4323/4173 2732/4324/4174
f 2731/4238/4090 2732/4324/4174 2727/4240/4092
f 2727/4240/4092 2732/4324/4174 2728/4325/4175
f 2727/4240/4092 2728/4325/4175 2723/4242/4094
f 2723/4242/4094 2728/4325/4175 2724/4326/4176
f 2723/4242/4094 2724/4326/4176 2719/4244/4096
f 2719/4244/4096 2724/4326/4176 2720/4327/4177
f 2719/4244/4096 2720/4327/4177 2715/4246/4098
f 2715/4246/4098 2720/4327/4177 2716/4328/4178
f 2715/4246/4098 2716/4328/4178 2711/4248/4100
f 2711/4248/4100 2716/4328/4178 2712/4329/4179
f 2711/4248/4100 2712/4329/4179 2707/4250/4102
f 2707/4250/4102 2712/4329/4179 2708/4330/4180
f 2707/4250/4102 2708/4330/4180 2703/4252/4104
f 2703/4252/4104 2708/4330/4180 2704/4331/4181
f 2703/4252/4104 2704/4331/4181 2699/4254/4106
f 2699/4254/4106 2704/4331/4181 2700/4332/4182
f 2699/4254/4106 2700/4332/4182 2695/4256/4108
f 2695/4256/4108 2700/4332/4182 2696/4333/4183
f 2695/4256/4108 2696/4333/4183 2691/4258/4110
f 2691/4258/4110 2696/4333/4183 2692/4334/4184
f 2691/4258/4110 2692/4334/4184 2687/4260/4112
f 2687/4260/4112 2692/4334/4184 2688/4335/4185
f 2687/4260/4112 2688/4335/4185 2683/4262/4114
f 2683/4262/4114 2688/4335/4185 2684/4336/4186
f 2683/4262/4114 2684/4336/4186 2679/4264/4116
f 2679/4264/4116 2684/4336/4186 2680/4337/4187
f 2679/4264/4116 2680/4337/4187 2675/4216/4070
f 2675/4216/4070 2680/4337/4187 2676/4338/4188
f 2675/4216/4070 2676/4338/4188 2671/4218/4072
f 2671/4218/4072 2676/4338/4188 2672/4339/4165
f 2672/4315/4165 2673/4340/4189 2764/4316/4166
f 2764/4316/4166 2673/4340/4189 2765/4341/4190
f 2764/4316/4166 2765/4341/4190 2760/4317/4167
f 2760/4317/4167 2765/4341/4190 2761/4342/4191
f 2760/4317/4167 2761/4342/4191 2756/4318/4168
f 2756/4318/4168 2761/4342/4191 2757/4343/4192
f 2756/4318/4168 2757/4343/4192 2752/4319/4169
f 2752/4319/4169 2757/4343/4192 2753/4344/4193
f 2752/4319/4169 2753/4344/4193 2748/4320/4170
f 2748/4320/4170 2753/4344/4193 2749/4345/4194
f 2748/4320/4170 2749/4345/4194 2744/4321/4171
f 2744/4321/4171 2749/4345/4194 2745/4346/4195
f 2744/4321/4171 2745/4346/4195 2740/4322/4172
f 2740/4322/4172 2745/4346/4195 2741/4347/4196
f 2740/4322/4172 2741/4347/4196 2736/4323/4173
f 2736/4323/4173 2741/4347/4196 2737/4348/4197
f 2736/4323/4173 2737/4348/4197 2732/4324/4174
f 2732/4324/4174 2737/4348/4197 2733/4349/4198
f 2732/4324/4174 2733/4349/4198 2728/4325/4175
f 2728/4325/4175 2733/4349/4198 2729/4350/4199
f 2728/4325/4175 2729/4350/4199 2724/4326/4176
f 2724/4326/4176 2729/4350/4199 2725/4351/4200
f 2724/4326/4176 2725/4351/4200 2720/4327/4177
f 2720/4327/4177 2725/4351/4200 2721/4352/4201
f 2720/4327/4177 2721/4352/4201 2716/4328/4178
f 2716/4328/4178 2721/4352/4201 2717/4353/4202
f 2716/4328/4178 2717/4353/4202 2712/4329/4179
f 2712/4329/4179 2717/4353/4202 2713/4354/4203
f 2712/4329/4179 2713/4354/4203 2708/4330/4180
f 2708/4330/4180 2713/4354/4203 2709/4355/4204
f 2708/4330/4180 2709/4355/4204 2704/4331/4181
f 2704/4331/4181 2709/4355/4204 2705/4356/4205
f 2704/4331/4181 2705/4356/4205 2700/4332/4182
f 2700/4332/4182 2705/4356/4205 2701/4357/4206
f 2700/4332/4182 2701/4357/4206 2696/4333/4183
f 2696/4333/4183 2701/4357/4206 2697/4358/4207
f 2696/4333/4183 2697/4358/4207 2692/4334/4184
f 2692/4334/4184 2697/4358/4207 2693/4359/4208
f 2692/4334/4184 2693/4359/4208 2688/4335/4185
f 2688/4335/4185 2693/4359/4208 2689/4360/4209
f 2688/4335/4185 2689/4360/4209 2684/4336/4186
f 2684/4336/4186 2689/4360/4209 2685/4361/4210
f 2684/4336/4186 2685/4361/4210 2680/4337/4187
f 2680/4337/4187 2685/4361/4210 2681/4362/4211
f 2680/4337/4187 2681/4362/4211 2676/4338/4188
f 2676/4338/4188 2681/4362/4211 2677/4363/4212
f 2676/4338/4188 2677/4363/4212 2672/4339/4165
f 2672/4339/4165 2677/4363/4212 2673/4364/4189
f 2673/4340/4189 2674/4268/4120 2765/4341/4190
f 2765/4341/4190 2674/4268/4120 2766/4266/4118
f 2765/4341/4190 2766/4266/4118 2761/4342/4191
f 2761/4342/4191 2766/4266/4118 2762/4314/4164
f 2761/4342/4191 2762/4314/4164 2757/4343/4192
f 2757/4343/4192 2762/4314/4164 2758/4312/4162
f 2757/4343/4192 2758/4312/4162 2753/4344/4193
f 2753/4344/4193 2758/4312/4162 2754/4310/4160
f 2753/4344/4193 2754/4310/4160 2749/4345/4194
f 2749/4345/4194 2754/4310/4160 2750/4308/4158
f 2749/4345/4194 2750/4308/4158 2745/4346/4195
f 2745/4346/4195 2750/4308/4158 2746/4306/4156
f 2745/4346/4195 2746/4306/4156 2741/4347/4196
f 2741/4347/4196 2746/4306/4156 2742/4304/4154
f 2741/4347/4196 2742/4304/4154 2737/4348/4197
f 2737/4348/4197 2742/4304/4154 2738/4302/4152
f 2737/4348/4197 2738/4302/4152 2733/4349/4198
f 2733/4349/4198 2738/4302/4152 2734/4300/4150
f 2733/4349/4198 2734/4300/4150 2729/4350/4199
f 2729/4350/4199 2734/4300/4150 2730/4298/4148
f 2729/4350/4199 2730/4298/4148 2725/4351/4200
f 2725/4351/4200 2730/4298/4148 2726/4296/4146
f 2725/4351/4200 2726/4296/4146 2721/4352/4201
f 2721/4352/4201 2726/4296/4146 2722/4294/4144
f 2721/4352/4201 2722/4294/4144 2717/4353/4202
f 2717/4353/4202 2722/4294/4144 2718/4292/4142
f 2717/4353/4202 2718/4292/4142 2713/4354/4203
f 2713/4354/4203 2718/4292/4142 2714/4290/4140
f 2713/4354/4203 2714/4290/4140 2709/4355/4204
f 2709/4355/4204 2714/4290/4140 2710/4288/4138
f 2709/4355/4204 2710/4288/4138 2705/4356/4205
f 2705/4356/4205 2710/4288/4138 2706/4286/4136
f 2705/4356/4205 2706/4286/4136 2701/4357/4206
f 2701/4357/4206 2706/4286/4136 2702/4284/4134
f 2701/4357/4206 2702/4284/4134 2697/4358/4207
f 2697/4358/4207 2702/4284/4134 2698/4282/4132
f 2697/4358/4207 2698/4282/4132 2693/4359/4208
f 2693/4359/4208 2698/4282/4132 2694/4280/4130
f 2693/4359/4208 2694/4280/4130 2689/4360/4209
f 2689/4360/4209 2694/4280/4130 2690/4278/4128
f 2689/4360/4209 2690/4278/4128 2685/4361/4210
f 2685/4361/4210 2690/4278/4128 2686/4276/4126
f 2685/4361/4210 2686/4276/4126 2681/4362/4211
f 2681/4362/4211 2686/4276/4126 2682/4274/4124
f 2681/4362/4211 2682/4274/4124 2677/4363/4212
f 2677/4363/4212 2682/4274/4124 2678/4272/4122
f 2677/4363/4212 2678/4272/4122 2673/4364/4189
f 2673/4364/4189 2678/4272/4122 2674/4270/4120
f 2768/4365/4213 2778/4366/4214 2767/4367/4215
f 2767/4367/4215 2778/4366/4214 2779/4368/4216
f 2767/4367/4215 2779/4368/4216 2790/4369/4217
f 2790/4369/4217 2779/4368/4216 2780/4370/4218
f 2790/4369/4217 2780/4370/4218 2789/4371/4219
f 2789/4371/4219 2780/4370/4218 2781/4372/4220
f 2789/4371/4219 2781/4372/4220 2788/4373/4221
f 2788/4373/4221 2781/4372/4220 2782/4374/4222
f 2788/4373/4221 2782/4374/4222 2787/4375/4223
f 2787/4375/4223 2782/4374/4222 2783/4376/4224
f 2787/4375/4223 2783/4376/4224 2786/4377/4225
f 2786/4377/4225 2783/4376/4224 2784/4378/4226
f 2786/4377/4225 2784/4378/4226 2785/4379/4227
f 2778/4366/4214 2768/4365/4213 2777/4380/4228
f 2777/4380/4228 2768/4365/4213 2769/4381/4229
f 2777/4380/4228 2769/4381/4229 2776/4382/4230
f 2776/4382/4230 2769/4381/4229 2770/4383/4231
f 2776/4382/4230 2770/4383/4231 2775/4384/4232
f 2775/4384/4232 2770/4383/4231 2771/4385/4233
f 2775/4384/4232 2771/4385/4233 2774/4386/4234
f 2774/4386/4234 2771/4385/4233 2772/4387/4235
f 2774/4386/4234 2772/4387/4235 2773/4388/4236
f 2792/4389/4237 2819/4390/4238 2791/4391/4239
f 2791/4391/4239 2819/4390/4238 2815/4392/4240
f 2791/4393/4239 2815/4394/4240 2814/4395/4241
f 2814/4395/4241 2815/4394/4240 2907/4396/4242
f 2814/4395/4241 2907/4396/4242 2813/4397/4243
f 2813/4397/4243 2907/4396/4242 2903/4398/4244
f 2813/4397/4243 2903/4398/4244 2812/4399/4245
f 2812/4399/4245 2903/4398/4244 2899/4400/4246
f 2812/4399/4245 2899/4400/4246 2811/4401/4247
f 2811/4401/4247 2899/4400/4246 2895/4402/4248
f 2811/4401/4247 2895/4402/4248 2810/4403/4249
f 2810/4403/4249 2895/4402/4248 2891/4404/4250
f 2810/4403/4249 2891/4404/4250 2809/4405/4251
f 2809/4405/4251 2891/4404/4250 2887/4406/4252
f 2809/4405/4251 2887/4406/4252 2808/4407/4253
f 2808/4407/4253 2887/4406/4252 2883/4408/4254
f 2808/4407/4253 2883/4408/4254 2807/4409/4255
f 2807/4409/4255 2883/4408/4254 2879/4410/4256
f 2807/4409/4255 2879/4410/4256 2806/4411/4257
f 2806/4411/4257 2879/4410/4256 2875/4412/4258
f 2806/4411/4257 2875/4412/4258 2805/4413/4259
f 2805/4413/4259 2875/4412/4258 2871/4414/4260
f 2805/4413/4259 2871/4414/4260 2804/4415/4261
f 2804/4415/4261 2871/4414/4260 2867/4416/4262
f 2804/4415/4261 2867/4416/4262 2803/4417/4263
f 2803/4417/4263 2867/4416/4262 2863/4418/4264
f 2803/4417/4263 2863/4418/4264 2802/4419/4265
f 2802/4419/4265 2863/4418/4264 2859/4420/4266
f 2802/4419/4265 2859/4420/4266 2801/4421/4267
f 2801/4421/4267 2859/4420/4266 2855/4422/4268
f 2801/4421/4267 2855/4422/4268 2800/4423/4269
f 2800/4423/4269 2855/4422/4268 2851/4424/4270
f 2800/4423/4269 2851/4424/4270 2799/4425/4271
f 2799/4425/4271 2851/4424/4270 2847/4426/4272
f 2799/4425/4271 2847/4426/4272 2798/4427/4273
f 2798/4427/4273 2847/4426/4272 2843/4428/4274
f 2798/4427/4273 2843/4428/4274 2797/4429/4275
f 2797/4429/4275 2843/4428/4274 2839/4430/4276
f 2797/4429/4275 2839/4430/4276 2796/4431/4277
f 2796/4431/4277 2839/4430/4276 2835/4432/4278
f 2796/4431/4277 2835/4432/4278 2795/4433/4279
f 2795/4433/4279 2835/4432/4278 2831/4434/4280
f 2795/4433/4279 2831/4434/4280 2794/4435/4281
f 2794/4435/4281 2831/4434/4280 2827/4436/4282
f 2794/4435/4281 2827/4436/4282 2793/4437/4283
f 2793/4437/4283 2827/4436/4282 2823/4438/4284
f 2793/4437/4283 2823/4438/4284 2792/4389/4237
f 2792/4389/4237 2823/4438/4284 2819/4390/4238
f 2790/4439/4285 2910/4440/4286 2767/4441/4287
f 2767/4441/4287 2910/4440/4286 2818/4442/4288
f 2767/4443/4287 2818/4444/4288 2768/4445/4289
f 2768/4445/4289 2818/4444/4288 2822/4446/4290
f 2768/4445/4289 2822/4446/4290 2769/4447/4291
f 2769/4447/4291 2822/4446/4290 2826/4448/4292
f 2769/4447/4291 2826/4448/4292 2770/4449/4293
f 2770/4449/4293 2826/4448/4292 2830/4450/4294
f 2770/4449/4293 2830/4450/4294 2771/4451/4295
f 2771/4451/4295 2830/4450/4294 2834/4452/4296
f 2771/4451/4295 2834/4452/4296 2772/4453/4297
f 2772/4453/4297 2834/4452/4296 2838/4454/4298
f 2772/4453/4297 2838/4454/4298 2773/4455/4299
f 2773/4455/4299 2838/4454/4298 2842/4456/4300
f 2773/4455/4299 2842/4456/4300 2774/4457/4301
f 2774/4457/4301 2842/4456/4300 2846/4458/4302
f 2774/4457/4301 2846/4458/4302 2775/4459/4303
f 2775/4459/4303 2846/4458/4302 2850/4460/4304
f 2775/4459/4303 2850/4460/4304 2776/4461/4305
f 2776/4461/4305 2850/4460/4304 2854/4462/4306
f 2776/4461/4305 2854/4462/4306 2777/4463/4307
f 2777/4463/4307 2854/4462/4306 2858/4464/4308
f 2777/4463/4307 2858/4464/4308 2778/4465/4309
f 2778/4465/4309 2858/4464/4308 2862/4466/4310
f 2778/4465/4309 2862/4466/4310 2779/4467/4311
f 2779/4467/4311 2862/4466/4310 2866/4468/4312
f 2779/4467/4311 2866/4468/4312 2780/4469/4313
f 2780/4469/4313 2866/4468/4312 2870/4470/4314
f 2780/4469/4313 2870/4470/4314 2781/4471/4315
f 2781/4471/4315 2870/4470/4314 2874/4472/4316
f 2781/4471/4315 2874/4472/4316 2782/4473/4317
f 2782/4473/4317 2874/4472/4316 2878/4474/4318
f 2782/4473/4317 2878/4474/4318 2783/4475/4319
f 2783/4475/4319 2878/4474/4318 2882/4476/4320
f 2783/4475/4319 2882/4476/4320 2784/4477/4321
f 2784/4477/4321 2882/4476/4320 2886/4478/4322
f 2784/4477/4321 2886/4478/4322 2785/4479/4323
f 2785/4479/4323 2886/4478/4322 2890/4480/4324
f 2785/4479/4323 2890/4480/4324 2786/4481/4325
f 2786/4481/4325 2890/4480/4324 2894/4482/4326
f 2786/4481/4325 2894/4482/4326 2787/4483/4327
f 2787/4483/4327 2894/4482/4326 2898/4484/4328
f 2787/4483/4327 2898/4484/4328 2788/4485/4329
f 2788/4485/4329 2898/4484/4328 2902/4486/4330
f 2788/4485/4329 2902/4486/4330 2789/4487/4331
f 2789/4487/4331 2902/4486/4330 2906/4488/4332
f 2789/4487/4331 2906/4488/4332 2790/4439/4285
f 2790/4439/4285 2906/4488/4332 2910/4440/4286
f 2815/4394/4240 2816/4489/4333 2907/4396/4242
f 2907/4396/4242 2816/4489/4333 2908/4490/4334
f 2907/4396/4242 2908/4490/4334 2903/4398/4244
f 2903/4398/4244 2908/4490/4334 2904/4491/4335
f 2903/4398/4244 2904/4491/4335 2899/4400/4246
f 2899/4400/4246 2904/4491/4335 2900/4492/4336
f 2899/4400/4246 2900/4492/4336 2895/4402/4248
f 2895/4402/4248 2900/4492/4336 2896/4493/4337
f 2895/4402/4248 2896/4493/4337 2891/4404/4250
f 2891/4404/4250 2896/4493/4337 2892/4494/4338
f 2891/4404/4250 2892/4494/4338 2887/4406/4252
f 2887/4406/4252 2892/4494/4338 2888/4495/4339
f 2887/4406/4252 2888/4495/4339 2883/4408/4254
f 2883/4408/4254 2888/4495/4339 2884/4496/4340
f 2883/4408/4254 2884/4496/4340 2879/4410/4256
f 2879/4410/4256 2884/4496/4340 2880/4497/4341
f 2879/4410/4256 2880/4497/4341 2875/4412/4258
f 2875/4412/4258 2880/4497/4341 2876/4498/4342
f 2875/4412/4258 2876/4498/4342 2871/4414/4260
f 2871/4414/4260 2876/4498/4342 2872/4499/4343
f 2871/4414/4260 2872/4499/4343 2867/4416/4262
f 2867/4416/4262 2872/4499/4343 2868/4500/4344
f 2867/4416/4262 2868/4500/4344 2863/4418/4264
f 2863/4418/4264 2868/4500/4344 2864/4501/4345
f 2863/4418/4264 2864/4501/4345 2859/4420/4266
f 2859/4420/4266 2864/4501/4345 2860/4502/4346
f 2859/4420/4266 2860/4502/4346 2855/4422/4268
f 2855/4422/4268 2860/4502/4346 2856/4503/4347
f 2855/4422/4268 2856/4503/4347 2851/4424/4270
f 2851/4424/4270 2856/4503/4347 2852/4504/4348
f 2851/4424/4270 2852/4504/4348 2847/4426/4272
f 2847/4426/4272 2852/4504/4348 2848/4505/4349
f 2847/4426/4272 2848/4505/4349 2843/4428/4274
f 2843/4428/4274 2848/4505/4349 2844/4506/4350
f 2843/4428/4274 2844/4506/4350 2839/4430/4276
f 2839/4430/4276 2844/4506/4350 2840/4507/4351
f 2839/4430/4276 2840/4507/4351 2835/4432/4278
f 2835/4432/4278 2840/4507/4351 2836/4508/4352
f 2835/4432/4278 2836/4508/4352 2831/4434/4280
f 2831/4434/4280 2836/4508/4352 2832/4509/4353
f 2831/4434/4280 2832/4509/4353 2827/4436/4282
f 2827/4436/4282 2832/4509/4353 2828/4510/4354
f 2827/4436/4282 2828/4510/4354 2823/4438/4284
f 2823/4438/4284 2828/4510/4354 2824/4511/4355
f 2823/4438/4284 2824/4511/4355 2819/4390/4238
f 2819/4390/4238 2824/4511/4355 2820/4512/4356
f 2819/4390/4238 2820/4512/4356 2815/4392/4240
f 2815/4392/4240 2820/4512/4356 2816/4513/4333
f 2816/4489/4333 2817/4514/4357 2908/4490/4334
f 2908/4490/4334 2817/4514/4357 2909/4515/4358
f 2908/4490/4334 2909/4515/4358 2904/4491/4335
f 2904/4491/4335 2909/4515/4358 2905/4516/4359
f 2904/4491/4335 2905/4516/4359 2900/4492/4336
f 2900/4492/4336 2905/4516/4359 2901/4517/4360
f 2900/4492/4336 2901/4517/4360 2896/4493/4337
f 2896/4493/4337 2901/4517/4360 2897/4518/4361
f 2896/4493/4337 2897/4518/4361 2892/4494/4338
f 2892/4494/4338 2897/4518/4361 2893/4519/4362
f 2892/4494/4338 2893/4519/4362 2888/4495/4339
f 2888/4495/4339 2893/4519/4362 2889/4520/4363
f 2888/4495/4339 2889/4520/4363 2884/4496/4340
f 2884/4496/4340 2889/4520/4363 2885/4521/4364
f 2884/4496/4340 2885/4521/4364 2880/4497/4341
f 2880/4497/4341 2885/4521/4364 2881/4522/4365
f 2880/4497/4341 2881/4522/4365 2876/4498/4342
f 2876/4498/4342 2881/4522/4365 2877/4523/4366
f 2876/4498/4342 2877/4523/4366 2872/4499/4343
f 2872/4499/4343 2877/4523/4366 2873/4524/4367
f 2872/4499/4343 2873/4524/4367 2868/4500/4344
f 2868/4500/4344 2873/4524/4367 2869/4525/4368
f 2868/4500/4344 2869/4525/4368 2864/4501/4345
f 2864/4501/4345 2869/4525/4368 2865/4526/4369
f 2864/4501/4345 2865/4526/4369 2860/4502/4346
f 2860/4502/4346 2865/4526/4369 2861/4527/4370
f 2860/4502/4346 2861/4527/4370 2856/4503/4347
f 2856/4503/4347 2861/4527/4370 2857/4528/4371
f 2856/4503/4347 2857/4528/4371 2852/4504/4348
f 2852/4504/4348 2857/4528/4371 2853/4529/4372
f 2852/4504/4348 2853/4529/4372 2848/4505/4349
f 2848/4505/4349 2853/4529/4372 2849/4530/4373
f 2848/4505/4349 2849/4530/4373 2844/4506/4350
f 2844/4506/4350 2849/4530/4373 2845/4531/4374
f 2844/4506/4350 2845/4531/4374 2840/4507/4351
f 2840/4507/4351 2845/4531/4374 2841/4532/4375
f 2840/4507/4351 2841/4532/4375 2836/4508/4352
f 2836/4508/4352 2841/4532/4375 2837/4533/4376
f 2836/4508/4352 2837/4533/4376 2832/4509/4353
f 2832/4509/4353 2837/4533/4376 2833/4534/4377
f 2832/4509/4353 2833/4534/4377 2828/4510/4354
f 2828/4510/4354 2833/4534/4377 2829/4535/4378
f 2828/4510/4354 2829/4535/4378 2824/4511/4355
f 2824/4511/4355 2829/4535/4378 2825/4536/4379
f 2824/4511/4355 2825/4536/4379 2820/4512/4356
f 2820/4512/4356 2825/4536/4379 2821/4537/4380
f 2820/4512/4356 2821/4537/4380 2816/4513/4333
f 2816/4513/4333 2821/4537/4380 2817/4538/4357
f 2817/4514/4357 2818/4442/4288 2909/4515/4358
f 2909/4515/4358 2818/4442/4288 2910/4440/4286
f 2909/4515/4358 2910/4440/4286 2905/4516/4359
f 2905/4516/4359 2910/4440/4286 2906/4488/4332
f 2905/4516/4359 2906/4488/4332 2901/4517/4360
f 2901/4517/4360 2906/4488/4332 2902/4486/4330
f 2901/4517/4360 2902/4486/4330 2897/4518/4361
f 2897/4518/4361 2902/4486/4330 2898/4484/4328
f 2897/4518/4361 2898/4484/4328 2893/4519/4362
f 2893/4519/4362 2898/4484/4328 2894/4482/4326
f 2893/4519/4362 2894/4482/4326 2889/4520/4363
f 2889/4520/4363 2894/4482/4326 2890/4480/4324
f 2889/4520/4363 2890/4480/4324 2885/4521/4364
f 2885/4521/4364 2890/4480/4324 2886/4478/4322
f 2885/4521/4364 2886/4478/4322 2881/4522/4365
f 2881/4522/4365 2886/4478/4322 2882/4476/4320
f 2881/4522/4365 2882/4476/4320 2877/4523/4366
f 2877/4523/4366 2882/4476/4320 2878/4474/4318
f 2877/4523/4366 2878/4474/4318 2873/4524/4367
f 2873/4524/4367 2878/4474/4318 2874/4472/4316
f 2873/4524/4367 2874/4472/4316 2869/4525/4368
f 2869/4525/4368 2874/4472/4316 2870/4470/4314
f 2869/4525/4368 2870/4470/4314 2865/4526/4369
f 2865/4526/4369 2870/4470/4314 2866/4468/4312
f 2865/4526/4369 2866/4468/4312 2861/4527/4370
f 2861/4527/4370 2866/4468/4312 2862/4466/4310
f 2861/4527/4370 2862/4466/4310 2857/4528/4371
f 2857/4528/4371 2862/4466/4310 2858/4464/4308
f 2857/4528/4371 2858/4464/4308 2853/4529/4372
f 2853/4529/4372 2858/4464/4308 2854/4462/4306
f 2853/4529/4372 2854/4462/4306 2849/4530/4373
f 2849/4530/4373 2854/4462/4306 2850/4460/4304
f 2849/4530/4373 2850/4460/4304 2845/4531/4374
f 2845/4531/4374 2850/4460/4304 2846/4458/4302
f 2845/4531/4374 2846/4458/4302 2841/4532/4375
f 2841/4532/4375 2846/4458/4302 2842/4456/4300
f 2841/4532/4375 2842/4456/4300 2837/4533/4376
f 2837/4533/4376 2842/4456/4300 2838/4454/4298
f 2837/4533/4376 2838/4454/4298 2833/4534/4377
f 2833/4534/4377 2838/4454/4298 2834/4452/4296
f 2833/4534/4377 2834/4452/4296 2829/4535/4378
f 2829/4535/4378 2834/4452/4296 2830/4450/4294
f 2829/4535/4378 2830/4450/4294 2825/4536/4379
f 2825/4536/4379 2830/4450/4294 2826/4448/4292
f 2825/4536/4379 2826/4448/4292 2821/4537/4380
f 2821/4537/4380 2826/4448/4292 2822/4446/4290
f 2821/4537/4380 2822/4446/4290 2817/4538/4357
f 2817/4538/4357 2822/4446/4290 2818/4444/4288
f 2912/4539/4381 2922/4540/4382 2911/4541/4383
f 2911/4541/4383 2922/4540/4382 2923/4542/4384
f 2911/4541/4383 2923/4542/4384 2934/4543/4385
f 2934/4543/4385 2923/4542/4384 2924/4544/4386
f 2934/4543/4385 2924/4544/4386 2933/4545/4387
f 2933/4545/4387 2924/4544/4386 2925/4546/4388
f 2933/4545/4387 2925/4546/4388 2932/4547/4389
f 2932/4547/4389 2925/4546/4388 2926/4548/4390
f 2932/4547/4389 2926/4548/4390 2931/4549/4391
f 2931/4549/4391 2926/4548/4390 2927/4550/4392
f 2931/4549/4391 2927/4550/4392 2930/4551/4393
f 2930/4551/4393 2927/4550/4392 2928/4552/4394
f 2930/4551/4393 2928/4552/4394 2929/4553/4395
f 2922/4540/4382 2912/4539/4381 2921/4554/4396
f 2921/4554/4396 2912/4539/4381 2913/4555/4397
f 2921/4554/4396 2913/4555/4397 2920/4556/4398
f 2920/4556/4398 2913/4555/4397 2914/4557/4399
f 2920/4556/4398 2914/4557/4399 2919/4558/4400
f 2919/4558/4400 2914/4557/4399 2915/4559/4401
f 2919/4558/4400 2915/4559/4401 2918/4560/4402
f 2918/4560/4402 2915/4559/4401 2916/4561/4403
f 2918/4560/4402 2916/4561/4403 2917/4562/4404
f 2936/4563/4405 2963/4564/4406 2935/4565/4407
f 2935/4565/4407 2963/4564/4406 2959/4566/4408
f 2935/4567/4407 2959/4568/4408 2958/4569/4409
f 2958/4569/4409 2959/4568/4408 3051/4570/4410
f 2958/4569/4409 3051/4570/4410 2957/4571/4411
f 2957/4571/4411 3051/4570/4410 3047/4572/4412
f 2957/4571/4411 3047/4572/4412 2956/4573/4413
f 2956/4573/4413 3047/4572/4412 3043/4574/4414
f 2956/4573/4413 3043/4574/4414 2955/4575/4415
f 2955/4575/4415 3043/4574/4414 3039/4576/4416
f 2955/4575/4415 3039/4576/4416 2954/4577/4417
f 2954/4577/4417 3039/4576/4416 3035/4578/4418
f 2954/4577/4417 3035/4578/4418 2953/4579/4419
f 2953/4579/4419 3035/4578/4418 3031/4580/4420
f 2953/4579/4419 3031/4580/4420 2952/4581/4421
f 2952/4581/4421 3031/4580/4420 3027/4582/4422
f 2952/4581/4421 3027/4582/4422 2951/4583/4423
f 2951/4583/4423 3027/4582/4422 3023/4584/4424
f 2951/4583/4423 3023/4584/4424 2950/4585/4425
f 2950/4585/4425 3023/4584/4424 3019/4586/4426
f 2950/4585/4425 3019/4586/4426 2949/4587/4427
f 2949/4587/4427 3019/4586/4426 3015/4588/4428
f 2949/4587/4427 3015/4588/4428 2948/4589/4429
f 2948/4589/4429 3015/4588/4428 3011/4590/4430
f 2948/4589/4429 3011/4590/4430 2947/4591/4431
f 2947/4591/4431 3011/4590/4430 3007/4592/4432
f 2947/4591/4431 3007/4592/4432 2946/4593/4433
f 2946/4593/4433 3007/4592/4432 3003/4594/4434
f 2946/4593/4433 3003/4594/4434 2945/4595/4435
f 2945/4595/4435 3003/4594/4434 2999/4596/4436
f 2945/4595/4435 2999/4596/4436 2944/4597/4437
f 2944/4597/4437 2999/4596/4436 2995/4598/4438
f 2944/4597/4437 2995/4598/4438 2943/4599/4439
f 2943/4599/4439 2995/4598/4438 2991/4600/4440
f 2943/4599/4439 2991/4600/4440 2942/4601/4441
f 2942/4601/4441 2991/4600/4440 2987/4602/4442
f 2942/4601/4441 2987/4602/4442 2941/4603/4443
f 2941/4603/4443 2987/4602/4442 2983/4604/4444
f 2941/4603/4443 2983/4604/4444 2940/4605/4445
f 2940/4605/4445 2983/4604/4444 2979/4606/4446
f 2940/4605/4445 2979/4606/4446 2939/4607/4447
f 2939/4607/4447 2979/4606/4446 2975/4608/4448
f 2939/4607/4447 2975/4608/4448 2938/4609/4449
f 2938/4609/4449 2975/4608/4448 2971/4610/4450
f 2938/4609/4449 2971/4610/4450 2937/4611/4451
f 2937/4611/4451 2971/4610/4450 2967/4612/4452
f 2937/4611/4451 2967/4612/4452 2936/4563/4405
f 2936/4563/4405 2967/4612/4452 2963/4564/4406
f 2934/4613/4453 3054/4614/4454 2911/4615/4455
f 2911/4615/4455 3054/4614/4454 2962/4616/4456
f 2911/4617/4455 2962/4618/4456 2912/4619/4457
f 2912/4619/4457 2962/4618/4456 2966/4620/4458
f 2912/4619/4457 2966/4620/4458 2913/4621/4459
f 2913/4621/4459 2966/4620/4458 2970/4622/4460
f 2913/4621/4459 2970/4622/4460 2914/4623/4461
f 2914/4623/4461 2970/4622/4460 2974/4624/4462
f 2914/4623/4461 2974/4624/4462 2915/4625/4463
f 2915/4625/4463 2974/4624/4462 2978/4626/4464
f 2915/4625/4463 2978/4626/4464 2916/4627/4465
f 2916/4627/4465 2978/4626/4464 2982/4628/4466
f 2916/4627/4465 2982/4628/4466 2917/4629/4467
f 2917/4629/4467 2982/4628/4466 2986/4630/4468
f 2917/4629/4467 2986/4630/4468 2918/4631/4469
f 2918/4631/4469 2986/4630/4468 2990/4632/4470
f 2918/4631/4469 2990/4632/4470 2919/4633/4471
f 2919/4633/4471 2990/4632/4470 2994/4634/4472
f 2919/4633/4471 2994/4634/4472 2920/4635/4473
f 2920/4635/4473 2994/4634/4472 2998/4636/4474
f 2920/4635/4473 2998/4636/4474 2921/4637/4475
f 2921/4637/4475 2998/4636/4474 3002/4638/4476
f 2921/4637/4475 3002/4638/4476 2922/4639/4477
f 2922/4639/4477 3002/4638/4476 3006/4640/4478
f 2922/4639/4477 3006/4640/4478 2923/4641/4479
f 2923/4641/4479 3006/4640/4478 3010/4642/4480
f 2923/4641/4479 3010/4642/4480 2924/4643/4481
f 2924/4643/4481 3010/4642/4480 3014/4644/4482
f 2924/4643/4481 3014/4644/4482 2925/4645/4483
f 2925/4645/4483 3014/4644/4482 3018/4646/4484
f 2925/4645/4483 3018/4646/4484 2926/4647/4485
f 2926/4647/4485 3018/4646/4484 3022/4648/4486
f 2926/4647/4485 3022/4648/4486 2927/4649/4487
f 2927/4649/4487 3022/4648/4486 3026/4650/4488
f 2927/4649/4487 3026/4650/4488 2928/4651/4489
f 2928/4651/4489 3026/4650/4488 3030/4652/4490
f 2928/4651/4489 3030/4652/4490 2929/4653/4491
f 2929/4653/4491 3030/4652/4490 3034/4654/4492
f 2929/4653/4491 3034/4654/4492 2930/4655/4493
f 2930/4655/4493 3034/4654/4492 3038/4656/4494
f 2930/4655/4493 3038/4656/4494 2931/4657/4495
f 2931/4657/4495 3038/4656/4494 3042/4658/4496
f 2931/4657/4495 3042/4658/4496 2932/4659/4497
f 2932/4659/4497 3042/4658/4496 3046/4660/4498
f 2932/4659/4497 3046/4660/4498 2933/4661/4499
f 2933/4661/4499 3046/4660/4498 3050/4662/4500
f 2933/4661/4499 3050/4662/4500 2934/4613/4453
f 2934/4613/4453 3050/4662/4500 3054/4614/4454
f 2959/4568/4408 2960/4663/4501 3051/4570/4410
f 3051/4570/4410 2960/4663/4501 3052/4664/4502
f 3051/4570/4410 3052/4664/4502 3047/4572/4412
f 3047/4572/4412 3052/4664/4502 3048/4665/4503
f 3047/4572/4412 3048/4665/4503 3043/4574/4414
f 3043/4574/4414 3048/4665/4503 3044/4666/4504
f 3043/4574/4414 3044/4666/4504 3039/4576/4416
f 3039/4576/4416 3044/4666/4504 3040/4667/4505
f 3039/4576/4416 3040/4667/4505 3035/4578/4418
f 3035/4578/4418 3040/4667/4505 3036/4668/4506
f 3035/4578/4418 3036/4668/4506 3031/4580/4420
f 3031/4580/4420 3036/4668/4506 3032/4669/4507
f 3031/4580/4420 3032/4669/4507 3027/4582/4422
f 3027/4582/4422 3032/4669/4507 3028/4670/4508
f 3027/4582/4422 3028/4670/4508 3023/4584/4424
f 3023/4584/4424 3028/4670/4508 3024/4671/4509
f 3023/4584/4424 3024/4671/4509 3019/4586/4426
f 3019/4586/4426 3024/4671/4509 3020/4672/4510
f 3019/4586/4426 3020/4672/4510 3015/4588/4428
f 3015/4588/4428 3020/4672/4510 3016/4673/4511
f 3015/4588/4428 3016/4673/4511 3011/4590/4430
f 3011/4590/4430 3016/4673/4511 3012/4674/4512
f 3011/4590/4430 3012/4674/4512 3007/4592/4432
f 3007/4592/4432 3012/4674/4512 3008/4675/4513
f 3007/4592/4432 3008/4675/4513 3003/4594/4434
f 3003/4594/4434 3008/4675/4513 3004/4676/4514
f 3003/4594/4434 3004/4676/4514 2999/4596/4436
f 2999/4596/4436 3004/4676/4514 3000/4677/4515
f 2999/4596/4436 3000/4677/4515 2995/4598/4438
f 2995/4598/4438 3000/4677/4515 2996/4678/4516
f 2995/4598/4438 2996/4678/4516 2991/4600/4440
f 2991/4600/4440 2996/4678/4516 2992/4679/4517
f 2991/4600/4440 2992/4679/4517 2987/4602/4442
f 2987/4602/4442 2992/4679/4517 2988/4680/4518
f 2987/4602/4442 2988/4680/4518 2983/4604/4444
f 2983/4604/4444 2988/4680/4518 2984/4681/4519
f 2983/4604/4444 2984/4681/4519 2979/4606/4446
f 2979/4606/4446 2984/4681/4519 2980/4682/4520
f 2979/4606/4446 2980/4682/4520 2975/4608/4448
f 2975/4608/4448 2980/4682/4520 2976/4683/4521
f 2975/4608/4448 2976/4683/4521 2971/4610/4450
f 2971/4610/4450 2976/4683/4521 2972/4684/4522
f 2971/4610/4450 2972/4684/4522 2967/4612/4452
f 2967/4612/4452 2972/4684/4522 2968/4685/4523
f 2967/4612/4452 2968/4685/4523 2963/4564/4406
f 2963/4564/4406 2968/4685/4523 2964/4686/4524
f 2963/4564/4406 2964/4686/4524 2959/4566/4408
f 2959/4566/4408 2964/4686/4524 2960/4687/4501
f 2960/4663/4501 2961/4688/4525 3052/4664/4502
f 3052/4664/4502 2961/4688/4525 3053/4689/4526
f 3052/4664/4502 3053/4689/4526 3048/4665/4503
f 3048/4665/4503 3053/4689/4526 3049/4690/4527
f 3048/4665/4503 3049/4690/4527 3044/4666/4504
f 3044/4666/4504 3049/4690/4527 3045/4691/4528
f 3044/4666/4504 3045/4691/4528 3040/4667/4505
f 3040/4667/4505 3045/4691/4528 3041/4692/4529
f 3040/4667/4505 3041/4692/4529 3036/4668/4506
f 3036/4668/4506 3041/4692/4529 3037/4693/4530
f 3036/4668/4506 3037/4693/4530 3032/4669/4507
f 3032/4669/4507 3037/4693/4530 3033/4694/4531
f 3032/4669/4507 3033/4694/4531 3028/4670/4508
f 3028/4670/4508 3033/4694/4531 3029/4695/4532
f 3028/4670/4508 3029/4695/4532 3024/4671/4509
f 3024/4671/4509 3029/4695/4532 3025/4696/4533
f 3024/4671/4509 3025/4696/4533 3020/4672/4510
f 3020/4672/4510 3025/4696/4533 3021/4697/4534
f 3020/4672/4510 3021/4697/4534 3016/4673/4511
f 3016/4673/4511 3021/4697/4534 3017/4698/4535
f 3016/4673/4511 3017/4698/4535 3012/4674/4512
f 3012/4674/4512 3017/4698/4535 3013/4699/4536
f 3012/4674/4512 3013/4699/4536 3008/4675/4513
f 3008/4675/4513 3013/4699/4536 3009/4700/4537
f 3008/4675/4513 3009/4700/4537 3004/4676/4514
f 3004/4676/4514 3009/4700/4537 3005/4701/4538
f 3004/4676/4514 3005/4701/4538 3000/4677/4515
f 3000/4677/4515 3005/4701/4538 3001/4702/4539
f 3000/4677/4515 3001/4702/4539 2996/4678/4516
f 2996/4678/4516 3001/4702/4539 2997/4703/4540
f 2996/4678/4516 2997/4703/4540 2992/4679/4517
f 2992/4679/4517 2997/4703/4540 2993/4704/4541
f 2992/4679/4517 2993/4704/4541 2988/4680/4518
f 2988/4680/4518 2993/4704/4541 2989/4705/4542
f 2988/4680/4518 2989/4705/4542 2984/4681/4519
f 2984/4681/4519 2989/4705/4542 2985/4706/4543
f 2984/4681/4519 2985/4706/4543 2980/4682/4520
f 2980/4682/4520 2985/4706/4543 2981/4707/4544
f 2980/4682/4520 2981/4707/4544 2976/4683/4521
f 2976/4683/4521 2981/4707/4544 2977/4708/4545
f 2976/4683/4521 2977/4708/4545 2972/4684/4522
f 2972/4684/4522 2977/4708/4545 2973/4709/4546
f 2972/4684/4522 2973/4709/4546 2968/4685/4523
f 2968/4685/4523 2973/4709/4546 2969/4710/4547
f 2968/4685/4523 2969/4710/4547 2964/4686/4524
f 2964/4686/4524 2969/4710/4547 2965/4711/4548
f 2964/4686/4524 2965/4711/4548 2960/4687/4501
f 2960/4687/4501 2965/4711/4548 2961/4712/4525
f 2961/4688/4525 2962/4616/4456 3053/4689/4526
f 3053/4689/4526 2962/4616/4456 3054/4614/4454
f 3053/4689/4526 3054/4614/4454 3049/4690/4527
f 3049/4690/4527 3054/4614/4454 3050/4662/4500
f 3049/4690/4527 3050/4662/4500 3045/4691/4528
f 3045/4691/4528 3050/4662/4500 3046/4660/4498
f 3045/4691/4528 3046/4660/4498 3041/4692/4529
f 3041/4692/4529 3046/4660/4498 3042/4658/4496
f 3041/4692/4529 3042/4658/4496 3037/4693/4530
f 3037/4693/4530 3042/4658/4496 3038/4656/4494
f 3037/4693/4530 3038/4656/4494 3033/4694/4531
f 3033/4694/4531 3038/4656/4494 3034/4654/4492
f 3033/4694/4531 3034/4654/4492 3029/4695/4532
f 3029/4695/4532 3034/4654/4492 3030/4652/4490
f 3029/4695/4532 3030/4652/4490 3025/4696/4533
f 3025/4696/4533 3030/4652/4490 3026/4650/4488
f 3025/4696/4533 3026/4650/4488 3021/4697/4534
f 3021/4697/4534 3026/4650/4488 3022/4648/4486
f 3021/4697/4534 3022/4648/4486 3017/4698/4535
f 3017/4698/4535 3022/4648/4486 3018/4646/4484
f 3017/4698/4535 3018/4646/4484 3013/4699/4536
f 3013/4699/4536 3018/4646/4484 3014/4644/4482
f 3013/4699/4536 3014/4644/4482 3009/4700/4537
f 3009/4700/4537 3014/4644/4482 3010/4642/4480
f 3009/4700/4537 3010/4642/4480 3005/4701/4538
f 3005/4701/4538 3010/4642/4480 3006/4640/4478
f 3005/4701/4538 3006/4640/4478 3001/4702/4539
f 3001/4702/4539 3006/4640/4478 3002/4638/4476
f 3001/4702/4539 3002/4638/4476 2997/4703/4540
f 2997/4703/4540 3002/4638/4476 2998/4636/4474
f 2997/4703/4540 2998/4636/4474 2993/4704/4541
f 2993/4704/4541 2998/4636/4474 2994/4634/4472
f 2993/4704/4541 2994/4634/4472 2989/4705/4542
f 2989/4705/4542 2994/4634/4472 2990/4632/4470
f 2989/4705/4542 2990/4632/4470 2985/4706/4543
f 2985/4706/4543 2990/4632/4470 2986/4630/4468
f 2985/4706/4543 2986/4630/4468 2981/4707/4544
f 2981/4707/4544 2986/4630/4468 2982/4628/4466
f 2981/4707/4544 2982/4628/4466 2977/4708/4545
f 2977/4708/4545 2982/4628/4466 2978/4626/4464
f 2977/4708/4545 2978/4626/4464 2973/4709/4546
f 2973/4709/4546 2978/4626/4464 2974/4624/4462
f 2973/4709/4546 2974/4624/4462 2969/4710/4547
f 2969/4710/4547 2974/4624/4462 2970/4622/4460
f 2969/4710/4547 2970/4622/4460 2965/4711/4548
f 2965/4711/4548 2970/4622/4460 2966/4620/4458
f 2965/4711/4548 2966/4620/4458 2961/4712/4525
f 2961/4712/4525 2966/4620/4458 2962/4618/4456
f 3056/4713/4549 3066/4714/4550 3055/4715/4551
f 3055/4715/4551 3066/4714/4550 3067/4716/4552
f 3055/4715/4551 3067/4716/4552 3078/4717/4553
f 3078/4717/4553 3067/4716/4552 3068/4718/4554
f 3078/4717/4553 3068/4718/4554 3077/4719/4555
f 3077/4719/4555 3068/4718/4554 3069/4720/4556
f 3077/4719/4555 3069/4720/4556 3076/4721/4557
f 3076/4721/4557 3069/4720/4556 3070/4722/4558
f 3076/4721/4557 3070/4722/4558 3075/4723/4559
f 3075/4723/4559 3070/4722/4558 3071/4724/4560
f 3075/4723/4559 3071/4724/4560 3074/4725/4561
f 3074/4725/4561 3071/4724/4560 3072/4726/4562
f 3074/4725/4561 3072/4726/4562 3073/4727/4563
f 3066/4714/4550 3056/4713/4549 3065/4728/4564
f 3065/4728/4564 3056/4713/4549 3057/4729/4565
f 3065/4728/4564 3057/4729/4565 3064/4730/4566
f 3064/4730/4566 3057/4729/4565 3058/4731/4567
f 3064/4730/4566 3058/4731/4567 3063/4732/4568
f 3063/4732/4568 3058/4731/4567 3059/4733/4569
f 3063/4732/4568 3059/4733/4569 3062/4734/4570
f 3062/4734/4570 3059/4733/4569 3060/4735/4571
f 3062/4734/4570 3060/4735/4571 3061/4736/4572
f 3080/4737/4573 3107/4738/4574 3079/4739/4575
f 3079/4739/4575 3107/4738/4574 3103/4740/4576
f 3079/4741/4575 3103/4742/4576 3102/4743/4577
f 3102/4743/4577 3103/4742/4576 3195/4744/4578
f 3102/4743/4577 3195/4744/4578 3101/4745/4579
f 3101/4745/4579 3195/4744/4578 3191/4746/4580
f 3101/4745/4579 3191/4746/4580 3100/4747/4581
f 3100/4747/4581 3191/4746/4580 3187/4748/4582
f 3100/4747/4581 3187/4748/4582 3099/4749/4583
f 3099/4749/4583 3187/4748/4582 3183/4750/4584
f 3099/4749/4583 3183/4750/4584 3098/4751/4585
f 3098/4751/4585 3183/4750/4584 3179/4752/4586
f 3098/4751/4585 3179/4752/4586 3097/4753/4587
f 3097/4753/4587 3179/4752/4586 3175/4754/4588
f 3097/4753/4587 3175/4754/4588 3096/4755/4589
f 3096/4755/4589 3175/4754/4588 3171/4756/4590
f 3096/4755/4589 3171/4756/4590 3095/4757/4591
f 3095/4757/4591 3171/4756/4590 3167/4758/4592
f 3095/4757/4591 3167/4758/4592 3094/4759/4593
f 3094/4759/4593 3167/4758/4592 3163/4760/4594
f 3094/4759/4593 3163/4760/4594 3093/4761/4595
f 3093/4761/4595 3163/4760/4594 3159/4762/4596
f 3093/4761/4595 3159/4762/4596 3092/4763/4597
f 3092/4763/4597 3159/4762/4596 3155/4764/4598
f 3092/4763/4597 3155/4764/4598 3091/4765/4599
f 3091/4765/4599 3155/4764/4598 3151/4766/4600
f 3091/4765/4599 3151/4766/4600 3090/4767/4601
f 3090/4767/4601 3151/4766/4600 3147/4768/4602
f 3090/4767/4601 3147/4768/4602 3089/4769/4603
f 3089/4769/4603 3147/4768/4602 3143/4770/4604
f 3089/4769/4603 3143/4770/4604 3088/4771/4605
f 3088/4771/4605 3143/4770/4604 3139/4772/4606
f 3088/4771/4605 3139/4772/4606 3087/4773/4607
f 3087/4773/4607 3139/4772/4606 3135/4774/4608
f 3087/4773/4607 3135/4774/4608 3086/4775/4609
f 3086/4775/4609 3135/4774/4608 3131/4776/4610
f 3086/4775/4609 3131/4776/4610 3085/4777/4611
f 3085/4777/4611 3131/4776/4610 3127/4778/4612
f 3085/4777/4611 3127/4778/4612 3084/4779/4613
f 3084/4779/4613 3127/4778/4612 3123/4780/4614
f 3084/4779/4613 3123/4780/4614 3083/4781/4615
f 3083/4781/4615 3123/4780/4614 3119/4782/4616
f 3083/4781/4615 3119/4782/4616 3082/4783/4617
f 3082/4783/4617 3119/4782/4616 3115/4784/4618
f 3082/4783/4617 3115/4784/4618 3081/4785/4619
f 3081/4785/4619 3115/4784/4618 3111/4786/4620
f 3081/4785/4619 3111/4786/4620 3080/4737/4573
f 3080/4737/4573 3111/4786/4620 3107/4738/4574
f 3078/4787/4621 3198/4788/4622 3055/4789/4623
f 3055/4789/4623 3198/4788/4622 3106/4790/4624
f 3055/4791/4623 3106/4792/4624 3056/4793/4625
f 3056/4793/4625 3106/4792/4624 3110/4794/4626
f 3056/4793/4625 3110/4794/4626 3057/4795/4627
f 3057/4795/4627 3110/4794/4626 3114/4796/4628
f 3057/4795/4627 3114/4796/4628 3058/4797/4629
f 3058/4797/4629 3114/4796/4628 3118/4798/4630
f 3058/4797/4629 3118/4798/4630 3059/4799/4631
f 3059/4799/4631 3118/4798/4630 3122/4800/4632
f 3059/4799/4631 3122/4800/4632 3060/4801/4633
f 3060/4801/4633 3122/4800/4632 3126/4802/4634
f 3060/4801/4633 3126/4802/4634 3061/4803/4635
f 3061/4803/4635 3126/4802/4634 3130/4804/4636
f 3061/4803/4635 3130/4804/4636 3062/4805/4637
f 3062/4805/4637 3130/4804/4636 3134/4806/4638
f 3062/4805/4637 3134/4806/4638 3063/4807/4639
f 3063/4807/4639 3134/4806/4638 3138/4808/4640
f 3063/4807/4639 3138/4808/4640 3064/4809/4641
f 3064/4809/4641 3138/4808/4640 3142/4810/4642
f 3064/4809/4641 3142/4810/4642 3065/4811/4643
f 3065/4811/4643 3142/4810/4642 3146/4812/4644
f 3065/4811/4643 3146/4812/4644 3066/4813/4645
f 3066/4813/4645 3146/4812/4644 3150/4814/4646
f 3066/4813/4645 3150/4814/4646 3067/4815/4647
f 3067/4815/4647 3150/4814/4646 3154/4816/4648
f 3067/4815/4647 3154/4816/4648 3068/4817/4649
f 3068/4817/4649 3154/4816/4648 3158/4818/4650
f 3068/4817/4649 3158/4818/4650 3069/4819/4651
f 3069/4819/4651 3158/4818/4650 3162/4820/4652
f 3069/4819/4651 3162/4820/4652 3070/4821/4653
f 3070/4821/4653 3162/4820/4652 3166/4822/4654
f 3070/4821/4653 3166/4822/4654 3071/4823/4655
f 3071/4823/4655 3166/4822/4654 3170/4824/4656
f 3071/4823/4655 3170/4824/4656 3072/4825/4657
f 3072/4825/4657 3170/4824/4656 3174/4826/4658
f 3072/4825/4657 3174/4826/4658 3073/4827/4659
f 3073/4827/4659 3174/4826/4658 3178/4828/4660
f 3073/4827/4659 3178/4828/4660 3074/4829/4661
f 3074/4829/4661 3178/4828/4660 3182/4830/4662
f 3074/4829/4661 3182/4830/4662 3075/4831/4663
f 3075/4831/4663 3182/4830/4662 3186/4832/4664
f 3075/4831/4663 3186/4832/4664 3076/4833/4665
f 3076/4833/4665 3186/4832/4664 3190/4834/4666
f 3076/4833/4665 3190/4834/4666 3077/4835/4667
f 3077/4835/4667 3190/4834/4666 3194/4836/4668
f 3077/4835/4667 3194/4836/4668 3078/4787/4621
f 3078/4787/4621 3194/4836/4668 3198/4788/4622
f 3103/4742/4576 3104/4837/4669 3195/4744/4578
f 3195/4744/4578 3104/4837/4669 3196/4838/4670
f 3195/4744/4578 3196/4838/4670 3191/4746/4580
f 3191/4746/4580 3196/4838/4670 3192/4839/4671
f 3191/4746/4580 3192/4839/4671 3187/4748/4582
f 3187/4748/4582 3192/4839/4671 3188/4840/4672
f 3187/4748/4582 3188/4840/4672 3183/4750/4584
f 3183/4750/4584 3188/4840/4672 3184/4841/4673
f 3183/4750/4584 3184/4841/4673 3179/4752/4586
f 3179/4752/4586 3184/4841/4673 3180/4842/4674
f 3179/4752/4586 3180/4842/4674 3175/4754/4588
f 3175/4754/4588 3180/4842/4674 3176/4843/4675
f 3175/4754/4588 3176/4843/4675 3171/4756/4590
f 3171/4756/4590 3176/4843/4675 3172/4844/4676
f 3171/4756/4590 3172/4844/4676 3167/4758/4592
f 3167/4758/4592 3172/4844/4676 3168/4845/4677
f 3167/4758/4592 3168/4845/4677 3163/4760/4594
f 3163/4760/4594 3168/4845/4677 3164/4846/4678
f 3163/4760/4594 3164/4846/4678 3159/4762/4596
f 3159/4762/4596 3164/4846/4678 3160/4847/4679
f 3159/4762/4596 3160/4847/4679 3155/4764/4598
f 3155/4764/4598 3160/4847/4679 3156/4848/4680
f 3155/4764/4598 3156/4848/4680 3151/4766/4600
f 3151/4766/4600 3156/4848/4680 3152/4849/4681
f 3151/4766/4600 3152/4849/4681 3147/4768/4602
f 3147/4768/4602 3152/4849/4681 3148/4850/4682
f 3147/4768/4602 3148/4850/4682 3143/4770/4604
f 3143/4770/4604 3148/4850/4682 3144/4851/4683
f 3143/4770/4604 3144/4851/4683 3139/4772/4606
f 3139/4772/4606 3144/4851/4683 3140/4852/4684
f 3139/4772/4606 3140/4852/4684 3135/4774/4608
f 3135/4774/4608 3140/4852/4684 3136/4853/4685
f 3135/4774/4608 3136/4853/4685 3131/4776/4610
f 3131/4776/4610 3136/4853/4685 3132/4854/4686
f 3131/4776/4610 3132/4854/4686 3127/4778/4612
f 3127/4778/4612 3132/4854/4686 3128/4855/4687
f 3127/4778/4612 3128/4855/4687 3123/4780/4614
f 3123/4780/4614 3128/4855/4687 3124/4856/4688
f 3123/4780/4614 3124/4856/4688 3119/4782/4616
f 3119/4782/4616 3124/4856/4688 3120/4857/4689
f 3119/4782/4616 3120/4857/4689 3115/4784/4618
f 3115/4784/4618 3120/4857/4689 3116/4858/4690
f 3115/4784/4618 3116/4858/4690 3111/4786/4620
f 3111/4786/4620 3116/4858/4690 3112/4859/4691
f 3111/4786/4620 3112/4859/4691 3107/4738/4574
f 3107/4738/4574 3112/4859/4691 3108/4860/4692
f 3107/4738/4574 3108/4860/4692 3103/4740/4576
f 3103/4740/4576 3108/4860/4692 3104/4861/4669
f 3104/4837/4669 3105/4862/4693 3196/4838/4670
f 3196/4838/4670 3105/4862/4693 3197/4863/4694
f 3196/4838/4670 3197/4863/4694 3192/4839/4671
f 3192/4839/4671 3197/4863/4694 3193/4864/4695
f 3192/4839/4671 3193/4864/4695 3188/4840/4672
f 3188/4840/4672 3193/4864/4695 3189/4865/4696
f 3188/4840/4672 3189/4865/4696 3184/4841/4673
f 3184/4841/4673 3189/4865/4696 3185/4866/4697
f 3184/4841/4673 3185/4866/4697 3180/4842/4674
f 3180/4842/4674 3185/4866/4697 3181/4867/4698
f 3180/4842/4674 3181/4867/4698 3176/4843/4675
f 3176/4843/4675 3181/4867/4698 3177/4868/4699
f 3176/4843/4675 3177/4868/4699 3172/4844/4676
f 3172/4844/4676 3177/4868/4699 3173/4869/4700
f 3172/4844/4676 3173/4869/4700 3168/4845/4677
f 3168/4845/4677 3173/4869/4700 3169/4870/4701
f 3168/4845/4677 3169/4870/4701 3164/4846/4678
f 3164/4846/4678 3169/4870/4701 3165/4871/4702
f 3164/4846/4678 3165/4871/4702 3160/4847/4679
f 3160/4847/4679 3165/4871/4702 3161/4872/4703
f 3160/4847/4679 3161/4872/4703 3156/4848/4680
f 3156/4848/4680 3161/4872/4703 3157/4873/4704
f 3156/4848/4680 3157/4873/4704 3152/4849/4681
f 3152/4849/4681 3157/4873/4704 3153/4874/4705
f 3152/4849/4681 3153/4874/4705 3148/4850/4682
f 3148/4850/4682 3153/4874/4705 3149/4875/4706
f 3148/4850/4682 3149/4875/4706 3144/4851/4683
f 3144/4851/4683 3149/4875/4706 3145/4876/4707
f 3144/4851/4683 3145/4876/4707 3140/4852/4684
f 3140/4852/4684 3145/4876/4707 3141/4877/4708
f 3140/4852/4684 3141/4877/4708 3136/4853/4685
f 3136/4853/4685 3141/4877/4708 3137/4878/4709
f 3136/4853/4685 3137/4878/4709 3132/4854/4686
f 3132/4854/4686 3137/4878/4709 3133/4879/4710
f 3132/4854/4686 3133/4879/4710 3128/4855/4687
f 3128/4855/4687 3133/4879/4710 3129/4880/4711
f 3128/4855/4687 3129/4880/4711 3124/4856/4688
f 3124/4856/4688 3129/4880/4711 3125/4881/4712
f 3124/4856/4688 3125/4881/4712 3120/4857/4689
f 3120/4857/4689 3125/4881/4712 3121/4882/4713
f 3120/4857/4689 3121/4882/4713 3116/4858/4690
f 3116/4858/4690 3121/4882/4713 3117/4883/4714
f 3116/4858/4690 3117/4883/4714 3112/4859/4691
f 3112/4859/4691 3117/4883/4714 3113/4884/4715
f 3112/4859/4691 3113/4884/4715 3108/4860/4692
f 3108/4860/4692 3113/4884/4715 3109/4885/4716
f 3108/4860/4692 3109/4885/4716 3104/4861/4669
f 3104/4861/4669 3109/4885/4716 3105/4886/4693
f 3105/4862/4693 3106/4790/4624 3197/4863/4694
f 3197/4863/4694 3106/4790/4624 3198/4788/4622
f 3197/4863/4694 3198/4788/4622 3193/4864/4695
f 3193/4864/4695 3198/4788/4622 3194/4836/4668
f 3193/4864/4695 3194/4836/4668 3189/4865/4696
f 3189/4865/4696 3194/4836/4668 3190/4834/4666
f 3189/4865/4696 3190/4834/4666 3185/4866/4697
f 3185/4866/4697 3190/4834/4666 3186/4832/4664
f 3185/4866/4697 3186/4832/4664 3181/4867/4698
f 3181/4867/4698 3186/4832/4664 3182/4830/4662
f 3181/4867/4698 3182/4830/4662 3177/4868/4699
f 3177/4868/4699 3182/4830/4662 3178/4828/4660
f 3177/4868/4699 3178/4828/4660 3173/4869/4700
f 3173/4869/4700 3178/4828/4660 3174/4826/4658
f 3173/4869/4700 3174/4826/4658 3169/4870/4701
f 3169/4870/4701 3174/4826/4658 3170/4824/4656
f 3169/4870/4701 3170/4824/4656 3165/4871/4702
f 3165/4871/4702 3170/4824/4656 3166/4822/4654
f 3165/4871/4702 3166/4822/4654 3161/4872/4703
f 3161/4872/4703 3166/4822/4654 3162/4820/4652
f 3161/4872/4703 3162/4820/4652 3157/4873/4704
f 3157/4873/4704 3162/4820/4652 3158/4818/4650
f 3157/4873/4704 3158/4818/4650 3153/4874/4705
f 3153/4874/4705 3158/4818/4650 3154/4816/4648
f 3153/4874/4705 3154/4816/4648 3149/4875/4706
f 3149/4875/4706 3154/4816/4648 3150/4814/4646
f 3149/4875/4706 3150/4814/4646 3145/4876/4707
f 3145/4876/4707 3150/4814/4646 3146/4812/4644
f 3145/4876/4707 3146/4812/4644 3141/4877/4708
f 3141/4877/4708 3146/4812/4644 3142/4810/4642
f 3141/4877/4708 3142/4810/4642 3137/4878/4709
f 3137/4878/4709 3142/4810/4642 3138/4808/4640
f 3137/4878/4709 3138/4808/4640 3133/4879/4710
f 3133/4879/4710 3138/4808/4640 3134/4806/4638
f 3133/4879/4710 3134/4806/4638 3129/4880/4711
f 3129/4880/4711 3134/4806/4638 3130/4804/4636
f 3129/4880/4711 3130/4804/4636 3125/4881/4712
f 3125/4881/4712 3130/4804/4636 3126/4802/4634
f 3125/4881/4712 3126/4802/4634 3121/4882/4713
f 3121/4882/4713 3126/4802/4634 3122/4800/4632
f 3121/4882/4713 3122/4800/4632 3117/4883/4714
f 3117/4883/4714 3122/4800/4632 3118/4798/4630
f 3117/4883/4714 3118/4798/4630 3113/4884/4715
f 3113/4884/4715 3118/4798/4630 3114/4796/4628
f 3113/4884/4715 3114/4796/4628 3109/4885/4716
f 3109/4885/4716 3114/4796/4628 3110/4794/4626
f 3109/4885/4716 3110/4794/4626 3105/4886/4693
f 3105/4886/4693 3110/4794/4626 3106/4792/4624
f 3200/4887/4717 3210/4888/4718 3199/4889/4719
f 3199/4889/4719 3210/4888/4718 3211/4890/4720
f 3199/4889/4719 3211/4890/4720 3222/4891/4721
f 3222/4891/4721 3211/4890/4720 3212/4892/4722
f 3222/4891/4721 3212/4892/4722 3221/4893/4723
f 3221/4893/4723 3212/4892/4722 3213/4894/4724
f 3221/4893/4723 3213/4894/4724 3220/4895/4725
f 3220/4895/4725 3213/4894/4724 3214/4896/4726
f 3220/4895/4725 3214/4896/4726 3219/4897/4727
f 3219/4897/4727 3214/4896/4726 3215/4898/4728
f 3219/4897/4727 3215/4898/4728 3218/4899/4729
f 3218/4899/4729 3215/4898/4728 3216/4900/4730
f 3218/4899/4729 3216/4900/4730 3217/4901/4731
f 3210/4888/4718 3200/4887/4717 3209/4902/4732
f 3209/4902/4732 3200/4887/4717 3201/4903/4733
f 3209/4902/4732 3201/4903/4733 3208/4904/4734
f 3208/4904/4734 3201/4903/4733 3202/4905/4735
f 3208/4904/4734 3202/4905/4735 3207/4906/4736
f 3207/4906/4736 3202/4905/4735 3203/4907/4737
f 3207/4906/4736 3203/4907/4737 3206/4908/4738
f 3206/4908/4738 3203/4907/4737 3204/4909/4739
f 3206/4908/4738 3204/4909/4739 3205/4910/4740
f 3224/4911/4741 3200/4912/4742 3223/4913/4743
f 3223/4913/4743 3200/4912/4742 3199/4914/4744
f 3223/4915/4743 3199/4916/4744 3246/4917/4745
f 3246/4917/4745 3199/4916/4744 3222/4918/4746
f 3246/4917/4745 3222/4918/4746 3245/4919/4747
f 3245/4919/4747 3222/4918/4746 3221/4920/4748
f 3245/4919/4747 3221/4920/4748 3244/4921/4749
f 3244/4921/4749 3221/4920/4748 3220/4922/4750
f 3244/4921/4749 3220/4922/4750 3243/4923/4751
f 3243/4923/4751 3220/4922/4750 3219/4924/4752
f 3243/4923/4751 3219/4924/4752 3242/4925/4753
f 3242/4925/4753 3219/4924/4752 3218/4926/4754
f 3242/4925/4753 3218/4926/4754 3241/4927/4755
f 3241/4927/4755 3218/4926/4754 3217/4928/4756
f 3241/4927/4755 3217/4928/4756 3240/4929/4757
f 3240/4929/4757 3217/4928/4756 3216/4930/4758
f 3240/4929/4757 3216/4930/4758 3239/4931/4759
f 3239/4931/4759 3216/4930/4758 3215/4932/4760
f 3239/4931/4759 3215/4932/4760 3238/4933/4761
f 3238/4933/4761 3215/4932/4760 3214/4934/4762
f 3238/4933/4761 3214/4934/4762 3237/4935/4763
f 3237/4935/4763 3214/4934/4762 3213/4936/4764
f 3237/4935/4763 3213/4936/4764 3236/4937/4765
f 3236/4937/4765 3213/4936/4764 3212/4938/4766
f 3236/4937/4765 3212/4938/4766 3235/4939/4767
f 3235/4939/4767 3212/4938/4766 3211/4940/4768
f 3235/4939/4767 3211/4940/4768 3234/4941/4769
f 3234/4941/4769 3211/4940/4768 3210/4942/4770
f 3234/4941/4769 3210/4942/4770 3233/4943/4771
f 3233/4943/4771 3210/4942/4770 3209/4944/4772
f 3233/4943/4771 3209/4944/4772 3232/4945/4773
f 3232/4945/4773 3209/4944/4772 3208/4946/4774
f 3232/4945/4773 3208/4946/4774 3231/4947/4775
f 3231/4947/4775 3208/4946/4774 3207/4948/4776
f 3231/4947/4775 3207/4948/4776 3230/4949/4777
f 3230/4949/4777 3207/4948/4776 3206/4950/4778
f 3230/4949/4777 3206/4950/4778 3229/4951/4779
f 3229/4951/4779 3206/4950/4778 3205/4952/4780
f 3229/4951/4779 3205/4952/4780 3228/4953/4781
f 3228/4953/4781 3205/4952/4780 3204/4954/4782
f 3228/4953/4781 3204/4954/4782 3227/4955/4783
f 3227/4955/4783 3204/4954/4782 3203/4956/4784
f 3227/4955/4783 3203/4956/4784 3226/4957/4785
f 3226/4957/4785 3203/4956/4784 3202/4958/4786
f 3226/4957/4785 3202/4958/4786 3225/4959/4787
f 3225/4959/4787 3202/4958/4786 3201/4960/4788
f 3225/4959/4787 3201/4960/4788 3224/4911/4741
f 3224/4911/4741 3201/4960/4788 3200/4912/4742
f 3248/4961/4789 3258/4962/4790 3247/4963/4791
f 3247/4963/4791 3258/4962/4790 3259/4964/4792
f 3247/4963/4791 3259/4964/4792 3270/4965/4793
f 3270/4965/4793 3259/4964/4792 3260/4966/4794
f 3270/4965/4793 3260/4966/4794 3269/4967/4795
f 3269/4967/4795 3260/4966/4794 3261/4968/4796
f 3269/4967/4795 3261/4968/4796 3268/4969/4797
f 3268/4969/4797 3261/4968/4796 3262/4970/4798
f 3268/4969/4797 3262/4970/4798 3267/4971/4799
f 3267/4971/4799 3262/4970/4798 3263/4972/4800
f 3267/4971/4799 3263/4972/4800 3266/4973/4801
f 3266/4973/4801 3263/4972/4800 3264/4974/4802
f 3266/4973/4801 3264/4974/4802 3265/4975/4803
f 3258/4962/4790 3248/4961/4789 3257/4976/4804
f 3257/4976/4804 3248/4961/4789 3249/4977/4805
f 3257/4976/4804 3249/4977/4805 3256/4978/4806
f 3256/4978/4806 3249/4977/4805 3250/4979/4807
f 3256/4978/4806 3250/4979/4807 3255/4980/4808
f 3255/4980/4808 3250/4979/4807 3251/4981/4809
f 3255/4980/4808 3251/4981/4809 3254/4982/4810
f 3254/4982/4810 3251/4981/4809 3252/4983/4811
f 3254/4982/4810 3252/4983/4811 3253/4984/4812
f 3272/4985/4813 3248/4986/4814 3271/4987/4815
f 3271/4987/4815 3248/4986/4814 3247/4988/4816
f 3271/4989/4815 3247/4990/4816 3294/4991/4817
f 3294/4991/4817 3247/4990/4816 3270/4992/4818
f 3294/4991/4817 3270/4992/4818 3293/4993/4819
f 3293/4993/4819 3270/4992/4818 3269/4994/4820
f 3293/4993/4819 3269/4994/4820 3292/4995/4821
f 3292/4995/4821 3269/4994/4820 3268/4996/4822
f 3292/4995/4821 3268/4996/4822 3291/4997/4823
f 3291/4997/4823 3268/4996/4822 3267/4998/4824
f 3291/4997/4823 3267/4998/4824 3290/4999/4825
f 3290/4999/4825 3267/4998/4824 3266/5000/4826
f 3290/4999/4825 3266/5000/4826 3289/5001/4827
f 3289/5001/4827 3266/5000/4826 3265/5002/4828
f 3289/5001/4827 3265/5002/4828 3288/5003/4829
f 3288/5003/4829 3265/5002/4828 3264/5004/4830
f 3288/5003/4829 3264/5004/4830 3287/5005/4831
f 3287/5005/4831 3264/5004/4830 3263/5006/4832
f 3287/5005/4831 3263/5006/4832 3286/5007/4833
f 3286/5007/4833 3263/5006/4832 3262/5008/4834
f 3286/5007/4833 3262/5008/4834 3285/5009/4835
f 3285/5009/4835 3262/5008/4834 3261/5010/4836
f 3285/5009/4835 3261/5010/4836 3284/5011/4837
f 3284/5011/4837 3261/5010/4836 3260/5012/4838
f 3284/5011/4837 3260/5012/4838 3283/5013/4839
f 3283/5013/4839 3260/5012/4838 3259/5014/4840
f 3283/5013/4839 3259/5014/4840 3282/5015/4841
f 3282/5015/4841 3259/5014/4840 3258/5016/4842
f 3282/5015/4841 3258/5016/4842 3281/5017/4843
f 3281/5017/4843 3258/5016/4842 3257/5018/4844
f 3281/5017/4843 3257/5018/4844 3280/5019/4845
f 3280/5019/4845 3257/5018/4844 3256/5020/4846
f 3280/5019/4845 3256/5020/4846 3279/5021/4847
f 3279/5021/4847 3256/5020/4846 3255/5022/4848
f 3279/5021/4847 3255/5022/4848 3278/5023/4849
f 3278/5023/4849 3255/5022/4848 3254/5024/4850
f 3278/5023/4849 3254/5024/4850 3277/5025/4851
f 3277/5025/4851 3254/5024/4850 3253/5026/4852
f 3277/5025/4851 3253/5026/4852 3276/5027/4853
f 3276/5027/4853 3253/5026/4852 3252/5028/4854
f 3276/5027/4853 3252/5028/4854 3275/5029/4855
f 3275/5029/4855 3252/5028/4854 3251/5030/4856
f 3275/5029/4855 3251/5030/4856 3274/5031/4857
f 3274/5031/4857 3251/5030/4856 3250/5032/4858
f 3274/5031/4857 3250/5032/4858 3273/5033/4859
f 3273/5033/4859 3250/5032/4858 3249/5034/4860
f 3273/5033/4859 3249/5034/4860 3272/4985/4813
f 3272/4985/4813 3249/5034/4860 3248/4986/4814
f 835/5035/4861 3295/5036/4862 836/5037/4863
f 836/5037/4863 3295/5036/4862 3296/5038/4864
f 836/5037/4863 3296/5038/4864 837/5039/4865
f 837/5039/4865 3296/5038/4864 3297/5040/4866
f 837/5039/4865 3297/5040/4866 838/5041/4867
f 838/5041/4867 3297/5040/4866 3298/5042/4868
f 838/5041/4867 3298/5042/4868 839/5043/4869
f 839/5043/4869 3298/5042/4868 3299/5044/4870
f 839/5043/4869 3299/5044/4870 840/5045/4871
f 840/5045/4871 3299/5044/4870 3300/5046/4872
f 840/5045/4871 3300/5046/4872 841/5047/4873
f 841/5047/4873 3300/5046/4872 3301/5048/4874
f 3295/5049/4862 835/5050/4861 3302/5051/4875
f 3302/5051/4875 835/5050/4861 861/5052/4876
f 861/5052/4876 835/5050/4861 891/5053/4877
f 861/5052/4876 891/5053/4877 894/5054/4878
f 894/5054/4878 891/5053/4877 890/5055/4879
f 890/5055/4879 891/5053/4877 887/5056/4880
f 891/5053/4877 835/5050/4861 878/5057/4881
f 878/5057/4881 835/5050/4861 844/5058/4882
f 878/5057/4881 844/5058/4882 876/5059/4883
f 894/5054/4878 862/5060/4884 861/5052/4876
f 856/5061/4885 855/5062/4886 3309/5063/4887
f 3309/5063/4887 855/5062/4886 3303/5064/4888
f 3309/5063/4887 3303/5064/4888 3304/5065/4889
f 3309/5063/4887 3304/5065/4889 3310/5066/4890
f 3310/5066/4890 3304/5065/4889 3305/5067/4891
f 3310/5066/4890 3305/5067/4891 3311/5068/4892
f 3311/5068/4892 3305/5067/4891 3306/5069/4893
f 3311/5068/4892 3306/5069/4893 3312/5070/4894
f 3312/5070/4894 3306/5069/4893 3307/5071/4895
f 3312/5070/4894 3307/5071/4895 3313/5072/4896
f 3313/5072/4896 3307/5071/4895 3308/5073/4897
f 3313/5072/4896 3308/5073/4897 3302/5074/4875
f 3302/5074/4875 861/5075/4876 3313/5072/4896
f 3313/5072/4896 861/5075/4876 860/5076/4898
f 3313/5072/4896 860/5076/4898 3312/5070/4894
f 3312/5070/4894 860/5076/4898 859/5077/4899
f 3312/5070/4894 859/5077/4899 3311/5068/4892
f 3311/5068/4892 859/5077/4899 858/5078/4900
f 3311/5068/4892 858/5078/4900 3310/5066/4890
f 3310/5066/4890 858/5078/4900 857/5079/4901
f 3310/5066/4890 857/5079/4901 3309/5063/4887
f 3309/5063/4887 857/5079/4901 856/5061/4885
f 3303/5080/4888 855/5081/4886 3314/5082/4902
f 3314/5082/4902 855/5081/4886 870/5083/4903
f 864/5084/4904 3315/5085/4905 3321/5086/4906
f 3321/5086/4906 3315/5085/4905 3316/5087/4907
f 3321/5086/4906 3316/5087/4907 3322/5088/4908
f 3322/5088/4908 3316/5087/4907 3317/5089/4909
f 3322/5088/4908 3317/5089/4909 3323/5090/4910
f 3323/5090/4910 3317/5089/4909 3318/5091/4911
f 3323/5090/4910 3318/5091/4911 3324/5092/4912
f 3324/5092/4912 3318/5091/4911 3319/5093/4913
f 3324/5092/4912 3319/5093/4913 3325/5094/4914
f 3325/5094/4914 3319/5093/4913 3320/5095/4915
f 3325/5094/4914 3320/5095/4915 3314/5096/4902
f 3314/5096/4902 870/5097/4903 3325/5094/4914
f 3325/5094/4914 870/5097/4903 869/5098/4916
f 3325/5094/4914 869/5098/4916 3324/5092/4912
f 3324/5092/4912 869/5098/4916 868/5099/4917
f 3324/5092/4912 868/5099/4917 3323/5090/4910
f 3323/5090/4910 868/5099/4917 867/5100/4918
f 3323/5090/4910 867/5100/4918 3322/5088/4908
f 3322/5088/4908 867/5100/4918 866/5101/4919
f 3322/5088/4908 866/5101/4919 3321/5086/4906
f 3321/5086/4906 866/5101/4919 865/5102/4920
f 3321/5086/4906 865/5102/4920 864/5084/4904
f 3326/5103/4921 3315/5104/4905 851/5105/4922
f 851/5105/4922 3315/5104/4905 864/5106/4904
f 851/5105/4922 864/5106/4904 886/5107/4923
f 886/5107/4923 864/5106/4904 883/5108/4924
f 886/5107/4923 883/5108/4924 882/5109/4925
f 882/5109/4925 883/5108/4924 879/5110/4926
f 864/5106/4904 863/5111/4927 883/5108/4924
f 886/5107/4923 874/5112/4928 851/5105/4922
f 851/5105/4922 874/5112/4928 852/5113/4929
f 852/5113/4929 874/5112/4928 872/5114/4930
f 3326/5115/4921 851/5116/4922 3332/5117/4931
f 3332/5117/4931 851/5116/4922 850/5118/4932
f 3332/5117/4931 850/5118/4932 3331/5119/4933
f 3331/5119/4933 850/5118/4932 849/5120/4934
f 3331/5119/4933 849/5120/4934 3330/5121/4935
f 3330/5121/4935 849/5120/4934 848/5122/4936
f 3330/5121/4935 848/5122/4936 3329/5123/4937
f 3329/5123/4937 848/5122/4936 847/5124/4938
f 3329/5123/4937 847/5124/4938 3328/5125/4939
f 3328/5125/4939 847/5124/4938 846/5126/4940
f 3328/5125/4939 846/5126/4940 3327/5127/4941
f 3327/5127/4941 846/5126/4940 845/5128/4942
f 3301/5129/4874 3327/5130/4941 841/5131/4873
f 841/5131/4873 3327/5130/4941 845/5132/4942
f 841/5131/4873 845/5132/4942 3292/5133/4943
f 3292/5133/4943 845/5132/4942 3238/5134/4944
f 3292/5133/4943 3238/5134/4944 3293/5135/4945
f 3293/5135/4945 3238/5134/4944 3237/5136/4946
f 3293/5135/4945 3237/5136/4946 3294/5137/4947
f 3294/5137/4947 3237/5136/4946 3236/5138/4948
f 3294/5137/4947 3236/5138/4948 938/5139/4949
f 938/5139/4949 3236/5138/4948 2232/5140/4950
f 938/5139/4949 2232/5140/4950 939/5141/4951
f 939/5141/4951 2232/5140/4950 2231/5142/4952
f 939/5141/4951 2231/5142/4952 940/5143/4953
f 940/5143/4953 2231/5142/4952 2230/5144/4954
f 940/5143/4953 2230/5144/4954 941/5145/4955
f 941/5145/4955 2230/5144/4954 2229/5146/4956
f 941/5145/4955 2229/5146/4956 942/5147/4957
f 942/5147/4957 2229/5146/4956 2228/5148/4958
f 942/5147/4957 2228/5148/4958 919/5149/4959
f 919/5149/4959 2228/5148/4958 2227/5150/4960
f 919/5149/4959 2227/5150/4960 920/5151/4961
f 920/5151/4961 2227/5150/4960 2226/5152/4962
f 920/5151/4961 2226/5152/4962 921/5153/4963
f 921/5153/4963 2226/5152/4962 2225/5154/4964
f 921/5153/4963 2225/5154/4964 922/5155/4965
f 922/5155/4965 2225/5154/4964 2224/5156/4966
f 922/5155/4965 2224/5156/4966 923/5157/4967
f 923/5157/4967 2224/5156/4966 2223/5158/4968
f 923/5157/4967 2223/5158/4968 2379/5159/4969
f 2379/5159/4969 2223/5158/4968 1655/5160/4970
f 2379/5159/4969 1655/5160/4970 2380/5161/4971
f 2380/5161/4971 1655/5160/4970 1654/5162/4972
f 2380/5161/4971 1654/5162/4972 2381/5163/4973
f 2381/5163/4973 1654/5162/4972 1653/5164/4974
f 2381/5163/4973 1653/5164/4974 2382/5165/4975
f 2382/5165/4975 1653/5164/4974 1652/5166/4976
f 2382/5165/4975 1652/5166/4976 2359/5167/4977
f 2359/5167/4977 1652/5166/4976 1651/5168/4978
f 2359/5167/4977 1651/5168/4978 2360/5169/4979
f 2360/5169/4979 1651/5168/4978 1650/5170/4980
f 2360/5169/4979 1650/5170/4980 2361/5171/4981
f 2361/5171/4981 1650/5170/4980 1649/5172/4982
f 2361/5171/4981 1649/5172/4982 2362/5173/4983
f 2362/5173/4983 1649/5172/4982 1648/5174/4984
f 2362/5173/4983 1648/5174/4984 2363/5175/4985
f 2363/5175/4985 1648/5174/4984 1647/5176/4986
f 2363/5175/4985 1647/5176/4986 2364/5177/4987
f 2364/5177/4987 1647/5176/4986 1646/5178/4988
f 2364/5177/4987 1646/5178/4988 2365/5179/4989
f 2365/5179/4989 1646/5178/4988 1645/5180/4990
f 2365/5179/4989 1645/5180/4990 862/5181/4991
f 862/5181/4991 1645/5180/4990 863/5182/4992
f 863/5182/4992 1645/5180/4990 2797/5183/4993
f 863/5182/4992 2797/5183/4993 2941/5184/4994
f 2941/5184/4994 2797/5183/4993 2942/5185/4995
f 2942/5185/4995 2797/5183/4993 2796/5186/4996
f 2942/5185/4995 2796/5186/4996 2943/5187/4997
f 2943/5187/4997 2796/5186/4996 2795/5188/4998
f 2943/5187/4997 2795/5188/4998 2944/5189/4999
f 2944/5189/4999 2795/5188/4998 2794/5190/5000
f 2944/5189/4999 2794/5190/5000 2945/5191/5001
f 2945/5191/5001 2794/5190/5000 2793/5192/5002
f 2945/5191/5001 2793/5192/5002 2946/5193/5003
f 2946/5193/5003 2793/5192/5002 2792/5194/5004
f 2946/5193/5003 2792/5194/5004 2947/5195/5005
f 2947/5195/5005 2792/5194/5004 2791/5196/5006
f 2947/5195/5005 2791/5196/5006 2948/5197/5007
f 2948/5197/5007 2791/5196/5006 2814/5198/5008
f 2948/5197/5007 2814/5198/5008 2949/5199/5009
f 2949/5199/5009 2814/5198/5008 2813/5200/5010
f 2949/5199/5009 2813/5200/5010 2950/5201/5011
f 2950/5201/5011 2813/5200/5010 2812/5202/5012
f 2950/5201/5011 2812/5202/5012 2951/5203/5013
f 2951/5203/5013 2812/5202/5012 2811/5204/5014
f 2951/5203/5013 2811/5204/5014 1359/5205/5015
f 1359/5205/5015 2811/5204/5014 1787/5206/5016
f 1359/5205/5015 1787/5206/5016 1360/5207/5017
f 1360/5207/5017 1787/5206/5016 1786/5208/5018
f 1360/5207/5017 1786/5208/5018 1361/5209/5019
f 1361/5209/5019 1786/5208/5018 1785/5210/5020
f 1361/5209/5019 1785/5210/5020 1362/5211/5021
f 1362/5211/5021 1785/5210/5020 1784/5212/5022
f 1362/5211/5021 1784/5212/5022 1363/5213/5023
f 1363/5213/5023 1784/5212/5022 1783/5214/5024
f 1363/5213/5023 1783/5214/5024 1364/5215/5025
f 1364/5215/5025 1783/5214/5024 1806/5216/5026
f 1364/5215/5025 1806/5216/5026 1365/5217/5027
f 1365/5217/5027 1806/5216/5026 1805/5218/5028
f 1365/5217/5027 1805/5218/5028 1366/5219/5029
f 1366/5219/5029 1805/5218/5028 1804/5220/5030
f 1366/5219/5029 1804/5220/5030 1367/5221/5031
f 1367/5221/5031 1804/5220/5030 1803/5222/5032
f 1367/5221/5031 1803/5222/5032 3231/5223/5033
f 3231/5223/5033 1803/5222/5032 3232/5224/5034
f 3232/5224/5034 1803/5222/5032 1802/5225/5035
f 3232/5224/5034 1802/5225/5035 3233/5226/5036
f 3233/5226/5036 1802/5225/5035 1801/5227/5037
f 3233/5226/5036 1801/5227/5037 1800/5228/5038
f 854/5229/5039 873/5230/5040 845/5132/4942
f 845/5132/4942 873/5230/5040 3244/5231/5041
f 845/5132/4942 3244/5231/5041 3243/5232/5042
f 874/5233/5043 886/5234/5044 873/5230/5040
f 873/5230/5040 886/5234/5044 885/5235/5045
f 873/5230/5040 885/5235/5045 3223/5236/5046
f 3223/5236/5046 885/5235/5045 3224/5237/5047
f 3224/5237/5047 885/5235/5045 3225/5238/5048
f 3225/5238/5048 885/5235/5045 2523/5239/5049
f 3225/5238/5048 2523/5239/5049 2522/5240/5050
f 884/5241/5051 2505/5242/5052 885/5235/5045
f 885/5235/5045 2505/5242/5052 2504/5243/5053
f 885/5235/5045 2504/5243/5053 2503/5244/5054
f 883/5245/5055 863/5182/4992 884/5241/5051
f 884/5241/5051 863/5182/4992 1065/5246/5056
f 884/5241/5051 1065/5246/5056 1064/5247/5057
f 894/5248/5058 893/5249/5059 862/5181/4991
f 862/5181/4991 893/5249/5059 1217/5250/5060
f 862/5181/4991 1217/5250/5060 1216/5251/5061
f 892/5252/5062 2081/5253/5063 893/5249/5059
f 893/5249/5059 2081/5253/5063 2080/5254/5064
f 893/5249/5059 2080/5254/5064 1222/5255/5065
f 1222/5255/5065 2080/5254/5064 1223/5256/5066
f 1223/5256/5066 2080/5254/5064 2079/5257/5067
f 1223/5256/5066 2079/5257/5067 1224/5258/5068
f 1224/5258/5068 2079/5257/5067 2078/5259/5069
f 1224/5258/5068 2078/5259/5069 1225/5260/5070
f 1225/5260/5070 2078/5259/5069 2077/5261/5071
f 1225/5260/5070 2077/5261/5071 2076/5262/5072
f 891/5263/5073 878/5264/5074 892/5252/5062
f 892/5252/5062 878/5264/5074 877/5265/5075
f 892/5252/5062 877/5265/5075 3283/5266/5076
f 3283/5266/5076 877/5265/5075 3284/5267/5077
f 3284/5267/5077 877/5265/5075 3285/5268/5078
f 3285/5268/5078 877/5265/5075 3286/5269/5079
f 3286/5269/5079 877/5265/5075 841/5131/4873
f 3286/5269/5079 841/5131/4873 3287/5270/5080
f 3287/5270/5080 841/5131/4873 3288/5271/5081
f 3288/5271/5081 841/5131/4873 3289/5272/5082
f 3289/5272/5082 841/5131/4873 3290/5273/5083
f 3290/5273/5083 841/5131/4873 3291/5274/5084
f 3291/5274/5084 841/5131/4873 3292/5133/4943
f 877/5265/5075 842/5275/5085 841/5131/4873
f 3294/5137/4947 937/5276/5086 3271/5277/5087
f 3271/5277/5087 937/5276/5086 936/5278/5088
f 3271/5277/5087 936/5278/5088 3272/5279/5089
f 3272/5279/5089 936/5278/5088 3098/5280/5090
f 3272/5279/5089 3098/5280/5090 3273/5281/5091
f 3273/5281/5091 3098/5280/5090 3097/5282/5092
f 3273/5281/5091 3097/5282/5092 3096/5283/5093
f 3283/5266/5076 3282/5284/5094 892/5252/5062
f 892/5252/5062 3282/5284/5094 3281/5285/5095
f 892/5252/5062 3281/5285/5095 2087/5286/5096
f 2087/5286/5096 3281/5285/5095 2088/5287/5097
f 2088/5287/5097 3281/5285/5095 2089/5288/5098
f 2089/5288/5098 3281/5285/5095 3280/5289/5099
f 2089/5288/5098 3280/5289/5099 2090/5290/5100
f 2090/5290/5100 3280/5289/5099 3279/5291/5101
f 2090/5290/5100 3279/5291/5101 2091/5292/5102
f 2091/5292/5102 3279/5291/5101 3278/5293/5103
f 2091/5292/5102 3278/5293/5103 1943/5294/5104
f 1943/5294/5104 3278/5293/5103 1944/5295/5105
f 1944/5295/5105 3278/5293/5103 3277/5296/5106
f 1944/5295/5105 3277/5296/5106 1945/5297/5107
f 1945/5297/5107 3277/5296/5106 3276/5298/5108
f 1945/5297/5107 3276/5298/5108 1946/5299/5109
f 1946/5299/5109 3276/5298/5108 3275/5300/5110
f 1946/5299/5109 3275/5300/5110 1947/5301/5111
f 1947/5301/5111 3275/5300/5110 3095/5302/5112
f 1947/5301/5111 3095/5302/5112 1948/5303/5113
f 1948/5303/5113 3095/5302/5112 3094/5304/5114
f 1948/5303/5113 3094/5304/5114 1949/5305/5115
f 1949/5305/5115 3094/5304/5114 3093/5306/5116
f 1949/5305/5115 3093/5306/5116 1950/5307/5117
f 1950/5307/5117 3093/5306/5116 3092/5308/5118
f 1950/5307/5117 3092/5308/5118 1927/5309/5119
f 1927/5309/5119 3092/5308/5118 3091/5310/5120
f 1927/5309/5119 3091/5310/5120 1928/5311/5121
f 1928/5311/5121 3091/5310/5120 3090/5312/5122
f 1928/5311/5121 3090/5312/5122 1929/5313/5123
f 1929/5313/5123 3090/5312/5122 3089/5314/5124
f 1929/5313/5123 3089/5314/5124 1930/5315/5125
f 1930/5315/5125 3089/5314/5124 3088/5316/5126
f 1930/5315/5125 3088/5316/5126 1931/5317/5127
f 1931/5317/5127 3088/5316/5126 3087/5318/5128
f 1931/5317/5127 3087/5318/5128 1515/5319/5129
f 1515/5319/5129 3087/5318/5128 2663/5320/5130
f 1515/5319/5129 2663/5320/5130 1516/5321/5131
f 1516/5321/5131 2663/5320/5130 2662/5322/5132
f 1516/5321/5131 2662/5322/5132 1517/5323/5133
f 1517/5323/5133 2662/5322/5132 2661/5324/5134
f 1517/5323/5133 2661/5324/5134 1518/5325/5135
f 1518/5325/5135 2661/5324/5134 2660/5326/5136
f 1518/5325/5135 2660/5326/5136 1495/5327/5137
f 1495/5327/5137 2660/5326/5136 2659/5328/5138
f 1495/5327/5137 2659/5328/5138 1496/5329/5139
f 1496/5329/5139 2659/5328/5138 2658/5330/5140
f 1496/5329/5139 2658/5330/5140 1497/5331/5141
f 1497/5331/5141 2658/5330/5140 2657/5332/5142
f 1497/5331/5141 2657/5332/5142 1498/5333/5143
f 1498/5333/5143 2657/5332/5142 2656/5334/5144
f 1498/5333/5143 2656/5334/5144 1499/5335/5145
f 1499/5335/5145 2656/5334/5144 2655/5336/5146
f 1499/5335/5145 2655/5336/5146 1500/5337/5147
f 1500/5337/5147 2655/5336/5146 2654/5338/5148
f 1500/5337/5147 2654/5338/5148 1501/5339/5149
f 1501/5339/5149 2654/5338/5148 2653/5340/5150
f 1501/5339/5149 2653/5340/5150 862/5181/4991
f 862/5181/4991 2653/5340/5150 2365/5179/4989
f 3275/5300/5110 3274/5341/5151 3095/5302/5112
f 3095/5302/5112 3274/5341/5151 3096/5283/5093
f 3096/5283/5093 3274/5341/5151 3273/5281/5091
f 3223/5236/5046 3246/5342/5152 873/5230/5040
f 873/5230/5040 3246/5342/5152 3245/5343/5153
f 873/5230/5040 3245/5343/5153 3244/5231/5041
f 3243/5232/5042 3242/5344/5154 845/5132/4942
f 845/5132/4942 3242/5344/5154 3241/5345/5155
f 845/5132/4942 3241/5345/5155 3240/5346/5156
f 3240/5346/5156 3239/5347/5157 845/5132/4942
f 845/5132/4942 3239/5347/5157 3238/5134/4944
f 2232/5140/4950 3236/5138/4948 2233/5348/5158
f 2233/5348/5158 3236/5138/4948 3235/5349/5159
f 2233/5348/5158 3235/5349/5159 2234/5350/5160
f 2234/5350/5160 3235/5349/5159 3234/5351/5161
f 2234/5350/5160 3234/5351/5161 1800/5228/5038
f 1800/5228/5038 3234/5351/5161 3233/5226/5036
f 1367/5221/5031 3231/5223/5033 1368/5352/5162
f 1368/5352/5162 3231/5223/5033 3230/5353/5163
f 1368/5352/5162 3230/5353/5163 1369/5354/5164
f 1369/5354/5164 3230/5353/5163 3229/5355/5165
f 1369/5354/5164 3229/5355/5165 1370/5356/5166
f 1370/5356/5166 3229/5355/5165 3228/5357/5167
f 1370/5356/5166 3228/5357/5167 1371/5358/5168
f 1371/5358/5168 3228/5357/5167 2519/5359/5169
f 1371/5358/5168 2519/5359/5169 1372/5360/5170
f 1372/5360/5170 2519/5359/5169 2518/5361/5171
f 1372/5360/5170 2518/5361/5171 1373/5362/5172
f 1373/5362/5172 2518/5361/5171 2517/5363/5173
f 1373/5362/5172 2517/5363/5173 1374/5364/5174
f 1374/5364/5174 2517/5363/5173 2516/5365/5175
f 1374/5364/5174 2516/5365/5175 1351/5366/5176
f 1351/5366/5176 2516/5365/5175 2515/5367/5177
f 1351/5366/5176 2515/5367/5177 1352/5368/5178
f 1352/5368/5178 2515/5367/5177 2514/5369/5179
f 1352/5368/5178 2514/5369/5179 1353/5370/5180
f 1353/5370/5180 2514/5369/5179 2513/5371/5181
f 1353/5370/5180 2513/5371/5181 1354/5372/5182
f 1354/5372/5182 2513/5371/5181 2512/5373/5183
f 1354/5372/5182 2512/5373/5183 1355/5374/5184
f 1355/5374/5184 2512/5373/5183 2511/5375/5185
f 1355/5374/5184 2511/5375/5185 2955/5376/5186
f 2955/5376/5186 2511/5375/5185 1079/5377/5187
f 2955/5376/5186 1079/5377/5187 2956/5378/5188
f 2956/5378/5188 1079/5377/5187 1078/5379/5189
f 2956/5378/5188 1078/5379/5189 2957/5380/5190
f 2957/5380/5190 1078/5379/5189 1077/5381/5191
f 2957/5380/5190 1077/5381/5191 2958/5382/5192
f 2958/5382/5192 1077/5381/5191 1076/5383/5193
f 2958/5382/5192 1076/5383/5193 2935/5384/5194
f 2935/5384/5194 1076/5383/5193 1075/5385/5195
f 2935/5384/5194 1075/5385/5195 2936/5386/5196
f 2936/5386/5196 1075/5385/5195 1074/5387/5197
f 2936/5386/5196 1074/5387/5197 2937/5388/5198
f 2937/5388/5198 1074/5387/5197 1073/5389/5199
f 2937/5388/5198 1073/5389/5199 2938/5390/5200
f 2938/5390/5200 1073/5389/5199 1072/5391/5201
f 2938/5390/5200 1072/5391/5201 2939/5392/5202
f 2939/5392/5202 1072/5391/5201 1071/5393/5203
f 2939/5392/5202 1071/5393/5203 2940/5394/5204
f 2940/5394/5204 1071/5393/5203 1070/5395/5205
f 2940/5394/5204 1070/5395/5205 2941/5184/4994
f 2941/5184/4994 1070/5395/5205 1069/5396/5206
f 2941/5184/4994 1069/5396/5206 863/5182/4992
f 863/5182/4992 1069/5396/5206 1068/5397/5207
f 863/5182/4992 1068/5397/5207 1067/5398/5208
f 3228/5357/5167 3227/5399/5209 2519/5359/5169
f 2519/5359/5169 3227/5399/5209 2520/5400/5210
f 2520/5400/5210 3227/5399/5209 3226/5401/5211
f 2520/5400/5210 3226/5401/5211 2521/5402/5212
f 2521/5402/5212 3226/5401/5211 3225/5238/5048
f 2521/5402/5212 3225/5238/5048 2522/5240/5050
f 3102/5403/5213 932/5404/5214 3079/5405/5215
f 3079/5405/5215 932/5404/5214 931/5406/5216
f 3079/5405/5215 931/5406/5216 3080/5407/5217
f 3080/5407/5217 931/5406/5216 930/5408/5218
f 3080/5407/5217 930/5408/5218 3081/5409/5219
f 3081/5409/5219 930/5408/5218 929/5410/5220
f 3081/5409/5219 929/5410/5220 3082/5411/5221
f 3082/5411/5221 929/5410/5220 928/5412/5222
f 3082/5411/5221 928/5412/5222 3083/5413/5223
f 3083/5413/5223 928/5412/5222 927/5414/5224
f 3083/5413/5223 927/5414/5224 2667/5415/5225
f 2667/5415/5225 927/5414/5224 2375/5416/5226
f 2667/5415/5225 2375/5416/5226 2668/5417/5227
f 2668/5417/5227 2375/5416/5226 2374/5418/5228
f 2668/5417/5227 2374/5418/5228 2669/5419/5229
f 2669/5419/5229 2374/5418/5228 2373/5420/5230
f 2669/5419/5229 2373/5420/5230 2670/5421/5231
f 2670/5421/5231 2373/5420/5230 2372/5422/5232
f 2670/5421/5231 2372/5422/5232 2647/5423/5233
f 2647/5423/5233 2372/5422/5232 2371/5424/5234
f 2647/5423/5233 2371/5424/5234 2648/5425/5235
f 2648/5425/5235 2371/5424/5234 2370/5426/5236
f 2648/5425/5235 2370/5426/5236 2649/5427/5237
f 2649/5427/5237 2370/5426/5236 2369/5428/5238
f 2649/5427/5237 2369/5428/5238 2650/5429/5239
f 2650/5429/5239 2369/5428/5238 2368/5430/5240
f 2650/5429/5239 2368/5430/5240 2651/5431/5241
f 2651/5431/5241 2368/5430/5240 2367/5432/5242
f 2651/5431/5241 2367/5432/5242 2652/5433/5243
f 2652/5433/5243 2367/5432/5242 2366/5434/5244
f 2652/5433/5243 2366/5434/5244 2653/5340/5150
f 2653/5340/5150 2366/5434/5244 2365/5179/4989
f 932/5404/5214 3102/5403/5213 933/5435/5245
f 933/5435/5245 3102/5403/5213 3101/5436/5246
f 933/5435/5245 3101/5436/5246 934/5437/5247
f 934/5437/5247 3101/5436/5246 3100/5438/5248
f 934/5437/5247 3100/5438/5248 935/5439/5249
f 935/5439/5249 3100/5438/5248 3099/5440/5250
f 935/5439/5249 3099/5440/5250 936/5278/5088
f 936/5278/5088 3099/5440/5250 3098/5280/5090
f 2663/5320/5130 3087/5318/5128 2664/5441/5251
f 2664/5441/5251 3087/5318/5128 3086/5442/5252
f 2664/5441/5251 3086/5442/5252 2665/5443/5253
f 2665/5443/5253 3086/5442/5252 3085/5444/5254
f 2665/5443/5253 3085/5444/5254 3084/5445/5255
f 2665/5443/5253 3084/5445/5255 2666/5446/5256
f 2666/5446/5256 3084/5445/5255 3083/5413/5223
f 2666/5446/5256 3083/5413/5223 2667/5415/5225
f 2955/5376/5186 2954/5447/5257 1355/5374/5184
f 1355/5374/5184 2954/5447/5257 1356/5448/5258
f 1356/5448/5258 2954/5447/5257 2953/5449/5259
f 1356/5448/5258 2953/5449/5259 1357/5450/5260
f 1357/5450/5260 2953/5449/5259 1358/5451/5261
f 1358/5451/5261 2953/5449/5259 2952/5452/5262
f 1358/5451/5261 2952/5452/5262 1359/5205/5015
f 1359/5205/5015 2952/5452/5262 2951/5203/5013
f 2811/5204/5014 2810/5453/5263 1787/5206/5016
f 1787/5206/5016 2810/5453/5263 1788/5454/5264
f 1788/5454/5264 2810/5453/5263 2809/5455/5265
f 1788/5454/5264 2809/5455/5265 1789/5456/5266
f 1789/5456/5266 2809/5455/5265 1790/5457/5267
f 1790/5457/5267 2809/5455/5265 2808/5458/5268
f 1790/5457/5267 2808/5458/5268 1791/5459/5269
f 1791/5459/5269 2808/5458/5268 2807/5460/5270
f 1791/5459/5269 2807/5460/5270 1659/5461/5271
f 1659/5461/5271 2807/5460/5270 1660/5462/5272
f 1660/5462/5272 2807/5460/5270 2806/5463/5273
f 1660/5462/5272 2806/5463/5273 1661/5464/5274
f 1661/5464/5274 2806/5463/5273 2805/5465/5275
f 1661/5464/5274 2805/5465/5275 1662/5466/5276
f 1662/5466/5276 2805/5465/5275 2804/5467/5277
f 1662/5466/5276 2804/5467/5277 1639/5468/5278
f 1639/5468/5278 2804/5467/5277 2803/5469/5279
f 1639/5468/5278 2803/5469/5279 1640/5470/5280
f 1640/5470/5280 2803/5469/5279 2802/5471/5281
f 1640/5470/5280 2802/5471/5281 1641/5472/5282
f 1641/5472/5282 2802/5471/5281 2801/5473/5283
f 1641/5472/5282 2801/5473/5283 1642/5474/5284
f 1642/5474/5284 2801/5473/5283 2800/5475/5285
f 1642/5474/5284 2800/5475/5285 1643/5476/5286
f 1643/5476/5286 2800/5475/5285 2799/5477/5287
f 1643/5476/5286 2799/5477/5287 1644/5478/5288
f 1644/5478/5288 2799/5477/5287 2798/5479/5289
f 1644/5478/5288 2798/5479/5289 1645/5180/4990
f 1645/5180/4990 2798/5479/5289 2797/5183/4993
f 2503/5244/5054 2526/5480/5290 885/5235/5045
f 885/5235/5045 2526/5480/5290 2525/5481/5291
f 885/5235/5045 2525/5481/5291 2524/5482/5292
f 2524/5482/5292 2523/5239/5049 885/5235/5045
f 1079/5377/5187 2511/5375/5185 1080/5483/5293
f 1080/5483/5293 2511/5375/5185 2510/5484/5294
f 1080/5483/5293 2510/5484/5294 1081/5485/5295
f 1081/5485/5295 2510/5484/5294 2509/5486/5296
f 1081/5485/5295 2509/5486/5296 1082/5487/5297
f 1082/5487/5297 2509/5486/5296 2508/5488/5298
f 1082/5487/5297 2508/5488/5298 1083/5489/5299
f 1083/5489/5299 2508/5488/5298 2507/5490/5300
f 1083/5489/5299 2507/5490/5300 1084/5491/5301
f 1084/5491/5301 2507/5490/5300 2506/5492/5302
f 1084/5491/5301 2506/5492/5302 884/5241/5051
f 884/5241/5051 2506/5492/5302 2505/5242/5052
f 2379/5159/4969 2378/5493/5303 923/5157/4967
f 923/5157/4967 2378/5493/5303 924/5494/5304
f 924/5494/5304 2378/5493/5303 2377/5495/5305
f 924/5494/5304 2377/5495/5305 925/5496/5306
f 925/5496/5306 2377/5495/5305 926/5497/5307
f 926/5497/5307 2377/5495/5305 2376/5498/5308
f 926/5497/5307 2376/5498/5308 927/5414/5224
f 927/5414/5224 2376/5498/5308 2375/5416/5226
f 2238/5499/5309 1796/5500/5310 2215/5501/5311
f 2215/5501/5311 1796/5500/5310 1795/5502/5312
f 2215/5501/5311 1795/5502/5312 2216/5503/5313
f 2216/5503/5313 1795/5502/5312 1794/5504/5314
f 2216/5503/5313 1794/5504/5314 2217/5505/5315
f 2217/5505/5315 1794/5504/5314 1793/5506/5316
f 2217/5505/5315 1793/5506/5316 2218/5507/5317
f 2218/5507/5317 1793/5506/5316 1792/5508/5318
f 2218/5507/5317 1792/5508/5318 2219/5509/5319
f 2219/5509/5319 1792/5508/5318 1791/5459/5269
f 2219/5509/5319 1791/5459/5269 1659/5461/5271
f 1796/5500/5310 2238/5499/5309 1797/5510/5320
f 1797/5510/5320 2238/5499/5309 2237/5511/5321
f 1797/5510/5320 2237/5511/5321 1798/5512/5322
f 1798/5512/5322 2237/5511/5321 2236/5513/5323
f 1798/5512/5322 2236/5513/5323 1799/5514/5324
f 1799/5514/5324 2236/5513/5323 2235/5515/5325
f 1799/5514/5324 2235/5515/5325 1800/5228/5038
f 1800/5228/5038 2235/5515/5325 2234/5350/5160
f 1655/5160/4970 2223/5158/4968 1656/5516/5326
f 1656/5516/5326 2223/5158/4968 2222/5517/5327
f 1656/5516/5326 2222/5517/5327 1657/5518/5328
f 1657/5518/5328 2222/5517/5327 2221/5519/5329
f 1657/5518/5328 2221/5519/5329 2220/5520/5330
f 1657/5518/5328 2220/5520/5330 1658/5521/5331
f 1658/5521/5331 2220/5520/5330 2219/5509/5319
f 1658/5521/5331 2219/5509/5319 1659/5461/5271
f 2094/5522/5332 1940/5523/5333 2071/5524/5334
f 2071/5524/5334 1940/5523/5333 1939/5525/5335
f 2071/5524/5334 1939/5525/5335 2072/5526/5336
f 2072/5526/5336 1939/5525/5335 1938/5527/5337
f 2072/5526/5336 1938/5527/5337 2073/5528/5338
f 2073/5528/5338 1938/5527/5337 1937/5529/5339
f 2073/5528/5338 1937/5529/5339 2074/5530/5340
f 2074/5530/5340 1937/5529/5339 1936/5531/5341
f 2074/5530/5340 1936/5531/5341 2075/5532/5342
f 2075/5532/5342 1936/5531/5341 1935/5533/5343
f 2075/5532/5342 1935/5533/5343 1227/5534/5344
f 1227/5534/5344 1935/5533/5343 1511/5535/5345
f 1227/5534/5344 1511/5535/5345 1228/5536/5346
f 1228/5536/5346 1511/5535/5345 1510/5537/5347
f 1228/5536/5346 1510/5537/5347 1229/5538/5348
f 1229/5538/5348 1510/5537/5347 1509/5539/5349
f 1229/5538/5348 1509/5539/5349 1230/5540/5350
f 1230/5540/5350 1509/5539/5349 1508/5541/5351
f 1230/5540/5350 1508/5541/5351 1207/5542/5352
f 1207/5542/5352 1508/5541/5351 1507/5543/5353
f 1207/5542/5352 1507/5543/5353 1208/5544/5354
f 1208/5544/5354 1507/5543/5353 1506/5545/5355
f 1208/5544/5354 1506/5545/5355 1209/5546/5356
f 1209/5546/5356 1506/5545/5355 1505/5547/5357
f 1209/5546/5356 1505/5547/5357 1210/5548/5358
f 1210/5548/5358 1505/5547/5357 1504/5549/5359
f 1210/5548/5358 1504/5549/5359 1211/5550/5360
f 1211/5550/5360 1504/5549/5359 1503/5551/5361
f 1211/5550/5360 1503/5551/5361 1212/5552/5362
f 1212/5552/5362 1503/5551/5361 1502/5553/5363
f 1212/5552/5362 1502/5553/5363 1213/5554/5364
f 1213/5554/5364 1502/5553/5363 1501/5339/5149
f 1213/5554/5364 1501/5339/5149 862/5181/4991
f 1940/5523/5333 2094/5522/5332 1941/5555/5365
f 1941/5555/5365 2094/5522/5332 2093/5556/5366
f 1941/5555/5365 2093/5556/5366 1942/5557/5367
f 1942/5557/5367 2093/5556/5366 2092/5558/5368
f 1942/5557/5367 2092/5558/5368 1943/5294/5104
f 1943/5294/5104 2092/5558/5368 2091/5292/5102
f 2087/5286/5096 2086/5559/5369 892/5252/5062
f 892/5252/5062 2086/5559/5369 2085/5560/5370
f 892/5252/5062 2085/5560/5370 2084/5561/5371
f 2084/5561/5371 2083/5562/5372 892/5252/5062
f 892/5252/5062 2083/5562/5372 2082/5563/5373
f 892/5252/5062 2082/5563/5373 2081/5253/5063
f 1225/5260/5070 2076/5262/5072 1226/5564/5374
f 1226/5564/5374 2076/5262/5072 2075/5532/5342
f 1226/5564/5374 2075/5532/5342 1227/5534/5344
f 1511/5535/5345 1935/5533/5343 1512/5565/5375
f 1512/5565/5375 1935/5533/5343 1934/5566/5376
f 1512/5565/5375 1934/5566/5376 1513/5567/5377
f 1513/5567/5377 1934/5566/5376 1933/5568/5378
f 1513/5567/5377 1933/5568/5378 1932/5569/5379
f 1513/5567/5377 1932/5569/5379 1514/5570/5380
f 1514/5570/5380 1932/5569/5379 1931/5317/5127
f 1514/5570/5380 1931/5317/5127 1515/5319/5129
f 1222/5255/5065 1221/5571/5381 893/5249/5059
f 893/5249/5059 1221/5571/5381 1220/5572/5382
f 893/5249/5059 1220/5572/5382 1219/5573/5383
f 1219/5573/5383 1218/5574/5384 893/5249/5059
f 893/5249/5059 1218/5574/5384 1217/5250/5060
f 1216/5251/5061 1215/5575/5385 862/5181/4991
f 862/5181/4991 1215/5575/5385 1214/5576/5386
f 862/5181/4991 1214/5576/5386 1213/5554/5364
f 1064/5247/5057 1063/5577/5387 884/5241/5051
f 884/5241/5051 1063/5577/5387 1086/5578/5388
f 884/5241/5051 1086/5578/5388 1085/5579/5389
f 1085/5579/5389 1084/5491/5301 884/5241/5051
f 1067/5398/5208 1066/5580/5390 863/5182/4992
f 863/5182/4992 1066/5580/5390 1065/5246/5056
f 938/5139/4949 937/5276/5086 3294/5137/4947
f 3300/5581/5391 3299/5582/5392 3301/5583/5393
f 3301/5583/5393 3299/5582/5392 3298/5584/5394
f 3301/5583/5393 3298/5584/5394 3297/5585/5395
f 3297/5585/5395 3296/5586/5396 3301/5583/5393
f 3301/5583/5393 3296/5586/5396 3332/5587/5397
f 3301/5583/5393 3332/5587/5397 3327/5588/5398
f 3327/5588/5398 3332/5587/5397 3331/5589/5399
f 3327/5588/5398 3331/5589/5399 3330/5590/5400
f 3332/5587/5397 3296/5586/5396 3326/5591/5401
f 3326/5591/5401 3296/5586/5396 3295/5592/5402
f 3326/5591/5401 3295/5592/5402 3315/5593/5403
f 3315/5593/5403 3295/5592/5402 3302/5594/5404
f 3315/5593/5403 3302/5594/5404 3316/5595/5405
f 3316/5595/5405 3302/5594/5404 3308/5596/5406
f 3316/5595/5405 3308/5596/5406 3314/5597/5407
f 3314/5597/5407 3308/5596/5406 3303/5598/5408
f 3303/5598/5408 3308/5596/5406 3307/5599/5409
f 3303/5598/5408 3307/5599/5409 3306/5600/5410
f 3306/5600/5410 3305/5601/5411 3303/5598/5408
f 3303/5598/5408 3305/5601/5411 3304/5602/5412
f 3320/5603/5413 3319/5604/5414 3314/5597/5407
f 3314/5597/5407 3319/5604/5414 3318/5605/5415
f 3314/5597/5407 3318/5605/5415 3317/5606/5416
f 3317/5606/5416 3316/5595/5405 3314/5597/5407
f 3330/5590/5400 3329/5607/5417 3327/5588/5398
f 3327/5588/5398 3329/5607/5417 3328/5608/5418
g ボディ1:2

v -1.285000 1.200000 0.150000
v -1.290622 1.242705 0.150000
v -1.307106 1.282500 0.150000
v -1.333327 1.316673 0.150000
v -1.367500 1.342894 0.150000
v -1.407295 1.359378 0.150000
v -1.450000 1.365000 0.150000
v -1.492705 1.359378 0.150000
v -1.532500 1.342894 0.150000
v -1.566673 1.316673 0.150000
v -1.592894 1.282500 0.150000
v -1.609378 1.242705 0.150000
v -1.615000 1.200000 0.150000
v -1.609378 1.157295 0.150000
v -1.592894 1.117500 0.150000
v -1.566673 1.083327 0.150000
v -1.532500 1.057106 0.150000
v -1.492705 1.040622 0.150000
v -1.450000 1.035000 0.150000
v -1.407295 1.040622 0.150000
v -1.367500 1.057106 0.150000
v -1.333327 1.083327 0.150000
v -1.307106 1.117500 0.150000
v -1.290622 1.157295 0.150000
v -1.285000 1.200000 0.000000
v -1.290622 1.157295 0.000000
v -1.307106 1.117500 0.000000
v -1.333327 1.083327 0.000000
v -1.367500 1.057106 0.000000
v -1.407295 1.040622 0.000000
v -1.450000 1.035000 0.000000
v -1.492705 1.040622 0.000000
v -1.532500 1.057106 0.000000
v -1.566673 1.083327 0.000000
v -1.592894 1.117500 0.000000
v -1.609378 1.157295 0.000000
v -1.615000 1.200000 0.000000
v -1.609378 1.242705 0.000000
v -1.592894 1.282500 0.000000
v -1.566673 1.316673 0.000000
v -1.532500 1.342894 0.000000
v -1.492705 1.359378 0.000000
v -1.450000 1.365000 0.000000
v -1.407295 1.359378 0.000000
v -1.367500 1.342894 0.000000
v -1.333327 1.316673 0.000000
v -1.307106 1.282500 0.000000
v -1.290622 1.242705 0.000000
v 1.615000 -1.200000 0.150000
v 1.609378 -1.157295 0.150000
v 1.592894 -1.117500 0.150000
v 1.566673 -1.083327 0.150000
v 1.532500 -1.057106 0.150000
v 1.492705 -1.040622 0.150000
v 1.450000 -1.035000 0.150000
v 1.407295 -1.040622 0.150000
v 1.367500 -1.057106 0.150000
v 1.333327 -1.083327 0.150000
v 1.307106 -1.117500 0.150000
v 1.290622 -1.157295 0.150000
v 1.285000 -1.200000 0.150000
v 1.290622 -1.242705 0.150000
v 1.307106 -1.282500 0.150000
v 1.333327 -1.316673 0.150000
v 1.367500 -1.342894 0.150000
v 1.407295 -1.359378 0.150000
v 1.450000 -1.365000 0.150000
v 1.492705 -1.359378 0.150000
v 1.532500 -1.342894 0.150000
v 1.566673 -1.316673 0.150000
v 1.592894 -1.282500 0.150000
v 1.609378 -1.242705 0.150000
v 1.615000 -1.200000 0.000000
v 1.609378 -1.242705 0.000000
v 1.592894 -1.282500 0.000000
v 1.566673 -1.316673 0.000000
v 1.532500 -1.342894 0.000000
v 1.492705 -1.359378 0.000000
v 1.450000 -1.365000 0.000000
v 1.407295 -1.359378 0.000000
v 1.367500 -1.342894 0.000000
v 1.333327 -1.316673 0.000000
v 1.307106 -1.282500 0.000000
v 1.290622 -1.242705 0.000000
v 1.285000 -1.200000 0.000000
v 1.290622 -1.157295 0.000000
v 1.307106 -1.117500 0.000000
v 1.333327 -1.083327 0.000000
v 1.367500 -1.057106 0.000000
v 1.407295 -1.040622 0.000000
v 1.450000 -1.035000 0.000000
v 1.492705 -1.040622 0.000000
v 1.532500 -1.057106 0.000000
v 1.566673 -1.083327 0.000000
v 1.592894 -1.117500 0.000000
v 1.609378 -1.157295 0.000000
v 1.615000 1.200000 0.150000
v 1.609378 1.242705 0.150000
v 1.592894 1.282500 0.150000
v 1.566673 1.316673 0.150000
v 1.532500 1.342894 0.150000
v 1.492705 1.359378 0.150000
v 1.450000 1.365000 0.150000
v 1.407295 1.359378 0.150000
v 1.367500 1.342894 0.150000
v 1.333327 1.316673 0.150000
v 1.307106 1.282500 0.150000
v 1.290622 1.242705 0.150000
v 1.285000 1.200000 0.150000
v 1.290622 1.157295 0.150000
v 1.307106 1.117500 0.150000
v 1.333327 1.083327 0.150000
v 1.367500 1.057106 0.150000
v 1.407295 1.040622 0.150000
v 1.450000 1.035000 0.150000
v 1.492705 1.040622 0.150000
v 1.532500 1.057106 0.150000
v 1.566673 1.083327 0.150000
v 1.592894 1.117500 0.150000
v 1.609378 1.157295 0.150000
v 1.615000 1.200000 0.000000
v 1.609378 1.157295 0.000000
v 1.592894 1.117500 0.000000
v 1.566673 1.083327 0.000000
v 1.532500 1.057106 0.000000
v 1.492705 1.040622 0.000000
v 1.450000 1.035000 0.000000
v 1.407295 1.040622 0.000000
v 1.367500 1.057106 0.000000
v 1.333327 1.083327 0.000000
v 1.307106 1.117500 0.000000
v 1.290622 1.157295 0.000000
v 1.285000 1.200000 0.000000
v 1.290622 1.242705 0.000000
v 1.307106 1.282500 0.000000
v 1.333327 1.316673 0.000000
v 1.367500 1.342894 0.000000
v 1.407295 1.359378 0.000000
v 1.450000 1.365000 0.000000
v 1.492705 1.359378 0.000000
v 1.532500 1.342894 0.000000
v 1.566673 1.316673 0.000000
v 1.592894 1.282500 0.000000
v 1.609378 1.242705 0.000000
v -1.285000 -1.200000 0.150000
v -1.290622 -1.157295 0.150000
v -1.307106 -1.117500 0.150000
v -1.333327 -1.083327 0.150000
v -1.367500 -1.057106 0.150000
v -1.407295 -1.040622 0.150000
v -1.450000 -1.035000 0.150000
v -1.492705 -1.040622 0.150000
v -1.532500 -1.057106 0.150000
v -1.566673 -1.083327 0.150000
v -1.592894 -1.117500 0.150000
v -1.609378 -1.157295 0.150000
v -1.615000 -1.200000 0.150000
v -1.609378 -1.242705 0.150000
v -1.592894 -1.282500 0.150000
v -1.566673 -1.316673 0.150000
v -1.532500 -1.342894 0.150000
v -1.492705 -1.359378 0.150000
v -1.450000 -1.365000 0.150000
v -1.407295 -1.359378 0.150000
v -1.367500 -1.342894 0.150000
v -1.333327 -1.316673 0.150000
v -1.307106 -1.282500 0.150000
v -1.290622 -1.242705 0.150000
v -1.285000 -1.200000 0.000000
v -1.290622 -1.242705 0.000000
v -1.307106 -1.282500 0.000000
v -1.333327 -1.316673 0.000000
v -1.367500 -1.342894 0.000000
v -1.407295 -1.359378 0.000000
v -1.450000 -1.365000 0.000000
v -1.492705 -1.359378 0.000000
v -1.532500 -1.342894 0.000000
v -1.566673 -1.316673 0.000000
v -1.592894 -1.282500 0.000000
v -1.609378 -1.242705 0.000000
v -1.615000 -1.200000 0.000000
v -1.609378 -1.157295 0.000000
v -1.592894 -1.117500 0.000000
v -1.566673 -1.083327 0.000000
v -1.532500 -1.057106 0.000000
v -1.492705 -1.040622 0.000000
v -1.450000 -1.035000 0.000000
v -1.407295 -1.040622 0.000000
v -1.367500 -1.057106 0.000000
v -1.333327 -1.083327 0.000000
v -1.307106 -1.117500 0.000000
v -1.290622 -1.157295 0.000000
v -1.450000 -1.500000 0.000000
v 1.450000 -1.500000 0.000000
v 1.450000 -1.500000 0.150000
v -1.450000 -1.500000 0.150000
v -1.750000 -1.200000 0.000000
v -1.739778 -1.277646 0.000000
v -1.709808 -1.350000 0.000000
v -1.662132 -1.412132 0.000000
v -1.600000 -1.459808 0.000000
v -1.527646 -1.489778 0.000000
v -1.527646 -1.489778 0.150000
v -1.600000 -1.459808 0.150000
v -1.662132 -1.412132 0.150000
v -1.709808 -1.350000 0.150000
v -1.739778 -1.277646 0.150000
v -1.750000 -1.200000 0.150000
v -1.750000 1.200000 0.000000
v -1.750000 1.200000 0.150000
v -1.450000 1.500000 0.000000
v -1.527646 1.489778 0.000000
v -1.600000 1.459808 0.000000
v -1.662132 1.412132 0.000000
v -1.709808 1.350000 0.000000
v -1.739778 1.277646 0.000000
v -1.739778 1.277646 0.150000
v -1.709808 1.350000 0.150000
v -1.662132 1.412132 0.150000
v -1.600000 1.459808 0.150000
v -1.527646 1.489778 0.150000
v -1.450000 1.500000 0.150000
v 1.450000 1.500000 0.000000
v 1.450000 1.500000 0.150000
v 1.750000 1.200000 0.000000
v 1.739778 1.277646 0.000000
v 1.709808 1.350000 0.000000
v 1.662132 1.412132 0.000000
v 1.600000 1.459808 0.000000
v 1.527646 1.489778 0.000000
v 1.527646 1.489778 0.150000
v 1.600000 1.459808 0.150000
v 1.662132 1.412132 0.150000
v 1.709808 1.350000 0.150000
v 1.739778 1.277646 0.150000
v 1.750000 1.200000 0.150000
v 1.750000 -1.200000 0.000000
v 1.750000 -1.200000 0.150000
v 1.527646 -1.489778 0.000000
v 1.600000 -1.459808 0.000000
v 1.662132 -1.412132 0.000000
v 1.709808 -1.350000 0.000000
v 1.739778 -1.277646 0.000000
v 1.739778 -1.277646 0.150000
v 1.709808 -1.350000 0.150000
v 1.662132 -1.412132 0.150000
v 1.600000 -1.459808 0.150000
v 1.527646 -1.489778 0.150000
vt 0.150000 -0.475166 0.000000
vt 0.000000 -0.475166 0.000000
vt 0.150000 -0.518363 0.000000
vt 0.000000 -0.518363 0.000000
vt 0.150000 0.518363 0.000000
vt 0.000000 0.518363 0.000000
vt 0.150000 0.475166 0.000000
vt 0.000000 0.475166 0.000000
vt 0.150000 0.431969 0.000000
vt 0.000000 0.431969 0.000000
vt 0.150000 0.388772 0.000000
vt 0.000000 0.388772 0.000000
vt 0.150000 0.345575 0.000000
vt 0.000000 0.345575 0.000000
vt 0.150000 0.302378 0.000000
vt 0.000000 0.302378 0.000000
vt 0.150000 0.259181 0.000000
vt 0.000000 0.259181 0.000000
vt 0.150000 0.215984 0.000000
vt 0.000000 0.215984 0.000000
vt 0.150000 0.172788 0.000000
vt 0.000000 0.172788 0.000000
vt 0.150000 0.129591 0.000000
vt 0.000000 0.129591 0.000000
vt 0.150000 0.086394 0.000000
vt -0.000000 0.086394 0.000000
vt 0.150000 0.043197 0.000000
vt 0.000000 0.043197 0.000000
vt 0.150000 0.000000 0.000000
vt 0.000000 0.000000 0.000000
vt 0.150000 -0.043197 0.000000
vt 0.000000 -0.043197 0.000000
vt 0.150000 -0.086394 0.000000
vt 0.000000 -0.086394 0.000000
vt 0.150000 -0.129591 0.000000
vt 0.000000 -0.129591 0.000000
vt 0.150000 -0.172788 0.000000
vt 0.000000 -0.172788 0.000000
vt 0.150000 -0.215984 0.000000
vt -0.000000 -0.215984 0.000000
vt 0.150000 -0.259181 0.000000
vt 0.000000 -0.259181 0.000000
vt 0.150000 -0.302378 0.000000
vt 0.000000 -0.302378 0.000000
vt 0.150000 -0.345575 0.000000
vt -0.000000 -0.345575 0.000000
vt 0.150000 -0.388772 0.000000
vt 0.000000 -0.388772 0.000000
vt 0.150000 -0.431969 0.000000
vt -0.000000 -0.431969 0.000000
vt 0.150000 -0.475166 0.000000
vt -0.000000 -0.475166 0.000000
vt 0.150000 -0.518363 0.000000
vt 0.000000 -0.518363 0.000000
vt 0.150000 0.518363 0.000000
vt 0.000000 0.518363 0.000000
vt 0.150000 0.475166 0.000000
vt 0.000000 0.475166 0.000000
vt 0.150000 0.431969 0.000000
vt -0.000000 0.431969 0.000000
vt 0.150000 0.388772 0.000000
vt 0.000000 0.388772 0.000000
vt 0.150000 0.345575 0.000000
vt -0.000000 0.345575 0.000000
vt 0.150000 0.302378 0.000000
vt 0.000000 0.302378 0.000000
vt 0.150000 0.259181 0.000000
vt 0.000000 0.259181 0.000000
vt 0.150000 0.215984 0.000000
vt 0.000000 0.215984 0.000000
vt 0.150000 0.172788 0.000000
vt 0.000000 0.172788 0.000000
vt 0.150000 0.129591 0.000000
vt 0.000000 0.129591 0.000000
vt 0.150000 0.086394 0.000000
vt 0.000000 0.086394 0.000000
vt 0.150000 0.043197 0.000000
vt 0.000000 0.043197 0.000000
vt 0.150000 0.000000 0.000000
vt 0.000000 0.000000 0.000000
vt 0.150000 -0.043197 0.000000
vt 0.000000 -0.043197 0.000000
vt 0.150000 -0.086394 0.000000
vt 0.000000 -0.086394 0.000000
vt 0.150000 -0.129591 0.000000
vt 0.000000 -0.129591 0.000000
vt 0.150000 -0.172788 0.000000
vt -0.000000 -0.172788 0.000000
vt 0.150000 -0.215984 0.000000
vt 0.000000 -0.215984 0.000000
vt 0.150000 -0.259181 0.000000
vt 0.000000 -0.259181 0.000000
vt 0.150000 -0.302378 0.000000
vt 0.000000 -0.302378 0.000000
vt 0.150000 -0.345575 0.000000
vt 0.000000 -0.345575 0.000000
vt 0.150000 -0.388772 0.000000
vt 0.000000 -0.388772 0.000000
vt 0.150000 -0.431969 0.000000
vt 0.000000 -0.431969 0.000000
vt 0.150000 -0.475166 0.000000
vt 0.000000 -0.475166 0.000000
vt 0.150000 -0.518363 0.000000
vt 0.000000 -0.518363 0.000000
vt 0.150000 0.518363 0.000000
vt 0.000000 0.518363 0.000000
vt 0.150000 0.475166 0.000000
vt 0.000000 0.475166 0.000000
vt 0.150000 0.431969 0.000000
vt -0.000000 0.431969 0.000000
vt 0.150000 0.388772 0.000000
vt 0.000000 0.388772 0.000000
vt 0.150000 0.345575 0.000000
vt -0.000000 0.345575 0.000000
vt 0.150000 0.302378 0.000000
vt -0.000000 0.302378 0.000000
vt 0.150000 0.259181 0.000000
vt 0.000000 0.259181 0.000000
vt 0.150000 0.215984 0.000000
vt -0.000000 0.215984 0.000000
vt 0.150000 0.172788 0.000000
vt 0.000000 0.172788 0.000000
vt 0.150000 0.129591 0.000000
vt -0.000000 0.129591 0.000000
vt 0.150000 0.086394 0.000000
vt -0.000000 0.086394 0.000000
vt 0.150000 0.043197 0.000000
vt -0.000000 0.043197 0.000000
vt 0.150000 0.000000 0.000000
vt 0.000000 0.000000 0.000000
vt 0.150000 -0.043197 0.000000
vt 0.000000 -0.043197 0.000000
vt 0.150000 -0.086394 0.000000
vt 0.000000 -0.086394 0.000000
vt 0.150000 -0.129591 0.000000
vt 0.000000 -0.129591 0.000000
vt 0.150000 -0.172788 0.000000
vt 0.000000 -0.172788 0.000000
vt 0.150000 -0.215984 0.000000
vt 0.000000 -0.215984 0.000000
vt 0.150000 -0.259181 0.000000
vt 0.000000 -0.259181 0.000000
vt 0.150000 -0.302378 0.000000
vt 0.000000 -0.302378 0.000000
vt 0.150000 -0.345575 0.000000
vt 0.000000 -0.345575 0.000000
vt 0.150000 -0.388772 0.000000
vt 0.000000 -0.388772 0.000000
vt 0.150000 -0.431969 0.000000
vt 0.000000 -0.431969 0.000000
vt 0.150000 -0.475166 0.000000
vt 0.000000 -0.475166 0.000000
vt 0.150000 -0.518363 0.000000
vt 0.000000 -0.518363 0.000000
vt 0.150000 0.518363 0.000000
vt 0.000000 0.518363 0.000000
vt 0.150000 0.475166 0.000000
vt 0.000000 0.475166 0.000000
vt 0.150000 0.431969 0.000000
vt 0.000000 0.431969 0.000000
vt 0.150000 0.388772 0.000000
vt 0.000000 0.388772 0.000000
vt 0.150000 0.345575 0.000000
vt 0.000000 0.345575 0.000000
vt 0.150000 0.302378 0.000000
vt 0.000000 0.302378 0.000000
vt 0.150000 0.259181 0.000000
vt 0.000000 0.259181 0.000000
vt 0.150000 0.215984 0.000000
vt 0.000000 0.215984 0.000000
vt 0.150000 0.172788 0.000000
vt 0.000000 0.172788 0.000000
vt 0.150000 0.129591 0.000000
vt 0.000000 0.129591 0.000000
vt 0.150000 0.086394 0.000000
vt 0.000000 0.086394 0.000000
vt 0.150000 0.043197 0.000000
vt 0.000000 0.043197 0.000000
vt 0.150000 0.000000 0.000000
vt 0.000000 0.000000 0.000000
vt 0.150000 -0.043197 0.000000
vt 0.000000 -0.043197 0.000000
vt 0.150000 -0.086394 0.000000
vt 0.000000 -0.086394 0.000000
vt 0.150000 -0.129591 0.000000
vt 0.000000 -0.129591 0.000000
vt 0.150000 -0.172788 0.000000
vt 0.000000 -0.172788 0.000000
vt 0.150000 -0.215984 0.000000
vt 0.000000 -0.215984 0.000000
vt 0.150000 -0.259181 0.000000
vt 0.000000 -0.259181 0.000000
vt 0.150000 -0.302378 0.000000
vt 0.000000 -0.302378 0.000000
vt 0.150000 -0.345575 0.000000
vt 0.000000 -0.345575 0.000000
vt 0.150000 -0.388772 0.000000
vt 0.000000 -0.388772 0.000000
vt 0.150000 -0.431969 0.000000
vt 0.000000 -0.431969 0.000000
vt 0.000000 0.000000 0.000000
vt 2.900000 0.000000 0.000000
vt 0.000000 0.150000 0.000000
vt 2.900000 0.150000 0.000000
vt -0.150000 0.000000 0.000000
vt -0.000000 0.000000 0.000000
vt -0.150000 0.078540 0.000000
vt -0.000000 0.078540 0.000000
vt -0.150000 0.157080 0.000000
vt -0.000000 0.157080 0.000000
vt -0.150000 0.235619 0.000000
vt -0.000000 0.235619 0.000000
vt -0.150000 0.314159 0.000000
vt -0.000000 0.314159 0.000000
vt -0.150000 0.392699 0.000000
vt -0.000000 0.392699 0.000000
vt -0.150000 0.471239 0.000000
vt -0.000000 0.471239 0.000000
vt 0.000000 0.000000 0.000000
vt 2.400000 0.000000 0.000000
vt -0.000000 0.150000 0.000000
vt 2.400000 0.150000 0.000000
vt -0.150000 0.000000 0.000000
vt -0.000000 0.000000 0.000000
vt -0.150000 0.078540 0.000000
vt -0.000000 0.078540 0.000000
vt -0.150000 0.157080 0.000000
vt -0.000000 0.157080 0.000000
vt -0.150000 0.235619 0.000000
vt -0.000000 0.235619 0.000000
vt -0.150000 0.314159 0.000000
vt -0.000000 0.314159 0.000000
vt -0.150000 0.392699 0.000000
vt -0.000000 0.392699 0.000000
vt -0.150000 0.471239 0.000000
vt -0.000000 0.471239 0.000000
vt 0.000000 0.000000 0.000000
vt 2.900000 0.000000 0.000000
vt 0.000000 0.150000 0.000000
vt 2.900000 0.150000 0.000000
vt -0.150000 0.000000 0.000000
vt -0.000000 0.000000 0.000000
vt -0.150000 0.078540 0.000000
vt -0.000000 0.078540 0.000000
vt -0.150000 0.157080 0.000000
vt -0.000000 0.157080 0.000000
vt -0.150000 0.235619 0.000000
vt -0.000000 0.235619 0.000000
vt -0.150000 0.314159 0.000000
vt -0.000000 0.314159 0.000000
vt -0.150000 0.392699 0.000000
vt -0.000000 0.392699 0.000000
vt -0.150000 0.471239 0.000000
vt -0.000000 0.471239 0.000000
vt 0.000000 0.000000 0.000000
vt 2.400000 0.000000 0.000000
vt 0.000000 0.150000 0.000000
vt 2.400000 0.150000 0.000000
vt -0.150000 0.000000 0.000000
vt -0.000000 0.000000 0.000000
vt -0.150000 0.078540 0.000000
vt -0.000000 0.078540 0.000000
vt -0.150000 0.157080 0.000000
vt -0.000000 0.157080 0.000000
vt -0.150000 0.235619 0.000000
vt -0.000000 0.235619 0.000000
vt -0.150000 0.314159 0.000000
vt -0.000000 0.314159 0.000000
vt -0.150000 0.392699 0.000000
vt -0.000000 0.392699 0.000000
vt -0.150000 0.471239 0.000000
vt -0.000000 0.471239 0.000000
vt 1.290622 1.242705 0.000000
vt -1.290622 1.242705 0.000000
vt 1.285000 1.200000 0.000000
vt -1.285000 1.200000 0.000000
vt 1.290622 1.157295 0.000000
vt -1.290622 1.157295 0.000000
vt 1.307106 1.117500 0.000000
vt -1.307106 1.117500 0.000000
vt 1.333327 1.083327 0.000000
vt -1.333327 1.083327 0.000000
vt 1.333327 -1.083327 0.000000
vt -1.333327 -1.083327 0.000000
vt 1.307106 -1.117500 0.000000
vt -1.307106 -1.117500 0.000000
vt 1.290622 -1.157295 0.000000
vt -1.290622 -1.157295 0.000000
vt 1.285000 -1.200000 0.000000
vt -1.285000 -1.200000 0.000000
vt 1.290622 -1.242705 0.000000
vt -1.290622 -1.242705 0.000000
vt 1.307106 -1.282500 0.000000
vt -1.307106 -1.282500 0.000000
vt 1.333327 -1.316673 0.000000
vt -1.333327 -1.316673 0.000000
vt -1.450000 -1.500000 0.000000
vt -1.367500 -1.342894 0.000000
vt -1.407295 -1.359378 0.000000
vt -1.307106 1.282500 0.000000
vt 1.307106 1.282500 0.000000
vt -1.333327 1.316673 0.000000
vt 1.333327 1.316673 0.000000
vt -1.450000 1.500000 0.000000
vt 1.450000 1.500000 0.000000
vt 1.367500 1.342894 0.000000
vt 1.407295 1.359378 0.000000
vt 1.450000 1.365000 0.000000
vt 1.527646 1.489778 0.000000
vt 1.492705 1.359378 0.000000
vt 1.600000 1.459808 0.000000
vt 1.532500 1.342894 0.000000
vt 1.662132 1.412132 0.000000
vt 1.566673 1.316673 0.000000
vt 1.709808 1.350000 0.000000
vt 1.592894 1.282500 0.000000
vt 1.739778 1.277646 0.000000
vt 1.609378 1.242705 0.000000
vt 1.750000 1.200000 0.000000
vt 1.615000 1.200000 0.000000
vt 1.609378 1.157295 0.000000
vt 1.592894 1.117500 0.000000
vt 1.566673 1.083327 0.000000
vt 1.532500 1.057106 0.000000
vt 1.532500 -1.057106 0.000000
vt 1.492705 1.040622 0.000000
vt 1.492705 -1.040622 0.000000
vt 1.450000 1.035000 0.000000
vt 1.450000 -1.035000 0.000000
vt 1.407295 -1.040622 0.000000
vt 1.407295 1.040622 0.000000
vt 1.367500 -1.057106 0.000000
vt 1.367500 1.057106 0.000000
vt -1.609378 -1.242705 0.000000
vt -1.615000 -1.200000 0.000000
vt -1.750000 -1.200000 0.000000
vt -1.609378 -1.157295 0.000000
vt -1.592894 -1.117500 0.000000
vt -1.566673 -1.083327 0.000000
vt -1.532500 -1.057106 0.000000
vt -1.750000 1.200000 0.000000
vt -1.532500 1.057106 0.000000
vt -1.566673 1.083327 0.000000
vt -1.492705 1.040622 0.000000
vt -1.492705 -1.040622 0.000000
vt -1.450000 1.035000 0.000000
vt -1.450000 -1.035000 0.000000
vt -1.407295 -1.040622 0.000000
vt -1.407295 1.040622 0.000000
vt -1.367500 -1.057106 0.000000
vt -1.367500 1.057106 0.000000
vt -1.450000 -1.365000 0.000000
vt -1.527646 -1.489778 0.000000
vt -1.492705 -1.359378 0.000000
vt -1.600000 -1.459808 0.000000
vt -1.532500 -1.342894 0.000000
vt -1.662132 -1.412132 0.000000
vt -1.566673 -1.316673 0.000000
vt -1.709808 -1.350000 0.000000
vt -1.592894 -1.282500 0.000000
vt -1.739778 -1.277646 0.000000
vt -1.609378 1.157295 0.000000
vt -1.615000 1.200000 0.000000
vt -1.609378 1.242705 0.000000
vt -1.739778 1.277646 0.000000
vt -1.592894 1.282500 0.000000
vt -1.709808 1.350000 0.000000
vt -1.566673 1.316673 0.000000
vt -1.662132 1.412132 0.000000
vt -1.532500 1.342894 0.000000
vt -1.600000 1.459808 0.000000
vt -1.492705 1.359378 0.000000
vt -1.527646 1.489778 0.000000
vt -1.450000 1.365000 0.000000
vt -1.407295 1.359378 0.000000
vt -1.367500 1.342894 0.000000
vt -1.592894 1.117500 0.000000
vt 1.750000 -1.200000 0.000000
vt 1.566673 -1.083327 0.000000
vt 1.592894 -1.117500 0.000000
vt 1.609378 -1.157295 0.000000
vt 1.615000 -1.200000 0.000000
vt 1.609378 -1.242705 0.000000
vt 1.739778 -1.277646 0.000000
vt 1.592894 -1.282500 0.000000
vt 1.709808 -1.350000 0.000000
vt 1.566673 -1.316673 0.000000
vt 1.662132 -1.412132 0.000000
vt 1.532500 -1.342894 0.000000
vt 1.600000 -1.459808 0.000000
vt 1.492705 -1.359378 0.000000
vt 1.527646 -1.489778 0.000000
vt 1.450000 -1.365000 0.000000
vt 1.450000 -1.500000 0.000000
vt 1.407295 -1.359378 0.000000
vt 1.367500 -1.342894 0.000000
vt -1.290622 1.157295 0.000000
vt 1.290622 1.157295 0.000000
vt -1.285000 1.200000 0.000000
vt 1.285000 1.200000 0.000000
vt -1.290622 1.242705 0.000000
vt 1.290622 1.242705 0.000000
vt -1.307106 1.282500 0.000000
vt 1.307106 1.282500 0.000000
vt -1.333327 1.316673 0.000000
vt 1.333327 1.316673 0.000000
vt 1.450000 1.500000 0.000000
vt 1.367500 1.342894 0.000000
vt 1.407295 1.359378 0.000000
vt 1.307106 1.117500 0.000000
vt -1.307106 1.117500 0.000000
vt 1.333327 1.083327 0.000000
vt -1.333327 1.083327 0.000000
vt 1.333327 -1.083327 0.000000
vt -1.333327 -1.083327 0.000000
vt 1.307106 -1.117500 0.000000
vt -1.307106 -1.117500 0.000000
vt 1.290622 -1.157295 0.000000
vt -1.290622 -1.157295 0.000000
vt 1.285000 -1.200000 0.000000
vt -1.285000 -1.200000 0.000000
vt 1.290622 -1.242705 0.000000
vt -1.290622 -1.242705 0.000000
vt 1.307106 -1.282500 0.000000
vt -1.307106 -1.282500 0.000000
vt 1.333327 -1.316673 0.000000
vt -1.333327 -1.316673 0.000000
vt 1.450000 -1.500000 0.000000
vt -1.450000 -1.500000 0.000000
vt -1.367500 -1.342894 0.000000
vt -1.407295 -1.359378 0.000000
vt -1.367500 1.057106 0.000000
vt -1.367500 -1.057106 0.000000
vt -1.407295 1.040622 0.000000
vt -1.407295 -1.040622 0.000000
vt -1.450000 1.035000 0.000000
vt -1.450000 -1.035000 0.000000
vt -1.492705 -1.040622 0.000000
vt -1.492705 1.040622 0.000000
vt -1.532500 -1.057106 0.000000
vt -1.532500 1.057106 0.000000
vt -1.750000 1.200000 0.000000
vt -1.566673 1.083327 0.000000
vt -1.592894 1.117500 0.000000
vt -1.609378 1.157295 0.000000
vt -1.615000 1.200000 0.000000
vt -1.609378 1.242705 0.000000
vt -1.739778 1.277646 0.000000
vt -1.592894 1.282500 0.000000
vt -1.709808 1.350000 0.000000
vt -1.566673 1.316673 0.000000
vt -1.662132 1.412132 0.000000
vt -1.532500 1.342894 0.000000
vt -1.600000 1.459808 0.000000
vt -1.492705 1.359378 0.000000
vt -1.527646 1.489778 0.000000
vt -1.450000 1.365000 0.000000
vt -1.450000 1.500000 0.000000
vt -1.407295 1.359378 0.000000
vt -1.367500 1.342894 0.000000
vt 1.609378 -1.157295 0.000000
vt 1.615000 -1.200000 0.000000
vt 1.750000 -1.200000 0.000000
vt 1.609378 -1.242705 0.000000
vt 1.739778 -1.277646 0.000000
vt 1.592894 -1.282500 0.000000
vt 1.709808 -1.350000 0.000000
vt 1.566673 -1.316673 0.000000
vt 1.662132 -1.412132 0.000000
vt 1.532500 -1.342894 0.000000
vt 1.600000 -1.459808 0.000000
vt 1.492705 -1.359378 0.000000
vt 1.527646 -1.489778 0.000000
vt 1.450000 -1.365000 0.000000
vt 1.407295 -1.359378 0.000000
vt 1.367500 -1.342894 0.000000
vt 1.367500 1.057106 0.000000
vt 1.367500 -1.057106 0.000000
vt 1.407295 1.040622 0.000000
vt 1.407295 -1.040622 0.000000
vt 1.450000 1.035000 0.000000
vt 1.450000 -1.035000 0.000000
vt 1.492705 -1.040622 0.000000
vt 1.492705 1.040622 0.000000
vt 1.532500 -1.057106 0.000000
vt 1.532500 1.057106 0.000000
vt 1.750000 1.200000 0.000000
vt 1.566673 1.083327 0.000000
vt 1.592894 1.117500 0.000000
vt 1.609378 1.157295 0.000000
vt 1.615000 1.200000 0.000000
vt 1.609378 1.242705 0.000000
vt 1.739778 1.277646 0.000000
vt 1.592894 1.282500 0.000000
vt 1.709808 1.350000 0.000000
vt 1.566673 1.316673 0.000000
vt 1.662132 1.412132 0.000000
vt 1.532500 1.342894 0.000000
vt 1.600000 1.459808 0.000000
vt 1.492705 1.359378 0.000000
vt 1.527646 1.489778 0.000000
vt 1.450000 1.365000 0.000000
vt 1.566673 -1.083327 0.000000
vt 1.592894 -1.117500 0.000000
vt -1.450000 -1.365000 0.000000
vt -1.527646 -1.489778 0.000000
vt -1.492705 -1.359378 0.000000
vt -1.600000 -1.459808 0.000000
vt -1.532500 -1.342894 0.000000
vt -1.662132 -1.412132 0.000000
vt -1.566673 -1.316673 0.000000
vt -1.709808 -1.350000 0.000000
vt -1.592894 -1.282500 0.000000
vt -1.739778 -1.277646 0.000000
vt -1.609378 -1.242705 0.000000
vt -1.750000 -1.200000 0.000000
vt -1.615000 -1.200000 0.000000
vt -1.609378 -1.157295 0.000000
vt -1.592894 -1.117500 0.000000
vt -1.566673 -1.083327 0.000000
vn -0.965926 -0.258819 0.000000
vn -0.965926 -0.258819 0.000000
vn -1.000000 -0.000000 0.000000
vn -1.000000 -0.000000 0.000000
vn -0.965926 0.258819 0.000000
vn -0.965926 0.258819 0.000000
vn -0.866025 0.500000 0.000000
vn -0.866025 0.500000 0.000000
vn -0.707107 0.707107 0.000000
vn -0.707107 0.707107 0.000000
vn -0.500000 0.866025 0.000000
vn -0.500000 0.866025 0.000000
vn -0.258819 0.965926 0.000000
vn -0.258819 0.965926 0.000000
vn -0.000000 1.000000 0.000000
vn -0.000000 1.000000 0.000000
vn 0.258819 0.965926 0.000000
vn 0.258819 0.965926 0.000000
vn 0.500000 0.866025 0.000000
vn 0.500000 0.866025 0.000000
vn 0.707107 0.707107 0.000000
vn 0.707107 0.707107 0.000000
vn 0.866025 0.500000 0.000000
vn 0.866025 0.500000 0.000000
vn 0.965926 0.258819 0.000000
vn 0.965926 0.258819 0.000000
vn 1.000000 0.000000 0.000000
vn 1.000000 0.000000 0.000000
vn 0.965926 -0.258819 0.000000
vn 0.965926 -0.258819 0.000000
vn 0.866025 -0.500000 0.000000
vn 0.866025 -0.500000 0.000000
vn 0.707107 -0.707107 0.000000
vn 0.707107 -0.707107 0.000000
vn 0.500000 -0.866025 0.000000
vn 0.500000 -0.866025 0.000000
vn 0.258819 -0.965926 0.000000
vn 0.258819 -0.965926 0.000000
vn 0.000000 -1.000000 0.000000
vn 0.000000 -1.000000 0.000000
vn -0.258819 -0.965926 0.000000
vn -0.258819 -0.965926 0.000000
vn -0.500000 -0.866025 0.000000
vn -0.500000 -0.866025 0.000000
vn -0.707107 -0.707107 0.000000
vn -0.707107 -0.707107 0.000000
vn -0.866025 -0.500000 0.000000
vn -0.866025 -0.500000 0.000000
vn -0.965926 -0.258819 0.000000
vn -0.965926 -0.258819 0.000000
vn -1.000000 -0.000000 0.000000
vn -1.000000 -0.000000 0.000000
vn -0.965926 0.258819 0.000000
vn -0.965926 0.258819 0.000000
vn -0.866025 0.500000 0.000000
vn -0.866025 0.500000 0.000000
vn -0.707107 0.707107 0.000000
vn -0.707107 0.707107 0.000000
vn -0.500000 0.866025 0.000000
vn -0.500000 0.866025 0.000000
vn -0.258819 0.965926 0.000000
vn -0.258819 0.965926 0.000000
vn -0.000000 1.000000 0.000000
vn -0.000000 1.000000 0.000000
vn 0.258819 0.965926 0.000000
vn 0.258819 0.965926 0.000000
vn 0.500000 0.866025 0.000000
vn 0.500000 0.866025 0.000000
vn 0.707107 0.707107 0.000000
vn 0.707107 0.707107 0.000000
vn 0.866025 0.500000 0.000000
vn 0.866025 0.500000 0.000000
vn 0.965926 0.258819 0.000000
vn 0.965926 0.258819 0.000000
vn 1.000000 0.000000 0.000000
vn 1.000000 0.000000 0.000000
vn 0.965926 -0.258819 0.000000
vn 0.965926 -0.258819 0.000000
vn 0.866025 -0.500000 0.000000
vn 0.866025 -0.500000 0.000000
vn 0.707107 -0.707107 0.000000
vn 0.707107 -0.707107 0.000000
vn 0.500000 -0.866025 0.000000
vn 0.500000 -0.866025 0.000000
vn 0.258819 -0.965926 0.000000
vn 0.258819 -0.965926 0.000000
vn 0.000000 -1.000000 0.000000
vn 0.000000 -1.000000 0.000000
vn -0.258819 -0.965926 0.000000
vn -0.258819 -0.965926 0.000000
vn -0.500000 -0.866025 0.000000
vn -0.500000 -0.866025 0.000000
vn -0.707107 -0.707107 0.000000
vn -0.707107 -0.707107 0.000000
vn -0.866025 -0.500000 0.000000
vn -0.866025 -0.500000 0.000000
vn -0.965926 -0.258819 0.000000
vn -0.965926 -0.258819 0.000000
vn -1.000000 -0.000000 0.000000
vn -1.000000 -0.000000 0.000000
vn -0.965926 0.258819 0.000000
vn -0.965926 0.258819 0.000000
vn -0.866025 0.500000 0.000000
vn -0.866025 0.500000 0.000000
vn -0.707107 0.707107 0.000000
vn -0.707107 0.707107 0.000000
vn -0.500000 0.866025 0.000000
vn -0.500000 0.866025 0.000000
vn -0.258819 0.965926 0.000000
vn -0.258819 0.965926 0.000000
vn -0.000000 1.000000 0.000000
vn -0.000000 1.000000 0.000000
vn 0.258819 0.965926 0.000000
vn 0.258819 0.965926 0.000000
vn 0.500000 0.866025 0.000000
vn 0.500000 0.866025 0.000000
vn 0.707107 0.707107 0.000000
vn 0.707107 0.707107 0.000000
vn 0.866025 0.500000 0.000000
vn 0.866025 0.500000 0.000000
vn 0.965926 0.258819 0.000000
vn 0.965926 0.258819 0.000000
vn 1.000000 0.000000 0.000000
vn 1.000000 0.000000 0.000000
vn 0.965926 -0.258819 0.000000
vn 0.965926 -0.258819 0.000000
vn 0.866025 -0.500000 0.000000
vn 0.866025 -0.500000 0.000000
vn 0.707107 -0.707107 0.000000
vn 0.707107 -0.707107 0.000000
vn 0.500000 -0.866025 0.000000
vn 0.500000 -0.866025 0.000000
vn 0.258819 -0.965926 0.000000
vn 0.258819 -0.965926 0.000000
vn 0.000000 -1.000000 0.000000
vn 0.000000 -1.000000 0.000000
vn -0.258819 -0.965926 0.000000
vn -0.258819 -0.965926 0.000000
vn -0.500000 -0.866025 0.000000
vn -0.500000 -0.866025 0.000000
vn -0.707107 -0.707107 0.000000
vn -0.707107 -0.707107 0.000000
vn -0.866025 -0.500000 0.000000
vn -0.866025 -0.500000 0.000000
vn -0.965926 -0.258819 0.000000
vn -0.965926 -0.258819 0.000000
vn -1.000000 -0.000000 0.000000
vn -1.000000 -0.000000 0.000000
vn -0.965926 0.258819 0.000000
vn -0.965926 0.258819 0.000000
vn -0.866025 0.500000 0.000000
vn -0.866025 0.500000 0.000000
vn -0.707107 0.707107 0.000000
vn -0.707107 0.707107 0.000000
vn -0.500000 0.866025 0.000000
vn -0.500000 0.866025 0.000000
vn -0.258819 0.965926 0.000000
vn -0.258819 0.965926 0.000000
vn -0.000000 1.000000 0.000000
vn -0.000000 1.000000 0.000000
vn 0.258819 0.965926 0.000000
vn 0.258819 0.965926 0.000000
vn 0.500000 0.866025 0.000000
vn 0.500000 0.866025 0.000000
vn 0.707107 0.707107 0.000000
vn 0.707107 0.707107 0.000000
vn 0.866025 0.500000 0.000000
vn 0.866025 0.500000 0.000000
vn 0.965926 0.258819 0.000000
vn 0.965926 0.258819 0.000000
vn 1.000000 0.000000 0.000000
vn 1.000000 0.000000 0.000000
vn 0.965926 -0.258819 0.000000
vn 0.965926 -0.258819 0.000000
vn 0.866025 -0.500000 0.000000
vn 0.866025 -0.500000 0.000000
vn 0.707107 -0.707107 0.000000
vn 0.707107 -0.707107 0.000000
vn 0.500000 -0.866025 0.000000
vn 0.500000 -0.866025 0.000000
vn 0.258819 -0.965926 0.000000
vn 0.258819 -0.965926 0.000000
vn 0.000000 -1.000000 0.000000
vn 0.000000 -1.000000 0.000000
vn -0.258819 -0.965926 0.000000
vn -0.258819 -0.965926 0.000000
vn -0.500000 -0.866025 0.000000
vn -0.500000 -0.866025 0.000000
vn -0.707107 -0.707107 0.000000
vn -0.707107 -0.707107 0.000000
vn -0.866025 -0.500000 0.000000
vn -0.866025 -0.500000 0.000000
vn 0.000000 -1.000000 0.000000
vn 0.000000 -1.000000 0.000000
vn 0.000000 -1.000000 0.000000
vn 0.000000 -1.000000 0.000000
vn -1.000000 -0.000000 0.000000
vn -1.000000 -0.000000 0.000000
vn -0.965926 -0.258819 0.000000
vn -0.965926 -0.258819 0.000000
vn -0.866025 -0.500000 0.000000
vn -0.866025 -0.500000 0.000000
vn -0.707107 -0.707107 0.000000
vn -0.707107 -0.707107 0.000000
vn -0.500000 -0.866025 0.000000
vn -0.500000 -0.866025 0.000000
vn -0.258819 -0.965926 0.000000
vn -0.258819 -0.965926 0.000000
vn -0.000000 -1.000000 0.000000
vn -0.000000 -1.000000 0.000000
vn -1.000000 -0.000000 0.000000
vn -1.000000 -0.000000 0.000000
vn -0.000000 1.000000 0.000000
vn -0.000000 1.000000 0.000000
vn -0.258819 0.965926 0.000000
vn -0.258819 0.965926 0.000000
vn -0.500000 0.866025 0.000000
vn -0.500000 0.866025 0.000000
vn -0.707107 0.707107 0.000000
vn -0.707107 0.707107 0.000000
vn -0.866025 0.500000 0.000000
vn -0.866025 0.500000 0.000000
vn -0.965926 0.258819 0.000000
vn -0.965926 0.258819 0.000000
vn -1.000000 0.000000 0.000000
vn -1.000000 0.000000 0.000000
vn -0.000000 1.000000 0.000000
vn -0.000000 1.000000 0.000000
vn -0.000000 1.000000 0.000000
vn -0.000000 1.000000 0.000000
vn 1.000000 0.000000 0.000000
vn 1.000000 0.000000 0.000000
vn 0.965926 0.258819 0.000000
vn 0.965926 0.258819 0.000000
vn 0.866025 0.500000 0.000000
vn 0.866025 0.500000 0.000000
vn 0.707107 0.707107 0.000000
vn 0.707107 0.707107 0.000000
vn 0.500000 0.866025 0.000000
vn 0.500000 0.866025 0.000000
vn 0.258819 0.965926 0.000000
vn 0.258819 0.965926 0.000000
vn -0.000000 1.000000 0.000000
vn -0.000000 1.000000 0.000000
vn 1.000000 0.000000 0.000000
vn 1.000000 0.000000 0.000000
vn 1.000000 0.000000 0.000000
vn 1.000000 0.000000 0.000000
vn -0.000000 -1.000000 0.000000
vn -0.000000 -1.000000 0.000000
vn 0.258819 -0.965926 -0.000000
vn 0.258819 -0.965926 -0.000000
vn 0.500000 -0.866025 -0.000000
vn 0.500000 -0.866025 -0.000000
vn 0.707107 -0.707107 -0.000000
vn 0.707107 -0.707107 -0.000000
vn 0.866025 -0.500000 -0.000000
vn 0.866025 -0.500000 -0.000000
vn 0.965926 -0.258819 -0.000000
vn 0.965926 -0.258819 -0.000000
vn 1.000000 0.000000 0.000000
vn 1.000000 0.000000 0.000000
vn 0.000000 0.000000 1.000000
vn 0.000000 0.000000 1.000000
vn 0.000000 0.000000 1.000000
vn 0.000000 0.000000 1.000000
vn 0.000000 0.000000 1.000000
vn 0.000000 0.000000 1.000000
vn 0.000000 0.000000 1.000000
vn 0.000000 0.000000 1.000000
vn 0.000000 0.000000 1.000000
vn 0.000000 0.000000 1.000000
vn 0.000000 0.000000 1.000000
vn 0.000000 0.000000 1.000000
vn 0.000000 0.000000 1.000000
vn 0.000000 0.000000 1.000000
vn 0.000000 0.000000 1.000000
vn 0.000000 0.000000 1.000000
vn 0.000000 0.000000 1.000000
vn 0.000000 0.000000 1.000000
vn 0.000000 0.000000 1.000000
vn 0.000000 0.000000 1.000000
vn 0.000000 0.000000 1.000000
vn 0.000000 0.000000 1.000000
vn 0.000000 0.000000 1.000000
vn 0.000000 0.000000 1.000000
vn 0.000000 0.000000 1.000000
vn 0.000000 0.000000 1.000000
vn 0.000000 0.000000 1.000000
vn 0.000000 0.000000 1.000000
vn 0.000000 0.000000 1.000000
vn 0.000000 0.000000 1.000000
vn 0.000000 0.000000 1.000000
vn 0.000000 0.000000 1.000000
vn 0.000000 0.000000 1.000000
vn 0.000000 0.000000 1.000000
vn 0.000000 0.000000 1.000000
vn 0.000000 0.000000 1.000000
vn 0.000000 0.000000 1.000000
vn 0.000000 0.000000 1.000000
vn 0.000000 0.000000 1.000000
vn 0.000000 0.000000 1.000000
vn 0.000000 0.000000 1.000000
vn 0.000000 0.000000 1.000000
vn 0.000000 0.000000 1.000000
vn 0.000000 0.000000 1.000000
vn 0.000000 0.000000 1.000000
vn 0.000000 0.000000 1.000000
vn 0.000000 0.000000 1.000000
vn 0.000000 0.000000 1.000000
vn 0.000000 0.000000 1.000000
vn 0.000000 0.000000 1.000000
vn 0.000000 0.000000 1.000000
vn 0.000000 0.000000 1.000000
vn 0.000000 0.000000 1.000000
vn 0.000000 0.000000 1.000000
vn 0.000000 0.000000 1.000000
vn 0.000000 0.000000 1.000000
vn 0.000000 0.000000 1.000000
vn 0.000000 0.000000 1.000000
vn 0.000000 0.000000 1.000000
vn 0.000000 0.000000 1.000000
vn 0.000000 0.000000 1.000000
vn 0.000000 0.000000 1.000000
vn 0.000000 0.000000 1.000000
vn 0.000000 0.000000 1.000000
vn 0.000000 0.000000 1.000000
vn 0.000000 0.000000 1.000000
vn 0.000000 0.000000 1.000000
vn 0.000000 0.000000 1.000000
vn 0.000000 0.000000 1.000000
vn 0.000000 0.000000 1.000000
vn 0.000000 0.000000 1.000000
vn 0.000000 0.000000 1.000000
vn 0.000000 0.000000 1.000000
vn 0.000000 0.000000 1.000000
vn 0.000000 0.000000 1.000000
vn 0.000000 0.000000 1.000000
vn 0.000000 0.000000 1.000000
vn 0.000000 0.000000 1.000000
vn 0.000000 0.000000 1.000000
vn 0.000000 0.000000 1.000000
vn 0.000000 0.000000 1.000000
vn 0.000000 0.000000 1.000000
vn 0.000000 0.000000 1.000000
vn 0.000000 0.000000 1.000000
vn 0.000000 0.000000 1.000000
vn 0.000000 0.000000 1.000000
vn 0.000000 0.000000 1.000000
vn 0.000000 0.000000 1.000000
vn 0.000000 0.000000 1.000000
vn 0.000000 0.000000 1.000000
vn 0.000000 0.000000 1.000000
vn 0.000000 0.000000 1.000000
vn 0.000000 0.000000 1.000000
vn 0.000000 0.000000 1.000000
vn 0.000000 0.000000 1.000000
vn 0.000000 0.000000 1.000000
vn 0.000000 0.000000 1.000000
vn 0.000000 0.000000 1.000000
vn 0.000000 0.000000 1.000000
vn 0.000000 0.000000 1.000000
vn 0.000000 0.000000 1.000000
vn 0.000000 0.000000 1.000000
vn 0.000000 0.000000 1.000000
vn 0.000000 0.000000 1.000000
vn 0.000000 0.000000 1.000000
vn 0.000000 0.000000 1.000000
vn 0.000000 0.000000 1.000000
vn 0.000000 0.000000 1.000000
vn 0.000000 0.000000 1.000000
vn 0.000000 0.000000 1.000000
vn 0.000000 0.000000 1.000000
vn 0.000000 0.000000 1.000000
vn 0.000000 0.000000 1.000000
vn 0.000000 0.000000 1.000000
vn 0.000000 0.000000 1.000000
vn 0.000000 0.000000 1.000000
vn 0.000000 0.000000 1.000000
vn 0.000000 0.000000 1.000000
vn 0.000000 0.000000 1.000000
vn 0.000000 0.000000 1.000000
vn 0.000000 0.000000 1.000000
vn 0.000000 0.000000 1.000000
vn 0.000000 0.000000 1.000000
vn 0.000000 0.000000 1.000000
vn 0.000000 0.000000 -1.000000
vn 0.000000 0.000000 -1.000000
vn 0.000000 0.000000 -1.000000
vn 0.000000 0.000000 -1.000000
vn 0.000000 0.000000 -1.000000
vn 0.000000 0.000000 -1.000000
vn 0.000000 0.000000 -1.000000
vn 0.000000 0.000000 -1.000000
vn 0.000000 0.000000 -1.000000
vn 0.000000 0.000000 -1.000000
vn 0.000000 0.000000 -1.000000
vn 0.000000 0.000000 -1.000000
vn 0.000000 0.000000 -1.000000
vn 0.000000 0.000000 -1.000000
vn 0.000000 0.000000 -1.000000
vn 0.000000 0.000000 -1.000000
vn 0.000000 0.000000 -1.000000
vn 0.000000 0.000000 -1.000000
vn 0.000000 0.000000 -1.000000
vn 0.000000 0.000000 -1.000000
vn 0.000000 0.000000 -1.000000
vn 0.000000 0.000000 -1.000000
vn 0.000000 0.000000 -1.000000
vn 0.000000 0.000000 -1.000000
vn 0.000000 0.000000 -1.000000
vn 0.000000 0.000000 -1.000000
vn 0.000000 0.000000 -1.000000
vn 0.000000 0.000000 -1.000000
vn 0.000000 0.000000 -1.000000
vn 0.000000 0.000000 -1.000000
vn 0.000000 0.000000 -1.000000
vn 0.000000 0.000000 -1.000000
vn 0.000000 0.000000 -1.000000
vn 0.000000 0.000000 -1.000000
vn 0.000000 0.000000 -1.000000
vn 0.000000 0.000000 -1.000000
vn 0.000000 0.000000 -1.000000
vn 0.000000 0.000000 -1.000000
vn 0.000000 0.000000 -1.000000
vn 0.000000 0.000000 -1.000000
vn 0.000000 0.000000 -1.000000
vn 0.000000 0.000000 -1.000000
vn 0.000000 0.000000 -1.000000
vn 0.000000 0.000000 -1.000000
vn 0.000000 0.000000 -1.000000
vn 0.000000 0.000000 -1.000000
vn 0.000000 0.000000 -1.000000
vn 0.000000 0.000000 -1.000000
vn 0.000000 0.000000 -1.000000
vn 0.000000 0.000000 -1.000000
vn 0.000000 0.000000 -1.000000
vn 0.000000 0.000000 -1.000000
vn 0.000000 0.000000 -1.000000
vn 0.000000 0.000000 -1.000000
vn 0.000000 0.000000 -1.000000
vn 0.000000 0.000000 -1.000000
vn 0.000000 0.000000 -1.000000
vn 0.000000 0.000000 -1.000000
vn 0.000000 0.000000 -1.000000
vn 0.000000 0.000000 -1.000000
vn 0.000000 0.000000 -1.000000
vn 0.000000 0.000000 -1.000000
vn 0.000000 0.000000 -1.000000
vn 0.000000 0.000000 -1.000000
vn 0.000000 0.000000 -1.000000
vn 0.000000 0.000000 -1.000000
vn 0.000000 0.000000 -1.000000
vn 0.000000 0.000000 -1.000000
vn 0.000000 0.000000 -1.000000
vn 0.000000 0.000000 -1.000000
vn 0.000000 0.000000 -1.000000
vn 0.000000 0.000000 -1.000000
vn 0.000000 0.000000 -1.000000
vn 0.000000 0.000000 -1.000000
vn 0.000000 0.000000 -1.000000
vn 0.000000 0.000000 -1.000000
vn 0.000000 0.000000 -1.000000
vn 0.000000 0.000000 -1.000000
vn 0.000000 0.000000 -1.000000
vn 0.000000 0.000000 -1.000000
vn 0.000000 0.000000 -1.000000
vn 0.000000 0.000000 -1.000000
vn 0.000000 0.000000 -1.000000
vn 0.000000 0.000000 -1.000000
vn 0.000000 0.000000 -1.000000
vn 0.000000 0.000000 -1.000000
vn 0.000000 0.000000 -1.000000
vn 0.000000 0.000000 -1.000000
vn 0.000000 0.000000 -1.000000
vn 0.000000 0.000000 -1.000000
vn 0.000000 0.000000 -1.000000
vn 0.000000 0.000000 -1.000000
vn 0.000000 0.000000 -1.000000
vn 0.000000 0.000000 -1.000000
vn 0.000000 0.000000 -1.000000
vn 0.000000 0.000000 -1.000000
vn 0.000000 0.000000 -1.000000
vn 0.000000 0.000000 -1.000000
vn 0.000000 0.000000 -1.000000
vn 0.000000 0.000000 -1.000000
vn 0.000000 0.000000 -1.000000
vn 0.000000 0.000000 -1.000000
vn 0.000000 0.000000 -1.000000
vn 0.000000 0.000000 -1.000000
vn 0.000000 0.000000 -1.000000
vn 0.000000 0.000000 -1.000000
vn 0.000000 0.000000 -1.000000
vn 0.000000 0.000000 -1.000000
vn 0.000000 0.000000 -1.000000
vn 0.000000 0.000000 -1.000000
vn 0.000000 0.000000 -1.000000
vn 0.000000 0.000000 -1.000000
vn 0.000000 0.000000 -1.000000
vn 0.000000 0.000000 -1.000000
vn 0.000000 0.000000 -1.000000
vn 0.000000 0.000000 -1.000000
vn 0.000000 0.000000 -1.000000
vn 0.000000 0.000000 -1.000000
vn 0.000000 0.000000 -1.000000
vn 0.000000 0.000000 -1.000000
vn 0.000000 0.000000 -1.000000
vn 0.000000 0.000000 -1.000000
vn 0.000000 0.000000 -1.000000
vn 0.000000 0.000000 -1.000000
usemtl ABS(白)
f 3334/5609/5419 3380/5610/5420 3333/5611/5421
f 3333/5611/5421 3380/5610/5420 3357/5612/5422
f 3333/5613/5421 3357/5614/5422 3356/5615/5423
f 3356/5615/5423 3357/5614/5422 3358/5616/5424
f 3356/5615/5423 3358/5616/5424 3355/5617/5425
f 3355/5617/5425 3358/5616/5424 3359/5618/5426
f 3355/5617/5425 3359/5618/5426 3354/5619/5427
f 3354/5619/5427 3359/5618/5426 3360/5620/5428
f 3354/5619/5427 3360/5620/5428 3353/5621/5429
f 3353/5621/5429 3360/5620/5428 3361/5622/5430
f 3353/5621/5429 3361/5622/5430 3352/5623/5431
f 3352/5623/5431 3361/5622/5430 3362/5624/5432
f 3352/5623/5431 3362/5624/5432 3351/5625/5433
f 3351/5625/5433 3362/5624/5432 3363/5626/5434
f 3351/5625/5433 3363/5626/5434 3350/5627/5435
f 3350/5627/5435 3363/5626/5434 3364/5628/5436
f 3350/5627/5435 3364/5628/5436 3349/5629/5437
f 3349/5629/5437 3364/5628/5436 3365/5630/5438
f 3349/5629/5437 3365/5630/5438 3348/5631/5439
f 3348/5631/5439 3365/5630/5438 3366/5632/5440
f 3348/5631/5439 3366/5632/5440 3347/5633/5441
f 3347/5633/5441 3366/5632/5440 3367/5634/5442
f 3347/5633/5441 3367/5634/5442 3346/5635/5443
f 3346/5635/5443 3367/5634/5442 3368/5636/5444
f 3346/5635/5443 3368/5636/5444 3345/5637/5445
f 3345/5637/5445 3368/5636/5444 3369/5638/5446
f 3345/5637/5445 3369/5638/5446 3344/5639/5447
f 3344/5639/5447 3369/5638/5446 3370/5640/5448
f 3344/5639/5447 3370/5640/5448 3343/5641/5449
f 3343/5641/5449 3370/5640/5448 3371/5642/5450
f 3343/5641/5449 3371/5642/5450 3342/5643/5451
f 3342/5643/5451 3371/5642/5450 3372/5644/5452
f 3342/5643/5451 3372/5644/5452 3341/5645/5453
f 3341/5645/5453 3372/5644/5452 3373/5646/5454
f 3341/5645/5453 3373/5646/5454 3340/5647/5455
f 3340/5647/5455 3373/5646/5454 3374/5648/5456
f 3340/5647/5455 3374/5648/5456 3339/5649/5457
f 3339/5649/5457 3374/5648/5456 3375/5650/5458
f 3339/5649/5457 3375/5650/5458 3338/5651/5459
f 3338/5651/5459 3375/5650/5458 3376/5652/5460
f 3338/5651/5459 3376/5652/5460 3337/5653/5461
f 3337/5653/5461 3376/5652/5460 3377/5654/5462
f 3337/5653/5461 3377/5654/5462 3336/5655/5463
f 3336/5655/5463 3377/5654/5462 3378/5656/5464
f 3336/5655/5463 3378/5656/5464 3335/5657/5465
f 3335/5657/5465 3378/5656/5464 3379/5658/5466
f 3335/5657/5465 3379/5658/5466 3334/5609/5419
f 3334/5609/5419 3379/5658/5466 3380/5610/5420
f 3382/5659/5467 3428/5660/5468 3381/5661/5469
f 3381/5661/5469 3428/5660/5468 3405/5662/5470
f 3381/5663/5469 3405/5664/5470 3404/5665/5471
f 3404/5665/5471 3405/5664/5470 3406/5666/5472
f 3404/5665/5471 3406/5666/5472 3403/5667/5473
f 3403/5667/5473 3406/5666/5472 3407/5668/5474
f 3403/5667/5473 3407/5668/5474 3402/5669/5475
f 3402/5669/5475 3407/5668/5474 3408/5670/5476
f 3402/5669/5475 3408/5670/5476 3401/5671/5477
f 3401/5671/5477 3408/5670/5476 3409/5672/5478
f 3401/5671/5477 3409/5672/5478 3400/5673/5479
f 3400/5673/5479 3409/5672/5478 3410/5674/5480
f 3400/5673/5479 3410/5674/5480 3399/5675/5481
f 3399/5675/5481 3410/5674/5480 3411/5676/5482
f 3399/5675/5481 3411/5676/5482 3398/5677/5483
f 3398/5677/5483 3411/5676/5482 3412/5678/5484
f 3398/5677/5483 3412/5678/5484 3397/5679/5485
f 3397/5679/5485 3412/5678/5484 3413/5680/5486
f 3397/5679/5485 3413/5680/5486 3396/5681/5487
f 3396/5681/5487 3413/5680/5486 3414/5682/5488
f 3396/5681/5487 3414/5682/5488 3395/5683/5489
f 3395/5683/5489 3414/5682/5488 3415/5684/5490
f 3395/5683/5489 3415/5684/5490 3394/5685/5491
f 3394/5685/5491 3415/5684/5490 3416/5686/5492
f 3394/5685/5491 3416/5686/5492 3393/5687/5493
f 3393/5687/5493 3416/5686/5492 3417/5688/5494
f 3393/5687/5493 3417/5688/5494 3392/5689/5495
f 3392/5689/5495 3417/5688/5494 3418/5690/5496
f 3392/5689/5495 3418/5690/5496 3391/5691/5497
f 3391/5691/5497 3418/5690/5496 3419/5692/5498
f 3391/5691/5497 3419/5692/5498 3390/5693/5499
f 3390/5693/5499 3419/5692/5498 3420/5694/5500
f 3390/5693/5499 3420/5694/5500 3389/5695/5501
f 3389/5695/5501 3420/5694/5500 3421/5696/5502
f 3389/5695/5501 3421/5696/5502 3388/5697/5503
f 3388/5697/5503 3421/5696/5502 3422/5698/5504
f 3388/5697/5503 3422/5698/5504 3387/5699/5505
f 3387/5699/5505 3422/5698/5504 3423/5700/5506
f 3387/5699/5505 3423/5700/5506 3386/5701/5507
f 3386/5701/5507 3423/5700/5506 3424/5702/5508
f 3386/5701/5507 3424/5702/5508 3385/5703/5509
f 3385/5703/5509 3424/5702/5508 3425/5704/5510
f 3385/5703/5509 3425/5704/5510 3384/5705/5511
f 3384/5705/5511 3425/5704/5510 3426/5706/5512
f 3384/5705/5511 3426/5706/5512 3383/5707/5513
f 3383/5707/5513 3426/5706/5512 3427/5708/5514
f 3383/5707/5513 3427/5708/5514 3382/5659/5467
f 3382/5659/5467 3427/5708/5514 3428/5660/5468
f 3430/5709/5515 3476/5710/5516 3429/5711/5517
f 3429/5711/5517 3476/5710/5516 3453/5712/5518
f 3429/5713/5517 3453/5714/5518 3452/5715/5519
f 3452/5715/5519 3453/5714/5518 3454/5716/5520
f 3452/5715/5519 3454/5716/5520 3451/5717/5521
f 3451/5717/5521 3454/5716/5520 3455/5718/5522
f 3451/5717/5521 3455/5718/5522 3450/5719/5523
f 3450/5719/5523 3455/5718/5522 3456/5720/5524
f 3450/5719/5523 3456/5720/5524 3449/5721/5525
f 3449/5721/5525 3456/5720/5524 3457/5722/5526
f 3449/5721/5525 3457/5722/5526 3448/5723/5527
f 3448/5723/5527 3457/5722/5526 3458/5724/5528
f 3448/5723/5527 3458/5724/5528 3447/5725/5529
f 3447/5725/5529 3458/5724/5528 3459/5726/5530
f 3447/5725/5529 3459/5726/5530 3446/5727/5531
f 3446/5727/5531 3459/5726/5530 3460/5728/5532
f 3446/5727/5531 3460/5728/5532 3445/5729/5533
f 3445/5729/5533 3460/5728/5532 3461/5730/5534
f 3445/5729/5533 3461/5730/5534 3444/5731/5535
f 3444/5731/5535 3461/5730/5534 3462/5732/5536
f 3444/5731/5535 3462/5732/5536 3443/5733/5537
f 3443/5733/5537 3462/5732/5536 3463/5734/5538
f 3443/5733/5537 3463/5734/5538 3442/5735/5539
f 3442/5735/5539 3463/5734/5538 3464/5736/5540
f 3442/5735/5539 3464/5736/5540 3441/5737/5541
f 3441/5737/5541 3464/5736/5540 3465/5738/5542
f 3441/5737/5541 3465/5738/5542 3440/5739/5543
f 3440/5739/5543 3465/5738/5542 3466/5740/5544
f 3440/5739/5543 3466/5740/5544 3439/5741/5545
f 3439/5741/5545 3466/5740/5544 3467/5742/5546
f 3439/5741/5545 3467/5742/5546 3438/5743/5547
f 3438/5743/5547 3467/5742/5546 3468/5744/5548
f 3438/5743/5547 3468/5744/5548 3437/5745/5549
f 3437/5745/5549 3468/5744/5548 3469/5746/5550
f 3437/5745/5549 3469/5746/5550 3436/5747/5551
f 3436/5747/5551 3469/5746/5550 3470/5748/5552
f 3436/5747/5551 3470/5748/5552 3435/5749/5553
f 3435/5749/5553 3470/5748/5552 3471/5750/5554
f 3435/5749/5553 3471/5750/5554 3434/5751/5555
f 3434/5751/5555 3471/5750/5554 3472/5752/5556
f 3434/5751/5555 3472/5752/5556 3433/5753/5557
f 3433/5753/5557 3472/5752/5556 3473/5754/5558
f 3433/5753/5557 3473/5754/5558 3432/5755/5559
f 3432/5755/5559 3473/5754/5558 3474/5756/5560
f 3432/5755/5559 3474/5756/5560 3431/5757/5561
f 3431/5757/5561 3474/5756/5560 3475/5758/5562
f 3431/5757/5561 3475/5758/5562 3430/5709/5515
f 3430/5709/5515 3475/5758/5562 3476/5710/5516
f 3478/5759/5563 3524/5760/5564 3477/5761/5565
f 3477/5761/5565 3524/5760/5564 3501/5762/5566
f 3477/5763/5565 3501/5764/5566 3500/5765/5567
f 3500/5765/5567 3501/5764/5566 3502/5766/5568
f 3500/5765/5567 3502/5766/5568 3499/5767/5569
f 3499/5767/5569 3502/5766/5568 3503/5768/5570
f 3499/5767/5569 3503/5768/5570 3498/5769/5571
f 3498/5769/5571 3503/5768/5570 3504/5770/5572
f 3498/5769/5571 3504/5770/5572 3497/5771/5573
f 3497/5771/5573 3504/5770/5572 3505/5772/5574
f 3497/5771/5573 3505/5772/5574 3496/5773/5575
f 3496/5773/5575 3505/5772/5574 3506/5774/5576
f 3496/5773/5575 3506/5774/5576 3495/5775/5577
f 3495/5775/5577 3506/5774/5576 3507/5776/5578
f 3495/5775/5577 3507/5776/5578 3494/5777/5579
f 3494/5777/5579 3507/5776/5578 3508/5778/5580
f 3494/5777/5579 3508/5778/5580 3493/5779/5581
f 3493/5779/5581 3508/5778/5580 3509/5780/5582
f 3493/5779/5581 3509/5780/5582 3492/5781/5583
f 3492/5781/5583 3509/5780/5582 3510/5782/5584
f 3492/5781/5583 3510/5782/5584 3491/5783/5585
f 3491/5783/5585 3510/5782/5584 3511/5784/5586
f 3491/5783/5585 3511/5784/5586 3490/5785/5587
f 3490/5785/5587 3511/5784/5586 3512/5786/5588
f 3490/5785/5587 3512/5786/5588 3489/5787/5589
f 3489/5787/5589 3512/5786/5588 3513/5788/5590
f 3489/5787/5589 3513/5788/5590 3488/5789/5591
f 3488/5789/5591 3513/5788/5590 3514/5790/5592
f 3488/5789/5591 3514/5790/5592 3487/5791/5593
f 3487/5791/5593 3514/5790/5592 3515/5792/5594
f 3487/5791/5593 3515/5792/5594 3486/5793/5595
f 3486/5793/5595 3515/5792/5594 3516/5794/5596
f 3486/5793/5595 3516/5794/5596 3485/5795/5597
f 3485/5795/5597 3516/5794/5596 3517/5796/5598
f 3485/5795/5597 3517/5796/5598 3484/5797/5599
f 3484/5797/5599 3517/5796/5598 3518/5798/5600
f 3484/5797/5599 3518/5798/5600 3483/5799/5601
f 3483/5799/5601 3518/5798/5600 3519/5800/5602
f 3483/5799/5601 3519/5800/5602 3482/5801/5603
f 3482/5801/5603 3519/5800/5602 3520/5802/5604
f 3482/5801/5603 3520/5802/5604 3481/5803/5605
f 3481/5803/5605 3520/5802/5604 3521/5804/5606
f 3481/5803/5605 3521/5804/5606 3480/5805/5607
f 3480/5805/5607 3521/5804/5606 3522/5806/5608
f 3480/5805/5607 3522/5806/5608 3479/5807/5609
f 3479/5807/5609 3522/5806/5608 3523/5808/5610
f 3479/5807/5609 3523/5808/5610 3478/5759/5563
f 3478/5759/5563 3523/5808/5610 3524/5760/5564
f 3525/5809/5611 3526/5810/5612 3528/5811/5613
f 3528/5811/5613 3526/5810/5612 3527/5812/5614
f 3540/5813/5615 3529/5814/5616 3539/5815/5617
f 3539/5815/5617 3529/5814/5616 3530/5816/5618
f 3539/5815/5617 3530/5816/5618 3538/5817/5619
f 3538/5817/5619 3530/5816/5618 3531/5818/5620
f 3538/5817/5619 3531/5818/5620 3537/5819/5621
f 3537/5819/5621 3531/5818/5620 3532/5820/5622
f 3537/5819/5621 3532/5820/5622 3536/5821/5623
f 3536/5821/5623 3532/5820/5622 3533/5822/5624
f 3536/5821/5623 3533/5822/5624 3535/5823/5625
f 3535/5823/5625 3533/5822/5624 3534/5824/5626
f 3535/5823/5625 3534/5824/5626 3528/5825/5627
f 3528/5825/5627 3534/5824/5626 3525/5826/5628
f 3541/5827/5629 3529/5828/5616 3542/5829/5630
f 3542/5829/5630 3529/5828/5616 3540/5830/5615
f 3554/5831/5631 3543/5832/5632 3553/5833/5633
f 3553/5833/5633 3543/5832/5632 3544/5834/5634
f 3553/5833/5633 3544/5834/5634 3552/5835/5635
f 3552/5835/5635 3544/5834/5634 3545/5836/5636
f 3552/5835/5635 3545/5836/5636 3551/5837/5637
f 3551/5837/5637 3545/5836/5636 3546/5838/5638
f 3551/5837/5637 3546/5838/5638 3550/5839/5639
f 3550/5839/5639 3546/5838/5638 3547/5840/5640
f 3550/5839/5639 3547/5840/5640 3549/5841/5641
f 3549/5841/5641 3547/5840/5640 3548/5842/5642
f 3549/5841/5641 3548/5842/5642 3542/5843/5643
f 3542/5843/5643 3548/5842/5642 3541/5844/5644
f 3555/5845/5645 3543/5846/5646 3556/5847/5647
f 3556/5847/5647 3543/5846/5646 3554/5848/5648
f 3568/5849/5649 3557/5850/5650 3567/5851/5651
f 3567/5851/5651 3557/5850/5650 3558/5852/5652
f 3567/5851/5651 3558/5852/5652 3566/5853/5653
f 3566/5853/5653 3558/5852/5652 3559/5854/5654
f 3566/5853/5653 3559/5854/5654 3565/5855/5655
f 3565/5855/5655 3559/5854/5654 3560/5856/5656
f 3565/5855/5655 3560/5856/5656 3564/5857/5657
f 3564/5857/5657 3560/5856/5656 3561/5858/5658
f 3564/5857/5657 3561/5858/5658 3563/5859/5659
f 3563/5859/5659 3561/5858/5658 3562/5860/5660
f 3563/5859/5659 3562/5860/5660 3556/5861/5661
f 3556/5861/5661 3562/5860/5660 3555/5862/5662
f 3569/5863/5663 3557/5864/5664 3570/5865/5665
f 3570/5865/5665 3557/5864/5664 3568/5866/5666
f 3527/5867/5667 3526/5868/5668 3580/5869/5669
f 3580/5869/5669 3526/5868/5668 3571/5870/5670
f 3580/5869/5669 3571/5870/5670 3579/5871/5671
f 3579/5871/5671 3571/5870/5670 3572/5872/5672
f 3579/5871/5671 3572/5872/5672 3578/5873/5673
f 3578/5873/5673 3572/5872/5672 3573/5874/5674
f 3578/5873/5673 3573/5874/5674 3577/5875/5675
f 3577/5875/5675 3573/5874/5674 3574/5876/5676
f 3577/5875/5675 3574/5876/5676 3576/5877/5677
f 3576/5877/5677 3574/5876/5676 3575/5878/5678
f 3576/5877/5677 3575/5878/5678 3570/5879/5679
f 3570/5879/5679 3575/5878/5678 3569/5880/5680
f 3500/5881/5681 3394/5882/5682 3477/5883/5683
f 3477/5883/5683 3394/5882/5682 3393/5884/5684
f 3477/5883/5683 3393/5884/5684 3478/5885/5685
f 3478/5885/5685 3393/5884/5684 3392/5886/5686
f 3478/5885/5685 3392/5886/5686 3479/5887/5687
f 3479/5887/5687 3392/5886/5686 3391/5888/5688
f 3479/5887/5687 3391/5888/5688 3480/5889/5689
f 3480/5889/5689 3391/5888/5688 3390/5890/5690
f 3480/5889/5689 3390/5890/5690 3354/5891/5691
f 3354/5891/5691 3390/5890/5690 3444/5892/5692
f 3354/5891/5691 3444/5892/5692 3355/5893/5693
f 3355/5893/5693 3444/5892/5692 3443/5894/5694
f 3355/5893/5693 3443/5894/5694 3356/5895/5695
f 3356/5895/5695 3443/5894/5694 3442/5896/5696
f 3356/5895/5695 3442/5896/5696 3333/5897/5697
f 3333/5897/5697 3442/5896/5696 3441/5898/5698
f 3333/5897/5697 3441/5898/5698 3334/5899/5699
f 3334/5899/5699 3441/5898/5698 3440/5900/5700
f 3334/5899/5699 3440/5900/5700 3335/5901/5701
f 3335/5901/5701 3440/5900/5700 3439/5902/5702
f 3335/5901/5701 3439/5902/5702 3336/5903/5703
f 3336/5903/5703 3439/5902/5702 3438/5904/5704
f 3336/5903/5703 3438/5904/5704 3556/5905/5705
f 3556/5905/5705 3438/5904/5704 3437/5906/5706
f 3556/5905/5705 3437/5906/5706 3436/5907/5707
f 3394/5882/5682 3500/5881/5681 3395/5908/5708
f 3395/5908/5708 3500/5881/5681 3499/5909/5709
f 3395/5908/5708 3499/5909/5709 3396/5910/5710
f 3396/5910/5710 3499/5909/5709 3498/5911/5711
f 3396/5910/5710 3498/5911/5711 3527/5912/5712
f 3527/5912/5712 3498/5911/5711 3528/5913/5713
f 3528/5913/5713 3498/5911/5711 3497/5914/5714
f 3528/5913/5713 3497/5914/5714 3496/5915/5715
f 3496/5915/5715 3495/5916/5716 3528/5913/5713
f 3528/5913/5713 3495/5916/5716 3535/5917/5717
f 3535/5917/5717 3495/5916/5716 3494/5918/5718
f 3535/5917/5717 3494/5918/5718 3536/5919/5719
f 3536/5919/5719 3494/5918/5718 3493/5920/5720
f 3536/5919/5719 3493/5920/5720 3537/5921/5721
f 3537/5921/5721 3493/5920/5720 3492/5922/5722
f 3537/5921/5721 3492/5922/5722 3538/5923/5723
f 3538/5923/5723 3492/5922/5722 3491/5924/5724
f 3538/5923/5723 3491/5924/5724 3539/5925/5725
f 3539/5925/5725 3491/5924/5724 3490/5926/5726
f 3539/5925/5725 3490/5926/5726 3540/5927/5727
f 3540/5927/5727 3490/5926/5726 3489/5928/5728
f 3540/5927/5727 3489/5928/5728 3488/5929/5729
f 3488/5929/5729 3487/5930/5730 3540/5927/5727
f 3540/5927/5727 3487/5930/5730 3486/5931/5731
f 3540/5927/5727 3486/5931/5731 3485/5932/5732
f 3540/5927/5727 3485/5932/5732 3349/5933/5733
f 3349/5933/5733 3485/5932/5732 3484/5934/5734
f 3349/5933/5733 3484/5934/5734 3350/5935/5735
f 3350/5935/5735 3484/5934/5734 3483/5936/5736
f 3350/5935/5735 3483/5936/5736 3351/5937/5737
f 3351/5937/5737 3483/5936/5736 3352/5938/5738
f 3352/5938/5738 3483/5936/5736 3482/5939/5739
f 3352/5938/5738 3482/5939/5739 3353/5940/5740
f 3353/5940/5740 3482/5939/5739 3481/5941/5741
f 3353/5940/5740 3481/5941/5741 3354/5891/5691
f 3354/5891/5691 3481/5941/5741 3480/5889/5689
f 3430/5942/5742 3429/5943/5743 3568/5944/5744
f 3568/5944/5744 3429/5943/5743 3452/5945/5745
f 3568/5944/5744 3452/5945/5745 3451/5946/5746
f 3451/5946/5746 3450/5947/5747 3568/5944/5744
f 3568/5944/5744 3450/5947/5747 3449/5948/5748
f 3568/5944/5744 3449/5948/5748 3570/5949/5749
f 3570/5949/5749 3449/5948/5748 3385/5950/5750
f 3570/5949/5749 3385/5950/5750 3384/5951/5751
f 3385/5950/5750 3449/5948/5748 3386/5952/5752
f 3386/5952/5752 3449/5948/5748 3448/5953/5753
f 3386/5952/5752 3448/5953/5753 3387/5954/5754
f 3387/5954/5754 3448/5953/5753 3447/5955/5755
f 3387/5954/5754 3447/5955/5755 3446/5956/5756
f 3387/5954/5754 3446/5956/5756 3388/5957/5757
f 3388/5957/5757 3446/5956/5756 3445/5958/5758
f 3388/5957/5757 3445/5958/5758 3389/5959/5759
f 3389/5959/5759 3445/5958/5758 3444/5892/5692
f 3389/5959/5759 3444/5892/5692 3390/5890/5690
f 3436/5907/5707 3435/5960/5760 3556/5905/5705
f 3556/5905/5705 3435/5960/5760 3563/5961/5761
f 3563/5961/5761 3435/5960/5760 3434/5962/5762
f 3563/5961/5761 3434/5962/5762 3564/5963/5763
f 3564/5963/5763 3434/5962/5762 3433/5964/5764
f 3564/5963/5763 3433/5964/5764 3565/5965/5765
f 3565/5965/5765 3433/5964/5764 3432/5966/5766
f 3565/5965/5765 3432/5966/5766 3566/5967/5767
f 3566/5967/5767 3432/5966/5766 3431/5968/5768
f 3566/5967/5767 3431/5968/5768 3567/5969/5769
f 3567/5969/5769 3431/5968/5768 3430/5942/5742
f 3567/5969/5769 3430/5942/5742 3568/5944/5744
f 3382/5970/5770 3381/5971/5771 3570/5949/5749
f 3570/5949/5749 3381/5971/5771 3404/5972/5772
f 3570/5949/5749 3404/5972/5772 3576/5973/5773
f 3576/5973/5773 3404/5972/5772 3403/5974/5774
f 3576/5973/5773 3403/5974/5774 3577/5975/5775
f 3577/5975/5775 3403/5974/5774 3402/5976/5776
f 3577/5975/5775 3402/5976/5776 3578/5977/5777
f 3578/5977/5777 3402/5976/5776 3401/5978/5778
f 3578/5977/5777 3401/5978/5778 3579/5979/5779
f 3579/5979/5779 3401/5978/5778 3400/5980/5780
f 3579/5979/5779 3400/5980/5780 3580/5981/5781
f 3580/5981/5781 3400/5980/5780 3399/5982/5782
f 3580/5981/5781 3399/5982/5782 3527/5912/5712
f 3527/5912/5712 3399/5982/5782 3398/5983/5783
f 3527/5912/5712 3398/5983/5783 3397/5984/5784
f 3397/5984/5784 3396/5910/5710 3527/5912/5712
f 3384/5951/5751 3383/5985/5785 3570/5949/5749
f 3570/5949/5749 3383/5985/5785 3382/5970/5770
f 3540/5927/5727 3349/5933/5733 3542/5986/5786
f 3542/5986/5786 3349/5933/5733 3348/5987/5787
f 3542/5986/5786 3348/5987/5787 3347/5988/5788
f 3347/5988/5788 3346/5989/5789 3542/5986/5786
f 3542/5986/5786 3346/5989/5789 3345/5990/5790
f 3542/5986/5786 3345/5990/5790 3344/5991/5791
f 3542/5986/5786 3344/5991/5791 3549/5992/5792
f 3549/5992/5792 3344/5991/5791 3343/5993/5793
f 3549/5992/5792 3343/5993/5793 3550/5994/5794
f 3550/5994/5794 3343/5993/5793 3342/5995/5795
f 3550/5994/5794 3342/5995/5795 3551/5996/5796
f 3551/5996/5796 3342/5995/5795 3341/5997/5797
f 3551/5996/5796 3341/5997/5797 3552/5998/5798
f 3552/5998/5798 3341/5997/5797 3340/5999/5799
f 3552/5998/5798 3340/5999/5799 3553/6000/5800
f 3553/6000/5800 3340/5999/5799 3339/6001/5801
f 3553/6000/5800 3339/6001/5801 3554/6002/5802
f 3554/6002/5802 3339/6001/5801 3338/6003/5803
f 3554/6002/5802 3338/6003/5803 3337/6004/5804
f 3337/6004/5804 3336/5903/5703 3554/6002/5802
f 3554/6002/5802 3336/5903/5703 3556/5905/5705
f 3524/6005/5805 3418/6006/5806 3501/6007/5807
f 3501/6007/5807 3418/6006/5806 3417/6008/5808
f 3501/6007/5807 3417/6008/5808 3502/6009/5809
f 3502/6009/5809 3417/6008/5808 3416/6010/5810
f 3502/6009/5809 3416/6010/5810 3503/6011/5811
f 3503/6011/5811 3416/6010/5810 3415/6012/5812
f 3503/6011/5811 3415/6012/5812 3504/6013/5813
f 3504/6013/5813 3415/6012/5812 3414/6014/5814
f 3504/6013/5813 3414/6014/5814 3526/6015/5815
f 3526/6015/5815 3414/6014/5814 3413/6016/5816
f 3526/6015/5815 3413/6016/5816 3412/6017/5817
f 3418/6006/5806 3524/6005/5805 3419/6018/5818
f 3419/6018/5818 3524/6005/5805 3523/6019/5819
f 3419/6018/5818 3523/6019/5819 3420/6020/5820
f 3420/6020/5820 3523/6019/5819 3522/6021/5821
f 3420/6020/5820 3522/6021/5821 3462/6022/5822
f 3462/6022/5822 3522/6021/5821 3360/6023/5823
f 3462/6022/5822 3360/6023/5823 3463/6024/5824
f 3463/6024/5824 3360/6023/5823 3359/6025/5825
f 3463/6024/5824 3359/6025/5825 3464/6026/5826
f 3464/6026/5826 3359/6025/5825 3358/6027/5827
f 3464/6026/5826 3358/6027/5827 3465/6028/5828
f 3465/6028/5828 3358/6027/5827 3357/6029/5829
f 3465/6028/5828 3357/6029/5829 3466/6030/5830
f 3466/6030/5830 3357/6029/5829 3380/6031/5831
f 3466/6030/5830 3380/6031/5831 3467/6032/5832
f 3467/6032/5832 3380/6031/5831 3379/6033/5833
f 3467/6032/5832 3379/6033/5833 3468/6034/5834
f 3468/6034/5834 3379/6033/5833 3378/6035/5835
f 3468/6034/5834 3378/6035/5835 3555/6036/5836
f 3555/6036/5836 3378/6035/5835 3543/6037/5837
f 3543/6037/5837 3378/6035/5835 3377/6038/5838
f 3543/6037/5837 3377/6038/5838 3376/6039/5839
f 3522/6021/5821 3521/6040/5840 3360/6023/5823
f 3360/6023/5823 3521/6040/5840 3361/6041/5841
f 3361/6041/5841 3521/6040/5840 3520/6042/5842
f 3361/6041/5841 3520/6042/5842 3362/6043/5843
f 3362/6043/5843 3520/6042/5842 3519/6044/5844
f 3362/6043/5843 3519/6044/5844 3363/6045/5845
f 3363/6045/5845 3519/6044/5844 3364/6046/5846
f 3364/6046/5846 3519/6044/5844 3518/6047/5847
f 3364/6046/5846 3518/6047/5847 3365/6048/5848
f 3365/6048/5848 3518/6047/5847 3517/6049/5849
f 3365/6048/5848 3517/6049/5849 3529/6050/5850
f 3529/6050/5850 3517/6049/5849 3516/6051/5851
f 3529/6050/5850 3516/6051/5851 3515/6052/5852
f 3515/6052/5852 3514/6053/5853 3529/6050/5850
f 3529/6050/5850 3514/6053/5853 3513/6054/5854
f 3529/6050/5850 3513/6054/5854 3512/6055/5855
f 3529/6050/5850 3512/6055/5855 3530/6056/5856
f 3530/6056/5856 3512/6055/5855 3511/6057/5857
f 3530/6056/5856 3511/6057/5857 3531/6058/5858
f 3531/6058/5858 3511/6057/5857 3510/6059/5859
f 3531/6058/5858 3510/6059/5859 3532/6060/5860
f 3532/6060/5860 3510/6059/5859 3509/6061/5861
f 3532/6060/5860 3509/6061/5861 3533/6062/5862
f 3533/6062/5862 3509/6061/5861 3508/6063/5863
f 3533/6062/5862 3508/6063/5863 3534/6064/5864
f 3534/6064/5864 3508/6063/5863 3507/6065/5865
f 3534/6064/5864 3507/6065/5865 3525/6066/5866
f 3525/6066/5866 3507/6065/5865 3506/6067/5867
f 3525/6066/5866 3506/6067/5867 3505/6068/5868
f 3505/6068/5868 3504/6013/5813 3525/6066/5866
f 3525/6066/5866 3504/6013/5813 3526/6015/5815
f 3454/6069/5869 3453/6070/5870 3557/6071/5871
f 3557/6071/5871 3453/6070/5870 3476/6072/5872
f 3557/6071/5871 3476/6072/5872 3558/6073/5873
f 3558/6073/5873 3476/6072/5872 3475/6074/5874
f 3558/6073/5873 3475/6074/5874 3559/6075/5875
f 3559/6075/5875 3475/6074/5874 3474/6076/5876
f 3559/6075/5875 3474/6076/5876 3560/6077/5877
f 3560/6077/5877 3474/6076/5876 3473/6078/5878
f 3560/6077/5877 3473/6078/5878 3561/6079/5879
f 3561/6079/5879 3473/6078/5878 3472/6080/5880
f 3561/6079/5879 3472/6080/5880 3562/6081/5881
f 3562/6081/5881 3472/6080/5880 3471/6082/5882
f 3562/6081/5881 3471/6082/5882 3555/6036/5836
f 3555/6036/5836 3471/6082/5882 3470/6083/5883
f 3555/6036/5836 3470/6083/5883 3469/6084/5884
f 3469/6084/5884 3468/6034/5834 3555/6036/5836
f 3420/6020/5820 3462/6022/5822 3421/6085/5885
f 3421/6085/5885 3462/6022/5822 3461/6086/5886
f 3421/6085/5885 3461/6086/5886 3422/6087/5887
f 3422/6087/5887 3461/6086/5886 3460/6088/5888
f 3422/6087/5887 3460/6088/5888 3423/6089/5889
f 3423/6089/5889 3460/6088/5888 3459/6090/5890
f 3423/6089/5889 3459/6090/5890 3458/6091/5891
f 3423/6089/5889 3458/6091/5891 3424/6092/5892
f 3424/6092/5892 3458/6091/5891 3457/6093/5893
f 3424/6092/5892 3457/6093/5893 3425/6094/5894
f 3425/6094/5894 3457/6093/5893 3569/6095/5895
f 3425/6094/5894 3569/6095/5895 3426/6096/5896
f 3426/6096/5896 3569/6095/5895 3427/6097/5897
f 3427/6097/5897 3569/6095/5895 3428/6098/5898
f 3428/6098/5898 3569/6095/5895 3405/6099/5899
f 3405/6099/5899 3569/6095/5895 3406/6100/5900
f 3406/6100/5900 3569/6095/5895 3575/6101/5901
f 3406/6100/5900 3575/6101/5901 3407/6102/5902
f 3407/6102/5902 3575/6101/5901 3574/6103/5903
f 3407/6102/5902 3574/6103/5903 3408/6104/5904
f 3408/6104/5904 3574/6103/5903 3573/6105/5905
f 3408/6104/5904 3573/6105/5905 3409/6106/5906
f 3409/6106/5906 3573/6105/5905 3572/6107/5907
f 3409/6106/5906 3572/6107/5907 3410/6108/5908
f 3410/6108/5908 3572/6107/5907 3571/6109/5909
f 3410/6108/5908 3571/6109/5909 3411/6110/5910
f 3411/6110/5910 3571/6109/5909 3526/6015/5815
f 3411/6110/5910 3526/6015/5815 3412/6017/5817
f 3569/6095/5895 3457/6093/5893 3557/6071/5871
f 3557/6071/5871 3457/6093/5893 3456/6111/5911
f 3557/6071/5871 3456/6111/5911 3455/6112/5912
f 3455/6112/5912 3454/6069/5869 3557/6071/5871
f 3376/6039/5839 3375/6113/5913 3543/6037/5837
f 3543/6037/5837 3375/6113/5913 3544/6114/5914
f 3544/6114/5914 3375/6113/5913 3374/6115/5915
f 3544/6114/5914 3374/6115/5915 3545/6116/5916
f 3545/6116/5916 3374/6115/5915 3373/6117/5917
f 3545/6116/5916 3373/6117/5917 3546/6118/5918
f 3546/6118/5918 3373/6117/5917 3372/6119/5919
f 3546/6118/5918 3372/6119/5919 3547/6120/5920
f 3547/6120/5920 3372/6119/5919 3371/6121/5921
f 3547/6120/5920 3371/6121/5921 3548/6122/5922
f 3548/6122/5922 3371/6121/5921 3370/6123/5923
f 3548/6122/5922 3370/6123/5923 3541/6124/5924
f 3541/6124/5924 3370/6123/5923 3369/6125/5925
f 3541/6124/5924 3369/6125/5925 3368/6126/5926
f 3368/6126/5926 3367/6127/5927 3541/6124/5924
f 3541/6124/5924 3367/6127/5927 3366/6128/5928
f 3541/6124/5924 3366/6128/5928 3365/6048/5848
f 3529/6050/5850 3541/6124/5924 3365/6048/5848
g ボディ1:3

v 0.636976 -0.280409 0.441032
v 0.636976 -0.293350 0.442735
v 0.636976 -0.305409 0.447730
v 0.636976 -0.315765 0.455676
v 0.636976 -0.323711 0.466032
v 0.636976 -0.328706 0.478091
v 0.636976 -0.330409 0.491032
v 0.624035 -0.328706 0.491032
v 0.611976 -0.323711 0.491032
v 0.601621 -0.315765 0.491032
v 0.593675 -0.305409 0.491032
v 0.588680 -0.293350 0.491032
v 0.586976 -0.280409 0.491032
v 0.588680 -0.280409 0.478091
v 0.593675 -0.280409 0.466032
v 0.601621 -0.280409 0.455676
v 0.611976 -0.280409 0.447730
v 0.624035 -0.280409 0.442735
v 0.624035 -0.292909 0.444381
v 0.611976 -0.291616 0.449206
v 0.601621 -0.289560 0.456881
v 0.593675 -0.286880 0.466883
v 0.588680 -0.283759 0.478532
v 0.624035 -0.304557 0.449206
v 0.611976 -0.302060 0.453532
v 0.601621 -0.298087 0.460413
v 0.593675 -0.292909 0.469381
v 0.588680 -0.286880 0.479824
v 0.624035 -0.314560 0.456881
v 0.611976 -0.311028 0.460413
v 0.601621 -0.305409 0.466032
v 0.593675 -0.298087 0.473354
v 0.588680 -0.289560 0.481881
v 0.624035 -0.322235 0.466883
v 0.611976 -0.317909 0.469381
v 0.601621 -0.311028 0.473354
v 0.593675 -0.302060 0.478532
v 0.588680 -0.291616 0.484561
v 0.624035 -0.327060 0.478532
v 0.611976 -0.322235 0.479824
v 0.601621 -0.314560 0.481881
v 0.593675 -0.304557 0.484561
v 0.588680 -0.292909 0.487682
v 1.636976 -0.180409 0.491032
v 1.636976 -0.183817 0.465150
v 1.636976 -0.193807 0.441032
v 1.636976 -0.209699 0.420321
v 1.636976 -0.230409 0.404429
v 1.636976 -0.254527 0.394439
v 1.636976 -0.280409 0.391032
v 1.636976 -0.306291 0.394439
v 1.636976 -0.330409 0.404429
v 1.636976 -0.351120 0.420321
v 1.636976 -0.367012 0.441032
v 1.636976 -0.377002 0.465150
v 1.636976 -0.380409 0.491032
v 1.636976 -0.377002 0.516913
v 1.636976 -0.367012 0.541032
v 1.636976 -0.351120 0.561742
v 1.636976 -0.330409 0.577634
v 1.636976 -0.306291 0.587624
v 1.636976 -0.280409 0.591032
v 1.636976 -0.254527 0.587624
v 1.636976 -0.230409 0.577634
v 1.636976 -0.209699 0.561742
v 1.636976 -0.193807 0.541032
v 1.636976 -0.183817 0.516913
v 1.636976 -0.330409 0.491032
v 1.636976 -0.328706 0.478091
v 1.636976 -0.323711 0.466032
v 1.636976 -0.315765 0.455676
v 1.636976 -0.305409 0.447730
v 1.636976 -0.293350 0.442735
v 1.636976 -0.280409 0.441032
v 1.636976 -0.267468 0.442735
v 1.636976 -0.255409 0.447730
v 1.636976 -0.245054 0.455676
v 1.636976 -0.237108 0.466032
v 1.636976 -0.232113 0.478091
v 1.636976 -0.230409 0.491032
v 1.636976 -0.232113 0.503972
v 1.636976 -0.237108 0.516032
v 1.636976 -0.245054 0.526387
v 1.636976 -0.255409 0.534333
v 1.636976 -0.267468 0.539328
v 1.636976 -0.280409 0.541032
v 1.636976 -0.293350 0.539328
v 1.636976 -0.305409 0.534333
v 1.636976 -0.315765 0.526387
v 1.636976 -0.323711 0.516032
v 1.636976 -0.328706 0.503972
v 1.836976 -0.277956 0.491032
v 1.836976 -0.278039 0.490397
v 1.836976 -0.278285 0.489805
v 1.836976 -0.278674 0.489297
v 1.836976 -0.279183 0.488907
v 1.836976 -0.279774 0.488662
v 1.836976 -0.280409 0.488578
v 1.836976 -0.281044 0.488662
v 1.836976 -0.281636 0.488907
v 1.836976 -0.282144 0.489297
v 1.836976 -0.282534 0.489805
v 1.836976 -0.282779 0.490397
v 1.836976 -0.282863 0.491032
v 1.836976 -0.282779 0.491667
v 1.836976 -0.282534 0.492258
v 1.836976 -0.282144 0.492766
v 1.836976 -0.281636 0.493156
v 1.836976 -0.281044 0.493401
v 1.836976 -0.280409 0.493485
v 1.836976 -0.279774 0.493401
v 1.836976 -0.279183 0.493156
v 1.836976 -0.278674 0.492766
v 1.836976 -0.278285 0.492258
v 1.836976 -0.278039 0.491667
v 0.672331 -0.245054 0.526387
v 0.677136 -0.250624 0.531192
v 0.681072 -0.256839 0.535128
v 0.684053 -0.263565 0.538109
v 0.686015 -0.270655 0.540071
v 0.686916 -0.277956 0.540971
v 0.686735 -0.285310 0.540791
v 0.685477 -0.292558 0.539533
v 0.683170 -0.299543 0.537225
v 0.679862 -0.306114 0.533918
v 0.675626 -0.312129 0.529682
v 0.670554 -0.317457 0.524609
v 0.664754 -0.321983 0.518810
v 0.651490 -0.328256 0.505546
v 0.651490 -0.265895 0.443185
v 0.664754 -0.252631 0.449458
v 0.670554 -0.246831 0.453984
v 0.675626 -0.241759 0.459312
v 0.679862 -0.237523 0.465326
v 0.683170 -0.234215 0.471897
v 0.685477 -0.231908 0.478883
v 0.686735 -0.230650 0.486131
v 0.686916 -0.230470 0.493485
v 0.686015 -0.231370 0.500786
v 0.684053 -0.233332 0.507876
v 0.681072 -0.236313 0.514601
v 0.677136 -0.240249 0.520816
v 0.886976 -0.330409 0.491032
v 1.136976 -0.330409 0.491032
v 1.386976 -0.330409 0.491032
v 1.386976 -0.245054 0.526387
v 1.136976 -0.245054 0.526387
v 0.886976 -0.245054 0.526387
v 0.886976 -0.255409 0.534333
v 1.136976 -0.255409 0.534333
v 1.386976 -0.255409 0.534333
v 0.886976 -0.267468 0.539328
v 1.136976 -0.267468 0.539328
v 1.386976 -0.267468 0.539328
v 0.886976 -0.280409 0.541032
v 1.136976 -0.280409 0.541032
v 1.386976 -0.280409 0.541032
v 0.886976 -0.293350 0.539328
v 1.136976 -0.293350 0.539328
v 1.386976 -0.293350 0.539328
v 0.886976 -0.305409 0.534333
v 1.136976 -0.305409 0.534333
v 1.386976 -0.305409 0.534333
v 0.886976 -0.315765 0.526387
v 1.136976 -0.315765 0.526387
v 1.386976 -0.315765 0.526387
v 0.886976 -0.323711 0.516032
v 1.136976 -0.323711 0.516032
v 1.386976 -0.323711 0.516032
v 0.886976 -0.328706 0.503972
v 1.136976 -0.328706 0.503972
v 1.386976 -0.328706 0.503972
v 0.886976 -0.328706 0.478091
v 1.136976 -0.328706 0.478091
v 1.386976 -0.328706 0.478091
v 0.886976 -0.323711 0.466032
v 1.136976 -0.323711 0.466032
v 1.386976 -0.323711 0.466032
v 0.886976 -0.315765 0.455676
v 1.136976 -0.315765 0.455676
v 1.386976 -0.315765 0.455676
v 0.886976 -0.305409 0.447730
v 1.136976 -0.305409 0.447730
v 1.386976 -0.305409 0.447730
v 0.886976 -0.293350 0.442735
v 1.136976 -0.293350 0.442735
v 1.386976 -0.293350 0.442735
v 0.886976 -0.280409 0.441032
v 1.136976 -0.280409 0.441032
v 1.386976 -0.280409 0.441032
v 0.886976 -0.267468 0.442735
v 1.136976 -0.267468 0.442735
v 1.386976 -0.267468 0.442735
v 0.886976 -0.255409 0.447730
v 1.136976 -0.255409 0.447730
v 1.386976 -0.255409 0.447730
v 0.886976 -0.245054 0.455676
v 1.136976 -0.245054 0.455676
v 1.386976 -0.245054 0.455676
v 0.886976 -0.237108 0.466032
v 1.136976 -0.237108 0.466032
v 1.386976 -0.237108 0.466032
v 0.886976 -0.232113 0.478091
v 1.136976 -0.232113 0.478091
v 1.386976 -0.232113 0.478091
v 0.886976 -0.230409 0.491032
v 1.136976 -0.230409 0.491032
v 1.386976 -0.230409 0.491032
v 0.886976 -0.232113 0.503972
v 1.136976 -0.232113 0.503972
v 1.386976 -0.232113 0.503972
v 0.886976 -0.237108 0.516032
v 1.136976 -0.237108 0.516032
v 1.386976 -0.237108 0.516032
v 0.636976 -0.330409 1.491032
v 0.624035 -0.328706 1.491032
v 0.611976 -0.323711 1.491032
v 0.601621 -0.315765 1.491032
v 0.593675 -0.305409 1.491032
v 0.588680 -0.293350 1.491032
v 0.586976 -0.280409 1.491032
v 0.588680 -0.267468 1.491032
v 0.593675 -0.255409 1.491032
v 0.601621 -0.245054 1.491032
v 0.611976 -0.237108 1.491032
v 0.624035 -0.232113 1.491032
v 0.636976 -0.230409 1.491032
v 0.649917 -0.232113 1.491032
v 0.661976 -0.237108 1.491032
v 0.672331 -0.245054 1.491032
v 0.680277 -0.255409 1.491032
v 0.685272 -0.267468 1.491032
v 0.686976 -0.280409 1.491032
v 0.685272 -0.293350 1.491032
v 0.680277 -0.305409 1.491032
v 0.672331 -0.315765 1.491032
v 0.661976 -0.323711 1.491032
v 0.649917 -0.328706 1.491032
v 0.666761 -0.240249 0.531192
v 0.660546 -0.236313 0.535128
v 0.653820 -0.233332 0.538109
v 0.646730 -0.231370 0.540071
v 0.639429 -0.230470 0.540971
v 0.632075 -0.230650 0.540791
v 0.624827 -0.231908 0.539533
v 0.617842 -0.234215 0.537225
v 0.611271 -0.237523 0.533918
v 0.605256 -0.241759 0.529682
v 0.599928 -0.246831 0.524609
v 0.595402 -0.252631 0.518810
v 0.589129 -0.265895 0.505546
v 0.636976 -0.330409 1.241032
v 0.636976 -0.330409 0.991032
v 0.636976 -0.330409 0.741032
v 0.624035 -0.328706 1.241032
v 0.624035 -0.328706 0.991032
v 0.624035 -0.328706 0.741032
v 0.611976 -0.323711 1.241032
v 0.611976 -0.323711 0.991032
v 0.611976 -0.323711 0.741032
v 0.601621 -0.315765 1.241032
v 0.601621 -0.315765 0.991032
v 0.601621 -0.315765 0.741032
v 0.593675 -0.305409 1.241032
v 0.593675 -0.305409 0.991032
v 0.593675 -0.305409 0.741032
v 0.588680 -0.293350 1.241032
v 0.588680 -0.293350 0.991032
v 0.588680 -0.293350 0.741032
v 0.586976 -0.280409 1.241032
v 0.586976 -0.280409 0.991032
v 0.586976 -0.280409 0.741032
v 0.588680 -0.267468 1.241032
v 0.588680 -0.267468 0.991032
v 0.588680 -0.267468 0.741032
v 0.593675 -0.255409 1.241032
v 0.593675 -0.255409 0.991032
v 0.593675 -0.255409 0.741032
v 0.601621 -0.245054 1.241032
v 0.601621 -0.245054 0.991032
v 0.601621 -0.245054 0.741032
v 0.611976 -0.237108 1.241032
v 0.611976 -0.237108 0.991032
v 0.611976 -0.237108 0.741032
v 0.624035 -0.232113 1.241032
v 0.624035 -0.232113 0.991032
v 0.624035 -0.232113 0.741032
v 0.636976 -0.230409 1.241032
v 0.636976 -0.230409 0.991032
v 0.636976 -0.230409 0.741032
v 0.649917 -0.232113 1.241032
v 0.649917 -0.232113 0.991032
v 0.649917 -0.232113 0.741032
v 0.661976 -0.237108 1.241032
v 0.661976 -0.237108 0.991032
v 0.661976 -0.237108 0.741032
v 0.672331 -0.245054 1.241032
v 0.672331 -0.245054 0.991032
v 0.672331 -0.245054 0.741032
v 0.680277 -0.255409 1.241032
v 0.680277 -0.255409 0.991032
v 0.680277 -0.255409 0.741032
v 0.685272 -0.267468 1.241032
v 0.685272 -0.267468 0.991032
v 0.685272 -0.267468 0.741032
v 0.686976 -0.280409 1.241032
v 0.686976 -0.280409 0.991032
v 0.686976 -0.280409 0.741032
v 0.685272 -0.293350 1.241032
v 0.685272 -0.293350 0.991032
v 0.685272 -0.293350 0.741032
v 0.680277 -0.305409 1.241032
v 0.680277 -0.305409 0.991032
v 0.680277 -0.305409 0.741032
v 0.672331 -0.315765 1.241032
v 0.672331 -0.315765 0.991032
v 0.672331 -0.315765 0.741032
v 0.661976 -0.323711 1.241032
v 0.661976 -0.323711 0.991032
v 0.661976 -0.323711 0.741032
v 0.649917 -0.328706 1.241032
v 0.649917 -0.328706 0.991032
v 0.649917 -0.328706 0.741032
v 0.636976 0.719591 0.541032
v 0.624035 0.719591 0.539328
v 0.611976 0.719591 0.534333
v 0.601621 0.719591 0.526387
v 0.593675 0.719591 0.516032
v 0.588680 0.719591 0.503972
v 0.586976 0.719591 0.491032
v 0.588680 0.719591 0.478091
v 0.593675 0.719591 0.466032
v 0.601621 0.719591 0.455676
v 0.611976 0.719591 0.447730
v 0.624035 0.719591 0.442735
v 0.636976 0.719591 0.441032
v 0.649917 0.719591 0.442735
v 0.661976 0.719591 0.447730
v 0.672331 0.719591 0.455676
v 0.680277 0.719591 0.466032
v 0.685272 0.719591 0.478091
v 0.686976 0.719591 0.491032
v 0.685272 0.719591 0.503972
v 0.680277 0.719591 0.516032
v 0.672331 0.719591 0.526387
v 0.661976 0.719591 0.534333
v 0.649917 0.719591 0.539328
v 0.636976 -0.030409 0.541032
v 0.636976 0.219591 0.541032
v 0.636976 0.469591 0.541032
v 0.672331 0.469591 0.526387
v 0.672331 0.219591 0.526387
v 0.672331 -0.030409 0.526387
v 0.680277 -0.030409 0.516032
v 0.680277 0.219591 0.516032
v 0.680277 0.469591 0.516032
v 0.685272 -0.030409 0.503972
v 0.685272 0.219591 0.503972
v 0.685272 0.469591 0.503972
v 0.686976 -0.030409 0.491032
v 0.686976 0.219591 0.491032
v 0.686976 0.469591 0.491032
v 0.685272 -0.030409 0.478091
v 0.685272 0.219591 0.478091
v 0.685272 0.469591 0.478091
v 0.680277 -0.030409 0.466032
v 0.680277 0.219591 0.466032
v 0.680277 0.469591 0.466032
v 0.672331 -0.030409 0.455676
v 0.672331 0.219591 0.455676
v 0.672331 0.469591 0.455676
v 0.661976 -0.030409 0.447730
v 0.661976 0.219591 0.447730
v 0.661976 0.469591 0.447730
v 0.649917 -0.030409 0.442735
v 0.649917 0.219591 0.442735
v 0.649917 0.469591 0.442735
v 0.624035 -0.030409 0.442735
v 0.624035 0.219591 0.442735
v 0.624035 0.469591 0.442735
v 0.636976 0.469591 0.441032
v 0.636976 0.219591 0.441032
v 0.636976 -0.030409 0.441032
v 0.611976 -0.030409 0.447730
v 0.611976 0.219591 0.447730
v 0.611976 0.469591 0.447730
v 0.601621 -0.030409 0.455676
v 0.601621 0.219591 0.455676
v 0.601621 0.469591 0.455676
v 0.593675 -0.030409 0.466032
v 0.593675 0.219591 0.466032
v 0.593675 0.469591 0.466032
v 0.588680 -0.030409 0.478091
v 0.588680 0.219591 0.478091
v 0.588680 0.469591 0.478091
v 0.586976 -0.030409 0.491032
v 0.586976 0.219591 0.491032
v 0.586976 0.469591 0.491032
v 0.588680 -0.030409 0.503972
v 0.588680 0.219591 0.503972
v 0.588680 0.469591 0.503972
v 0.593675 -0.030409 0.516032
v 0.593675 0.219591 0.516032
v 0.593675 0.469591 0.516032
v 0.601621 -0.030409 0.526387
v 0.601621 0.219591 0.526387
v 0.601621 0.469591 0.526387
v 0.611976 -0.030409 0.534333
v 0.611976 0.219591 0.534333
v 0.611976 0.469591 0.534333
v 0.624035 -0.030409 0.539328
v 0.624035 0.219591 0.539328
v 0.624035 0.469591 0.539328
v 0.649917 -0.030409 0.539328
v 0.649917 0.219591 0.539328
v 0.649917 0.469591 0.539328
v 0.661976 -0.030409 0.534333
v 0.661976 0.219591 0.534333
v 0.661976 0.469591 0.534333
v 0.636976 0.719591 0.391032
v 0.662858 0.719591 0.394439
v 0.686976 0.719591 0.404429
v 0.707687 0.719591 0.420321
v 0.723578 0.719591 0.441032
v 0.733568 0.719591 0.465150
v 0.736976 0.719591 0.491032
v 0.733568 0.719591 0.516913
v 0.723578 0.719591 0.541032
v 0.707687 0.719591 0.561742
v 0.686976 0.719591 0.577634
v 0.662858 0.719591 0.587624
v 0.636976 0.719591 0.591032
v 0.611094 0.719591 0.587624
v 0.586976 0.719591 0.577634
v 0.566265 0.719591 0.561742
v 0.550373 0.719591 0.541032
v 0.540383 0.719591 0.516913
v 0.536976 0.719591 0.491032
v 0.540383 0.719591 0.465150
v 0.550373 0.719591 0.441032
v 0.566265 0.719591 0.420321
v 0.586976 0.719591 0.404429
v 0.611094 0.719591 0.394439
v 0.636976 0.919591 0.488578
v 0.637611 0.919591 0.488662
v 0.638203 0.919591 0.488907
v 0.638711 0.919591 0.489297
v 0.639101 0.919591 0.489805
v 0.639346 0.919591 0.490397
v 0.639429 0.919591 0.491032
v 0.639346 0.919591 0.491667
v 0.639101 0.919591 0.492258
v 0.638711 0.919591 0.492766
v 0.638203 0.919591 0.493156
v 0.637611 0.919591 0.493401
v 0.636976 0.919591 0.493485
v 0.636341 0.919591 0.493401
v 0.635749 0.919591 0.493156
v 0.635241 0.919591 0.492766
v 0.634851 0.919591 0.492258
v 0.634606 0.919591 0.491667
v 0.634522 0.919591 0.491032
v 0.634606 0.919591 0.490397
v 0.634851 0.919591 0.489805
v 0.635241 0.919591 0.489297
v 0.635749 0.919591 0.488907
v 0.636341 0.919591 0.488662
v 0.636976 -0.180409 1.491032
v 0.662858 -0.183817 1.491032
v 0.686976 -0.193807 1.491032
v 0.707687 -0.209699 1.491032
v 0.723578 -0.230409 1.491032
v 0.733568 -0.254527 1.491032
v 0.736976 -0.280409 1.491032
v 0.733568 -0.306291 1.491032
v 0.723578 -0.330409 1.491032
v 0.707687 -0.351120 1.491032
v 0.686976 -0.367012 1.491032
v 0.662858 -0.377002 1.491032
v 0.636976 -0.380409 1.491032
v 0.611094 -0.377002 1.491032
v 0.586976 -0.367012 1.491032
v 0.566265 -0.351120 1.491032
v 0.550373 -0.330409 1.491032
v 0.540383 -0.306291 1.491032
v 0.536976 -0.280409 1.491032
v 0.540383 -0.254527 1.491032
v 0.550373 -0.230409 1.491032
v 0.566265 -0.209699 1.491032
v 0.586976 -0.193807 1.491032
v 0.611094 -0.183817 1.491032
v 0.636976 -0.277956 1.691032
v 0.637611 -0.278039 1.691032
v 0.638203 -0.278285 1.691032
v 0.638711 -0.278674 1.691032
v 0.639101 -0.279183 1.691032
v 0.639346 -0.279774 1.691032
v 0.639429 -0.280409 1.691032
v 0.639346 -0.281044 1.691032
v 0.639101 -0.281636 1.691032
v 0.638711 -0.282144 1.691032
v 0.638203 -0.282534 1.691032
v 0.637611 -0.282779 1.691032
v 0.636976 -0.282863 1.691032
v 0.636341 -0.282779 1.691032
v 0.635749 -0.282534 1.691032
v 0.635241 -0.282144 1.691032
v 0.634851 -0.281636 1.691032
v 0.634606 -0.281044 1.691032
v 0.634522 -0.280409 1.691032
v 0.634606 -0.279774 1.691032
v 0.634851 -0.279183 1.691032
v 0.635241 -0.278674 1.691032
v 0.635749 -0.278285 1.691032
v 0.636341 -0.278039 1.691032
vt 0.013090 -0.055536 0.000000
vt 0.000000 -0.055536 0.000000
vt 0.013090 -0.064792 0.000000
vt 0.000000 -0.064792 0.000000
vt 0.013090 -0.074048 0.000000
vt 0.000000 -0.074048 0.000000
vt 0.013090 -0.083304 0.000000
vt 0.000000 -0.083304 0.000000
vt 0.013090 -0.092560 0.000000
vt 0.000000 -0.092560 0.000000
vt 0.013090 -0.101816 0.000000
vt 0.000000 -0.101816 0.000000
vt 0.013090 -0.111072 0.000000
vt -0.000000 -0.111072 0.000000
vt 0.026180 -0.111072 0.000000
vt 0.026180 -0.101816 0.000000
vt 0.026180 -0.092560 0.000000
vt 0.026180 -0.083304 0.000000
vt 0.026180 -0.074048 0.000000
vt 0.026180 -0.064792 0.000000
vt 0.026180 -0.055536 0.000000
vt 0.039270 -0.064792 0.000000
vt 0.039270 -0.055536 0.000000
vt 0.052360 -0.064792 0.000000
vt 0.052360 -0.055536 0.000000
vt 0.065450 -0.064792 0.000000
vt 0.065450 -0.055536 0.000000
vt 0.078540 -0.064792 0.000000
vt 0.039270 -0.111072 0.000000
vt 0.039270 -0.101816 0.000000
vt 0.039270 -0.092560 0.000000
vt 0.039270 -0.083304 0.000000
vt 0.039270 -0.074048 0.000000
vt 0.052360 -0.111072 0.000000
vt 0.052360 -0.101816 0.000000
vt 0.052360 -0.092560 0.000000
vt 0.052360 -0.083304 0.000000
vt 0.052360 -0.074048 0.000000
vt 0.065450 -0.111072 0.000000
vt 0.065450 -0.101816 0.000000
vt 0.065450 -0.092560 0.000000
vt 0.065450 -0.083304 0.000000
vt 0.065450 -0.074048 0.000000
vt 0.078540 -0.111072 0.000000
vt 0.078540 -0.101816 0.000000
vt 0.078540 -0.092560 0.000000
vt 0.078540 -0.083304 0.000000
vt 0.078540 -0.074048 0.000000
vt 0.096593 0.025882 0.000000
vt 0.048296 0.012941 0.000000
vt 0.100000 -0.000000 0.000000
vt 0.050000 -0.000000 0.000000
vt 0.096593 -0.025882 0.000000
vt 0.048296 -0.012941 0.000000
vt 0.043301 -0.025000 0.000000
vt 0.043301 0.025000 0.000000
vt 0.086603 0.050000 0.000000
vt 0.035355 0.035355 0.000000
vt 0.070711 0.070711 0.000000
vt 0.025000 0.043301 0.000000
vt 0.050000 0.086603 0.000000
vt 0.012941 0.048296 0.000000
vt 0.025882 0.096593 0.000000
vt 0.000000 0.050000 0.000000
vt -0.000000 0.100000 0.000000
vt -0.025882 0.096593 0.000000
vt -0.012941 0.048296 0.000000
vt -0.050000 0.086603 0.000000
vt -0.025000 0.043301 0.000000
vt -0.070711 0.070711 0.000000
vt -0.035355 0.035355 0.000000
vt -0.086603 0.050000 0.000000
vt -0.043301 0.025000 0.000000
vt -0.096593 0.025882 0.000000
vt -0.048296 0.012941 0.000000
vt -0.100000 0.000000 0.000000
vt -0.050000 0.000000 0.000000
vt -0.048296 -0.012941 0.000000
vt -0.096593 -0.025882 0.000000
vt -0.043301 -0.025000 0.000000
vt -0.086603 -0.050000 0.000000
vt -0.035355 -0.035355 0.000000
vt -0.070711 -0.070711 0.000000
vt -0.025000 -0.043301 0.000000
vt -0.050000 -0.086603 0.000000
vt -0.012941 -0.048296 0.000000
vt -0.025882 -0.096593 0.000000
vt 0.000000 -0.050000 0.000000
vt -0.000000 -0.100000 0.000000
vt 0.025882 -0.096593 0.000000
vt 0.012941 -0.048296 0.000000
vt 0.050000 -0.086603 0.000000
vt 0.025000 -0.043301 0.000000
vt 0.070711 -0.070711 0.000000
vt 0.035355 -0.035355 0.000000
vt 0.086603 -0.050000 0.000000
vt -0.222520 0.147522 0.000000
vt -0.000000 0.147522 0.000000
vt -0.222520 0.160934 0.000000
vt -0.000000 0.160934 0.000000
vt -0.222520 -0.160934 0.000000
vt -0.000000 -0.160934 0.000000
vt -0.222520 -0.147522 0.000000
vt 0.000000 -0.147522 0.000000
vt -0.222520 -0.134111 0.000000
vt 0.000000 -0.134111 0.000000
vt -0.222520 -0.120700 0.000000
vt 0.000000 -0.120700 0.000000
vt -0.222520 -0.107289 0.000000
vt 0.000000 -0.107289 0.000000
vt -0.222520 -0.093878 0.000000
vt 0.000000 -0.093878 0.000000
vt -0.222520 -0.080467 0.000000
vt 0.000000 -0.080467 0.000000
vt -0.222520 -0.067056 0.000000
vt 0.000000 -0.067056 0.000000
vt -0.222520 -0.053645 0.000000
vt 0.000000 -0.053645 0.000000
vt -0.222520 -0.040233 0.000000
vt 0.000000 -0.040233 0.000000
vt -0.222520 -0.026822 0.000000
vt 0.000000 -0.026822 0.000000
vt -0.222520 -0.013411 0.000000
vt 0.000000 -0.013411 0.000000
vt -0.222520 0.000000 0.000000
vt -0.000000 0.000000 0.000000
vt -0.222520 0.013411 0.000000
vt -0.000000 0.013411 0.000000
vt -0.222520 0.026822 0.000000
vt -0.000000 0.026822 0.000000
vt -0.222520 0.040233 0.000000
vt -0.000000 0.040233 0.000000
vt -0.222520 0.053645 0.000000
vt -0.000000 0.053645 0.000000
vt -0.222520 0.067056 0.000000
vt -0.000000 0.067056 0.000000
vt -0.222520 0.080467 0.000000
vt -0.000000 0.080467 0.000000
vt -0.222520 0.093878 0.000000
vt -0.000000 0.093878 0.000000
vt -0.222520 0.107289 0.000000
vt -0.000000 0.107289 0.000000
vt -0.222520 0.120700 0.000000
vt -0.000000 0.120700 0.000000
vt -0.222520 0.134111 0.000000
vt -0.000000 0.134111 0.000000
vt -0.002370 -0.000635 0.000000
vt 0.002370 -0.000635 0.000000
vt -0.002453 0.000000 0.000000
vt 0.002453 0.000000 0.000000
vt -0.002370 0.000635 0.000000
vt 0.002370 0.000635 0.000000
vt -0.002125 0.001227 0.000000
vt 0.002125 0.001227 0.000000
vt -0.001735 0.001735 0.000000
vt 0.001735 0.001735 0.000000
vt -0.001227 0.002125 0.000000
vt 0.001227 0.002125 0.000000
vt -0.000635 0.002370 0.000000
vt 0.000635 0.002370 0.000000
vt 0.000000 0.002453 0.000000
vt 0.002125 -0.001227 0.000000
vt -0.002125 -0.001227 0.000000
vt 0.001735 -0.001735 0.000000
vt -0.001735 -0.001735 0.000000
vt 0.001227 -0.002125 0.000000
vt -0.001227 -0.002125 0.000000
vt 0.000635 -0.002370 0.000000
vt -0.000635 -0.002370 0.000000
vt 0.000000 -0.002453 0.000000
vt -0.040160 0.031907 0.000000
vt -0.035355 0.039270 0.000000
vt -0.250000 0.039270 0.000000
vt -0.040160 0.046633 0.000000
vt -0.250000 0.052360 0.000000
vt -0.044096 0.053996 0.000000
vt -0.047077 0.061359 0.000000
vt -0.250000 0.065450 0.000000
vt -0.049039 0.068722 0.000000
vt -0.250000 0.078540 0.000000
vt -0.049940 0.076085 0.000000
vt -0.049759 0.083449 0.000000
vt -0.250000 0.091630 0.000000
vt -0.048502 0.090812 0.000000
vt -0.046194 0.098175 0.000000
vt -0.250000 0.104720 0.000000
vt -0.042886 0.105538 0.000000
vt -0.038651 0.112901 0.000000
vt -0.250000 0.117810 0.000000
vt -0.033578 0.120264 0.000000
vt -0.027779 0.127627 0.000000
vt -0.250000 0.130900 0.000000
vt -0.014514 0.142353 0.000000
vt -0.250000 0.143990 0.000000
vt -0.000000 0.157080 0.000000
vt -0.250000 0.157080 0.000000
vt -0.250000 -0.157080 0.000000
vt -0.000000 -0.157080 0.000000
vt -0.250000 -0.143990 0.000000
vt -0.500000 -0.143990 0.000000
vt -0.500000 -0.130900 0.000000
vt -0.750000 -0.130900 0.000000
vt -0.750000 -0.117810 0.000000
vt -1.000000 -0.117810 0.000000
vt -1.000000 -0.104720 0.000000
vt -0.750000 -0.104720 0.000000
vt -1.000000 -0.091630 0.000000
vt -0.750000 -0.091630 0.000000
vt -1.000000 -0.078540 0.000000
vt -0.750000 -0.078540 0.000000
vt -1.000000 -0.065450 0.000000
vt -0.750000 -0.065450 0.000000
vt -1.000000 -0.052360 0.000000
vt -0.750000 -0.052360 0.000000
vt -1.000000 -0.039270 0.000000
vt -0.750000 -0.039270 0.000000
vt -1.000000 -0.026180 0.000000
vt -0.750000 -0.026180 0.000000
vt -1.000000 -0.013090 0.000000
vt -0.750000 -0.013090 0.000000
vt -1.000000 -0.000000 0.000000
vt -0.750000 -0.000000 0.000000
vt -1.000000 0.013090 0.000000
vt -0.750000 0.013090 0.000000
vt -1.000000 0.026180 0.000000
vt -0.750000 0.026180 0.000000
vt -1.000000 0.039270 0.000000
vt -0.750000 0.039270 0.000000
vt -1.000000 0.052360 0.000000
vt -0.750000 0.052360 0.000000
vt -1.000000 0.065450 0.000000
vt -0.750000 0.065450 0.000000
vt -1.000000 0.078540 0.000000
vt -0.750000 0.078540 0.000000
vt -1.000000 0.091630 0.000000
vt -0.750000 0.091630 0.000000
vt -1.000000 0.104720 0.000000
vt -0.750000 0.104720 0.000000
vt -1.000000 0.117810 0.000000
vt -0.750000 0.117810 0.000000
vt -1.000000 0.130900 0.000000
vt -0.750000 0.130900 0.000000
vt -1.000000 0.143990 0.000000
vt -0.750000 0.143990 0.000000
vt -1.000000 0.157080 0.000000
vt -0.750000 0.157080 0.000000
vt -1.000000 -0.157080 0.000000
vt -0.750000 -0.157080 0.000000
vt -1.000000 -0.143990 0.000000
vt -0.750000 -0.143990 0.000000
vt -1.000000 -0.130900 0.000000
vt -0.000000 -0.143990 0.000000
vt -0.250000 -0.130900 0.000000
vt -0.500000 -0.117810 0.000000
vt -0.000000 -0.130900 0.000000
vt -0.250000 -0.117810 0.000000
vt -0.500000 -0.104720 0.000000
vt -0.000000 -0.117810 0.000000
vt -0.250000 -0.104720 0.000000
vt -0.500000 -0.091630 0.000000
vt -0.000000 -0.104720 0.000000
vt -0.250000 -0.091630 0.000000
vt -0.500000 -0.078540 0.000000
vt -0.000000 -0.091630 0.000000
vt -0.250000 -0.078540 0.000000
vt -0.500000 -0.065450 0.000000
vt 0.000000 -0.078540 0.000000
vt -0.250000 -0.065450 0.000000
vt -0.500000 -0.052360 0.000000
vt -0.014514 -0.063814 0.000000
vt -0.250000 -0.052360 0.000000
vt -0.500000 -0.039270 0.000000
vt -0.027779 -0.049087 0.000000
vt -0.250000 -0.039270 0.000000
vt -0.500000 -0.026180 0.000000
vt -0.033578 -0.041724 0.000000
vt -0.038651 -0.034361 0.000000
vt -0.250000 -0.026180 0.000000
vt -0.042886 -0.026998 0.000000
vt -0.046194 -0.019635 0.000000
vt -0.250000 -0.013090 0.000000
vt -0.048502 -0.012272 0.000000
vt -0.049759 -0.004909 0.000000
vt -0.250000 -0.000000 0.000000
vt -0.049940 0.002454 0.000000
vt -0.049039 0.009817 0.000000
vt -0.250000 0.013090 0.000000
vt -0.047077 0.017181 0.000000
vt -0.250000 0.026180 0.000000
vt -0.044096 0.024544 0.000000
vt -0.500000 0.157080 0.000000
vt -0.500000 0.143990 0.000000
vt -0.500000 0.130900 0.000000
vt -0.500000 0.117810 0.000000
vt -0.500000 0.104720 0.000000
vt -0.500000 0.091630 0.000000
vt -0.500000 0.078540 0.000000
vt -0.500000 0.065450 0.000000
vt -0.500000 0.052360 0.000000
vt -0.500000 0.039270 0.000000
vt -0.500000 0.026180 0.000000
vt -0.500000 0.013090 0.000000
vt -0.500000 -0.000000 0.000000
vt -0.500000 -0.013090 0.000000
vt -0.500000 -0.157080 0.000000
vt -1.000000 0.143990 0.000000
vt -0.750000 0.143990 0.000000
vt -1.000000 0.157080 0.000000
vt -0.750000 0.157080 0.000000
vt -1.000000 -0.157080 0.000000
vt -0.750000 -0.157080 0.000000
vt -1.000000 -0.143990 0.000000
vt -0.750000 -0.143990 0.000000
vt -1.000000 -0.130900 0.000000
vt -0.750000 -0.130900 0.000000
vt -1.000000 -0.117810 0.000000
vt -0.750000 -0.117810 0.000000
vt -1.000000 -0.104720 0.000000
vt -0.750000 -0.104720 0.000000
vt -1.000000 -0.091630 0.000000
vt -0.750000 -0.091630 0.000000
vt -1.000000 -0.078540 0.000000
vt -0.750000 -0.078540 0.000000
vt -1.000000 -0.065450 0.000000
vt -0.750000 -0.065450 0.000000
vt -1.000000 -0.052360 0.000000
vt -0.750000 -0.052360 0.000000
vt -1.000000 -0.039270 0.000000
vt -0.750000 -0.039270 0.000000
vt -1.000000 -0.026180 0.000000
vt -0.750000 -0.026180 0.000000
vt -1.000000 -0.013090 0.000000
vt -0.750000 -0.013090 0.000000
vt -1.000000 0.000000 0.000000
vt -0.750000 0.000000 0.000000
vt -1.000000 0.013090 0.000000
vt -0.750000 0.013090 0.000000
vt -1.000000 0.026180 0.000000
vt -0.750000 0.026180 0.000000
vt -1.000000 0.039270 0.000000
vt -0.750000 0.039270 0.000000
vt -1.000000 0.052360 0.000000
vt -0.750000 0.052360 0.000000
vt -1.000000 0.065450 0.000000
vt -0.750000 0.065450 0.000000
vt -1.000000 0.078540 0.000000
vt -0.750000 0.078540 0.000000
vt -1.000000 0.091630 0.000000
vt -0.750000 0.091630 0.000000
vt -1.000000 0.104720 0.000000
vt -0.750000 0.104720 0.000000
vt -1.000000 0.117810 0.000000
vt -0.750000 0.117810 0.000000
vt -1.000000 0.130900 0.000000
vt -0.750000 0.130900 0.000000
vt -0.014514 -0.142353 0.000000
vt -0.250000 -0.143990 0.000000
vt 0.000000 -0.157080 0.000000
vt -0.250000 -0.157080 0.000000
vt 0.000000 0.157080 0.000000
vt -0.250000 0.157080 0.000000
vt -0.000000 0.143990 0.000000
vt -0.250000 0.143990 0.000000
vt 0.000000 0.130900 0.000000
vt -0.250000 0.130900 0.000000
vt -0.000000 0.117810 0.000000
vt -0.250000 0.117810 0.000000
vt -0.000000 0.104720 0.000000
vt -0.250000 0.104720 0.000000
vt 0.000000 0.091630 0.000000
vt -0.250000 0.091630 0.000000
vt -0.000000 0.078540 0.000000
vt -0.250000 0.078540 0.000000
vt -0.250000 0.065450 0.000000
vt -0.500000 0.078540 0.000000
vt -0.500000 0.065450 0.000000
vt -0.250000 -0.130900 0.000000
vt -0.027779 -0.127627 0.000000
vt -0.250000 -0.117810 0.000000
vt -0.033578 -0.120264 0.000000
vt -0.038651 -0.112901 0.000000
vt -0.250000 -0.104720 0.000000
vt -0.042886 -0.105538 0.000000
vt -0.046194 -0.098175 0.000000
vt -0.250000 -0.091630 0.000000
vt -0.048502 -0.090812 0.000000
vt -0.049759 -0.083449 0.000000
vt -0.250000 -0.078540 0.000000
vt -0.049940 -0.076085 0.000000
vt -0.049039 -0.068722 0.000000
vt -0.250000 -0.065450 0.000000
vt -0.047077 -0.061359 0.000000
vt -0.250000 -0.052360 0.000000
vt -0.044096 -0.053996 0.000000
vt -0.040160 -0.046633 0.000000
vt -0.250000 -0.039270 0.000000
vt -0.035355 -0.039270 0.000000
vt -0.040160 -0.031907 0.000000
vt -0.250000 -0.026180 0.000000
vt -0.044096 -0.024544 0.000000
vt -0.047077 -0.017181 0.000000
vt -0.250000 -0.013090 0.000000
vt -0.049039 -0.009817 0.000000
vt -0.250000 0.000000 0.000000
vt -0.049940 -0.002454 0.000000
vt -0.049759 0.004909 0.000000
vt -0.250000 0.013090 0.000000
vt -0.048502 0.012272 0.000000
vt -0.046194 0.019635 0.000000
vt -0.250000 0.026180 0.000000
vt -0.042886 0.026998 0.000000
vt -0.038651 0.034361 0.000000
vt -0.250000 0.039270 0.000000
vt -0.033578 0.041724 0.000000
vt -0.027779 0.049087 0.000000
vt -0.250000 0.052360 0.000000
vt -0.014514 0.063814 0.000000
vt -0.500000 -0.157080 0.000000
vt -0.500000 -0.143990 0.000000
vt -0.500000 -0.130900 0.000000
vt -0.500000 -0.117810 0.000000
vt -0.500000 -0.104720 0.000000
vt -0.500000 -0.091630 0.000000
vt -0.500000 -0.078540 0.000000
vt -0.500000 -0.065450 0.000000
vt -0.500000 -0.052360 0.000000
vt -0.500000 -0.039270 0.000000
vt -0.500000 -0.026180 0.000000
vt -0.500000 -0.013090 0.000000
vt -0.500000 0.000000 0.000000
vt -0.500000 0.013090 0.000000
vt -0.500000 0.026180 0.000000
vt -0.500000 0.039270 0.000000
vt -0.500000 0.052360 0.000000
vt -0.500000 0.157080 0.000000
vt -0.500000 0.143990 0.000000
vt -0.500000 0.130900 0.000000
vt -0.500000 0.117810 0.000000
vt -0.500000 0.104720 0.000000
vt -0.500000 0.091630 0.000000
vt -0.040160 -0.125173 0.000000
vt -0.035355 -0.117810 0.000000
vt -0.250000 -0.117810 0.000000
vt -0.040160 -0.110447 0.000000
vt -0.250000 -0.104720 0.000000
vt -0.044096 -0.103084 0.000000
vt -0.047077 -0.095720 0.000000
vt -0.250000 -0.091630 0.000000
vt -0.049039 -0.088357 0.000000
vt -0.250000 -0.078540 0.000000
vt -0.049940 -0.080994 0.000000
vt -0.049759 -0.073631 0.000000
vt -0.250000 -0.065450 0.000000
vt -0.048502 -0.066268 0.000000
vt -0.046194 -0.058905 0.000000
vt -0.250000 -0.052360 0.000000
vt -0.042886 -0.051542 0.000000
vt -0.038651 -0.044179 0.000000
vt -0.250000 -0.039270 0.000000
vt -0.033578 -0.036816 0.000000
vt -0.027779 -0.029452 0.000000
vt -0.250000 -0.026180 0.000000
vt -0.014514 -0.014726 0.000000
vt -0.250000 -0.013090 0.000000
vt -0.000000 0.000000 0.000000
vt -0.250000 0.000000 0.000000
vt -0.250000 0.013090 0.000000
vt -0.500000 0.013090 0.000000
vt -0.500000 0.026180 0.000000
vt -0.750000 0.026180 0.000000
vt -0.750000 0.039270 0.000000
vt -1.000000 0.039270 0.000000
vt -1.000000 0.052360 0.000000
vt -0.750000 0.052360 0.000000
vt -1.000000 0.065450 0.000000
vt -0.750000 0.065450 0.000000
vt -1.000000 0.078540 0.000000
vt -0.750000 0.078540 0.000000
vt -1.000000 0.091630 0.000000
vt -0.750000 0.091630 0.000000
vt -1.000000 0.104720 0.000000
vt -0.750000 0.104720 0.000000
vt -1.000000 0.117810 0.000000
vt -0.750000 0.117810 0.000000
vt -1.000000 0.130900 0.000000
vt -0.750000 0.130900 0.000000
vt -1.000000 0.143990 0.000000
vt -0.750000 0.143990 0.000000
vt -1.000000 0.157080 0.000000
vt -0.750000 0.157080 0.000000
vt -1.000000 -0.157080 0.000000
vt -0.750000 -0.157080 0.000000
vt -1.000000 -0.143990 0.000000
vt -0.750000 -0.143990 0.000000
vt -1.000000 -0.130900 0.000000
vt -0.750000 -0.130900 0.000000
vt -1.000000 -0.117810 0.000000
vt -0.750000 -0.117810 0.000000
vt -1.000000 -0.104720 0.000000
vt -0.750000 -0.104720 0.000000
vt -1.000000 -0.091630 0.000000
vt -0.750000 -0.091630 0.000000
vt -1.000000 -0.078540 0.000000
vt -0.750000 -0.078540 0.000000
vt -1.000000 -0.065450 0.000000
vt -0.750000 -0.065450 0.000000
vt -1.000000 -0.052360 0.000000
vt -0.750000 -0.052360 0.000000
vt -1.000000 -0.039270 0.000000
vt -0.750000 -0.039270 0.000000
vt -1.000000 -0.026180 0.000000
vt -0.750000 -0.026180 0.000000
vt -1.000000 -0.013090 0.000000
vt -0.750000 -0.013090 0.000000
vt -1.000000 -0.000000 0.000000
vt -0.750000 0.000000 0.000000
vt -1.000000 0.013090 0.000000
vt -0.750000 0.013090 0.000000
vt -1.000000 0.026180 0.000000
vt 0.000000 0.013090 0.000000
vt -0.250000 0.026180 0.000000
vt -0.500000 0.039270 0.000000
vt 0.000000 0.026180 0.000000
vt -0.250000 0.039270 0.000000
vt -0.500000 0.052360 0.000000
vt 0.000000 0.039270 0.000000
vt -0.250000 0.052360 0.000000
vt -0.500000 0.065450 0.000000
vt 0.000000 0.052360 0.000000
vt -0.250000 0.065450 0.000000
vt -0.500000 0.078540 0.000000
vt 0.000000 0.065450 0.000000
vt -0.250000 0.078540 0.000000
vt -0.500000 0.091630 0.000000
vt -0.000000 0.078540 0.000000
vt -0.250000 0.091630 0.000000
vt -0.500000 0.104720 0.000000
vt -0.014514 0.093266 0.000000
vt -0.250000 0.104720 0.000000
vt -0.500000 0.117810 0.000000
vt -0.027779 0.107992 0.000000
vt -0.250000 0.117810 0.000000
vt -0.500000 0.130900 0.000000
vt -0.033578 0.115355 0.000000
vt -0.038651 0.122718 0.000000
vt -0.250000 0.130900 0.000000
vt -0.042886 0.130082 0.000000
vt -0.046194 0.137445 0.000000
vt -0.250000 0.143990 0.000000
vt -0.048502 0.144808 0.000000
vt -0.049759 0.152171 0.000000
vt -0.250000 0.157080 0.000000
vt -0.250000 -0.157080 0.000000
vt -0.049759 -0.161988 0.000000
vt -0.049940 -0.154625 0.000000
vt -0.049039 -0.147262 0.000000
vt -0.250000 -0.143990 0.000000
vt -0.047077 -0.139899 0.000000
vt -0.250000 -0.130900 0.000000
vt -0.044096 -0.132536 0.000000
vt -0.500000 0.157080 0.000000
vt -0.500000 0.143990 0.000000
vt -0.500000 -0.157080 0.000000
vt -0.500000 -0.143990 0.000000
vt -0.500000 -0.130900 0.000000
vt -0.500000 -0.117810 0.000000
vt -0.500000 -0.104720 0.000000
vt -0.500000 -0.091630 0.000000
vt -0.500000 -0.078540 0.000000
vt -0.500000 -0.065450 0.000000
vt -0.500000 -0.052360 0.000000
vt -0.500000 -0.039270 0.000000
vt -0.500000 -0.026180 0.000000
vt -0.500000 -0.013090 0.000000
vt -0.500000 0.000000 0.000000
vt 0.096593 0.025882 0.000000
vt 0.048296 0.012941 0.000000
vt 0.100000 -0.000000 0.000000
vt 0.050000 0.000000 0.000000
vt 0.096593 -0.025882 0.000000
vt 0.048296 -0.012941 0.000000
vt 0.043301 -0.025000 0.000000
vt 0.043301 0.025000 0.000000
vt 0.086603 0.050000 0.000000
vt 0.035355 0.035355 0.000000
vt 0.070711 0.070711 0.000000
vt 0.025000 0.043301 0.000000
vt 0.050000 0.086603 0.000000
vt 0.012941 0.048296 0.000000
vt 0.025882 0.096593 0.000000
vt 0.000000 0.050000 0.000000
vt -0.000000 0.100000 0.000000
vt -0.025882 0.096593 0.000000
vt -0.012941 0.048296 0.000000
vt -0.050000 0.086603 0.000000
vt -0.025000 0.043301 0.000000
vt -0.070711 0.070711 0.000000
vt -0.035355 0.035355 0.000000
vt -0.086603 0.050000 0.000000
vt -0.043301 0.025000 0.000000
vt -0.096593 0.025882 0.000000
vt -0.048296 0.012941 0.000000
vt -0.100000 0.000000 0.000000
vt -0.050000 0.000000 0.000000
vt -0.048296 -0.012941 0.000000
vt -0.096593 -0.025882 0.000000
vt -0.043301 -0.025000 0.000000
vt -0.086603 -0.050000 0.000000
vt -0.035355 -0.035355 0.000000
vt -0.070711 -0.070711 0.000000
vt -0.025000 -0.043301 0.000000
vt -0.050000 -0.086603 0.000000
vt -0.012941 -0.048296 0.000000
vt -0.025882 -0.096593 0.000000
vt 0.000000 -0.050000 0.000000
vt -0.000000 -0.100000 0.000000
vt 0.025882 -0.096593 0.000000
vt 0.012941 -0.048296 0.000000
vt 0.050000 -0.086603 0.000000
vt 0.025000 -0.043301 0.000000
vt 0.070711 -0.070711 0.000000
vt 0.035355 -0.035355 0.000000
vt 0.086603 -0.050000 0.000000
vt -0.222520 0.147522 0.000000
vt 0.000000 0.147522 0.000000
vt -0.222520 0.160934 0.000000
vt 0.000000 0.160934 0.000000
vt -0.222520 -0.160934 0.000000
vt 0.000000 -0.160934 0.000000
vt -0.222520 -0.147522 0.000000
vt 0.000000 -0.147522 0.000000
vt -0.222520 -0.134111 0.000000
vt 0.000000 -0.134111 0.000000
vt -0.222520 -0.120700 0.000000
vt 0.000000 -0.120700 0.000000
vt -0.222520 -0.107289 0.000000
vt 0.000000 -0.107289 0.000000
vt -0.222520 -0.093878 0.000000
vt 0.000000 -0.093878 0.000000
vt -0.222520 -0.080467 0.000000
vt -0.000000 -0.080467 0.000000
vt -0.222520 -0.067056 0.000000
vt -0.000000 -0.067056 0.000000
vt -0.222520 -0.053645 0.000000
vt -0.000000 -0.053645 0.000000
vt -0.222520 -0.040233 0.000000
vt 0.000000 -0.040233 0.000000
vt -0.222520 -0.026822 0.000000
vt -0.000000 -0.026822 0.000000
vt -0.222520 -0.013411 0.000000
vt -0.000000 -0.013411 0.000000
vt -0.222520 -0.000000 0.000000
vt -0.000000 0.000000 0.000000
vt -0.222520 0.013411 0.000000
vt -0.000000 0.013411 0.000000
vt -0.222520 0.026822 0.000000
vt -0.000000 0.026822 0.000000
vt -0.222520 0.040233 0.000000
vt -0.000000 0.040233 0.000000
vt -0.222520 0.053645 0.000000
vt -0.000000 0.053645 0.000000
vt -0.222520 0.067056 0.000000
vt -0.000000 0.067056 0.000000
vt -0.222520 0.080467 0.000000
vt 0.000000 0.080467 0.000000
vt -0.222520 0.093878 0.000000
vt 0.000000 0.093878 0.000000
vt -0.222520 0.107289 0.000000
vt 0.000000 0.107289 0.000000
vt -0.222520 0.120700 0.000000
vt 0.000000 0.120700 0.000000
vt -0.222520 0.134111 0.000000
vt 0.000000 0.134111 0.000000
vt -0.002370 -0.000635 0.000000
vt 0.002370 -0.000635 0.000000
vt -0.002453 0.000000 0.000000
vt 0.002453 -0.000000 0.000000
vt -0.002370 0.000635 0.000000
vt 0.002370 0.000635 0.000000
vt -0.002125 0.001227 0.000000
vt 0.002125 0.001227 0.000000
vt -0.001735 0.001735 0.000000
vt 0.001735 0.001735 0.000000
vt -0.001227 0.002125 0.000000
vt 0.001227 0.002125 0.000000
vt -0.000635 0.002370 0.000000
vt 0.000635 0.002370 0.000000
vt 0.000000 0.002453 0.000000
vt 0.002125 -0.001227 0.000000
vt -0.002125 -0.001227 0.000000
vt 0.001735 -0.001735 0.000000
vt -0.001735 -0.001735 0.000000
vt 0.001227 -0.002125 0.000000
vt -0.001227 -0.002125 0.000000
vt 0.000635 -0.002370 0.000000
vt -0.000635 -0.002370 0.000000
vt 0.000000 -0.002453 0.000000
vt 0.096593 0.025882 0.000000
vt 0.048296 0.012941 0.000000
vt 0.100000 -0.000000 0.000000
vt 0.050000 0.000000 0.000000
vt 0.096593 -0.025882 0.000000
vt 0.048296 -0.012941 0.000000
vt 0.043301 -0.025000 0.000000
vt 0.043301 0.025000 0.000000
vt 0.086603 0.050000 0.000000
vt 0.035355 0.035355 0.000000
vt 0.070711 0.070711 0.000000
vt 0.025000 0.043301 0.000000
vt 0.050000 0.086603 0.000000
vt 0.012941 0.048296 0.000000
vt 0.025882 0.096593 0.000000
vt 0.000000 0.050000 0.000000
vt -0.000000 0.100000 0.000000
vt -0.025882 0.096593 0.000000
vt -0.012941 0.048296 0.000000
vt -0.050000 0.086603 0.000000
vt -0.025000 0.043301 0.000000
vt -0.070711 0.070711 0.000000
vt -0.035355 0.035355 0.000000
vt -0.086603 0.050000 0.000000
vt -0.043301 0.025000 0.000000
vt -0.096593 0.025882 0.000000
vt -0.048296 0.012941 0.000000
vt -0.100000 -0.000000 0.000000
vt -0.050000 0.000000 0.000000
vt -0.048296 -0.012941 0.000000
vt -0.096593 -0.025882 0.000000
vt -0.043301 -0.025000 0.000000
vt -0.086603 -0.050000 0.000000
vt -0.035355 -0.035355 0.000000
vt -0.070711 -0.070711 0.000000
vt -0.025000 -0.043301 0.000000
vt -0.050000 -0.086603 0.000000
vt -0.012941 -0.048296 0.000000
vt -0.025882 -0.096593 0.000000
vt 0.000000 -0.050000 0.000000
vt -0.000000 -0.100000 0.000000
vt 0.025882 -0.096593 0.000000
vt 0.012941 -0.048296 0.000000
vt 0.050000 -0.086603 0.000000
vt 0.025000 -0.043301 0.000000
vt 0.070711 -0.070711 0.000000
vt 0.035355 -0.035355 0.000000
vt 0.086603 -0.050000 0.000000
vt -0.222520 0.147522 0.000000
vt 0.000000 0.147522 0.000000
vt -0.222520 0.160934 0.000000
vt 0.000000 0.160934 0.000000
vt -0.222520 -0.160934 0.000000
vt 0.000000 -0.160934 0.000000
vt -0.222520 -0.147522 0.000000
vt 0.000000 -0.147522 0.000000
vt -0.222520 -0.134111 0.000000
vt 0.000000 -0.134111 0.000000
vt -0.222520 -0.120700 0.000000
vt 0.000000 -0.120700 0.000000
vt -0.222520 -0.107289 0.000000
vt 0.000000 -0.107289 0.000000
vt -0.222520 -0.093878 0.000000
vt 0.000000 -0.093878 0.000000
vt -0.222520 -0.080467 0.000000
vt 0.000000 -0.080467 0.000000
vt -0.222520 -0.067056 0.000000
vt 0.000000 -0.067056 0.000000
vt -0.222520 -0.053645 0.000000
vt 0.000000 -0.053645 0.000000
vt -0.222520 -0.040233 0.000000
vt 0.000000 -0.040233 0.000000
vt -0.222520 -0.026822 0.000000
vt -0.000000 -0.026822 0.000000
vt -0.222520 -0.013411 0.000000
vt -0.000000 -0.013411 0.000000
vt -0.222520 0.000000 0.000000
vt -0.000000 -0.000000 0.000000
vt -0.222520 0.013411 0.000000
vt -0.000000 0.013411 0.000000
vt -0.222520 0.026822 0.000000
vt -0.000000 0.026822 0.000000
vt -0.222520 0.040233 0.000000
vt -0.000000 0.040233 0.000000
vt -0.222520 0.053645 0.000000
vt -0.000000 0.053645 0.000000
vt -0.222520 0.067056 0.000000
vt -0.000000 0.067056 0.000000
vt -0.222520 0.080467 0.000000
vt -0.000000 0.080467 0.000000
vt -0.222520 0.093878 0.000000
vt -0.000000 0.093878 0.000000
vt -0.222520 0.107289 0.000000
vt -0.000000 0.107289 0.000000
vt -0.222520 0.120700 0.000000
vt -0.000000 0.120700 0.000000
vt -0.222520 0.134111 0.000000
vt 0.000000 0.134111 0.000000
vt -0.002370 -0.000635 0.000000
vt 0.002370 -0.000635 0.000000
vt -0.002453 0.000000 0.000000
vt 0.002453 -0.000000 0.000000
vt -0.002370 0.000635 0.000000
vt 0.002370 0.000635 0.000000
vt -0.002125 0.001227 0.000000
vt 0.002125 0.001227 0.000000
vt -0.001735 0.001735 0.000000
vt 0.001735 0.001735 0.000000
vt -0.001227 0.002125 0.000000
vt 0.001227 0.002125 0.000000
vt -0.000635 0.002370 0.000000
vt 0.000635 0.002370 0.000000
vt 0.000000 0.002453 0.000000
vt 0.002125 -0.001227 0.000000
vt -0.002125 -0.001227 0.000000
vt 0.001735 -0.001735 0.000000
vt -0.001735 -0.001735 0.000000
vt 0.001227 -0.002125 0.000000
vt -0.001227 -0.002125 0.000000
vt 0.000635 -0.002370 0.000000
vt -0.000635 -0.002370 0.000000
vt 0.000000 -0.002453 0.000000
vn -0.258819 0.000000 -0.965926
vn -0.000000 0.000000 -1.000000
vn -0.258819 -0.250000 -0.933013
vn -0.000000 -0.258819 -0.965926
vn -0.258819 -0.482963 -0.836516
vn -0.000000 -0.500000 -0.866025
vn -0.258819 -0.683013 -0.683013
vn -0.000000 -0.707107 -0.707107
vn -0.258819 -0.836516 -0.482963
vn -0.000000 -0.866025 -0.500000
vn -0.258819 -0.933013 -0.250000
vn -0.000000 -0.965926 -0.258819
vn -0.258819 -0.965926 -0.000000
vn 0.000000 -1.000000 -0.000000
vn -0.500000 -0.866025 -0.000000
vn -0.500000 -0.836516 -0.224144
vn -0.500000 -0.750000 -0.433013
vn -0.500000 -0.612372 -0.612372
vn -0.500000 -0.433013 -0.750000
vn -0.500000 -0.224144 -0.836516
vn -0.500000 0.000000 -0.866025
vn -0.707107 -0.183013 -0.683013
vn -0.707107 0.000000 -0.707107
vn -0.866025 -0.129410 -0.482963
vn -0.866025 0.000000 -0.500000
vn -0.965926 -0.066987 -0.250000
vn -0.965926 0.000000 -0.258819
vn -1.000000 -0.000000 0.000000
vn -0.707107 -0.707107 -0.000000
vn -0.707107 -0.683013 -0.183013
vn -0.707107 -0.612372 -0.353553
vn -0.707107 -0.500000 -0.500000
vn -0.707107 -0.353553 -0.612372
vn -0.866025 -0.500000 0.000000
vn -0.866025 -0.482963 -0.129410
vn -0.866025 -0.433013 -0.250000
vn -0.866025 -0.353553 -0.353553
vn -0.866025 -0.250000 -0.433013
vn -0.965926 -0.258819 0.000000
vn -0.965926 -0.250000 -0.066987
vn -0.965926 -0.224144 -0.129410
vn -0.965926 -0.183013 -0.183013
vn -0.965926 -0.129410 -0.224144
vn -1.000000 -0.000000 0.000000
vn -1.000000 -0.000000 0.000000
vn -1.000000 -0.000000 0.000000
vn -1.000000 -0.000000 0.000000
vn -1.000000 -0.000000 0.000000
vn -1.000000 -0.000000 0.000000
vn -1.000000 -0.000000 0.000000
vn -1.000000 -0.000000 0.000000
vn -1.000000 -0.000000 0.000000
vn -1.000000 -0.000000 0.000000
vn -1.000000 -0.000000 0.000000
vn -1.000000 -0.000000 0.000000
vn -1.000000 -0.000000 0.000000
vn -1.000000 -0.000000 0.000000
vn -1.000000 -0.000000 0.000000
vn -1.000000 -0.000000 0.000000
vn -1.000000 -0.000000 0.000000
vn -1.000000 -0.000000 0.000000
vn -1.000000 -0.000000 0.000000
vn -1.000000 -0.000000 0.000000
vn -1.000000 -0.000000 0.000000
vn -1.000000 -0.000000 0.000000
vn -1.000000 -0.000000 0.000000
vn -1.000000 -0.000000 0.000000
vn -1.000000 -0.000000 0.000000
vn -1.000000 -0.000000 0.000000
vn -1.000000 -0.000000 0.000000
vn -1.000000 -0.000000 0.000000
vn -1.000000 -0.000000 0.000000
vn -1.000000 -0.000000 0.000000
vn -1.000000 -0.000000 0.000000
vn -1.000000 -0.000000 0.000000
vn -1.000000 -0.000000 0.000000
vn -1.000000 -0.000000 0.000000
vn -1.000000 -0.000000 0.000000
vn -1.000000 -0.000000 0.000000
vn -1.000000 -0.000000 0.000000
vn -1.000000 -0.000000 0.000000
vn -1.000000 -0.000000 0.000000
vn -1.000000 -0.000000 0.000000
vn -1.000000 -0.000000 0.000000
vn -1.000000 -0.000000 0.000000
vn -1.000000 -0.000000 0.000000
vn -1.000000 -0.000000 0.000000
vn -1.000000 -0.000000 0.000000
vn -1.000000 -0.000000 0.000000
vn -1.000000 -0.000000 0.000000
vn -1.000000 -0.000000 0.000000
vn 0.438371 0.868168 -0.232625
vn 0.438371 0.868168 -0.232625
vn 0.438371 0.898794 -0.000000
vn 0.438371 0.898794 -0.000000
vn 0.438371 0.868168 0.232625
vn 0.438371 0.868168 0.232625
vn 0.438371 0.778378 0.449397
vn 0.438371 0.778378 0.449397
vn 0.438371 0.635543 0.635543
vn 0.438371 0.635543 0.635543
vn 0.438371 0.449397 0.778378
vn 0.438371 0.449397 0.778378
vn 0.438371 0.232625 0.868168
vn 0.438371 0.232625 0.868168
vn 0.438371 -0.000000 0.898794
vn 0.438371 -0.000000 0.898794
vn 0.438371 -0.232625 0.868168
vn 0.438371 -0.232625 0.868168
vn 0.438371 -0.449397 0.778378
vn 0.438371 -0.449397 0.778378
vn 0.438371 -0.635543 0.635543
vn 0.438371 -0.635543 0.635543
vn 0.438371 -0.778378 0.449397
vn 0.438371 -0.778378 0.449397
vn 0.438371 -0.868168 0.232625
vn 0.438371 -0.868168 0.232625
vn 0.438371 -0.898794 -0.000000
vn 0.438371 -0.898794 -0.000000
vn 0.438371 -0.868168 -0.232625
vn 0.438371 -0.868168 -0.232625
vn 0.438371 -0.778378 -0.449397
vn 0.438371 -0.778378 -0.449397
vn 0.438371 -0.635543 -0.635543
vn 0.438371 -0.635543 -0.635543
vn 0.438371 -0.449397 -0.778378
vn 0.438371 -0.449397 -0.778378
vn 0.438371 -0.232625 -0.868168
vn 0.438371 -0.232625 -0.868168
vn 0.438371 0.000000 -0.898794
vn 0.438371 0.000000 -0.898794
vn 0.438371 0.232625 -0.868168
vn 0.438371 0.232625 -0.868168
vn 0.438371 0.449397 -0.778378
vn 0.438371 0.449397 -0.778378
vn 0.438371 0.635543 -0.635543
vn 0.438371 0.635543 -0.635543
vn 0.438371 0.778378 -0.449397
vn 0.438371 0.778378 -0.449397
vn 1.000000 0.000000 -0.000000
vn 1.000000 0.000000 -0.000000
vn 1.000000 0.000000 -0.000000
vn 1.000000 0.000000 -0.000000
vn 1.000000 0.000000 -0.000000
vn 1.000000 0.000000 -0.000000
vn 1.000000 0.000000 -0.000000
vn 1.000000 0.000000 -0.000000
vn 1.000000 0.000000 -0.000000
vn 1.000000 0.000000 -0.000000
vn 1.000000 0.000000 -0.000000
vn 1.000000 0.000000 -0.000000
vn 1.000000 0.000000 -0.000000
vn 1.000000 0.000000 -0.000000
vn 1.000000 0.000000 -0.000000
vn 1.000000 0.000000 -0.000000
vn 1.000000 0.000000 -0.000000
vn 1.000000 0.000000 -0.000000
vn 1.000000 0.000000 -0.000000
vn 1.000000 0.000000 -0.000000
vn 1.000000 0.000000 -0.000000
vn 1.000000 0.000000 -0.000000
vn 1.000000 0.000000 -0.000000
vn 1.000000 0.000000 -0.000000
vn 0.000000 0.803208 0.595699
vn 0.000000 0.707107 0.707107
vn 0.000000 0.707107 0.707107
vn 0.000000 0.595699 0.803208
vn 0.000000 0.500000 0.866025
vn 0.000000 0.471397 0.881921
vn 0.000000 0.336890 0.941544
vn 0.000000 0.258819 0.965926
vn 0.000000 0.195090 0.980785
vn 0.000000 -0.000000 1.000000
vn 0.000000 0.049068 0.998795
vn 0.000000 -0.098017 0.995185
vn 0.000000 -0.258819 0.965926
vn 0.000000 -0.242980 0.970031
vn 0.000000 -0.382683 0.923880
vn 0.000000 -0.500000 0.866025
vn 0.000000 -0.514103 0.857729
vn 0.000000 -0.634393 0.773010
vn 0.000000 -0.707107 0.707107
vn 0.000000 -0.740951 0.671559
vn 0.000000 -0.831470 0.555570
vn 0.000000 -0.866025 0.500000
vn 0.000000 -0.956940 0.290285
vn 0.000000 -0.965926 0.258819
vn 0.000000 -1.000000 -0.000000
vn -0.000000 -0.965926 -0.258819
vn -0.000000 -0.965926 -0.258819
vn -0.000000 -0.866025 -0.500000
vn -0.000000 -0.866025 -0.500000
vn -0.000000 -0.707107 -0.707107
vn -0.000000 -0.707107 -0.707107
vn -0.000000 -0.500000 -0.866025
vn -0.000000 -0.500000 -0.866025
vn -0.000000 -0.258819 -0.965926
vn -0.000000 -0.258819 -0.965926
vn -0.000000 0.000000 -1.000000
vn -0.000000 0.000000 -1.000000
vn -0.000000 0.258819 -0.965926
vn -0.000000 0.258819 -0.965926
vn -0.000000 0.500000 -0.866025
vn -0.000000 0.500000 -0.866025
vn -0.000000 0.707107 -0.707107
vn -0.000000 0.707107 -0.707107
vn -0.000000 0.866025 -0.500000
vn -0.000000 0.866025 -0.500000
vn -0.000000 0.965926 -0.258819
vn -0.000000 0.965926 -0.258819
vn 0.000000 1.000000 0.000000
vn 0.000000 1.000000 0.000000
vn 0.000000 0.965926 0.258819
vn 0.000000 0.965926 0.258819
vn 0.000000 0.866025 0.500000
vn 0.000000 0.866025 0.500000
vn 0.000000 0.707107 0.707107
vn 0.000000 0.707107 0.707107
vn 0.000000 0.500000 0.866025
vn 0.000000 0.500000 0.866025
vn 0.000000 0.258819 0.965926
vn 0.000000 0.258819 0.965926
vn 0.000000 -0.000000 1.000000
vn 0.000000 -0.000000 1.000000
vn 0.000000 -0.258819 0.965926
vn 0.000000 -0.258819 0.965926
vn 0.000000 -0.500000 0.866025
vn 0.000000 -0.500000 0.866025
vn 0.000000 -0.707107 0.707107
vn 0.000000 -0.707107 0.707107
vn 0.000000 -0.866025 0.500000
vn 0.000000 -0.866025 0.500000
vn 0.000000 -0.965926 0.258819
vn 0.000000 -0.965926 0.258819
vn 0.000000 -1.000000 -0.000000
vn 0.000000 -1.000000 -0.000000
vn -0.000000 -0.965926 -0.258819
vn -0.000000 -0.965926 -0.258819
vn -0.000000 -0.866025 -0.500000
vn -0.000000 -0.866025 -0.500000
vn -0.000000 -0.707107 -0.707107
vn -0.000000 -0.707107 -0.707107
vn -0.000000 -0.500000 -0.866025
vn -0.000000 -0.500000 -0.866025
vn -0.000000 -0.258819 -0.965926
vn -0.000000 -0.258819 -0.965926
vn -0.000000 0.000000 -1.000000
vn -0.000000 0.000000 -1.000000
vn -0.000000 0.258819 -0.965926
vn -0.000000 0.258819 -0.965926
vn -0.000000 0.500000 -0.866025
vn -0.000000 0.290285 -0.956940
vn -0.000000 0.500000 -0.866025
vn -0.000000 0.707107 -0.707107
vn -0.000000 0.555570 -0.831470
vn -0.000000 0.707107 -0.707107
vn -0.000000 0.866025 -0.500000
vn -0.000000 0.671559 -0.740951
vn -0.000000 0.773010 -0.634393
vn -0.000000 0.866025 -0.500000
vn -0.000000 0.857729 -0.514103
vn -0.000000 0.923880 -0.382683
vn -0.000000 0.965926 -0.258819
vn -0.000000 0.970031 -0.242980
vn -0.000000 0.995185 -0.098017
vn 0.000000 1.000000 0.000000
vn 0.000000 0.998795 0.049068
vn 0.000000 0.980785 0.195090
vn 0.000000 0.965926 0.258819
vn 0.000000 0.941544 0.336890
vn 0.000000 0.866025 0.500000
vn 0.000000 0.881921 0.471397
vn 0.000000 -1.000000 -0.000000
vn 0.000000 -0.965926 0.258819
vn 0.000000 -0.866025 0.500000
vn 0.000000 -0.707107 0.707107
vn 0.000000 -0.500000 0.866025
vn 0.000000 -0.258819 0.965926
vn 0.000000 -0.000000 1.000000
vn 0.000000 0.258819 0.965926
vn 0.000000 0.500000 0.866025
vn 0.000000 0.707107 0.707107
vn 0.000000 0.866025 0.500000
vn 0.000000 0.965926 0.258819
vn 0.000000 1.000000 0.000000
vn -0.000000 0.965926 -0.258819
vn -0.258819 -0.965926 -0.000000
vn -0.258819 -0.965926 -0.000000
vn -0.000000 -1.000000 -0.000000
vn -0.000000 -1.000000 -0.000000
vn 0.258819 -0.965926 -0.000000
vn 0.258819 -0.965926 -0.000000
vn 0.500000 -0.866025 -0.000000
vn 0.500000 -0.866025 -0.000000
vn 0.707107 -0.707107 -0.000000
vn 0.707107 -0.707107 -0.000000
vn 0.866025 -0.500000 -0.000000
vn 0.866025 -0.500000 -0.000000
vn 0.965926 -0.258819 -0.000000
vn 0.965926 -0.258819 -0.000000
vn 1.000000 0.000000 -0.000000
vn 1.000000 0.000000 -0.000000
vn 0.965926 0.258819 -0.000000
vn 0.965926 0.258819 -0.000000
vn 0.866025 0.500000 -0.000000
vn 0.866025 0.500000 -0.000000
vn 0.707107 0.707107 0.000000
vn 0.707107 0.707107 0.000000
vn 0.500000 0.866025 0.000000
vn 0.500000 0.866025 0.000000
vn 0.258819 0.965926 0.000000
vn 0.258819 0.965926 0.000000
vn -0.000000 1.000000 0.000000
vn -0.000000 1.000000 0.000000
vn -0.258819 0.965926 0.000000
vn -0.258819 0.965926 0.000000
vn -0.500000 0.866025 0.000000
vn -0.500000 0.866025 0.000000
vn -0.707107 0.707107 0.000000
vn -0.707107 0.707107 0.000000
vn -0.866025 0.500000 0.000000
vn -0.866025 0.500000 0.000000
vn -0.965926 0.258819 0.000000
vn -0.965926 0.258819 0.000000
vn -1.000000 0.000000 0.000000
vn -1.000000 0.000000 0.000000
vn -0.965926 -0.258819 0.000000
vn -0.965926 -0.258819 0.000000
vn -0.866025 -0.500000 0.000000
vn -0.866025 -0.500000 0.000000
vn -0.707107 -0.707107 -0.000000
vn -0.707107 -0.707107 -0.000000
vn -0.500000 -0.866025 -0.000000
vn -0.500000 -0.866025 -0.000000
vn 0.290285 -0.956940 -0.000000
vn 0.258819 -0.965926 -0.000000
vn 0.000000 -1.000000 -0.000000
vn -0.258819 -0.965926 -0.000000
vn -0.500000 -0.866025 -0.000000
vn -0.707107 -0.707107 -0.000000
vn -0.866025 -0.500000 0.000000
vn -0.965926 -0.258819 0.000000
vn -1.000000 0.000000 0.000000
vn -0.965926 0.258819 0.000000
vn -1.000000 0.000000 0.000000
vn -0.965926 0.258819 0.000000
vn 0.500000 -0.866025 -0.000000
vn 0.555570 -0.831470 -0.000000
vn 0.707107 -0.707107 -0.000000
vn 0.671559 -0.740951 -0.000000
vn 0.773010 -0.634393 -0.000000
vn 0.866025 -0.500000 -0.000000
vn 0.857729 -0.514103 -0.000000
vn 0.923880 -0.382683 -0.000000
vn 0.965926 -0.258819 -0.000000
vn 0.970031 -0.242980 -0.000000
vn 0.995185 -0.098017 -0.000000
vn 1.000000 0.000000 -0.000000
vn 0.998795 0.049068 -0.000000
vn 0.980785 0.195090 -0.000000
vn 0.965926 0.258819 -0.000000
vn 0.941544 0.336890 -0.000000
vn 0.866025 0.500000 -0.000000
vn 0.881921 0.471397 -0.000000
vn 0.803208 0.595699 -0.000000
vn 0.707107 0.707107 0.000000
vn 0.707107 0.707107 0.000000
vn 0.595699 0.803208 0.000000
vn 0.500000 0.866025 0.000000
vn 0.471397 0.881921 0.000000
vn 0.336890 0.941544 0.000000
vn 0.258819 0.965926 0.000000
vn 0.195090 0.980785 0.000000
vn -0.000000 1.000000 0.000000
vn 0.049068 0.998795 0.000000
vn -0.098017 0.995185 0.000000
vn -0.258819 0.965926 0.000000
vn -0.242980 0.970031 0.000000
vn -0.382683 0.923880 0.000000
vn -0.500000 0.866025 0.000000
vn -0.514103 0.857729 0.000000
vn -0.634393 0.773010 0.000000
vn -0.707107 0.707107 0.000000
vn -0.740951 0.671559 0.000000
vn -0.831470 0.555570 0.000000
vn -0.866025 0.500000 0.000000
vn -0.956940 0.290285 0.000000
vn 0.000000 -1.000000 -0.000000
vn 0.258819 -0.965926 -0.000000
vn 0.500000 -0.866025 -0.000000
vn 0.707107 -0.707107 -0.000000
vn 0.866025 -0.500000 -0.000000
vn 0.965926 -0.258819 -0.000000
vn 1.000000 0.000000 -0.000000
vn 0.965926 0.258819 -0.000000
vn 0.866025 0.500000 -0.000000
vn 0.707107 0.707107 0.000000
vn 0.500000 0.866025 0.000000
vn 0.258819 0.965926 0.000000
vn -0.000000 1.000000 0.000000
vn -0.258819 0.965926 0.000000
vn -0.500000 0.866025 0.000000
vn -0.707107 0.707107 0.000000
vn -0.866025 0.500000 0.000000
vn -0.258819 -0.965926 -0.000000
vn -0.500000 -0.866025 -0.000000
vn -0.707107 -0.707107 -0.000000
vn -0.866025 -0.500000 0.000000
vn -0.965926 -0.258819 0.000000
vn 0.595699 -0.000000 0.803208
vn 0.707107 -0.000000 0.707107
vn 0.707107 -0.000000 0.707107
vn 0.803208 -0.000000 0.595699
vn 0.866025 -0.000000 0.500000
vn 0.881921 -0.000000 0.471397
vn 0.941544 -0.000000 0.336890
vn 0.965926 -0.000000 0.258819
vn 0.980785 -0.000000 0.195090
vn 1.000000 0.000000 -0.000000
vn 0.998795 -0.000000 0.049068
vn 0.995185 0.000000 -0.098017
vn 0.965926 0.000000 -0.258819
vn 0.970031 0.000000 -0.242980
vn 0.923880 0.000000 -0.382683
vn 0.866025 0.000000 -0.500000
vn 0.857729 0.000000 -0.514103
vn 0.773010 0.000000 -0.634393
vn 0.707107 0.000000 -0.707107
vn 0.671559 0.000000 -0.740951
vn 0.555570 0.000000 -0.831470
vn 0.500000 0.000000 -0.866025
vn 0.290285 0.000000 -0.956940
vn 0.258819 0.000000 -0.965926
vn -0.000000 0.000000 -1.000000
vn -0.258819 0.000000 -0.965926
vn -0.258819 0.000000 -0.965926
vn -0.500000 0.000000 -0.866025
vn -0.500000 0.000000 -0.866025
vn -0.707107 0.000000 -0.707107
vn -0.707107 0.000000 -0.707107
vn -0.866025 0.000000 -0.500000
vn -0.866025 0.000000 -0.500000
vn -0.965926 0.000000 -0.258819
vn -0.965926 0.000000 -0.258819
vn -1.000000 -0.000000 0.000000
vn -1.000000 -0.000000 0.000000
vn -0.965926 -0.000000 0.258819
vn -0.965926 -0.000000 0.258819
vn -0.866025 -0.000000 0.500000
vn -0.866025 -0.000000 0.500000
vn -0.707107 -0.000000 0.707107
vn -0.707107 -0.000000 0.707107
vn -0.500000 -0.000000 0.866025
vn -0.500000 -0.000000 0.866025
vn -0.258819 -0.000000 0.965926
vn -0.258819 -0.000000 0.965926
vn 0.000000 -0.000000 1.000000
vn 0.000000 -0.000000 1.000000
vn 0.258819 -0.000000 0.965926
vn 0.258819 -0.000000 0.965926
vn 0.500000 -0.000000 0.866025
vn 0.500000 -0.000000 0.866025
vn 0.707107 -0.000000 0.707107
vn 0.707107 -0.000000 0.707107
vn 0.866025 -0.000000 0.500000
vn 0.866025 -0.000000 0.500000
vn 0.965926 -0.000000 0.258819
vn 0.965926 -0.000000 0.258819
vn 1.000000 0.000000 -0.000000
vn 1.000000 0.000000 -0.000000
vn 0.965926 0.000000 -0.258819
vn 0.965926 0.000000 -0.258819
vn 0.866025 0.000000 -0.500000
vn 0.866025 0.000000 -0.500000
vn 0.707107 0.000000 -0.707107
vn 0.707107 0.000000 -0.707107
vn 0.500000 0.000000 -0.866025
vn 0.500000 0.000000 -0.866025
vn 0.258819 0.000000 -0.965926
vn 0.258819 0.000000 -0.965926
vn -0.000000 0.000000 -1.000000
vn -0.000000 0.000000 -1.000000
vn -0.258819 0.000000 -0.965926
vn -0.258819 0.000000 -0.965926
vn -0.500000 0.000000 -0.866025
vn -0.500000 0.000000 -0.866025
vn -0.707107 0.000000 -0.707107
vn -0.707107 0.000000 -0.707107
vn -0.866025 0.000000 -0.500000
vn -0.866025 0.000000 -0.500000
vn -0.965926 0.000000 -0.258819
vn -0.965926 0.000000 -0.258819
vn -1.000000 -0.000000 0.000000
vn -1.000000 -0.000000 0.000000
vn -0.965926 -0.000000 0.258819
vn -0.965926 -0.000000 0.258819
vn -0.866025 -0.000000 0.500000
vn -0.956940 -0.000000 0.290285
vn -0.866025 -0.000000 0.500000
vn -0.707107 -0.000000 0.707107
vn -0.831470 -0.000000 0.555570
vn -0.707107 -0.000000 0.707107
vn -0.500000 -0.000000 0.866025
vn -0.740951 -0.000000 0.671559
vn -0.634393 -0.000000 0.773010
vn -0.500000 -0.000000 0.866025
vn -0.514103 -0.000000 0.857729
vn -0.382683 -0.000000 0.923880
vn -0.258819 -0.000000 0.965926
vn -0.242980 -0.000000 0.970031
vn -0.098017 -0.000000 0.995185
vn 0.000000 -0.000000 1.000000
vn 0.049068 -0.000000 0.998795
vn 0.195090 -0.000000 0.980785
vn 0.258819 -0.000000 0.965926
vn 0.336890 -0.000000 0.941544
vn 0.500000 -0.000000 0.866025
vn 0.471397 -0.000000 0.881921
vn 0.000000 -0.000000 1.000000
vn -0.258819 -0.000000 0.965926
vn 0.258819 -0.000000 0.965926
vn 0.500000 -0.000000 0.866025
vn 0.707107 -0.000000 0.707107
vn 0.866025 -0.000000 0.500000
vn 0.965926 -0.000000 0.258819
vn 1.000000 0.000000 -0.000000
vn 0.965926 0.000000 -0.258819
vn 0.866025 0.000000 -0.500000
vn 0.707107 0.000000 -0.707107
vn 0.500000 0.000000 -0.866025
vn 0.258819 0.000000 -0.965926
vn -0.000000 0.000000 -1.000000
vn -0.000000 -1.000000 -0.000000
vn -0.000000 -1.000000 -0.000000
vn -0.000000 -1.000000 -0.000000
vn -0.000000 -1.000000 -0.000000
vn -0.000000 -1.000000 -0.000000
vn -0.000000 -1.000000 -0.000000
vn -0.000000 -1.000000 -0.000000
vn -0.000000 -1.000000 -0.000000
vn -0.000000 -1.000000 -0.000000
vn -0.000000 -1.000000 -0.000000
vn -0.000000 -1.000000 -0.000000
vn -0.000000 -1.000000 -0.000000
vn -0.000000 -1.000000 -0.000000
vn -0.000000 -1.000000 -0.000000
vn -0.000000 -1.000000 -0.000000
vn -0.000000 -1.000000 -0.000000
vn -0.000000 -1.000000 -0.000000
vn -0.000000 -1.000000 -0.000000
vn -0.000000 -1.000000 -0.000000
vn -0.000000 -1.000000 -0.000000
vn -0.000000 -1.000000 -0.000000
vn -0.000000 -1.000000 -0.000000
vn -0.000000 -1.000000 -0.000000
vn -0.000000 -1.000000 -0.000000
vn -0.000000 -1.000000 -0.000000
vn -0.000000 -1.000000 -0.000000
vn -0.000000 -1.000000 -0.000000
vn -0.000000 -1.000000 -0.000000
vn -0.000000 -1.000000 -0.000000
vn -0.000000 -1.000000 -0.000000
vn -0.000000 -1.000000 -0.000000
vn -0.000000 -1.000000 -0.000000
vn -0.000000 -1.000000 -0.000000
vn -0.000000 -1.000000 -0.000000
vn -0.000000 -1.000000 -0.000000
vn -0.000000 -1.000000 -0.000000
vn -0.000000 -1.000000 -0.000000
vn -0.000000 -1.000000 -0.000000
vn -0.000000 -1.000000 -0.000000
vn -0.000000 -1.000000 -0.000000
vn -0.000000 -1.000000 -0.000000
vn -0.000000 -1.000000 -0.000000
vn -0.000000 -1.000000 -0.000000
vn -0.000000 -1.000000 -0.000000
vn -0.000000 -1.000000 -0.000000
vn -0.000000 -1.000000 -0.000000
vn -0.000000 -1.000000 -0.000000
vn -0.000000 -1.000000 -0.000000
vn 0.232625 0.438371 -0.868168
vn 0.232625 0.438371 -0.868168
vn -0.000000 0.438371 -0.898794
vn -0.000000 0.438371 -0.898794
vn -0.232625 0.438371 -0.868168
vn -0.232625 0.438371 -0.868168
vn -0.449397 0.438371 -0.778378
vn -0.449397 0.438371 -0.778378
vn -0.635543 0.438371 -0.635543
vn -0.635543 0.438371 -0.635543
vn -0.778378 0.438371 -0.449397
vn -0.778378 0.438371 -0.449397
vn -0.868168 0.438371 -0.232625
vn -0.868168 0.438371 -0.232625
vn -0.898794 0.438371 0.000000
vn -0.898794 0.438371 0.000000
vn -0.868168 0.438371 0.232625
vn -0.868168 0.438371 0.232625
vn -0.778378 0.438371 0.449397
vn -0.778378 0.438371 0.449397
vn -0.635543 0.438371 0.635543
vn -0.635543 0.438371 0.635543
vn -0.449397 0.438371 0.778378
vn -0.449397 0.438371 0.778378
vn -0.232625 0.438371 0.868168
vn -0.232625 0.438371 0.868168
vn 0.000000 0.438371 0.898794
vn 0.000000 0.438371 0.898794
vn 0.232625 0.438371 0.868168
vn 0.232625 0.438371 0.868168
vn 0.449397 0.438371 0.778378
vn 0.449397 0.438371 0.778378
vn 0.635543 0.438371 0.635543
vn 0.635543 0.438371 0.635543
vn 0.778378 0.438371 0.449397
vn 0.778378 0.438371 0.449397
vn 0.868168 0.438371 0.232625
vn 0.868168 0.438371 0.232625
vn 0.898794 0.438371 -0.000000
vn 0.898794 0.438371 -0.000000
vn 0.868168 0.438371 -0.232625
vn 0.868168 0.438371 -0.232625
vn 0.778378 0.438371 -0.449397
vn 0.778378 0.438371 -0.449397
vn 0.635543 0.438371 -0.635543
vn 0.635543 0.438371 -0.635543
vn 0.449397 0.438371 -0.778378
vn 0.449397 0.438371 -0.778378
vn 0.000000 1.000000 0.000000
vn 0.000000 1.000000 0.000000
vn 0.000000 1.000000 0.000000
vn 0.000000 1.000000 0.000000
vn 0.000000 1.000000 0.000000
vn 0.000000 1.000000 0.000000
vn 0.000000 1.000000 0.000000
vn 0.000000 1.000000 0.000000
vn 0.000000 1.000000 0.000000
vn 0.000000 1.000000 0.000000
vn 0.000000 1.000000 0.000000
vn 0.000000 1.000000 0.000000
vn 0.000000 1.000000 0.000000
vn 0.000000 1.000000 0.000000
vn 0.000000 1.000000 0.000000
vn 0.000000 1.000000 0.000000
vn 0.000000 1.000000 0.000000
vn 0.000000 1.000000 0.000000
vn 0.000000 1.000000 0.000000
vn 0.000000 1.000000 0.000000
vn 0.000000 1.000000 0.000000
vn 0.000000 1.000000 0.000000
vn 0.000000 1.000000 0.000000
vn 0.000000 1.000000 0.000000
vn -0.000000 0.000000 -1.000000
vn -0.000000 0.000000 -1.000000
vn -0.000000 0.000000 -1.000000
vn -0.000000 0.000000 -1.000000
vn -0.000000 0.000000 -1.000000
vn -0.000000 0.000000 -1.000000
vn -0.000000 0.000000 -1.000000
vn -0.000000 0.000000 -1.000000
vn -0.000000 0.000000 -1.000000
vn -0.000000 0.000000 -1.000000
vn -0.000000 0.000000 -1.000000
vn -0.000000 0.000000 -1.000000
vn -0.000000 0.000000 -1.000000
vn -0.000000 0.000000 -1.000000
vn -0.000000 0.000000 -1.000000
vn -0.000000 0.000000 -1.000000
vn -0.000000 0.000000 -1.000000
vn -0.000000 0.000000 -1.000000
vn -0.000000 0.000000 -1.000000
vn -0.000000 0.000000 -1.000000
vn -0.000000 0.000000 -1.000000
vn -0.000000 0.000000 -1.000000
vn -0.000000 0.000000 -1.000000
vn -0.000000 0.000000 -1.000000
vn -0.000000 0.000000 -1.000000
vn -0.000000 0.000000 -1.000000
vn -0.000000 0.000000 -1.000000
vn -0.000000 0.000000 -1.000000
vn -0.000000 0.000000 -1.000000
vn -0.000000 0.000000 -1.000000
vn -0.000000 0.000000 -1.000000
vn -0.000000 0.000000 -1.000000
vn -0.000000 0.000000 -1.000000
vn -0.000000 0.000000 -1.000000
vn -0.000000 0.000000 -1.000000
vn -0.000000 0.000000 -1.000000
vn -0.000000 0.000000 -1.000000
vn -0.000000 0.000000 -1.000000
vn -0.000000 0.000000 -1.000000
vn -0.000000 0.000000 -1.000000
vn -0.000000 0.000000 -1.000000
vn -0.000000 0.000000 -1.000000
vn -0.000000 0.000000 -1.000000
vn -0.000000 0.000000 -1.000000
vn -0.000000 0.000000 -1.000000
vn -0.000000 0.000000 -1.000000
vn -0.000000 0.000000 -1.000000
vn -0.000000 0.000000 -1.000000
vn 0.232625 0.868168 0.438371
vn 0.232625 0.868168 0.438371
vn 0.000000 0.898794 0.438371
vn 0.000000 0.898794 0.438371
vn -0.232625 0.868168 0.438371
vn -0.232625 0.868168 0.438371
vn -0.449397 0.778378 0.438371
vn -0.449397 0.778378 0.438371
vn -0.635543 0.635543 0.438371
vn -0.635543 0.635543 0.438371
vn -0.778378 0.449397 0.438371
vn -0.778378 0.449397 0.438371
vn -0.868168 0.232625 0.438371
vn -0.868168 0.232625 0.438371
vn -0.898794 -0.000000 0.438371
vn -0.898794 -0.000000 0.438371
vn -0.868168 -0.232625 0.438371
vn -0.868168 -0.232625 0.438371
vn -0.778378 -0.449397 0.438371
vn -0.778378 -0.449397 0.438371
vn -0.635543 -0.635543 0.438371
vn -0.635543 -0.635543 0.438371
vn -0.449397 -0.778378 0.438371
vn -0.449397 -0.778378 0.438371
vn -0.232625 -0.868168 0.438371
vn -0.232625 -0.868168 0.438371
vn 0.000000 -0.898794 0.438371
vn 0.000000 -0.898794 0.438371
vn 0.232625 -0.868168 0.438371
vn 0.232625 -0.868168 0.438371
vn 0.449397 -0.778378 0.438371
vn 0.449397 -0.778378 0.438371
vn 0.635543 -0.635543 0.438371
vn 0.635543 -0.635543 0.438371
vn 0.778378 -0.449397 0.438371
vn 0.778378 -0.449397 0.438371
vn 0.868168 -0.232625 0.438371
vn 0.868168 -0.232625 0.438371
vn 0.898794 -0.000000 0.438371
vn 0.898794 -0.000000 0.438371
vn 0.868168 0.232625 0.438371
vn 0.868168 0.232625 0.438371
vn 0.778378 0.449397 0.438371
vn 0.778378 0.449397 0.438371
vn 0.635543 0.635543 0.438371
vn 0.635543 0.635543 0.438371
vn 0.449397 0.778378 0.438371
vn 0.449397 0.778378 0.438371
vn 0.000000 -0.000000 1.000000
vn 0.000000 -0.000000 1.000000
vn 0.000000 -0.000000 1.000000
vn 0.000000 -0.000000 1.000000
vn 0.000000 -0.000000 1.000000
vn 0.000000 -0.000000 1.000000
vn 0.000000 -0.000000 1.000000
vn 0.000000 -0.000000 1.000000
vn 0.000000 -0.000000 1.000000
vn 0.000000 -0.000000 1.000000
vn 0.000000 -0.000000 1.000000
vn 0.000000 -0.000000 1.000000
vn 0.000000 -0.000000 1.000000
vn 0.000000 -0.000000 1.000000
vn 0.000000 -0.000000 1.000000
vn 0.000000 -0.000000 1.000000
vn 0.000000 -0.000000 1.000000
vn 0.000000 -0.000000 1.000000
vn 0.000000 -0.000000 1.000000
vn 0.000000 -0.000000 1.000000
vn 0.000000 -0.000000 1.000000
vn 0.000000 -0.000000 1.000000
vn 0.000000 -0.000000 1.000000
vn 0.000000 -0.000000 1.000000
usemtl ABS(白)_1
f 3598/6129/5929 3581/6130/5930 3599/6131/5931
f 3599/6131/5931 3581/6130/5930 3582/6132/5932
f 3599/6131/5931 3582/6132/5932 3604/6133/5933
f 3604/6133/5933 3582/6132/5932 3583/6134/5934
f 3604/6133/5933 3583/6134/5934 3609/6135/5935
f 3609/6135/5935 3583/6134/5934 3584/6136/5936
f 3609/6135/5935 3584/6136/5936 3614/6137/5937
f 3614/6137/5937 3584/6136/5936 3585/6138/5938
f 3614/6137/5937 3585/6138/5938 3619/6139/5939
f 3619/6139/5939 3585/6138/5938 3586/6140/5940
f 3619/6139/5939 3586/6140/5940 3588/6141/5941
f 3588/6141/5941 3586/6140/5940 3587/6142/5942
f 3588/6141/5941 3589/6143/5943 3619/6139/5939
f 3619/6139/5939 3589/6143/5943 3620/6144/5944
f 3619/6139/5939 3620/6144/5944 3614/6137/5937
f 3614/6137/5937 3620/6144/5944 3615/6145/5945
f 3614/6137/5937 3615/6145/5945 3609/6135/5935
f 3609/6135/5935 3615/6145/5945 3610/6146/5946
f 3609/6135/5935 3610/6146/5946 3604/6133/5933
f 3604/6133/5933 3610/6146/5946 3605/6147/5947
f 3604/6133/5933 3605/6147/5947 3599/6131/5931
f 3599/6131/5931 3605/6147/5947 3600/6148/5948
f 3599/6131/5931 3600/6148/5948 3598/6129/5929
f 3598/6129/5929 3600/6148/5948 3597/6149/5949
f 3597/6149/5949 3600/6148/5948 3601/6150/5950
f 3597/6149/5949 3601/6150/5950 3596/6151/5951
f 3596/6151/5951 3601/6150/5950 3602/6152/5952
f 3596/6151/5951 3602/6152/5952 3595/6153/5953
f 3595/6153/5953 3602/6152/5952 3603/6154/5954
f 3595/6153/5953 3603/6154/5954 3594/6155/5955
f 3594/6155/5955 3603/6154/5954 3593/6156/5956
f 3589/6143/5943 3590/6157/5957 3620/6144/5944
f 3620/6144/5944 3590/6157/5957 3621/6158/5958
f 3620/6144/5944 3621/6158/5958 3615/6145/5945
f 3615/6145/5945 3621/6158/5958 3616/6159/5959
f 3615/6145/5945 3616/6159/5959 3610/6146/5946
f 3610/6146/5946 3616/6159/5959 3611/6160/5960
f 3610/6146/5946 3611/6160/5960 3605/6147/5947
f 3605/6147/5947 3611/6160/5960 3606/6161/5961
f 3605/6147/5947 3606/6161/5961 3600/6148/5948
f 3600/6148/5948 3606/6161/5961 3601/6150/5950
f 3590/6157/5957 3591/6162/5962 3621/6158/5958
f 3621/6158/5958 3591/6162/5962 3622/6163/5963
f 3621/6158/5958 3622/6163/5963 3616/6159/5959
f 3616/6159/5959 3622/6163/5963 3617/6164/5964
f 3616/6159/5959 3617/6164/5964 3611/6160/5960
f 3611/6160/5960 3617/6164/5964 3612/6165/5965
f 3611/6160/5960 3612/6165/5965 3606/6161/5961
f 3606/6161/5961 3612/6165/5965 3607/6166/5966
f 3606/6161/5961 3607/6166/5966 3601/6150/5950
f 3601/6150/5950 3607/6166/5966 3602/6152/5952
f 3591/6162/5962 3592/6167/5967 3622/6163/5963
f 3622/6163/5963 3592/6167/5967 3623/6168/5968
f 3622/6163/5963 3623/6168/5968 3617/6164/5964
f 3617/6164/5964 3623/6168/5968 3618/6169/5969
f 3617/6164/5964 3618/6169/5969 3612/6165/5965
f 3612/6165/5965 3618/6169/5969 3613/6170/5970
f 3612/6165/5965 3613/6170/5970 3607/6166/5966
f 3607/6166/5966 3613/6170/5970 3608/6171/5971
f 3607/6166/5966 3608/6171/5971 3602/6152/5952
f 3602/6152/5952 3608/6171/5971 3603/6154/5954
f 3592/6167/5967 3593/6172/5956 3623/6168/5968
f 3623/6168/5968 3593/6173/5956 3618/6169/5969
f 3618/6169/5969 3593/6174/5956 3613/6170/5970
f 3613/6170/5970 3593/6175/5956 3608/6171/5971
f 3608/6171/5971 3593/6176/5956 3603/6154/5954
usemtl ABS(白)_2
f 3625/6177/5972 3659/6178/5973 3624/6179/5974
f 3624/6179/5974 3659/6178/5973 3660/6180/5975
f 3624/6179/5974 3660/6180/5975 3647/6181/5976
f 3647/6181/5976 3660/6180/5975 3661/6182/5977
f 3647/6181/5976 3661/6182/5977 3662/6183/5978
f 3659/6178/5973 3625/6177/5972 3658/6184/5979
f 3658/6184/5979 3625/6177/5972 3626/6185/5980
f 3658/6184/5979 3626/6185/5980 3657/6186/5981
f 3657/6186/5981 3626/6185/5980 3627/6187/5982
f 3657/6186/5981 3627/6187/5982 3656/6188/5983
f 3656/6188/5983 3627/6187/5982 3628/6189/5984
f 3656/6188/5983 3628/6189/5984 3655/6190/5985
f 3655/6190/5985 3628/6189/5984 3629/6191/5986
f 3655/6190/5985 3629/6191/5986 3654/6192/5987
f 3654/6192/5987 3629/6191/5986 3630/6193/5988
f 3654/6192/5987 3630/6193/5988 3631/6194/5989
f 3654/6192/5987 3631/6194/5989 3653/6195/5990
f 3653/6195/5990 3631/6194/5989 3632/6196/5991
f 3653/6195/5990 3632/6196/5991 3652/6197/5992
f 3652/6197/5992 3632/6196/5991 3633/6198/5993
f 3652/6197/5992 3633/6198/5993 3651/6199/5994
f 3651/6199/5994 3633/6198/5993 3634/6200/5995
f 3651/6199/5994 3634/6200/5995 3650/6201/5996
f 3650/6201/5996 3634/6200/5995 3635/6202/5997
f 3650/6201/5996 3635/6202/5997 3649/6203/5998
f 3649/6203/5998 3635/6202/5997 3636/6204/5999
f 3649/6203/5998 3636/6204/5999 3648/6205/6000
f 3648/6205/6000 3636/6204/5999 3671/6206/6001
f 3671/6206/6001 3636/6204/5999 3637/6207/6002
f 3671/6206/6001 3637/6207/6002 3670/6208/6003
f 3670/6208/6003 3637/6207/6002 3638/6209/6004
f 3670/6208/6003 3638/6209/6004 3669/6210/6005
f 3669/6210/6005 3638/6209/6004 3639/6211/6006
f 3669/6210/6005 3639/6211/6006 3668/6212/6007
f 3668/6212/6007 3639/6211/6006 3640/6213/6008
f 3668/6212/6007 3640/6213/6008 3667/6214/6009
f 3667/6214/6009 3640/6213/6008 3641/6215/6010
f 3667/6214/6009 3641/6215/6010 3666/6216/6011
f 3666/6216/6011 3641/6215/6010 3642/6217/6012
f 3666/6216/6011 3642/6217/6012 3643/6218/6013
f 3666/6216/6011 3643/6218/6013 3665/6219/6014
f 3665/6219/6014 3643/6218/6013 3644/6220/6015
f 3665/6219/6014 3644/6220/6015 3664/6221/6016
f 3664/6221/6016 3644/6220/6015 3645/6222/6017
f 3664/6221/6016 3645/6222/6017 3663/6223/6018
f 3663/6223/6018 3645/6222/6017 3646/6224/6019
f 3663/6223/6018 3646/6224/6019 3662/6183/5978
f 3662/6183/5978 3646/6224/6019 3647/6181/5976
f 3673/6225/6020 3625/6226/6021 3672/6227/6022
f 3672/6227/6022 3625/6226/6021 3624/6228/6023
f 3672/6229/6022 3624/6230/6023 3695/6231/6024
f 3695/6231/6024 3624/6230/6023 3647/6232/6025
f 3695/6231/6024 3647/6232/6025 3694/6233/6026
f 3694/6233/6026 3647/6232/6025 3646/6234/6027
f 3694/6233/6026 3646/6234/6027 3693/6235/6028
f 3693/6235/6028 3646/6234/6027 3645/6236/6029
f 3693/6235/6028 3645/6236/6029 3692/6237/6030
f 3692/6237/6030 3645/6236/6029 3644/6238/6031
f 3692/6237/6030 3644/6238/6031 3691/6239/6032
f 3691/6239/6032 3644/6238/6031 3643/6240/6033
f 3691/6239/6032 3643/6240/6033 3690/6241/6034
f 3690/6241/6034 3643/6240/6033 3642/6242/6035
f 3690/6241/6034 3642/6242/6035 3689/6243/6036
f 3689/6243/6036 3642/6242/6035 3641/6244/6037
f 3689/6243/6036 3641/6244/6037 3688/6245/6038
f 3688/6245/6038 3641/6244/6037 3640/6246/6039
f 3688/6245/6038 3640/6246/6039 3687/6247/6040
f 3687/6247/6040 3640/6246/6039 3639/6248/6041
f 3687/6247/6040 3639/6248/6041 3686/6249/6042
f 3686/6249/6042 3639/6248/6041 3638/6250/6043
f 3686/6249/6042 3638/6250/6043 3685/6251/6044
f 3685/6251/6044 3638/6250/6043 3637/6252/6045
f 3685/6251/6044 3637/6252/6045 3684/6253/6046
f 3684/6253/6046 3637/6252/6045 3636/6254/6047
f 3684/6253/6046 3636/6254/6047 3683/6255/6048
f 3683/6255/6048 3636/6254/6047 3635/6256/6049
f 3683/6255/6048 3635/6256/6049 3682/6257/6050
f 3682/6257/6050 3635/6256/6049 3634/6258/6051
f 3682/6257/6050 3634/6258/6051 3681/6259/6052
f 3681/6259/6052 3634/6258/6051 3633/6260/6053
f 3681/6259/6052 3633/6260/6053 3680/6261/6054
f 3680/6261/6054 3633/6260/6053 3632/6262/6055
f 3680/6261/6054 3632/6262/6055 3679/6263/6056
f 3679/6263/6056 3632/6262/6055 3631/6264/6057
f 3679/6263/6056 3631/6264/6057 3678/6265/6058
f 3678/6265/6058 3631/6264/6057 3630/6266/6059
f 3678/6265/6058 3630/6266/6059 3677/6267/6060
f 3677/6267/6060 3630/6266/6059 3629/6268/6061
f 3677/6267/6060 3629/6268/6061 3676/6269/6062
f 3676/6269/6062 3629/6268/6061 3628/6270/6063
f 3676/6269/6062 3628/6270/6063 3675/6271/6064
f 3675/6271/6064 3628/6270/6063 3627/6272/6065
f 3675/6271/6064 3627/6272/6065 3674/6273/6066
f 3674/6273/6066 3627/6272/6065 3626/6274/6067
f 3674/6273/6066 3626/6274/6067 3673/6225/6020
f 3673/6225/6020 3626/6274/6067 3625/6226/6021
usemtl 鋼_-_サテン
f 3695/6275/6068 3685/6276/6069 3672/6277/6070
f 3672/6277/6070 3685/6276/6069 3684/6278/6071
f 3672/6277/6070 3684/6278/6071 3673/6279/6072
f 3673/6279/6072 3684/6278/6071 3683/6280/6073
f 3673/6279/6072 3683/6280/6073 3674/6281/6074
f 3674/6281/6074 3683/6280/6073 3682/6282/6075
f 3674/6281/6074 3682/6282/6075 3675/6283/6076
f 3675/6283/6076 3682/6282/6075 3681/6284/6077
f 3675/6283/6076 3681/6284/6077 3676/6285/6078
f 3676/6285/6078 3681/6284/6077 3680/6286/6079
f 3676/6285/6078 3680/6286/6079 3677/6287/6080
f 3677/6287/6080 3680/6286/6079 3679/6288/6081
f 3677/6287/6080 3679/6288/6081 3678/6289/6082
f 3685/6276/6069 3695/6275/6068 3686/6290/6083
f 3686/6290/6083 3695/6275/6068 3694/6291/6084
f 3686/6290/6083 3694/6291/6084 3687/6292/6085
f 3687/6292/6085 3694/6291/6084 3693/6293/6086
f 3687/6292/6085 3693/6293/6086 3688/6294/6087
f 3688/6294/6087 3693/6293/6086 3692/6295/6088
f 3688/6294/6087 3692/6295/6088 3689/6296/6089
f 3689/6296/6089 3692/6295/6088 3691/6297/6090
f 3689/6296/6089 3691/6297/6090 3690/6298/6091
usemtl ABS(白)_2
f 3722/6299/6092 3696/6300/6093 3728/6301/6094
f 3728/6301/6094 3696/6300/6093 3697/6302/6095
f 3728/6301/6094 3697/6302/6095 3729/6303/6096
f 3729/6303/6096 3697/6302/6095 3698/6304/6097
f 3729/6303/6096 3698/6304/6097 3699/6305/6098
f 3729/6303/6096 3699/6305/6098 3732/6306/6099
f 3732/6306/6099 3699/6305/6098 3700/6307/6100
f 3732/6306/6099 3700/6307/6100 3735/6308/6101
f 3735/6308/6101 3700/6307/6100 3701/6309/6102
f 3735/6308/6101 3701/6309/6102 3702/6310/6103
f 3735/6308/6101 3702/6310/6103 3738/6311/6104
f 3738/6311/6104 3702/6310/6103 3703/6312/6105
f 3738/6311/6104 3703/6312/6105 3704/6313/6106
f 3738/6311/6104 3704/6313/6106 3741/6314/6107
f 3741/6314/6107 3704/6313/6106 3705/6315/6108
f 3741/6314/6107 3705/6315/6108 3706/6316/6109
f 3741/6314/6107 3706/6316/6109 3744/6317/6110
f 3744/6317/6110 3706/6316/6109 3707/6318/6111
f 3744/6317/6110 3707/6318/6111 3708/6319/6112
f 3744/6317/6110 3708/6319/6112 3747/6320/6113
f 3747/6320/6113 3708/6319/6112 3709/6321/6114
f 3747/6320/6113 3709/6321/6114 3750/6322/6115
f 3750/6322/6115 3709/6321/6114 3587/6323/5942
f 3750/6322/6115 3587/6323/5942 3723/6324/6116
f 3723/6325/6116 3587/6326/5942 3753/6327/6117
f 3723/6325/6116 3753/6327/6117 3754/6328/6118
f 3754/6328/6118 3753/6327/6117 3757/6329/6119
f 3754/6328/6118 3757/6329/6119 3758/6330/6120
f 3758/6330/6120 3757/6329/6119 3761/6331/6121
f 3758/6330/6120 3761/6331/6121 3651/6332/6122
f 3651/6332/6122 3761/6331/6121 3652/6333/6123
f 3652/6333/6123 3761/6331/6121 3764/6334/6124
f 3652/6333/6123 3764/6334/6124 3653/6335/6125
f 3653/6335/6125 3764/6334/6124 3767/6336/6126
f 3653/6335/6125 3767/6336/6126 3654/6337/6127
f 3654/6337/6127 3767/6336/6126 3770/6338/6128
f 3654/6337/6127 3770/6338/6128 3655/6339/6129
f 3655/6339/6129 3770/6338/6128 3773/6340/6130
f 3655/6339/6129 3773/6340/6130 3656/6341/6131
f 3656/6341/6131 3773/6340/6130 3776/6342/6132
f 3656/6341/6131 3776/6342/6132 3657/6343/6133
f 3657/6343/6133 3776/6342/6132 3779/6344/6134
f 3657/6343/6133 3779/6344/6134 3658/6345/6135
f 3658/6345/6135 3779/6344/6134 3782/6346/6136
f 3658/6345/6135 3782/6346/6136 3659/6347/6137
f 3659/6347/6137 3782/6346/6136 3785/6348/6138
f 3659/6347/6137 3785/6348/6138 3660/6349/6139
f 3660/6349/6139 3785/6348/6138 3788/6350/6140
f 3660/6349/6139 3788/6350/6140 3661/6351/6141
f 3661/6351/6141 3788/6350/6140 3791/6352/6142
f 3661/6351/6141 3791/6352/6142 3662/6353/6143
f 3662/6353/6143 3791/6352/6142 3794/6354/6144
f 3662/6353/6143 3794/6354/6144 3663/6355/6145
f 3663/6355/6145 3794/6354/6144 3726/6356/6146
f 3663/6355/6145 3726/6356/6146 3664/6357/6147
f 3664/6357/6147 3726/6356/6146 3731/6358/6148
f 3664/6357/6147 3731/6358/6148 3665/6359/6149
f 3665/6359/6149 3731/6358/6148 3734/6360/6150
f 3665/6359/6149 3734/6360/6150 3666/6361/6151
f 3666/6361/6151 3734/6360/6150 3737/6362/6152
f 3666/6361/6151 3737/6362/6152 3667/6363/6153
f 3667/6363/6153 3737/6362/6152 3740/6364/6154
f 3667/6363/6153 3740/6364/6154 3668/6365/6155
f 3668/6365/6155 3740/6364/6154 3743/6366/6156
f 3668/6365/6155 3743/6366/6156 3669/6367/6157
f 3669/6367/6157 3743/6366/6156 3746/6368/6158
f 3669/6367/6157 3746/6368/6158 3670/6369/6159
f 3670/6369/6159 3746/6368/6158 3749/6370/6160
f 3670/6369/6159 3749/6370/6160 3671/6371/6161
f 3671/6371/6161 3749/6370/6160 3752/6372/6162
f 3671/6371/6161 3752/6372/6162 3648/6373/6163
f 3648/6373/6163 3752/6372/6162 3725/6374/6164
f 3648/6375/6163 3725/6376/6164 3649/6377/6165
f 3649/6377/6165 3725/6376/6164 3755/6378/6166
f 3649/6377/6165 3755/6378/6166 3650/6379/6167
f 3650/6379/6167 3755/6378/6166 3758/6330/6120
f 3650/6379/6167 3758/6330/6120 3651/6332/6122
f 3587/6326/5942 3586/6380/5940 3753/6327/6117
f 3753/6327/6117 3586/6380/5940 3756/6381/6168
f 3753/6327/6117 3756/6381/6168 3757/6329/6119
f 3757/6329/6119 3756/6381/6168 3760/6382/6169
f 3757/6329/6119 3760/6382/6169 3761/6331/6121
f 3761/6331/6121 3760/6382/6169 3764/6334/6124
f 3586/6380/5940 3585/6383/5938 3756/6381/6168
f 3756/6381/6168 3585/6383/5938 3759/6384/6170
f 3756/6381/6168 3759/6384/6170 3760/6382/6169
f 3760/6382/6169 3759/6384/6170 3763/6385/6171
f 3760/6382/6169 3763/6385/6171 3764/6334/6124
f 3764/6334/6124 3763/6385/6171 3767/6336/6126
f 3585/6383/5938 3584/6386/5936 3759/6384/6170
f 3759/6384/6170 3584/6386/5936 3762/6387/6172
f 3759/6384/6170 3762/6387/6172 3763/6385/6171
f 3763/6385/6171 3762/6387/6172 3766/6388/6173
f 3763/6385/6171 3766/6388/6173 3767/6336/6126
f 3767/6336/6126 3766/6388/6173 3770/6338/6128
f 3584/6386/5936 3583/6389/5934 3762/6387/6172
f 3762/6387/6172 3583/6389/5934 3765/6390/6174
f 3762/6387/6172 3765/6390/6174 3766/6388/6173
f 3766/6388/6173 3765/6390/6174 3769/6391/6175
f 3766/6388/6173 3769/6391/6175 3770/6338/6128
f 3770/6338/6128 3769/6391/6175 3773/6340/6130
f 3583/6389/5934 3582/6392/5932 3765/6390/6174
f 3765/6390/6174 3582/6392/5932 3768/6393/6176
f 3765/6390/6174 3768/6393/6176 3769/6391/6175
f 3769/6391/6175 3768/6393/6176 3772/6394/6177
f 3769/6391/6175 3772/6394/6177 3773/6340/6130
f 3773/6340/6130 3772/6394/6177 3776/6342/6132
f 3582/6392/5932 3581/6395/5930 3768/6393/6176
f 3768/6393/6176 3581/6395/5930 3771/6396/6178
f 3768/6393/6176 3771/6396/6178 3772/6394/6177
f 3772/6394/6177 3771/6396/6178 3775/6397/6179
f 3772/6394/6177 3775/6397/6179 3776/6342/6132
f 3776/6342/6132 3775/6397/6179 3779/6344/6134
f 3581/6395/5930 3710/6398/6180 3771/6396/6178
f 3771/6396/6178 3710/6398/6180 3774/6399/6181
f 3771/6396/6178 3774/6399/6181 3775/6397/6179
f 3775/6397/6179 3774/6399/6181 3778/6400/6182
f 3775/6397/6179 3778/6400/6182 3779/6344/6134
f 3779/6344/6134 3778/6400/6182 3782/6346/6136
f 3710/6398/6180 3711/6401/6183 3774/6399/6181
f 3774/6399/6181 3711/6401/6183 3777/6402/6184
f 3774/6399/6181 3777/6402/6184 3778/6400/6182
f 3778/6400/6182 3777/6402/6184 3781/6403/6185
f 3778/6400/6182 3781/6403/6185 3782/6346/6136
f 3782/6346/6136 3781/6403/6185 3785/6348/6138
f 3711/6401/6183 3712/6404/6186 3777/6402/6184
f 3777/6402/6184 3712/6404/6186 3713/6405/6187
f 3777/6402/6184 3713/6405/6187 3780/6406/6188
f 3780/6406/6188 3713/6405/6187 3714/6407/6189
f 3780/6406/6188 3714/6407/6189 3715/6408/6190
f 3780/6406/6188 3715/6408/6190 3783/6409/6191
f 3783/6409/6191 3715/6408/6190 3716/6410/6192
f 3783/6409/6191 3716/6410/6192 3717/6411/6193
f 3783/6409/6191 3717/6411/6193 3786/6412/6194
f 3786/6412/6194 3717/6411/6193 3718/6413/6195
f 3786/6412/6194 3718/6413/6195 3719/6414/6196
f 3786/6412/6194 3719/6414/6196 3789/6415/6197
f 3789/6415/6197 3719/6414/6196 3720/6416/6198
f 3789/6415/6197 3720/6416/6198 3792/6417/6199
f 3792/6417/6199 3720/6416/6198 3721/6418/6200
f 3792/6417/6199 3721/6418/6200 3722/6299/6092
f 3792/6417/6199 3722/6299/6092 3728/6301/6094
f 3723/6324/6116 3724/6419/6201 3750/6322/6115
f 3750/6322/6115 3724/6419/6201 3751/6420/6202
f 3750/6322/6115 3751/6420/6202 3747/6320/6113
f 3747/6320/6113 3751/6420/6202 3748/6421/6203
f 3747/6320/6113 3748/6421/6203 3744/6317/6110
f 3744/6317/6110 3748/6421/6203 3745/6422/6204
f 3744/6317/6110 3745/6422/6204 3741/6314/6107
f 3741/6314/6107 3745/6422/6204 3742/6423/6205
f 3741/6314/6107 3742/6423/6205 3738/6311/6104
f 3738/6311/6104 3742/6423/6205 3739/6424/6206
f 3738/6311/6104 3739/6424/6206 3735/6308/6101
f 3735/6308/6101 3739/6424/6206 3736/6425/6207
f 3735/6308/6101 3736/6425/6207 3732/6306/6099
f 3732/6306/6099 3736/6425/6207 3733/6426/6208
f 3732/6306/6099 3733/6426/6208 3729/6303/6096
f 3729/6303/6096 3733/6426/6208 3730/6427/6209
f 3729/6303/6096 3730/6427/6209 3728/6301/6094
f 3728/6301/6094 3730/6427/6209 3727/6428/6210
f 3728/6301/6094 3727/6428/6210 3792/6417/6199
f 3792/6417/6199 3727/6428/6210 3793/6429/6211
f 3792/6417/6199 3793/6429/6211 3789/6415/6197
f 3789/6415/6197 3793/6429/6211 3790/6430/6212
f 3789/6415/6197 3790/6430/6212 3786/6412/6194
f 3786/6412/6194 3790/6430/6212 3787/6431/6213
f 3786/6412/6194 3787/6431/6213 3783/6409/6191
f 3783/6409/6191 3787/6431/6213 3784/6432/6214
f 3783/6409/6191 3784/6432/6214 3780/6406/6188
f 3780/6406/6188 3784/6432/6214 3781/6403/6185
f 3780/6406/6188 3781/6403/6185 3777/6402/6184
f 3724/6419/6201 3725/6374/6164 3751/6420/6202
f 3751/6420/6202 3725/6374/6164 3752/6372/6162
f 3751/6420/6202 3752/6372/6162 3748/6421/6203
f 3748/6421/6203 3752/6372/6162 3749/6370/6160
f 3748/6421/6203 3749/6370/6160 3745/6422/6204
f 3745/6422/6204 3749/6370/6160 3746/6368/6158
f 3745/6422/6204 3746/6368/6158 3742/6423/6205
f 3742/6423/6205 3746/6368/6158 3743/6366/6156
f 3742/6423/6205 3743/6366/6156 3739/6424/6206
f 3739/6424/6206 3743/6366/6156 3740/6364/6154
f 3739/6424/6206 3740/6364/6154 3736/6425/6207
f 3736/6425/6207 3740/6364/6154 3737/6362/6152
f 3736/6425/6207 3737/6362/6152 3733/6426/6208
f 3733/6426/6208 3737/6362/6152 3734/6360/6150
f 3733/6426/6208 3734/6360/6150 3730/6427/6209
f 3730/6427/6209 3734/6360/6150 3731/6358/6148
f 3730/6427/6209 3731/6358/6148 3727/6428/6210
f 3727/6428/6210 3731/6358/6148 3726/6356/6146
f 3727/6428/6210 3726/6356/6146 3793/6429/6211
f 3793/6429/6211 3726/6356/6146 3794/6354/6144
f 3793/6429/6211 3794/6354/6144 3790/6430/6212
f 3790/6430/6212 3794/6354/6144 3791/6352/6142
f 3790/6430/6212 3791/6352/6142 3787/6431/6213
f 3787/6431/6213 3791/6352/6142 3788/6350/6140
f 3787/6431/6213 3788/6350/6140 3784/6432/6214
f 3784/6432/6214 3788/6350/6140 3785/6348/6138
f 3784/6432/6214 3785/6348/6138 3781/6403/6185
f 3723/6325/6116 3754/6328/6118 3724/6433/6201
f 3724/6433/6201 3754/6328/6118 3755/6378/6166
f 3724/6433/6201 3755/6378/6166 3725/6376/6164
f 3758/6330/6120 3755/6378/6166 3754/6328/6118
usemtl ABS(白)_3
f 3796/6434/6215 3835/6435/6216 3795/6436/6217
f 3795/6436/6217 3835/6435/6216 3832/6437/6218
f 3795/6438/6217 3832/6439/6218 3818/6440/6219
f 3818/6440/6219 3832/6439/6218 3901/6441/6220
f 3818/6440/6219 3901/6441/6220 3817/6442/6221
f 3817/6442/6221 3901/6441/6220 3898/6443/6222
f 3817/6442/6221 3898/6443/6222 3816/6444/6223
f 3816/6444/6223 3898/6443/6222 3895/6445/6224
f 3816/6444/6223 3895/6445/6224 3815/6446/6225
f 3815/6446/6225 3895/6445/6224 3892/6447/6226
f 3815/6446/6225 3892/6447/6226 3814/6448/6227
f 3814/6448/6227 3892/6447/6226 3889/6449/6228
f 3814/6448/6227 3889/6449/6228 3813/6450/6229
f 3813/6450/6229 3889/6449/6228 3886/6451/6230
f 3813/6450/6229 3886/6451/6230 3812/6452/6231
f 3812/6452/6231 3886/6451/6230 3883/6453/6232
f 3812/6452/6231 3883/6453/6232 3811/6454/6233
f 3811/6454/6233 3883/6453/6232 3880/6455/6234
f 3811/6454/6233 3880/6455/6234 3810/6456/6235
f 3810/6456/6235 3880/6455/6234 3877/6457/6236
f 3810/6456/6235 3877/6457/6236 3809/6458/6237
f 3809/6458/6237 3877/6457/6236 3874/6459/6238
f 3809/6458/6237 3874/6459/6238 3808/6460/6239
f 3808/6460/6239 3874/6459/6238 3871/6461/6240
f 3808/6460/6239 3871/6461/6240 3807/6462/6241
f 3807/6462/6241 3871/6461/6240 3868/6463/6242
f 3807/6462/6241 3868/6463/6242 3806/6464/6243
f 3806/6464/6243 3868/6463/6242 3865/6465/6244
f 3806/6464/6243 3865/6465/6244 3805/6466/6245
f 3805/6466/6245 3865/6465/6244 3862/6467/6246
f 3805/6466/6245 3862/6467/6246 3804/6468/6247
f 3804/6468/6247 3862/6467/6246 3859/6469/6248
f 3804/6468/6247 3859/6469/6248 3803/6470/6249
f 3803/6470/6249 3859/6469/6248 3856/6471/6250
f 3803/6470/6249 3856/6471/6250 3802/6472/6251
f 3802/6472/6251 3856/6471/6250 3853/6473/6252
f 3802/6472/6251 3853/6473/6252 3801/6474/6253
f 3801/6474/6253 3853/6473/6252 3850/6475/6254
f 3801/6474/6253 3850/6475/6254 3800/6476/6255
f 3800/6476/6255 3850/6475/6254 3847/6477/6256
f 3800/6476/6255 3847/6477/6256 3799/6478/6257
f 3799/6478/6257 3847/6477/6256 3844/6479/6258
f 3799/6478/6257 3844/6479/6258 3798/6480/6259
f 3798/6480/6259 3844/6479/6258 3841/6481/6260
f 3798/6480/6259 3841/6481/6260 3797/6482/6261
f 3797/6482/6261 3841/6481/6260 3838/6483/6262
f 3797/6482/6261 3838/6483/6262 3796/6434/6215
f 3796/6434/6215 3838/6483/6262 3835/6435/6216
f 3709/6484/6263 3903/6485/6264 3587/6486/5942
f 3587/6486/5942 3903/6485/6264 3834/6487/6265
f 3587/6488/5942 3834/6489/6265 3588/6490/5941
f 3588/6490/5941 3834/6489/6265 3837/6491/6266
f 3588/6490/5941 3837/6491/6266 3589/6492/5943
f 3589/6492/5943 3837/6491/6266 3840/6493/6267
f 3589/6492/5943 3840/6493/6267 3590/6494/5957
f 3590/6494/5957 3840/6493/6267 3843/6495/6268
f 3590/6494/5957 3843/6495/6268 3591/6496/5962
f 3591/6496/5962 3843/6495/6268 3846/6497/6269
f 3591/6496/5962 3846/6497/6269 3592/6498/5967
f 3592/6498/5967 3846/6497/6269 3849/6499/6270
f 3592/6498/5967 3849/6499/6270 3593/6500/5956
f 3593/6500/5956 3849/6499/6270 3852/6501/6271
f 3593/6500/5956 3852/6501/6271 3855/6502/6272
f 3855/6502/6272 3852/6501/6271 3851/6503/6273
f 3855/6502/6272 3851/6503/6273 3854/6504/6274
f 3854/6504/6274 3851/6503/6273 3850/6475/6254
f 3854/6504/6274 3850/6475/6254 3853/6473/6252
f 3903/6485/6264 3709/6484/6263 3900/6505/6275
f 3900/6505/6275 3709/6484/6263 3708/6506/6276
f 3900/6505/6275 3708/6506/6276 3897/6507/6277
f 3897/6507/6277 3708/6506/6276 3707/6508/6278
f 3897/6507/6277 3707/6508/6278 3706/6509/6279
f 3897/6507/6277 3706/6509/6279 3894/6510/6280
f 3894/6510/6280 3706/6509/6279 3705/6511/6281
f 3894/6510/6280 3705/6511/6281 3704/6512/6282
f 3894/6510/6280 3704/6512/6282 3891/6513/6283
f 3891/6513/6283 3704/6512/6282 3703/6514/6284
f 3891/6513/6283 3703/6514/6284 3702/6515/6285
f 3891/6513/6283 3702/6515/6285 3888/6516/6286
f 3888/6516/6286 3702/6515/6285 3701/6517/6287
f 3888/6516/6286 3701/6517/6287 3700/6518/6288
f 3888/6516/6286 3700/6518/6288 3885/6519/6289
f 3885/6519/6289 3700/6518/6288 3699/6520/6290
f 3885/6519/6289 3699/6520/6290 3882/6521/6291
f 3882/6521/6291 3699/6520/6290 3698/6522/6292
f 3882/6521/6291 3698/6522/6292 3697/6523/6293
f 3882/6521/6291 3697/6523/6293 3879/6524/6294
f 3879/6524/6294 3697/6523/6293 3696/6525/6295
f 3879/6524/6294 3696/6525/6295 3819/6526/6296
f 3879/6524/6294 3819/6526/6296 3876/6527/6297
f 3876/6527/6297 3819/6526/6296 3820/6528/6298
f 3876/6527/6297 3820/6528/6298 3821/6529/6299
f 3876/6527/6297 3821/6529/6299 3873/6530/6300
f 3873/6530/6300 3821/6529/6299 3822/6531/6301
f 3873/6530/6300 3822/6531/6301 3870/6532/6302
f 3870/6532/6302 3822/6531/6301 3823/6533/6303
f 3870/6532/6302 3823/6533/6303 3824/6534/6304
f 3870/6532/6302 3824/6534/6304 3867/6535/6305
f 3867/6535/6305 3824/6534/6304 3825/6536/6306
f 3867/6535/6305 3825/6536/6306 3826/6537/6307
f 3867/6535/6305 3826/6537/6307 3864/6538/6308
f 3864/6538/6308 3826/6537/6307 3827/6539/6309
f 3864/6538/6308 3827/6539/6309 3828/6540/6310
f 3864/6538/6308 3828/6540/6310 3861/6541/6311
f 3861/6541/6311 3828/6540/6310 3829/6542/6312
f 3861/6541/6311 3829/6542/6312 3830/6543/6313
f 3861/6541/6311 3830/6543/6313 3858/6544/6314
f 3858/6544/6314 3830/6543/6313 3831/6545/6315
f 3858/6544/6314 3831/6545/6315 3855/6502/6272
f 3855/6502/6272 3831/6545/6315 3593/6500/5956
f 3832/6439/6218 3833/6546/6316 3901/6441/6220
f 3901/6441/6220 3833/6546/6316 3902/6547/6317
f 3901/6441/6220 3902/6547/6317 3898/6443/6222
f 3898/6443/6222 3902/6547/6317 3899/6548/6318
f 3898/6443/6222 3899/6548/6318 3895/6445/6224
f 3895/6445/6224 3899/6548/6318 3896/6549/6319
f 3895/6445/6224 3896/6549/6319 3892/6447/6226
f 3892/6447/6226 3896/6549/6319 3893/6550/6320
f 3892/6447/6226 3893/6550/6320 3889/6449/6228
f 3889/6449/6228 3893/6550/6320 3890/6551/6321
f 3889/6449/6228 3890/6551/6321 3886/6451/6230
f 3886/6451/6230 3890/6551/6321 3887/6552/6322
f 3886/6451/6230 3887/6552/6322 3883/6453/6232
f 3883/6453/6232 3887/6552/6322 3884/6553/6323
f 3883/6453/6232 3884/6553/6323 3880/6455/6234
f 3880/6455/6234 3884/6553/6323 3881/6554/6324
f 3880/6455/6234 3881/6554/6324 3877/6457/6236
f 3877/6457/6236 3881/6554/6324 3878/6555/6325
f 3877/6457/6236 3878/6555/6325 3874/6459/6238
f 3874/6459/6238 3878/6555/6325 3875/6556/6326
f 3874/6459/6238 3875/6556/6326 3871/6461/6240
f 3871/6461/6240 3875/6556/6326 3872/6557/6327
f 3871/6461/6240 3872/6557/6327 3868/6463/6242
f 3868/6463/6242 3872/6557/6327 3869/6558/6328
f 3868/6463/6242 3869/6558/6328 3865/6465/6244
f 3865/6465/6244 3869/6558/6328 3866/6559/6329
f 3865/6465/6244 3866/6559/6329 3862/6467/6246
f 3862/6467/6246 3866/6559/6329 3863/6560/6330
f 3862/6467/6246 3863/6560/6330 3859/6469/6248
f 3859/6469/6248 3863/6560/6330 3860/6561/6331
f 3859/6469/6248 3860/6561/6331 3856/6471/6250
f 3856/6471/6250 3860/6561/6331 3857/6562/6332
f 3856/6471/6250 3857/6562/6332 3853/6473/6252
f 3853/6473/6252 3857/6562/6332 3854/6504/6274
f 3833/6546/6316 3834/6487/6265 3902/6547/6317
f 3902/6547/6317 3834/6487/6265 3903/6485/6264
f 3902/6547/6317 3903/6485/6264 3899/6548/6318
f 3899/6548/6318 3903/6485/6264 3900/6505/6275
f 3899/6548/6318 3900/6505/6275 3896/6549/6319
f 3896/6549/6319 3900/6505/6275 3897/6507/6277
f 3896/6549/6319 3897/6507/6277 3893/6550/6320
f 3893/6550/6320 3897/6507/6277 3894/6510/6280
f 3893/6550/6320 3894/6510/6280 3890/6551/6321
f 3890/6551/6321 3894/6510/6280 3891/6513/6283
f 3890/6551/6321 3891/6513/6283 3887/6552/6322
f 3887/6552/6322 3891/6513/6283 3888/6516/6286
f 3887/6552/6322 3888/6516/6286 3884/6553/6323
f 3884/6553/6323 3888/6516/6286 3885/6519/6289
f 3884/6553/6323 3885/6519/6289 3881/6554/6324
f 3881/6554/6324 3885/6519/6289 3882/6521/6291
f 3881/6554/6324 3882/6521/6291 3878/6555/6325
f 3878/6555/6325 3882/6521/6291 3879/6524/6294
f 3878/6555/6325 3879/6524/6294 3875/6556/6326
f 3875/6556/6326 3879/6524/6294 3876/6527/6297
f 3875/6556/6326 3876/6527/6297 3872/6557/6327
f 3872/6557/6327 3876/6527/6297 3873/6530/6300
f 3872/6557/6327 3873/6530/6300 3869/6558/6328
f 3869/6558/6328 3873/6530/6300 3870/6532/6302
f 3869/6558/6328 3870/6532/6302 3866/6559/6329
f 3866/6559/6329 3870/6532/6302 3867/6535/6305
f 3866/6559/6329 3867/6535/6305 3863/6560/6330
f 3863/6560/6330 3867/6535/6305 3864/6538/6308
f 3863/6560/6330 3864/6538/6308 3860/6561/6331
f 3860/6561/6331 3864/6538/6308 3861/6541/6311
f 3860/6561/6331 3861/6541/6311 3857/6562/6332
f 3857/6562/6332 3861/6541/6311 3858/6544/6314
f 3857/6562/6332 3858/6544/6314 3854/6504/6274
f 3854/6504/6274 3858/6544/6314 3855/6502/6272
f 3833/6563/6316 3832/6437/6218 3836/6564/6333
f 3836/6564/6333 3832/6437/6218 3835/6435/6216
f 3836/6564/6333 3835/6435/6216 3839/6565/6334
f 3839/6565/6334 3835/6435/6216 3838/6483/6262
f 3839/6565/6334 3838/6483/6262 3842/6566/6335
f 3842/6566/6335 3838/6483/6262 3841/6481/6260
f 3842/6566/6335 3841/6481/6260 3845/6567/6336
f 3845/6567/6336 3841/6481/6260 3844/6479/6258
f 3845/6567/6336 3844/6479/6258 3848/6568/6337
f 3848/6568/6337 3844/6479/6258 3847/6477/6256
f 3848/6568/6337 3847/6477/6256 3851/6503/6273
f 3851/6503/6273 3847/6477/6256 3850/6475/6254
f 3834/6489/6265 3833/6563/6316 3837/6491/6266
f 3837/6491/6266 3833/6563/6316 3836/6564/6333
f 3837/6491/6266 3836/6564/6333 3840/6493/6267
f 3840/6493/6267 3836/6564/6333 3839/6565/6334
f 3840/6493/6267 3839/6565/6334 3843/6495/6268
f 3843/6495/6268 3839/6565/6334 3842/6566/6335
f 3843/6495/6268 3842/6566/6335 3846/6497/6269
f 3846/6497/6269 3842/6566/6335 3845/6567/6336
f 3846/6497/6269 3845/6567/6336 3849/6499/6270
f 3849/6499/6270 3845/6567/6336 3848/6568/6337
f 3849/6499/6270 3848/6568/6337 3852/6501/6271
f 3852/6501/6271 3848/6568/6337 3851/6503/6273
usemtl ABS(白)_4
f 3819/6569/6338 3696/6570/6339 3933/6571/6340
f 3933/6571/6340 3696/6570/6339 3722/6572/6341
f 3933/6571/6340 3722/6572/6341 3934/6573/6342
f 3934/6573/6342 3722/6572/6341 3721/6574/6343
f 3934/6573/6342 3721/6574/6343 3720/6575/6344
f 3934/6573/6342 3720/6575/6344 3937/6576/6345
f 3937/6576/6345 3720/6575/6344 3719/6577/6346
f 3937/6576/6345 3719/6577/6346 3940/6578/6347
f 3940/6578/6347 3719/6577/6346 3718/6579/6348
f 3940/6578/6347 3718/6579/6348 3717/6580/6349
f 3940/6578/6347 3717/6580/6349 3943/6581/6350
f 3943/6581/6350 3717/6580/6349 3716/6582/6351
f 3943/6581/6350 3716/6582/6351 3715/6583/6352
f 3943/6581/6350 3715/6583/6352 3946/6584/6353
f 3946/6584/6353 3715/6583/6352 3714/6585/6354
f 3946/6584/6353 3714/6585/6354 3713/6586/6355
f 3946/6584/6353 3713/6586/6355 3949/6587/6356
f 3949/6587/6356 3713/6586/6355 3712/6588/6357
f 3949/6587/6356 3712/6588/6357 3711/6589/6358
f 3949/6587/6356 3711/6589/6358 3952/6590/6359
f 3952/6590/6359 3711/6589/6358 3710/6591/6360
f 3952/6590/6359 3710/6591/6360 3955/6592/6361
f 3955/6592/6361 3710/6591/6360 3581/6593/5930
f 3955/6592/6361 3581/6593/5930 3963/6594/6362
f 3963/6594/6362 3581/6593/5930 3958/6595/6363
f 3963/6594/6362 3958/6595/6363 3959/6596/6364
f 3959/6596/6364 3958/6595/6363 3965/6597/6365
f 3959/6596/6364 3965/6597/6365 3966/6598/6366
f 3966/6598/6366 3965/6597/6365 3969/6599/6367
f 3966/6598/6366 3969/6599/6367 3913/6600/6368
f 3913/6600/6368 3969/6599/6367 3912/6601/6369
f 3912/6601/6369 3969/6599/6367 3972/6602/6370
f 3912/6601/6369 3972/6602/6370 3911/6603/6371
f 3911/6603/6371 3972/6602/6370 3975/6604/6372
f 3911/6603/6371 3975/6604/6372 3910/6605/6373
f 3910/6605/6373 3975/6604/6372 3978/6606/6374
f 3910/6605/6373 3978/6606/6374 3909/6607/6375
f 3909/6607/6375 3978/6606/6374 3981/6608/6376
f 3909/6607/6375 3981/6608/6376 3908/6609/6377
f 3908/6609/6377 3981/6608/6376 3984/6610/6378
f 3908/6609/6377 3984/6610/6378 3907/6611/6379
f 3907/6611/6379 3984/6610/6378 3987/6612/6380
f 3907/6611/6379 3987/6612/6380 3906/6613/6381
f 3906/6613/6381 3987/6612/6380 3990/6614/6382
f 3906/6613/6381 3990/6614/6382 3905/6615/6383
f 3905/6615/6383 3990/6614/6382 3993/6616/6384
f 3905/6615/6383 3993/6616/6384 3904/6617/6385
f 3904/6617/6385 3993/6616/6384 3930/6618/6386
f 3904/6619/6385 3930/6620/6386 3927/6621/6387
f 3927/6621/6387 3930/6620/6386 3996/6622/6388
f 3927/6621/6387 3996/6622/6388 3926/6623/6389
f 3926/6623/6389 3996/6622/6388 3999/6624/6390
f 3926/6623/6389 3999/6624/6390 3925/6625/6391
f 3925/6625/6391 3999/6624/6390 3931/6626/6392
f 3925/6625/6391 3931/6626/6392 3924/6627/6393
f 3924/6627/6393 3931/6626/6392 3936/6628/6394
f 3924/6627/6393 3936/6628/6394 3923/6629/6395
f 3923/6629/6395 3936/6628/6394 3939/6630/6396
f 3923/6629/6395 3939/6630/6396 3922/6631/6397
f 3922/6631/6397 3939/6630/6396 3942/6632/6398
f 3922/6631/6397 3942/6632/6398 3921/6633/6399
f 3921/6633/6399 3942/6632/6398 3945/6634/6400
f 3921/6633/6399 3945/6634/6400 3920/6635/6401
f 3920/6635/6401 3945/6634/6400 3948/6636/6402
f 3920/6635/6401 3948/6636/6402 3919/6637/6403
f 3919/6637/6403 3948/6636/6402 3951/6638/6404
f 3919/6637/6403 3951/6638/6404 3918/6639/6405
f 3918/6639/6405 3951/6638/6404 3954/6640/6406
f 3918/6639/6405 3954/6640/6406 3917/6641/6407
f 3917/6641/6407 3954/6640/6406 3957/6642/6408
f 3917/6641/6407 3957/6642/6408 3916/6643/6409
f 3916/6643/6409 3957/6642/6408 3961/6644/6410
f 3916/6643/6409 3961/6644/6410 3915/6645/6411
f 3915/6645/6411 3961/6644/6410 3960/6646/6412
f 3915/6645/6411 3960/6646/6412 3914/6647/6413
f 3914/6647/6413 3960/6646/6412 3966/6598/6366
f 3914/6647/6413 3966/6598/6366 3913/6600/6368
f 3581/6593/5930 3598/6648/5929 3958/6595/6363
f 3958/6595/6363 3598/6648/5929 3964/6649/6414
f 3958/6595/6363 3964/6649/6414 3965/6597/6365
f 3965/6597/6365 3964/6649/6414 3968/6650/6415
f 3965/6597/6365 3968/6650/6415 3969/6599/6367
f 3969/6599/6367 3968/6650/6415 3972/6602/6370
f 3598/6648/5929 3597/6651/5949 3964/6649/6414
f 3964/6649/6414 3597/6651/5949 3967/6652/6416
f 3964/6649/6414 3967/6652/6416 3968/6650/6415
f 3968/6650/6415 3967/6652/6416 3971/6653/6417
f 3968/6650/6415 3971/6653/6417 3972/6602/6370
f 3972/6602/6370 3971/6653/6417 3975/6604/6372
f 3597/6651/5949 3596/6654/5951 3967/6652/6416
f 3967/6652/6416 3596/6654/5951 3970/6655/6418
f 3967/6652/6416 3970/6655/6418 3971/6653/6417
f 3971/6653/6417 3970/6655/6418 3974/6656/6419
f 3971/6653/6417 3974/6656/6419 3975/6604/6372
f 3975/6604/6372 3974/6656/6419 3978/6606/6374
f 3596/6654/5951 3595/6657/5953 3970/6655/6418
f 3970/6655/6418 3595/6657/5953 3973/6658/6420
f 3970/6655/6418 3973/6658/6420 3974/6656/6419
f 3974/6656/6419 3973/6658/6420 3977/6659/6421
f 3974/6656/6419 3977/6659/6421 3978/6606/6374
f 3978/6606/6374 3977/6659/6421 3981/6608/6376
f 3595/6657/5953 3594/6660/5955 3973/6658/6420
f 3973/6658/6420 3594/6660/5955 3976/6661/6422
f 3973/6658/6420 3976/6661/6422 3977/6659/6421
f 3977/6659/6421 3976/6661/6422 3980/6662/6423
f 3977/6659/6421 3980/6662/6423 3981/6608/6376
f 3981/6608/6376 3980/6662/6423 3984/6610/6378
f 3594/6660/5955 3593/6663/5956 3976/6661/6422
f 3976/6661/6422 3593/6663/5956 3979/6664/6424
f 3976/6661/6422 3979/6664/6424 3980/6662/6423
f 3980/6662/6423 3979/6664/6424 3983/6665/6425
f 3980/6662/6423 3983/6665/6425 3984/6610/6378
f 3984/6610/6378 3983/6665/6425 3987/6612/6380
f 3593/6663/5956 3831/6666/6426 3979/6664/6424
f 3979/6664/6424 3831/6666/6426 3982/6667/6427
f 3979/6664/6424 3982/6667/6427 3983/6665/6425
f 3983/6665/6425 3982/6667/6427 3986/6668/6428
f 3983/6665/6425 3986/6668/6428 3987/6612/6380
f 3987/6612/6380 3986/6668/6428 3990/6614/6382
f 3831/6666/6426 3830/6669/6429 3982/6667/6427
f 3982/6667/6427 3830/6669/6429 3985/6670/6430
f 3982/6667/6427 3985/6670/6430 3986/6668/6428
f 3986/6668/6428 3985/6670/6430 3989/6671/6431
f 3986/6668/6428 3989/6671/6431 3990/6614/6382
f 3990/6614/6382 3989/6671/6431 3993/6616/6384
f 3830/6669/6429 3829/6672/6432 3985/6670/6430
f 3985/6670/6430 3829/6672/6432 3828/6673/6433
f 3985/6670/6430 3828/6673/6433 3988/6674/6434
f 3988/6674/6434 3828/6673/6433 3827/6675/6435
f 3988/6674/6434 3827/6675/6435 3826/6676/6436
f 3988/6674/6434 3826/6676/6436 3991/6677/6437
f 3991/6677/6437 3826/6676/6436 3825/6678/6438
f 3991/6677/6437 3825/6678/6438 3824/6679/6439
f 3991/6677/6437 3824/6679/6439 3928/6680/6440
f 3928/6681/6440 3824/6682/6439 3823/6683/6441
f 3928/6681/6440 3823/6683/6441 3822/6684/6442
f 3928/6681/6440 3822/6684/6442 3994/6685/6443
f 3994/6685/6443 3822/6684/6442 3821/6686/6444
f 3994/6685/6443 3821/6686/6444 3997/6687/6445
f 3997/6687/6445 3821/6686/6444 3820/6688/6446
f 3997/6687/6445 3820/6688/6446 3819/6569/6338
f 3997/6687/6445 3819/6569/6338 3933/6571/6340
f 3928/6680/6440 3929/6689/6447 3991/6677/6437
f 3991/6677/6437 3929/6689/6447 3992/6690/6448
f 3991/6677/6437 3992/6690/6448 3988/6674/6434
f 3988/6674/6434 3992/6690/6448 3989/6671/6431
f 3988/6674/6434 3989/6671/6431 3985/6670/6430
f 3929/6689/6447 3930/6618/6386 3992/6690/6448
f 3992/6690/6448 3930/6618/6386 3993/6616/6384
f 3992/6690/6448 3993/6616/6384 3989/6671/6431
f 3929/6691/6447 3928/6681/6440 3995/6692/6449
f 3995/6692/6449 3928/6681/6440 3994/6685/6443
f 3995/6692/6449 3994/6685/6443 3998/6693/6450
f 3998/6693/6450 3994/6685/6443 3997/6687/6445
f 3998/6693/6450 3997/6687/6445 3932/6694/6451
f 3932/6694/6451 3997/6687/6445 3933/6571/6340
f 3932/6694/6451 3933/6571/6340 3935/6695/6452
f 3935/6695/6452 3933/6571/6340 3934/6573/6342
f 3935/6695/6452 3934/6573/6342 3938/6696/6453
f 3938/6696/6453 3934/6573/6342 3937/6576/6345
f 3938/6696/6453 3937/6576/6345 3941/6697/6454
f 3941/6697/6454 3937/6576/6345 3940/6578/6347
f 3941/6697/6454 3940/6578/6347 3944/6698/6455
f 3944/6698/6455 3940/6578/6347 3943/6581/6350
f 3944/6698/6455 3943/6581/6350 3947/6699/6456
f 3947/6699/6456 3943/6581/6350 3946/6584/6353
f 3947/6699/6456 3946/6584/6353 3950/6700/6457
f 3950/6700/6457 3946/6584/6353 3949/6587/6356
f 3950/6700/6457 3949/6587/6356 3953/6701/6458
f 3953/6701/6458 3949/6587/6356 3952/6590/6359
f 3953/6701/6458 3952/6590/6359 3956/6702/6459
f 3956/6702/6459 3952/6590/6359 3955/6592/6361
f 3956/6702/6459 3955/6592/6361 3962/6703/6460
f 3962/6703/6460 3955/6592/6361 3963/6594/6362
f 3962/6703/6460 3963/6594/6362 3959/6596/6364
f 3930/6620/6386 3929/6691/6447 3996/6622/6388
f 3996/6622/6388 3929/6691/6447 3995/6692/6449
f 3996/6622/6388 3995/6692/6449 3999/6624/6390
f 3999/6624/6390 3995/6692/6449 3998/6693/6450
f 3999/6624/6390 3998/6693/6450 3931/6626/6392
f 3931/6626/6392 3998/6693/6450 3932/6694/6451
f 3931/6626/6392 3932/6694/6451 3936/6628/6394
f 3936/6628/6394 3932/6694/6451 3935/6695/6452
f 3936/6628/6394 3935/6695/6452 3939/6630/6396
f 3939/6630/6396 3935/6695/6452 3938/6696/6453
f 3939/6630/6396 3938/6696/6453 3942/6632/6398
f 3942/6632/6398 3938/6696/6453 3941/6697/6454
f 3942/6632/6398 3941/6697/6454 3945/6634/6400
f 3945/6634/6400 3941/6697/6454 3944/6698/6455
f 3945/6634/6400 3944/6698/6455 3948/6636/6402
f 3948/6636/6402 3944/6698/6455 3947/6699/6456
f 3948/6636/6402 3947/6699/6456 3951/6638/6404
f 3951/6638/6404 3947/6699/6456 3950/6700/6457
f 3951/6638/6404 3950/6700/6457 3954/6640/6406
f 3954/6640/6406 3950/6700/6457 3953/6701/6458
f 3954/6640/6406 3953/6701/6458 3957/6642/6408
f 3957/6642/6408 3953/6701/6458 3956/6702/6459
f 3957/6642/6408 3956/6702/6459 3961/6644/6410
f 3961/6644/6410 3956/6702/6459 3962/6703/6460
f 3961/6644/6410 3962/6703/6460 3960/6646/6412
f 3960/6646/6412 3962/6703/6460 3959/6596/6364
f 3960/6646/6412 3959/6596/6364 3966/6598/6366
f 4001/6704/6461 3917/6705/6462 4000/6706/6463
f 4000/6706/6463 3917/6705/6462 3916/6707/6464
f 4000/6706/6463 3916/6707/6464 4023/6708/6465
f 4023/6708/6465 3916/6707/6464 3915/6709/6466
f 4023/6708/6465 3915/6709/6466 3914/6710/6467
f 3917/6705/6462 4001/6704/6461 3918/6711/6468
f 3918/6711/6468 4001/6704/6461 4002/6712/6469
f 3918/6711/6468 4002/6712/6469 3919/6713/6470
f 3919/6713/6470 4002/6712/6469 4003/6714/6471
f 3919/6713/6470 4003/6714/6471 3920/6715/6472
f 3920/6715/6472 4003/6714/6471 4004/6716/6473
f 3920/6715/6472 4004/6716/6473 3921/6717/6474
f 3921/6717/6474 4004/6716/6473 4005/6718/6475
f 3921/6717/6474 4005/6718/6475 3922/6719/6476
f 3922/6719/6476 4005/6718/6475 4006/6720/6477
f 3922/6719/6476 4006/6720/6477 4007/6721/6478
f 3922/6719/6476 4007/6721/6478 3923/6722/6479
f 3923/6722/6479 4007/6721/6478 4008/6723/6480
f 3923/6722/6479 4008/6723/6480 3924/6724/6481
f 3924/6724/6481 4008/6723/6480 4009/6725/6482
f 3924/6724/6481 4009/6725/6482 3925/6726/6483
f 3925/6726/6483 4009/6725/6482 4010/6727/6484
f 3925/6726/6483 4010/6727/6484 3926/6728/6485
f 3926/6728/6485 4010/6727/6484 4011/6729/6486
f 3926/6728/6485 4011/6729/6486 3927/6730/6487
f 3927/6730/6487 4011/6729/6486 4012/6731/6488
f 3927/6730/6487 4012/6731/6488 3904/6732/6489
f 3904/6732/6489 4012/6731/6488 3905/6733/6490
f 3905/6733/6490 4012/6731/6488 4013/6734/6491
f 3905/6733/6490 4013/6734/6491 3906/6735/6492
f 3906/6735/6492 4013/6734/6491 4014/6736/6493
f 3906/6735/6492 4014/6736/6493 3907/6737/6494
f 3907/6737/6494 4014/6736/6493 4015/6738/6495
f 3907/6737/6494 4015/6738/6495 3908/6739/6496
f 3908/6739/6496 4015/6738/6495 4016/6740/6497
f 3908/6739/6496 4016/6740/6497 3909/6741/6498
f 3909/6741/6498 4016/6740/6497 4017/6742/6499
f 3909/6741/6498 4017/6742/6499 3910/6743/6500
f 3910/6743/6500 4017/6742/6499 4018/6744/6501
f 3910/6743/6500 4018/6744/6501 4019/6745/6502
f 3910/6743/6500 4019/6745/6502 3911/6746/6503
f 3911/6746/6503 4019/6745/6502 4020/6747/6504
f 3911/6746/6503 4020/6747/6504 3912/6748/6505
f 3912/6748/6505 4020/6747/6504 4021/6749/6506
f 3912/6748/6505 4021/6749/6506 3913/6750/6507
f 3913/6750/6507 4021/6749/6506 4022/6751/6508
f 3913/6750/6507 4022/6751/6508 3914/6710/6467
f 3914/6710/6467 4022/6751/6508 4023/6708/6465
f 4025/6752/6509 4001/6753/6510 4024/6754/6511
f 4024/6754/6511 4001/6753/6510 4000/6755/6512
f 4024/6756/6511 4000/6757/6512 4047/6758/6513
f 4047/6758/6513 4000/6757/6512 4023/6759/6514
f 4047/6758/6513 4023/6759/6514 4046/6760/6515
f 4046/6760/6515 4023/6759/6514 4022/6761/6516
f 4046/6760/6515 4022/6761/6516 4045/6762/6517
f 4045/6762/6517 4022/6761/6516 4021/6763/6518
f 4045/6762/6517 4021/6763/6518 4044/6764/6519
f 4044/6764/6519 4021/6763/6518 4020/6765/6520
f 4044/6764/6519 4020/6765/6520 4043/6766/6521
f 4043/6766/6521 4020/6765/6520 4019/6767/6522
f 4043/6766/6521 4019/6767/6522 4042/6768/6523
f 4042/6768/6523 4019/6767/6522 4018/6769/6524
f 4042/6768/6523 4018/6769/6524 4041/6770/6525
f 4041/6770/6525 4018/6769/6524 4017/6771/6526
f 4041/6770/6525 4017/6771/6526 4040/6772/6527
f 4040/6772/6527 4017/6771/6526 4016/6773/6528
f 4040/6772/6527 4016/6773/6528 4039/6774/6529
f 4039/6774/6529 4016/6773/6528 4015/6775/6530
f 4039/6774/6529 4015/6775/6530 4038/6776/6531
f 4038/6776/6531 4015/6775/6530 4014/6777/6532
f 4038/6776/6531 4014/6777/6532 4037/6778/6533
f 4037/6778/6533 4014/6777/6532 4013/6779/6534
f 4037/6778/6533 4013/6779/6534 4036/6780/6535
f 4036/6780/6535 4013/6779/6534 4012/6781/6536
f 4036/6780/6535 4012/6781/6536 4035/6782/6537
f 4035/6782/6537 4012/6781/6536 4011/6783/6538
f 4035/6782/6537 4011/6783/6538 4034/6784/6539
f 4034/6784/6539 4011/6783/6538 4010/6785/6540
f 4034/6784/6539 4010/6785/6540 4033/6786/6541
f 4033/6786/6541 4010/6785/6540 4009/6787/6542
f 4033/6786/6541 4009/6787/6542 4032/6788/6543
f 4032/6788/6543 4009/6787/6542 4008/6789/6544
f 4032/6788/6543 4008/6789/6544 4031/6790/6545
f 4031/6790/6545 4008/6789/6544 4007/6791/6546
f 4031/6790/6545 4007/6791/6546 4030/6792/6547
f 4030/6792/6547 4007/6791/6546 4006/6793/6548
f 4030/6792/6547 4006/6793/6548 4029/6794/6549
f 4029/6794/6549 4006/6793/6548 4005/6795/6550
f 4029/6794/6549 4005/6795/6550 4028/6796/6551
f 4028/6796/6551 4005/6795/6550 4004/6797/6552
f 4028/6796/6551 4004/6797/6552 4027/6798/6553
f 4027/6798/6553 4004/6797/6552 4003/6799/6554
f 4027/6798/6553 4003/6799/6554 4026/6800/6555
f 4026/6800/6555 4003/6799/6554 4002/6801/6556
f 4026/6800/6555 4002/6801/6556 4025/6752/6509
f 4025/6752/6509 4002/6801/6556 4001/6753/6510
usemtl 鋼_-_サテン
f 4047/6802/6557 4037/6803/6558 4024/6804/6559
f 4024/6804/6559 4037/6803/6558 4036/6805/6560
f 4024/6804/6559 4036/6805/6560 4025/6806/6561
f 4025/6806/6561 4036/6805/6560 4035/6807/6562
f 4025/6806/6561 4035/6807/6562 4026/6808/6563
f 4026/6808/6563 4035/6807/6562 4034/6809/6564
f 4026/6808/6563 4034/6809/6564 4027/6810/6565
f 4027/6810/6565 4034/6809/6564 4033/6811/6566
f 4027/6810/6565 4033/6811/6566 4028/6812/6567
f 4028/6812/6567 4033/6811/6566 4032/6813/6568
f 4028/6812/6567 4032/6813/6568 4029/6814/6569
f 4029/6814/6569 4032/6813/6568 4031/6815/6570
f 4029/6814/6569 4031/6815/6570 4030/6816/6571
f 4037/6803/6558 4047/6802/6557 4038/6817/6572
f 4038/6817/6572 4047/6802/6557 4046/6818/6573
f 4038/6817/6572 4046/6818/6573 4039/6819/6574
f 4039/6819/6574 4046/6818/6573 4045/6820/6575
f 4039/6819/6574 4045/6820/6575 4040/6821/6576
f 4040/6821/6576 4045/6820/6575 4044/6822/6577
f 4040/6821/6576 4044/6822/6577 4041/6823/6578
f 4041/6823/6578 4044/6822/6577 4043/6824/6579
f 4041/6823/6578 4043/6824/6579 4042/6825/6580
usemtl ABS(白)_3
f 4049/6826/6581 3808/6827/6582 4048/6828/6583
f 4048/6828/6583 3808/6827/6582 3807/6829/6584
f 4048/6828/6583 3807/6829/6584 4071/6830/6585
f 4071/6830/6585 3807/6829/6584 3806/6831/6586
f 4071/6830/6585 3806/6831/6586 3805/6832/6587
f 3808/6827/6582 4049/6826/6581 3809/6833/6588
f 3809/6833/6588 4049/6826/6581 4050/6834/6589
f 3809/6833/6588 4050/6834/6589 3810/6835/6590
f 3810/6835/6590 4050/6834/6589 4051/6836/6591
f 3810/6835/6590 4051/6836/6591 3811/6837/6592
f 3811/6837/6592 4051/6836/6591 4052/6838/6593
f 3811/6837/6592 4052/6838/6593 3812/6839/6594
f 3812/6839/6594 4052/6838/6593 4053/6840/6595
f 3812/6839/6594 4053/6840/6595 3813/6841/6596
f 3813/6841/6596 4053/6840/6595 4054/6842/6597
f 3813/6841/6596 4054/6842/6597 4055/6843/6598
f 3813/6841/6596 4055/6843/6598 3814/6844/6599
f 3814/6844/6599 4055/6843/6598 4056/6845/6600
f 3814/6844/6599 4056/6845/6600 3815/6846/6601
f 3815/6846/6601 4056/6845/6600 4057/6847/6602
f 3815/6846/6601 4057/6847/6602 3816/6848/6603
f 3816/6848/6603 4057/6847/6602 4058/6849/6604
f 3816/6848/6603 4058/6849/6604 3817/6850/6605
f 3817/6850/6605 4058/6849/6604 4059/6851/6606
f 3817/6850/6605 4059/6851/6606 3818/6852/6607
f 3818/6852/6607 4059/6851/6606 4060/6853/6608
f 3818/6852/6607 4060/6853/6608 3795/6854/6609
f 3795/6854/6609 4060/6853/6608 3796/6855/6610
f 3796/6855/6610 4060/6853/6608 4061/6856/6611
f 3796/6855/6610 4061/6856/6611 3797/6857/6612
f 3797/6857/6612 4061/6856/6611 4062/6858/6613
f 3797/6857/6612 4062/6858/6613 3798/6859/6614
f 3798/6859/6614 4062/6858/6613 4063/6860/6615
f 3798/6859/6614 4063/6860/6615 3799/6861/6616
f 3799/6861/6616 4063/6860/6615 4064/6862/6617
f 3799/6861/6616 4064/6862/6617 3800/6863/6618
f 3800/6863/6618 4064/6862/6617 4065/6864/6619
f 3800/6863/6618 4065/6864/6619 3801/6865/6620
f 3801/6865/6620 4065/6864/6619 4066/6866/6621
f 3801/6865/6620 4066/6866/6621 4067/6867/6622
f 3801/6865/6620 4067/6867/6622 3802/6868/6623
f 3802/6868/6623 4067/6867/6622 4068/6869/6624
f 3802/6868/6623 4068/6869/6624 3803/6870/6625
f 3803/6870/6625 4068/6869/6624 4069/6871/6626
f 3803/6870/6625 4069/6871/6626 3804/6872/6627
f 3804/6872/6627 4069/6871/6626 4070/6873/6628
f 3804/6872/6627 4070/6873/6628 3805/6832/6587
f 3805/6832/6587 4070/6873/6628 4071/6830/6585
f 4073/6874/6629 4049/6875/6630 4072/6876/6631
f 4072/6876/6631 4049/6875/6630 4048/6877/6632
f 4072/6878/6631 4048/6879/6632 4095/6880/6633
f 4095/6880/6633 4048/6879/6632 4071/6881/6634
f 4095/6880/6633 4071/6881/6634 4094/6882/6635
f 4094/6882/6635 4071/6881/6634 4070/6883/6636
f 4094/6882/6635 4070/6883/6636 4093/6884/6637
f 4093/6884/6637 4070/6883/6636 4069/6885/6638
f 4093/6884/6637 4069/6885/6638 4092/6886/6639
f 4092/6886/6639 4069/6885/6638 4068/6887/6640
f 4092/6886/6639 4068/6887/6640 4091/6888/6641
f 4091/6888/6641 4068/6887/6640 4067/6889/6642
f 4091/6888/6641 4067/6889/6642 4090/6890/6643
f 4090/6890/6643 4067/6889/6642 4066/6891/6644
f 4090/6890/6643 4066/6891/6644 4089/6892/6645
f 4089/6892/6645 4066/6891/6644 4065/6893/6646
f 4089/6892/6645 4065/6893/6646 4088/6894/6647
f 4088/6894/6647 4065/6893/6646 4064/6895/6648
f 4088/6894/6647 4064/6895/6648 4087/6896/6649
f 4087/6896/6649 4064/6895/6648 4063/6897/6650
f 4087/6896/6649 4063/6897/6650 4086/6898/6651
f 4086/6898/6651 4063/6897/6650 4062/6899/6652
f 4086/6898/6651 4062/6899/6652 4085/6900/6653
f 4085/6900/6653 4062/6899/6652 4061/6901/6654
f 4085/6900/6653 4061/6901/6654 4084/6902/6655
f 4084/6902/6655 4061/6901/6654 4060/6903/6656
f 4084/6902/6655 4060/6903/6656 4083/6904/6657
f 4083/6904/6657 4060/6903/6656 4059/6905/6658
f 4083/6904/6657 4059/6905/6658 4082/6906/6659
f 4082/6906/6659 4059/6905/6658 4058/6907/6660
f 4082/6906/6659 4058/6907/6660 4081/6908/6661
f 4081/6908/6661 4058/6907/6660 4057/6909/6662
f 4081/6908/6661 4057/6909/6662 4080/6910/6663
f 4080/6910/6663 4057/6909/6662 4056/6911/6664
f 4080/6910/6663 4056/6911/6664 4079/6912/6665
f 4079/6912/6665 4056/6911/6664 4055/6913/6666
f 4079/6912/6665 4055/6913/6666 4078/6914/6667
f 4078/6914/6667 4055/6913/6666 4054/6915/6668
f 4078/6914/6667 4054/6915/6668 4077/6916/6669
f 4077/6916/6669 4054/6915/6668 4053/6917/6670
f 4077/6916/6669 4053/6917/6670 4076/6918/6671
f 4076/6918/6671 4053/6917/6670 4052/6919/6672
f 4076/6918/6671 4052/6919/6672 4075/6920/6673
f 4075/6920/6673 4052/6919/6672 4051/6921/6674
f 4075/6920/6673 4051/6921/6674 4074/6922/6675
f 4074/6922/6675 4051/6921/6674 4050/6923/6676
f 4074/6922/6675 4050/6923/6676 4073/6874/6629
f 4073/6874/6629 4050/6923/6676 4049/6875/6630
usemtl 鋼_-_サテン
f 4095/6924/6677 4085/6925/6678 4072/6926/6679
f 4072/6926/6679 4085/6925/6678 4084/6927/6680
f 4072/6926/6679 4084/6927/6680 4073/6928/6681
f 4073/6928/6681 4084/6927/6680 4083/6929/6682
f 4073/6928/6681 4083/6929/6682 4074/6930/6683
f 4074/6930/6683 4083/6929/6682 4082/6931/6684
f 4074/6930/6683 4082/6931/6684 4075/6932/6685
f 4075/6932/6685 4082/6931/6684 4081/6933/6686
f 4075/6932/6685 4081/6933/6686 4076/6934/6687
f 4076/6934/6687 4081/6933/6686 4080/6935/6688
f 4076/6934/6687 4080/6935/6688 4077/6936/6689
f 4077/6936/6689 4080/6935/6688 4079/6937/6690
f 4077/6936/6689 4079/6937/6690 4078/6938/6691
f 4085/6925/6678 4095/6924/6677 4086/6939/6692
f 4086/6939/6692 4095/6924/6677 4094/6940/6693
f 4086/6939/6692 4094/6940/6693 4087/6941/6694
f 4087/6941/6694 4094/6940/6693 4093/6942/6695
f 4087/6941/6694 4093/6942/6695 4088/6943/6696
f 4088/6943/6696 4093/6942/6695 4092/6944/6697
f 4088/6943/6696 4092/6944/6697 4089/6945/6698
f 4089/6945/6698 4092/6944/6697 4091/6946/6699
f 4089/6945/6698 4091/6946/6699 4090/6947/6700
# 4095 vertices
# 6947 texture params
# 6700 normals
# 8154 facets

# 13 groups
